-10.9483 -10.9506
-10.9446 -10.9456
-10.9351 -10.9355
-10.934 -10.9344
-10.9238 -10.9247
-10.9219 -10.9213
-10.9204 -10.9204
-10.9038 -10.9051
-10.8983 -10.9005
-10.8998 -10.8996
-10.8948 -10.8961
-10.8918 -10.8944
-10.8893 -10.891
-10.8872 -10.8891
-10.8797 -10.8839
-10.9483 -10.8822
-10.8787 -10.8786
-10.8762 -10.8762
-10.8668 -10.8712
-10.8599 -10.8605
-10.8559 -10.8561
-10.8474 -10.8537
-10.8466 -10.8482
-10.8415 -10.8415
-10.8358 -10.8362
-10.8234 -10.832
-10.8209 -10.8175
-10.8136 -10.8137
-10.8495 -10.8047
-10.797 -10.7982
-10.7846 -10.7875
-10.7639 -10.768
-10.7558 -10.7572
-10.7377 -10.7463
-10.7267 -10.7346
-10.7035 -10.7032
-10.6613 -10.6548
-10.6019 -10.6083
-10.6019 -10.6083
-10.6019 -10.6082
-10.6019 -10.6082
-10.6017 -10.6081
-10.6013 -10.608
-10.6015 -10.6079
-10.6016 -10.6079
-10.6018 -10.6079
-10.6015 -10.6078
-10.6013 -10.6078
-10.6013 -10.6077
-10.6011 -10.6074
-10.6014 -10.6073
-10.6015 -10.6073
-10.6002 -10.6068
-10.6004 -10.6068
-10.5995 -10.6066
-10.6008 -10.6065
-10.5999 -10.6063
-10.6033 -10.6048
-10.5969 -10.6044
-10.5989 -10.6042
-10.5985 -10.604
-10.5965 -10.6034
-10.586 -10.6005
-10.5977 -10.5994
-10.5945 -10.596
-10.5856 -10.5888
-10.5797 -10.5833
-10.5761 -10.5804
-10.5796 -10.5792
-10.5745 -10.5779
-10.5755 -10.5735
-10.5613 -10.5704
-10.5607 -10.569
-10.5566 -10.5635
-10.5702 -10.5624
-10.5656 -10.5582
-10.5505 -10.5509
-10.5403 -10.5391
-10.5312 -10.5373
-10.5219 -10.534
-10.5361 -10.5331
-10.5346 -10.5321
-10.5234 -10.5286
-10.5227 -10.5264
-10.5393 -10.5249
-10.5209 -10.5224
-10.5195 -10.5205
-10.521 -10.5161
-10.5062 -10.514
-10.5207 -10.5121
-10.5022 -10.5102
-10.4988 -10.5089
-10.5164 -10.5081
-10.5134 -10.5068
-10.5169 -10.5057
-10.497 -10.5049
-10.5141 -10.5045
-10.5019 -10.5004
-10.4959 -10.499
-10.5124 -10.4961
-10.502 -10.4892
-10.497 -10.485
-10.499 -10.4811
-10.4846 -10.477
-10.4811 -10.4729
-10.4757 -10.4685
-10.4751 -10.4671
-10.4743 -10.466
-10.4722 -10.4624
-10.4693 -10.4602
-10.4597 -10.4592
-10.4674 -10.4574
-10.4534 -10.456
-10.4513 -10.455
-10.4657 -10.4515
-10.4648 -10.4466
-10.4433 -10.4415
-10.4444 -10.4347
-10.4423 -10.4324
-10.4337 -10.4286
-10.4173 -10.4158
-10.4217 -10.4085
-10.4082 -10.4007
-10.3675 -10.367
-10.3441 -10.3392
-10.243 -10.2668
-10.2486 -10.2663
-10.251 -10.2617
-10.2507 -10.2528
-10.2301 -10.238
-10.2301 -10.238
-10.2301 -10.238
-10.2301 -10.2379
-10.2301 -10.2379
-10.23 -10.2379
-10.2298 -10.2379
-10.2299 -10.2377
-10.2299 -10.2376
-10.2299 -10.2376
-10.2298 -10.2376
-10.2294 -10.2375
-10.2295 -10.2375
-10.2292 -10.2374
-10.2298 -10.2374
-10.2297 -10.2371
-10.2283 -10.2367
-10.2291 -10.2367
-10.2291 -10.2367
-10.2291 -10.2365
-10.2279 -10.2362
-10.2281 -10.2361
-10.2272 -10.2347
-10.2275 -10.2346
-10.2263 -10.2342
-10.2256 -10.234
-10.2258 -10.2339
-10.2255 -10.2339
-10.2351 -10.2322
-10.2058 -10.2116
-10.1934 -10.1966
-10.1917 -10.1915
-10.1836 -10.1735
-10.174 -10.1598
-10.1218 -10.1222
-10.0667 -10.0786
-10.0684 -10.0766
-10.073 -10.075
-10.0625 -10.0739
-10.0724 -10.0716
-10.0586 -10.042
-10.0472 -10.0385
-9.96808 -9.99261
-9.9596 -9.98298
-9.9574 -9.9758
-9.94346 -9.95602
-9.94009 -9.93832
-9.94232 -9.9332
-9.91782 -9.90574
-9.91566 -9.89398
-9.90216 -9.88228
-9.83577 -9.8372
-9.83577 -9.8372
-9.8357 -9.83715
-9.83577 -9.83715
-9.83577 -9.83714
-9.83573 -9.83712
-9.83564 -9.83708
-9.83569 -9.83699
-9.83556 -9.83698
-9.83557 -9.83697
-9.83562 -9.83694
-9.83562 -9.83693
-9.83541 -9.83686
-9.83562 -9.83685
-9.83531 -9.83683
-9.83531 -9.83681
-9.83521 -9.83675
-9.83526 -9.83673
-9.83557 -9.83672
-9.83556 -9.83669
-9.83555 -9.83666
-9.83545 -9.83664
-9.83543 -9.83662
-9.83459 -9.83623
-9.83454 -9.83618
-9.83462 -9.83616
-9.83438 -9.83586
-9.83439 -9.83582
-9.83481 -9.83576
-9.83403 -9.83572
-9.83389 -9.83571
-9.83409 -9.8356
-9.83462 -9.835
-9.83271 -9.83421
-9.83268 -9.8341
-9.83328 -9.83407
-9.8333 -9.83398
-9.83195 -9.83388
-9.83183 -9.83382
-9.83191 -9.83357
-9.8248 -9.82468
-9.81834 -9.81581
-9.81608 -9.8127
-9.81216 -9.81064
-9.7775 -9.80736
-9.81116 -9.80613
-9.77594 -9.80311
-9.78109 -9.79766
-9.79909 -9.79141
-9.79189 -9.78651
-9.78481 -9.77748
-9.77341 -9.76546
-9.76588 -9.76074
-9.76067 -9.74828
-9.74996 -9.74459
-9.78399 -9.73696
-9.71042 -9.69939
-9.69846 -9.69088
-9.70215 -9.68715
-9.69163 -9.68187
-9.65301 -9.65511
-9.63198 -9.63416
-9.62642 -9.62961
-9.62641 -9.62957
-9.62643 -9.62955
-9.62642 -9.62952
-9.62631 -9.62951
-9.62635 -9.62949
-9.6264 -9.62949
-9.62637 -9.62948
-9.62639 -9.62948
-9.62641 -9.62947
-9.62626 -9.62947
-9.62628 -9.62947
-9.62634 -9.62946
-9.62629 -9.62945
-9.62633 -9.62944
-9.62636 -9.62943
-9.62635 -9.62943
-9.62639 -9.62942
-9.62632 -9.62942
-9.62625 -9.62942
-9.62629 -9.62941
-9.62632 -9.62941
-9.62638 -9.6294
-9.62642 -9.62939
-9.62635 -9.62939
-9.62633 -9.62938
-9.6261 -9.62937
-9.62638 -9.62936
-9.62656 -9.62935
-9.62628 -9.62934
-9.62626 -9.62932
-9.62647 -9.62932
-9.62613 -9.62922
-9.62616 -9.62918
-9.626 -9.62915
-9.62583 -9.62911
-9.62609 -9.6291
-9.62608 -9.62906
-9.62549 -9.62889
-9.62529 -9.62882
-9.62556 -9.62851
-9.62488 -9.62827
-9.62502 -9.62778
-9.62315 -9.62683
-9.6239 -9.62676
-9.6254 -9.62603
-9.62294 -9.6257
-9.62148 -9.62317
-9.61815 -9.62087
-9.61373 -9.61829
-9.61335 -9.61616
-9.60861 -9.61106
-9.60781 -9.60902
-9.5985 -9.6041
-9.62825 -9.60357
-9.59609 -9.59988
-9.6175 -9.59324
-9.58156 -9.58085
-9.57185 -9.57038
-9.55887 -9.53748
-9.5077 -9.49999
-9.48975 -9.48369
-9.44934 -9.45991
-9.45641 -9.45102
-9.44705 -9.43673
-9.4223 -9.42754
-9.42712 -9.42748
-9.42213 -9.42742
-9.42228 -9.4274
-9.42693 -9.42731
-9.42692 -9.42729
-9.42694 -9.42722
-9.42657 -9.42716
-9.42658 -9.42715
-9.4267 -9.4271
-9.42175 -9.42693
-9.42176 -9.42688
-9.42686 -9.42681
-9.42642 -9.42679
-9.42609 -9.42678
-9.42635 -9.42677
-9.42632 -9.42674
-9.42146 -9.42662
-9.4262 -9.42645
-9.42579 -9.42639
-9.42186 -9.42619
-9.42159 -9.42612
-9.4212 -9.42604
-9.42546 -9.42593
-9.42539 -9.42587
-9.42056 -9.42565
-9.41994 -9.42555
-9.42459 -9.42531
-9.42493 -9.42508
-9.42423 -9.42461
-9.42395 -9.42399
-9.41776 -9.42363
-9.41828 -9.42345
-9.42304 -9.42275
-9.41836 -9.42119
-9.41997 -9.42027
-9.41996 -9.42025
-9.41457 -9.4196
-9.41955 -9.4195
-9.42196 -9.4194
-9.42201 -9.41936
-9.42187 -9.41935
-9.4219 -9.41932
-9.41412 -9.41928
-9.42201 -9.41922
-9.4217 -9.41921
-9.42196 -9.4192
-9.42193 -9.41918
-9.42181 -9.41917
-9.42181 -9.41915
-9.41788 -9.41908
-9.42181 -9.41906
-9.42164 -9.41905
-9.42148 -9.41904
-9.42182 -9.41901
-9.42195 -9.41899
-9.42192 -9.41898
-9.42189 -9.41896
-9.42149 -9.41895
-9.42188 -9.41892
-9.4126 -9.41889
-9.41259 -9.41887
-9.41247 -9.4187
-9.42102 -9.41864
-9.4212 -9.41862
-9.42115 -9.41858
-9.41336 -9.41852
-9.42107 -9.41839
-9.42108 -9.41836
-9.42014 -9.41819
-9.41702 -9.41817
-9.42107 -9.41812
-9.42105 -9.41811
-9.42189 -9.41809
-9.42098 -9.41793
-9.41363 -9.4178
-9.41979 -9.41706
-9.41896 -9.417
-9.41894 -9.41696
-9.41492 -9.41673
-9.41823 -9.41662
-9.41973 -9.41658
-9.41971 -9.41657
-9.41882 -9.41652
-9.41203 -9.41642
-9.41945 -9.41615
-9.41932 -9.41612
-9.42874 -9.4136
-9.41121 -9.41243
-9.41065 -9.41129
-9.41063 -9.41125
-9.40368 -9.4104
-9.41442 -9.4098
-9.40412 -9.40921
-9.40818 -9.40887
-9.4066 -9.40849
-9.40746 -9.40787
-9.41249 -9.4075
-9.40542 -9.40586
-9.40001 -9.40499
-9.40226 -9.40248
-9.40181 -9.401
-9.40115 -9.40001
-9.39849 -9.3959
-9.39761 -9.39481
-9.39602 -9.39428
-9.39057 -9.39168
-9.39107 -9.39093
-9.39435 -9.38661
-9.39293 -9.38537
-9.38305 -9.38407
-9.38993 -9.38194
-9.38756 -9.37853
-9.37908 -9.37349
-9.38385 -9.37124
-9.37425 -9.36934
-9.37176 -9.36525
-9.37463 -9.36247
-9.36701 -9.35984
-9.3656 -9.35368
-9.36405 -9.35251
-9.35093 -9.34447
-9.34909 -9.34005
-9.35038 -9.33892
-9.34205 -9.33566
-9.33622 -9.33396
-9.3451 -9.33088
-9.33822 -9.32948
-9.33639 -9.32729
-9.33779 -9.32565
-9.3344 -9.3205
-9.33095 -9.31811
-9.32004 -9.31053
-9.2817 -9.29795
-9.29334 -9.28744
-9.29502 -9.2805
-9.26743 -9.26989
-9.2772 -9.2658
-9.27137 -9.25813
-9.24583 -9.25459
-9.2704 -9.25317
-9.2421 -9.25014
-9.2386 -9.2467
-9.24994 -9.23317
-9.21933 -9.22679
-9.21452 -9.22429
-9.20887 -9.21019
-9.20887 -9.21019
-9.20893 -9.21016
-9.20873 -9.21014
-9.20886 -9.21014
-9.20883 -9.21011
-9.20879 -9.21009
-9.20857 -9.21004
-9.20855 -9.21002
-9.20876 -9.21001
-9.20877 -9.21
-9.20897 -9.20998
-9.20865 -9.20993
-9.20864 -9.20992
-9.20852 -9.20991
-9.20853 -9.2099
-9.2086 -9.20989
-9.20851 -9.20987
-9.20856 -9.20986
-9.20856 -9.20983
-9.2083 -9.2098
-9.2086 -9.20978
-9.20862 -9.20976
-9.20824 -9.20962
-9.20824 -9.20954
-9.20809 -9.20948
-9.20779 -9.20915
-9.20777 -9.20914
-9.20817 -9.2091
-9.20746 -9.20905
-9.20756 -9.20903
-9.20804 -9.20898
-9.20764 -9.2089
-9.2089 -9.20875
-9.20613 -9.20787
-9.20646 -9.20783
-9.20705 -9.20775
-9.20636 -9.2077
-9.20599 -9.20756
-9.20675 -9.20746
-9.20617 -9.20732
-9.20602 -9.20729
-9.18813 -9.19346
-9.18066 -9.18752
-9.15155 -9.17967
-9.15433 -9.17306
-9.1535 -9.17161
-9.15865 -9.1697
-9.15153 -9.16914
-9.14801 -9.16787
-9.14902 -9.16662
-9.16011 -9.16528
-9.16292 -9.16476
-9.15968 -9.16451
-9.157 -9.1636
-9.16778 -9.1594
-9.15877 -9.15403
-9.14431 -9.14506
-9.12743 -9.13518
-9.13182 -9.12505
-9.13751 -9.11735
-9.11333 -9.10821
-9.10611 -9.10537
-9.10523 -9.10421
-9.10267 -9.10073
-9.10088 -9.09991
-9.10002 -9.09671
-9.09947 -9.09454
-9.09812 -9.09167
-9.09606 -9.08872
-9.09378 -9.08825
-9.09343 -9.08783
-9.09949 -9.08491
-9.0911 -9.08223
-9.08556 -9.07916
-9.07329 -9.07743
-9.0722 -9.07601
-9.07191 -9.07561
-9.08384 -9.07292
-9.06898 -9.07198
-9.07542 -9.06891
-9.06598 -9.0681
-9.07305 -9.06449
-9.06098 -9.06343
-9.06807 -9.06222
-9.06641 -9.06074
-9.06717 -9.05827
-9.053 -9.05638
-9.05212 -9.05489
-9.05123 -9.05446
-9.05209 -9.05421
-9.05027 -9.05345
-9.04971 -9.05246
-9.05956 -9.05172
-9.04759 -9.05116
-9.04604 -9.05081
-9.05908 -9.05061
-9.04603 -9.05017
-9.04431 -9.04965
-9.04488 -9.04882
-9.03532 -9.04818
-9.04528 -9.04728
-9.04315 -9.04683
-9.04189 -9.04572
-9.04013 -9.04463
-9.03704 -9.04397
-9.0249 -9.04372
-9.04171 -9.04357
-9.02957 -9.04296
-9.03646 -9.0423
-9.03896 -9.0401
-9.031 -9.03788
-9.01692 -9.03346
-9.02265 -9.03044
-9.02763 -9.02863
-9.0199 -9.02241
-9.01169 -9.0125
-9.02098 -9.00705
-9.00273 -9.00425
-9.00273 -9.00425
-9.00273 -9.00425
-9.00271 -9.0042
-9.00261 -9.00418
-9.00259 -9.00407
-9.00256 -9.00405
-9.00248 -9.00401
-9.00242 -9.00398
-9.00249 -9.00398
-9.00251 -9.00398
-9.00251 -9.00396
-9.00234 -9.00395
-9.00229 -9.00393
-9.00254 -9.00383
-9.00237 -9.00382
-9.00247 -9.00377
-9.00206 -9.00363
-9.00203 -9.00362
-9.00185 -9.00355
-9.00182 -9.00326
-9.0016 -9.00323
-9.00159 -9.00322
-9.00147 -9.00317
-9.00142 -9.00313
-9.00129 -9.00306
-9.00179 -9.00296
-9.0007 -9.00204
-9.00087 -9.00198
-9.00049 -9.00195
-9.00053 -9.0019
-9.00075 -9.00186
-9.00051 -9.0018
-9.00002 -9.00177
-8.99972 -9.00159
-9.00045 -9.00148
-8.99999 -9.00065
-8.99848 -8.999
-8.99744 -8.99703
-8.99707 -8.99649
-8.99671 -8.99627
-8.99345 -8.99207
-8.98717 -8.9883
-8.98761 -8.98827
-8.98451 -8.98781
-8.97606 -8.98754
-8.99706 -8.9848
-8.99687 -8.98298
-8.98249 -8.98189
-8.98215 -8.98154
-8.98203 -8.98134
-8.98071 -8.97925
-8.98095 -8.97869
-8.98023 -8.97601
-8.96939 -8.97172
-8.96972 -8.97139
-8.98428 -8.97101
-8.95989 -8.9665
-8.96514 -8.96261
-8.96407 -8.96119
-8.94945 -8.95925
-8.94946 -8.95924
-8.94946 -8.95924
-8.94939 -8.95922
-8.94924 -8.95921
-8.94935 -8.95919
-8.94935 -8.95918
-8.94916 -8.95917
-8.94948 -8.95915
-8.9493 -8.95913
-8.9492 -8.95909
-8.94916 -8.95907
-8.94912 -8.95904
-8.94936 -8.95904
-8.94935 -8.95902
-8.94935 -8.95902
-8.9493 -8.959
-8.94932 -8.95899
-8.94918 -8.95896
-8.94918 -8.95894
-8.94905 -8.95891
-8.94879 -8.95879
-8.94886 -8.95874
-8.9487 -8.95867
-8.9652 -8.95862
-8.94815 -8.95849
-8.94819 -8.95845
-8.9487 -8.95843
-8.94896 -8.9583
-8.94847 -8.95817
-8.94935 -8.95809
-8.94795 -8.95795
-8.96249 -8.95703
-8.94702 -8.95696
-8.94688 -8.95689
-8.94719 -8.95679
-8.94642 -8.95667
-8.94709 -8.95657
-8.94659 -8.95656
-8.94638 -8.9564
-8.94501 -8.95617
-8.94584 -8.95594
-8.94592 -8.95593
-8.95023 -8.95569
-8.94681 -8.95563
-8.94632 -8.95544
-8.94551 -8.9554
-8.96022 -8.95517
-8.94609 -8.9549
-8.94619 -8.95426
-8.94665 -8.9527
-8.94655 -8.95249
-8.93987 -8.95211
-8.94124 -8.95182
-8.94159 -8.9517
-8.94264 -8.95118
-8.94259 -8.95108
-8.94186 -8.95074
-8.94081 -8.95067
-8.95591 -8.95064
-8.9398 -8.9503
-8.96276 -8.94738
-8.95276 -8.94485
-8.93389 -8.94445
-8.93248 -8.94363
-8.93205 -8.9431
-8.93818 -8.94247
-8.94697 -8.93882
-8.94016 -8.93717
-8.93832 -8.93565
-8.94114 -8.93425
-8.93344 -8.93193
-8.93023 -8.92796
-8.93021 -8.92539
-8.91965 -8.92414
-8.91881 -8.92372
-8.93116 -8.92193
-8.93069 -8.92144
-8.9203 -8.92025
-8.91968 -8.91979
-8.92298 -8.91964
-8.9215 -8.91623
-8.92062 -8.91545
-8.91669 -8.91488
-8.91522 -8.91369
-8.91246 -8.91321
-8.92002 -8.91292
-8.90989 -8.91073
-8.91101 -8.90971
-8.91038 -8.9095
-8.91052 -8.90853
-8.90742 -8.90781
-8.90222 -8.90107
-8.90202 -8.90071
-8.899 -8.89776
-8.89788 -8.8965
-8.91105 -8.89309
-8.88795 -8.88753
-8.88495 -8.88351
-8.88386 -8.88094
-8.87659 -8.87923
-8.87612 -8.87861
-8.8766 -8.87841
-8.88264 -8.87576
-8.88015 -8.87307
-8.87822 -8.87138
-8.85928 -8.86471
-8.85943 -8.86466
-8.85955 -8.86459
-8.85908 -8.86454
-8.85908 -8.86452
-8.85985 -8.86409
-8.85909 -8.86406
-8.85869 -8.86404
-8.85866 -8.86397
-8.85829 -8.86382
-8.85929 -8.86344
-8.86007 -8.86331
-8.85874 -8.86327
-8.85872 -8.86324
-8.85805 -8.86314
-8.85799 -8.86305
-8.85753 -8.86294
-8.86004 -8.86252
-8.85899 -8.86144
-8.85554 -8.86119
-8.85542 -8.86111
-8.85798 -8.86064
-8.87163 -8.85915
-8.85251 -8.85823
-8.85219 -8.85766
-8.85203 -8.8574
-8.85183 -8.85697
-8.8509 -8.85669
-8.85098 -8.85556
-8.858 -8.85518
-8.84958 -8.85291
-8.85201 -8.85228
-8.85877 -8.85204
-8.8515 -8.85189
-8.85005 -8.85128
-8.84425 -8.85026
-8.84928 -8.8497
-8.84801 -8.84885
-8.84311 -8.84864
-8.84304 -8.8486
-8.84197 -8.8476
-8.84455 -8.84447
-8.84112 -8.84243
-8.8399 -8.83793
-8.85065 -8.83704
-8.83715 -8.83672
-8.83675 -8.83441
-8.83268 -8.82934
-8.82797 -8.82681
-8.82435 -8.82373
-8.82633 -8.8197
-8.82906 -8.81865
-8.79675 -8.81552
-8.79663 -8.81346
-8.81132 -8.81068
-8.8106 -8.80337
-8.80571 -8.79895
-8.78448 -8.79652
-8.80859 -8.79572
-8.78293 -8.79486
-8.7964 -8.79477
-8.79631 -8.79473
-8.79644 -8.79471
-8.79636 -8.7947
-8.79636 -8.7947
-8.79615 -8.79459
-8.79644 -8.79459
-8.79642 -8.79457
-8.7964 -8.79455
-8.7964 -8.79453
-8.79615 -8.79453
-8.79641 -8.79452
-8.79624 -8.79451
-8.79612 -8.79451
-8.79588 -8.7945
-8.79619 -8.79449
-8.79637 -8.79445
-8.79638 -8.79439
-8.7965 -8.79438
-8.79589 -8.79431
-8.79601 -8.79428
-8.79599 -8.79426
-8.79587 -8.79419
-8.79594 -8.79418
-8.7958 -8.79415
-8.79508 -8.79381
-8.79579 -8.79381
-8.79578 -8.7938
-8.79491 -8.79376
-8.79559 -8.79372
-8.79554 -8.7937
-8.79518 -8.79369
-8.79516 -8.79362
-8.79283 -8.7932
-8.79373 -8.79263
-8.79375 -8.7926
-8.79497 -8.79258
-8.79374 -8.79257
-8.79369 -8.7925
-8.79337 -8.79243
-8.79383 -8.79241
-8.7944 -8.79237
-8.79376 -8.79224
-8.79498 -8.78929
-8.78834 -8.78413
-8.77337 -8.7774
-8.78118 -8.77664
-8.7777 -8.7738
-8.7814 -8.76978
-8.76938 -8.76271
-8.77448 -8.76122
-8.75367 -8.75983
-8.76031 -8.756
-8.76752 -8.75387
-8.75353 -8.74733
-8.75164 -8.74613
-8.75623 -8.74424
-8.73234 -8.74107
-8.7419 -8.73952
-8.73259 -8.73105
-8.73309 -8.72316
-8.72838 -8.72211
-8.72373 -8.72046
-8.71432 -8.71498
-8.71409 -8.71488
-8.72523 -8.71339
-8.70927 -8.71251
-8.70995 -8.71035
-8.71026 -8.71
-8.71034 -8.70961
-8.70985 -8.70927
-8.7089 -8.70852
-8.71758 -8.70725
-8.70763 -8.70695
-8.70764 -8.70683
-8.70705 -8.70611
-8.69773 -8.70553
-8.70428 -8.70266
-8.6964 -8.70086
-8.69852 -8.69855
-8.70098 -8.69797
-8.69667 -8.69759
-8.69713 -8.69694
-8.70538 -8.69527
-8.69518 -8.69335
-8.68988 -8.6904
-8.68602 -8.68871
-8.68551 -8.68769
-8.68415 -8.68718
-8.68467 -8.68687
-8.69138 -8.68571
-8.6814 -8.68145
-8.69054 -8.6803
-8.67478 -8.67923
-8.67373 -8.67871
-8.67321 -8.67795
-8.67272 -8.67713
-8.67905 -8.67583
-8.66907 -8.67549
-8.66895 -8.67447
-8.66781 -8.67143
-8.66911 -8.67091
-8.67119 -8.66908
-8.67029 -8.66578
-8.6644 -8.66
-8.65946 -8.65501
-8.66057 -8.65216
-8.65262 -8.65059
-8.65579 -8.64984
-8.64973 -8.64855
-8.64963 -8.64612
-8.65048 -8.64477
-8.65005 -8.64313
-8.64069 -8.64165
-8.64938 -8.6412
-8.65252 -8.64104
-8.64928 -8.64093
-8.64872 -8.64052
-8.64213 -8.64003
-8.64763 -8.63949
-8.6475 -8.63896
-8.64647 -8.63847
-8.64572 -8.638
-8.62651 -8.63759
-8.64614 -8.63681
-8.64035 -8.63589
-8.64531 -8.63577
-8.64181 -8.63404
-8.64612 -8.63322
-8.63038 -8.63228
-8.6356 -8.6321
-8.63055 -8.63193
-8.63299 -8.63175
-8.63495 -8.63161
-8.63279 -8.63104
-8.62963 -8.63081
-8.6286 -8.6298
-8.64022 -8.62947
-8.62595 -8.62863
-8.63898 -8.62799
-8.63771 -8.6265
-8.6364 -8.62494
-8.63222 -8.62484
-8.62415 -8.62241
-8.62395 -8.62236
-8.62411 -8.62232
-8.62413 -8.62231
-8.62404 -8.62228
-8.62431 -8.62218
-8.62344 -8.62208
-8.62438 -8.62205
-8.6244 -8.62193
-8.62382 -8.62187
-8.62367 -8.62179
-8.62343 -8.62164
-8.62302 -8.62149
-8.62318 -8.62135
-8.62343 -8.62126
-8.62337 -8.62123
-8.62323 -8.62101
-8.62356 -8.62096
-8.6243 -8.62083
-8.63234 -8.62021
-8.62267 -8.61999
-8.6212 -8.6194
-8.62068 -8.61905
-8.62065 -8.61903
-8.61873 -8.61741
-8.61779 -8.61643
-8.61744 -8.6157
-8.61748 -8.61568
-8.61632 -8.61478
-8.60747 -8.61456
-8.60741 -8.61454
-8.60732 -8.61447
-8.60746 -8.61437
-8.60696 -8.61436
-8.60727 -8.61435
-8.60699 -8.61422
-8.61999 -8.61416
-8.607 -8.61415
-8.60713 -8.61412
-8.60703 -8.61409
-8.60702 -8.61403
-8.60676 -8.61386
-8.60657 -8.6138
-8.60657 -8.61371
-8.60677 -8.61363
-8.60701 -8.61362
-8.60669 -8.61352
-8.62645 -8.6134
-8.60569 -8.61304
-8.60597 -8.613
-8.61702 -8.61283
-8.60463 -8.61252
-8.60468 -8.61247
-8.60605 -8.61231
-8.60596 -8.61219
-8.59953 -8.61163
-8.60457 -8.61159
-8.60433 -8.61137
-8.59937 -8.61063
-8.60978 -8.61001
-8.61331 -8.60942
-8.60994 -8.60914
-8.61003 -8.6091
-8.62225 -8.60854
-8.60088 -8.60848
-8.6012 -8.6081
-8.60114 -8.60803
-8.60105 -8.60794
-8.60002 -8.60748
-8.59997 -8.60734
-8.60897 -8.60722
-8.61132 -8.60717
-8.61968 -8.60658
-8.60655 -8.60571
-8.60801 -8.60404
-8.59249 -8.60284
-8.59314 -8.60112
-8.60729 -8.6002
-8.59202 -8.5999
-8.60579 -8.59974
-8.59289 -8.59967
-8.60412 -8.59948
-8.61374 -8.59933
-8.60543 -8.59897
-8.61249 -8.59888
-8.60481 -8.59887
-8.59188 -8.59863
-8.60393 -8.59819
-8.601 -8.59595
-8.60201 -8.59454
-8.59747 -8.59333
-8.60103 -8.59201
-8.59787 -8.59059
-8.59847 -8.5897
-8.59609 -8.589
-8.59733 -8.58766
-8.59169 -8.58613
-8.59324 -8.58501
-8.57965 -8.58407
-8.57971 -8.58403
-8.57968 -8.58402
-8.57957 -8.58401
-8.57948 -8.584
-8.57967 -8.58389
-8.57943 -8.58388
-8.57966 -8.58388
-8.5794 -8.58387
-8.57966 -8.58387
-8.57962 -8.58386
-8.57937 -8.58386
-8.57968 -8.58385
-8.5794 -8.58384
-8.57959 -8.58382
-8.57939 -8.58382
-8.57957 -8.58377
-8.57955 -8.58375
-8.57959 -8.5837
-8.5795 -8.58366
-8.57927 -8.58363
-8.57952 -8.58362
-8.57919 -8.58361
-8.57951 -8.58359
-8.57897 -8.58356
-8.57885 -8.58354
-8.57943 -8.58351
-8.57865 -8.58322
-8.57907 -8.58321
-8.57872 -8.5832
-8.57904 -8.5832
-8.57843 -8.58317
-8.57913 -8.583
-8.57904 -8.58298
-8.57843 -8.58296
-8.57875 -8.58292
-8.58023 -8.58255
-8.57753 -8.58208
-8.57756 -8.58205
-8.57716 -8.58203
-8.57734 -8.58186
-8.57781 -8.58169
-8.57712 -8.58165
-8.57759 -8.58162
-8.58857 -8.58015
-8.58045 -8.5786
-8.56734 -8.57699
-8.58396 -8.57602
-8.58499 -8.57483
-8.58084 -8.57359
-8.57585 -8.57135
-8.56683 -8.57058
-8.56685 -8.5705
-8.56682 -8.57047
-8.56683 -8.57045
-8.56673 -8.5704
-8.56671 -8.57032
-8.56688 -8.57029
-8.56688 -8.57028
-8.56679 -8.57026
-8.56671 -8.57025
-8.56672 -8.57022
-8.56656 -8.57005
-8.56608 -8.57001
-8.5665 -8.57
-8.56619 -8.56996
-8.56634 -8.56992
-8.56588 -8.5698
-8.57295 -8.56974
-8.5659 -8.56967
-8.56581 -8.56964
-8.56613 -8.56962
-8.56572 -8.56959
-8.56572 -8.56956
-8.56562 -8.56953
-8.56534 -8.56946
-8.56594 -8.56938
-8.57903 -8.56908
-8.56531 -8.56843
-8.5654 -8.56827
-8.57117 -8.56818
-8.56495 -8.5681
-8.56493 -8.56806
-8.57867 -8.56787
-8.56403 -8.56755
-8.56397 -8.5674
-8.5641 -8.56729
-8.56325 -8.56722
-8.56287 -8.56702
-8.57663 -8.56638
-8.56006 -8.56406
-8.55935 -8.56401
-8.56024 -8.56384
-8.55999 -8.5638
-8.56007 -8.5637
-8.5603 -8.56327
-8.56016 -8.56319
-8.55896 -8.56314
-8.55881 -8.56298
-8.55875 -8.56294
-8.55958 -8.56274
-8.57648 -8.55894
-8.55472 -8.55796
-8.57002 -8.55712
-8.55688 -8.55519
-8.55171 -8.5541
-8.56468 -8.55001
-8.56121 -8.54731
-8.54189 -8.54655
-8.5503 -8.54459
-8.54713 -8.54356
-8.55648 -8.5419
-8.54753 -8.53973
-8.55272 -8.53804
-8.52526 -8.52939
-8.52959 -8.52681
-8.53012 -8.52541
-8.52727 -8.52435
-8.54302 -8.52305
-8.5491 -8.52278
-8.53466 -8.52211
-8.51471 -8.52034
-8.51914 -8.51866
-8.54349 -8.51726
-8.52071 -8.51679
-8.51544 -8.51548
-8.53341 -8.51132
-8.53603 -8.50866
-8.51786 -8.50822
-8.51813 -8.50601
-8.51871 -8.50369
-8.5021 -8.50204
-8.4971 -8.49512
-8.50891 -8.49011
-8.49137 -8.48951
-8.49318 -8.48898
-8.48748 -8.48836
-8.49004 -8.48728
-8.49258 -8.48669
-8.47388 -8.48284
-8.50708 -8.4798
-8.46844 -8.47839
-8.47412 -8.4753
-8.46349 -8.47241
-8.4778 -8.47146
-8.46363 -8.46976
-8.46051 -8.46868
-8.4744 -8.46699
-8.46126 -8.46495
-8.46586 -8.46097
-8.4627 -8.45706
-8.46239 -8.45499
-8.45269 -8.45163
-8.45261 -8.45097
-8.44777 -8.4496
-8.44404 -8.44794
-8.45384 -8.44701
-8.45741 -8.44617
-8.4436 -8.44536
-8.44015 -8.44463
-8.45013 -8.44456
-8.45005 -8.44441
-8.44982 -8.44407
-8.44945 -8.44354
-8.44893 -8.44284
-8.44887 -8.44267
-8.44846 -8.4424
-8.44828 -8.44198
-8.44313 -8.44034
-8.43962 -8.43984
-8.46386 -8.4377
-8.43919 -8.43708
-8.4421 -8.43409
-8.44553 -8.43352
-8.45124 -8.43303
-8.44078 -8.43246
-8.4299 -8.431
-8.43195 -8.43036
-8.43239 -8.42827
-8.43871 -8.42798
-8.43023 -8.42454
-8.43472 -8.42288
-8.41619 -8.42165
-8.4212 -8.41933
-8.41676 -8.41716
-8.4245 -8.41557
-8.4148 -8.41493
-8.41344 -8.41349
-8.41162 -8.41161
-8.40792 -8.40929
-8.40732 -8.40729
-8.39893 -8.40616
-8.41709 -8.40236
-8.39046 -8.40047
-8.39039 -8.39647
-8.40532 -8.39316
-8.38103 -8.38869
-8.38595 -8.38773
-8.38157 -8.38533
-8.38417 -8.38486
-8.40818 -8.38358
-8.42162 -8.3818
-8.36966 -8.37902
-8.37829 -8.37836
-8.38416 -8.37694
-8.37398 -8.37583
-8.37225 -8.37446
-8.37063 -8.37376
-8.38034 -8.37316
-8.37557 -8.3728
-8.37207 -8.3727
-8.36821 -8.37237
-8.36821 -8.37237
-8.36829 -8.37232
-8.36795 -8.37231
-8.3681 -8.3723
-8.36845 -8.37221
-8.36783 -8.37219
-8.3682 -8.37217
-8.36819 -8.37216
-8.36849 -8.37215
-8.36829 -8.37214
-8.36803 -8.37214
-8.36786 -8.37213
-8.36804 -8.37213
-8.36789 -8.37213
-8.3676 -8.37212
-8.36789 -8.37211
-8.37041 -8.37208
-8.36844 -8.37196
-8.36752 -8.37192
-8.36803 -8.37189
-8.36752 -8.37189
-8.3682 -8.37187
-8.3685 -8.37186
-8.36847 -8.37183
-8.36845 -8.3718
-8.36696 -8.37156
-8.36702 -8.37149
-8.36775 -8.37146
-8.36746 -8.37144
-8.36761 -8.37143
-8.36725 -8.37142
-8.36757 -8.37141
-8.3674 -8.37139
-8.36758 -8.37135
-8.36737 -8.37134
-8.36578 -8.3704
-8.36505 -8.37039
-8.36544 -8.37037
-8.36507 -8.37034
-8.36608 -8.37027
-8.36584 -8.37026
-8.36613 -8.37024
-8.36662 -8.37021
-8.36633 -8.37019
-8.36489 -8.37017
-8.36481 -8.37015
-8.36487 -8.37012
-8.36595 -8.3701
-8.36445 -8.36993
-8.36471 -8.36991
-8.36448 -8.36987
-8.36446 -8.36985
-8.36442 -8.36969
-8.36442 -8.36964
-8.36389 -8.36946
-8.36424 -8.36933
-8.36386 -8.36923
-8.36409 -8.36917
-8.36354 -8.36893
-8.36333 -8.36878
-8.36258 -8.36828
-8.38196 -8.36819
-8.36313 -8.36803
-8.36227 -8.36755
-8.36192 -8.36683
-8.36703 -8.3661
-8.36463 -8.36538
-8.35885 -8.36464
-8.35877 -8.36427
-8.35848 -8.36408
-8.35865 -8.36404
-8.36096 -8.36395
-8.35845 -8.36357
-8.35756 -8.36337
-8.36465 -8.36235
-8.35696 -8.36157
-8.3567 -8.36143
-8.35669 -8.36141
-8.35649 -8.36117
-8.35935 -8.36099
-8.35609 -8.36095
-8.35676 -8.36092
-8.35598 -8.36086
-8.35595 -8.36083
-8.35593 -8.36079
-8.35609 -8.36077
-8.35541 -8.36071
-8.35576 -8.36059
-8.35614 -8.36042
-8.35642 -8.36022
-8.35517 -8.36013
-8.36675 -8.36008
-8.3551 -8.35997
-8.35598 -8.35977
-8.36355 -8.35947
-8.36296 -8.35903
-8.35336 -8.35881
-8.35337 -8.35878
-8.35348 -8.35872
-8.35345 -8.3586
-8.35345 -8.35856
-8.35123 -8.35759
-8.35124 -8.35752
-8.35119 -8.35723
-8.35166 -8.35715
-8.36879 -8.35692
-8.35014 -8.35605
-8.35008 -8.35599
-8.35313 -8.35575
-8.35045 -8.35562
-8.35133 -8.35552
-8.35128 -8.35548
-8.36285 -8.35528
-8.351 -8.35518
-8.34954 -8.35514
-8.34954 -8.35505
-8.35115 -8.35486
-8.35001 -8.35476
-8.3497 -8.35468
-8.34761 -8.35425
-8.35237 -8.35276
-8.34619 -8.35249
-8.3477 -8.35229
-8.3538 -8.35205
-8.3614 -8.35081
-8.34455 -8.34975
-8.34565 -8.34963
-8.34373 -8.34913
-8.34288 -8.34856
-8.34288 -8.34852
-8.3428 -8.34843
-8.34276 -8.34831
-8.3436 -8.34795
-8.34352 -8.34751
-8.34116 -8.34679
-8.34108 -8.34615
-8.33955 -8.34511
-8.33695 -8.34466
-8.35285 -8.34425
-8.34351 -8.34355
-8.34203 -8.34311
-8.33803 -8.34291
-8.3428 -8.34247
-8.33678 -8.34203
-8.33638 -8.34175
-8.34117 -8.34155
-8.33713 -8.34089
-8.33389 -8.34058
-8.33387 -8.34036
-8.33581 -8.3401
-8.3322 -8.33922
-8.33736 -8.33918
-8.336 -8.33855
-8.3397 -8.33803
-8.32837 -8.33762
-8.33591 -8.33674
-8.33643 -8.33644
-8.32949 -8.33558
-8.33222 -8.33498
-8.34803 -8.33431
-8.32673 -8.33307
-8.32616 -8.33254
-8.31939 -8.33224
-8.31869 -8.33108
-8.33167 -8.32967
-8.32276 -8.32954
-8.33041 -8.32898
-8.32258 -8.32867
-8.33262 -8.32855
-8.32479 -8.32834
-8.32254 -8.32756
-8.33076 -8.32573
-8.32518 -8.32468
-8.3174 -8.32342
-8.32222 -8.32201
-8.3149 -8.32
-8.31201 -8.31848
-8.32285 -8.31756
-8.32222 -8.3168
-8.33543 -8.31634
-8.31524 -8.31581
-8.31007 -8.31543
-8.31484 -8.31504
-8.33384 -8.31489
-8.31405 -8.31481
-8.3137 -8.31452
-8.31663 -8.31424
-8.31844 -8.3139
-8.31853 -8.31378
-8.31125 -8.31352
-8.31233 -8.31283
-8.31118 -8.31126
-8.31143 -8.31031
-8.30221 -8.3092
-8.31547 -8.30877
-8.31502 -8.30828
-8.31005 -8.30787
-8.31006 -8.30748
-8.31052 -8.30691
-8.30847 -8.30573
-8.30632 -8.30436
-8.31759 -8.30353
-8.32028 -8.30279
-8.30455 -8.30171
-8.31184 -8.30058
-8.29277 -8.29986
-8.29971 -8.29964
-8.29418 -8.29919
-8.29638 -8.29721
-8.29499 -8.29589
-8.29155 -8.29516
-8.31396 -8.29449
-8.2861 -8.29276
-8.29526 -8.29154
-8.2968 -8.28916
-8.28993 -8.28607
-8.28884 -8.28498
-8.28861 -8.28475
-8.28796 -8.28447
-8.29124 -8.28215
-8.28639 -8.28074
-8.28054 -8.2802
-8.29837 -8.27834
-8.27301 -8.27736
-8.28436 -8.27668
-8.27597 -8.27415
-8.29862 -8.27167
-8.27994 -8.27138
-8.27031 -8.26935
-8.27147 -8.26837
-8.26554 -8.2661
-8.26611 -8.26459
-8.2668 -8.26345
-8.25824 -8.26147
-8.26891 -8.2594
-8.25783 -8.2562
-8.24989 -8.25462
-8.26326 -8.25441
-8.25476 -8.25375
-8.25452 -8.25306
-8.24722 -8.25171
-8.24745 -8.25136
-8.2473 -8.25132
-8.24714 -8.25113
-8.25622 -8.25006
-8.25704 -8.2487
-8.25331 -8.24848
-8.24275 -8.24623
-8.24221 -8.24557
-8.25307 -8.2451
-8.25233 -8.24443
-8.23975 -8.24407
-8.23965 -8.24358
-8.25312 -8.24336
-8.25293 -8.24326
-8.24125 -8.2432
-8.25212 -8.24256
-8.23901 -8.24194
-8.23841 -8.24097
-8.25037 -8.24064
-8.2506 -8.2402
-8.24082 -8.23948
-8.23579 -8.23913
-8.23988 -8.23901
-8.23622 -8.23838
-8.23505 -8.2378
-8.2386 -8.23708
-8.2389 -8.23667
-8.24643 -8.23652
-8.24478 -8.23476
-8.23742 -8.23349
-8.23588 -8.2333
-8.23175 -8.23244
-8.23233 -8.2323
-8.2314 -8.23116
-8.23403 -8.22969
-8.23209 -8.22951
-8.22716 -8.22709
-8.22791 -8.2264
-8.22821 -8.22564
-8.2395 -8.22416
-8.22897 -8.22306
-8.22452 -8.22007
-8.22242 -8.21996
-8.21534 -8.21852
-8.21501 -8.2171
-8.21469 -8.21649
-8.22067 -8.21628
-8.22393 -8.21588
-8.22511 -8.21411
-8.19888 -8.2126
-8.2135 -8.20973
-8.20288 -8.20763
-8.21728 -8.206
-8.21394 -8.20317
-8.2076 -8.20173
-8.20088 -8.19925
-8.21034 -8.19842
-8.19949 -8.19634
-8.19917 -8.19563
-8.20673 -8.19496
-8.18562 -8.19313
-8.18147 -8.19081
-8.19335 -8.18977
-8.19167 -8.18875
-8.19124 -8.18788
-8.18136 -8.18639
-8.18944 -8.18521
-8.18794 -8.18505
-8.18814 -8.18439
-8.18813 -8.18366
-8.1864 -8.18297
-8.1872 -8.18203
-8.18604 -8.18063
-8.17914 -8.17889
-8.18257 -8.17774
-8.17931 -8.17649
-8.17327 -8.17219
-8.17268 -8.16953
-8.18452 -8.16725
-8.1723 -8.16365
-8.16639 -8.16253
-8.17187 -8.16032
-8.1581 -8.15972
-8.1546 -8.15922
-8.1546 -8.15922
-8.1546 -8.15921
-8.15467 -8.15917
-8.1546 -8.15917
-8.15465 -8.15916
-8.15455 -8.15915
-8.15453 -8.15914
-8.15465 -8.15905
-8.15459 -8.15901
-8.15453 -8.15901
-8.15425 -8.159
-8.15434 -8.159
-8.15453 -8.15899
-8.15427 -8.15899
-8.15453 -8.15899
-8.15429 -8.15898
-8.15458 -8.15897
-8.15436 -8.15897
-8.15444 -8.15896
-8.15438 -8.15895
-8.15417 -8.15893
-8.15447 -8.1588
-8.155 -8.15875
-8.15395 -8.15874
-8.1543 -8.15872
-8.15425 -8.1587
-8.15411 -8.15863
-8.15382 -8.15862
-8.16868 -8.15855
-8.15361 -8.15835
-8.15386 -8.15834
-8.15362 -8.15832
-8.15365 -8.15832
-8.15383 -8.15829
-8.15399 -8.15828
-8.16927 -8.15826
-8.1536 -8.15825
-8.15365 -8.1582
-8.17438 -8.15769
-8.15301 -8.15735
-8.1525 -8.15722
-8.15252 -8.15719
-8.15303 -8.15712
-8.15302 -8.15708
-8.15289 -8.15703
-8.15475 -8.15662
-8.16088 -8.15605
-8.16153 -8.15423
-8.1633 -8.15125
-8.15139 -8.1494
-8.1459 -8.14919
-8.14493 -8.14854
-8.14372 -8.146
-8.14398 -8.14579
-8.14192 -8.14556
-8.14261 -8.14545
-8.14295 -8.14497
-8.14192 -8.14471
-8.14293 -8.14195
-8.14192 -8.14167
-8.1391 -8.14083
-8.13782 -8.14003
-8.13195 -8.139
-8.13162 -8.13843
-8.13597 -8.13731
-8.13706 -8.13682
-8.13826 -8.13582
-8.13224 -8.13482
-8.13484 -8.13367
-8.13445 -8.13311
-8.12788 -8.13258
-8.13421 -8.1325
-8.1317 -8.1313
-8.13044 -8.13062
-8.12114 -8.13022
-8.13069 -8.12992
-8.14214 -8.12952
-8.14237 -8.12882
-8.13999 -8.12763
-8.12735 -8.12701
-8.11932 -8.12617
-8.11422 -8.12541
-8.11396 -8.12448
-8.11315 -8.12398
-8.11354 -8.1232
-8.11442 -8.12291
-8.11203 -8.12273
-8.11993 -8.12264
-8.12087 -8.12204
-8.12261 -8.12191
-8.12194 -8.12097
-8.12094 -8.12012
-8.11865 -8.11776
-8.11259 -8.11529
-8.11257 -8.11528
-8.11252 -8.11528
-8.11252 -8.11528
-8.11252 -8.11528
-8.11252 -8.11528
-8.11255 -8.11527
-8.1126 -8.11527
-8.11258 -8.11527
-8.11263 -8.11526
-8.11255 -8.11526
-8.11252 -8.11525
-8.11248 -8.11525
-8.11259 -8.11524
-8.1125 -8.11524
-8.11249 -8.11524
-8.11259 -8.11524
-8.11261 -8.11524
-8.11259 -8.11523
-8.11266 -8.11522
-8.11237 -8.11522
-8.11269 -8.11521
-8.11241 -8.1152
-8.11261 -8.11518
-8.11256 -8.11514
-8.11261 -8.11504
-8.11225 -8.11498
-8.11258 -8.11486
-8.11179 -8.11479
-8.11233 -8.11458
-8.11445 -8.11413
-8.11149 -8.11389
-8.11012 -8.1131
-8.11005 -8.11245
-8.10821 -8.11199
-8.11087 -8.11154
-8.11353 -8.11106
-8.11332 -8.11036
-8.10831 -8.10969
-8.12248 -8.1092
-8.12149 -8.10811
-8.11232 -8.10737
-8.11214 -8.10686
-8.11138 -8.10489
-8.11128 -8.10466
-8.1113 -8.10372
-8.11591 -8.10181
-8.10085 -8.10064
-8.0967 -8.09699
-8.10793 -8.09418
-8.09358 -8.09309
-8.08811 -8.09215
-8.08735 -8.09061
-8.09485 -8.09008
-8.08947 -8.08962
-8.09135 -8.08854
-8.08875 -8.08737
-8.08555 -8.08687
-8.08226 -8.08604
-8.08074 -8.08476
-8.08427 -8.08413
-8.0804 -8.08338
-8.08391 -8.08267
-8.08326 -8.08158
-8.08946 -8.08109
-8.085 -8.08026
-8.0848 -8.07996
-8.08552 -8.07986
-8.08561 -8.07981
-8.08485 -8.07958
-8.08602 -8.07949
-8.08117 -8.07933
-8.08405 -8.07829
-8.07438 -8.07796
-8.0852 -8.07785
-8.10202 -8.07766
-8.07938 -8.07713
-8.08402 -8.07676
-8.0739 -8.07657
-8.07307 -8.0762
-8.08267 -8.07516
-8.08252 -8.07489
-8.06696 -8.07397
-8.0794 -8.07281
-8.07222 -8.07203
-8.06894 -8.07183
-8.07724 -8.07153
-8.07108 -8.07143
-8.07085 -8.07123
-8.07068 -8.07086
-8.07507 -8.07069
-8.07783 -8.07059
-8.07424 -8.07051
-8.07377 -8.07035
-8.07335 -8.07024
-8.07266 -8.07012
-8.07184 -8.06994
-8.07183 -8.06989
-8.0718 -8.06987
-8.07178 -8.06979
-8.07152 -8.06965
-8.07103 -8.06953
-8.06894 -8.0694
-8.07108 -8.06926
-8.07135 -8.06899
-8.06548 -8.06837
-8.07009 -8.06805
-8.0701 -8.06801
-8.06837 -8.06743
-8.06833 -8.06703
-8.06896 -8.06628
-8.07152 -8.06586
-8.0675 -8.06572
-8.07762 -8.0655
-8.06628 -8.06502
-8.06618 -8.06497
-8.06938 -8.06415
-8.06627 -8.06402
-8.0675 -8.06286
-8.06235 -8.06257
-8.05082 -8.06171
-8.07666 -8.06097
-8.06759 -8.05986
-8.06262 -8.0591
-8.06833 -8.05807
-8.0608 -8.05765
-8.05775 -8.0561
-8.05792 -8.05585
-8.05784 -8.05584
-8.06101 -8.05549
-8.05642 -8.05419
-8.05617 -8.05392
-8.0544 -8.05284
-8.05836 -8.05069
-8.04874 -8.05036
-8.04462 -8.04819
-8.04998 -8.04658
-8.05528 -8.04643
-8.04212 -8.0457
-8.05379 -8.04447
-8.04783 -8.04342
-8.05017 -8.04299
-8.0512 -8.04245
-8.05084 -8.04214
-8.05036 -8.04179
-8.0383 -8.04051
-8.03527 -8.03913
-8.04203 -8.03761
-8.04738 -8.03644
-8.04225 -8.03538
-8.04067 -8.03381
-8.02959 -8.03356
-8.03012 -8.03319
-8.02812 -8.03088
-8.03553 -8.0279
-8.01975 -8.02625
-8.0379 -8.024
-8.01767 -8.02282
-8.02154 -8.02142
-8.01305 -8.01921
-8.01995 -8.01821
-8.03456 -8.01682
-8.01329 -8.01388
-8.01547 -8.01125
-8.01019 -8.01013
-7.99501 -8.00908
-8.00011 -8.00756
-8.01533 -8.00679
-8.01034 -8.00598
-8.00608 -8.00447
-8.01808 -8.0042
-8.00489 -8.00324
-7.99581 -8.00238
-7.99264 -8.00173
-7.99619 -8.00007
-7.99872 -7.99901
-8.00616 -7.99855
-7.99144 -7.99675
-7.99374 -7.99533
-7.9912 -7.99348
-8.00178 -7.99118
-7.99764 -7.98997
-7.98415 -7.98882
-8.00701 -7.9858
-7.99835 -7.98381
-7.97554 -7.98276
-7.98466 -7.98053
-7.97441 -7.9753
-7.98957 -7.97455
-7.96916 -7.97283
-7.96604 -7.97194
-7.96605 -7.97117
-7.96649 -7.97018
-7.97015 -7.96906
-7.95692 -7.96866
-7.96376 -7.96814
-7.95479 -7.96691
-7.96854 -7.966
-7.96641 -7.96539
-7.96086 -7.96458
-7.96608 -7.96446
-7.96242 -7.96433
-7.96136 -7.9634
-7.96199 -7.96296
-7.97767 -7.96249
-7.94995 -7.96169
-7.95789 -7.96079
-7.96974 -7.9587
-7.95703 -7.95628
-7.95085 -7.95602
-7.95568 -7.95585
-7.95486 -7.95474
-7.9684 -7.95471
-7.95405 -7.95411
-7.95297 -7.95367
-7.94971 -7.95307
-7.9662 -7.95301
-7.95268 -7.95244
-7.95247 -7.95222
-7.95275 -7.95173
-7.96242 -7.95135
-7.94976 -7.95122
-7.95037 -7.95105
-7.94937 -7.95057
-7.94859 -7.95013
-7.94725 -7.94949
-7.94717 -7.94862
-7.94712 -7.94823
-7.94771 -7.94789
-7.9571 -7.94659
-7.94515 -7.94609
-7.94526 -7.94569
-7.93898 -7.94487
-7.94549 -7.9445
-7.94205 -7.94444
-7.94468 -7.94429
-7.9442 -7.94404
-7.94494 -7.94393
-7.94369 -7.94354
-7.94426 -7.94343
-7.94382 -7.94325
-7.9437 -7.94316
-7.94272 -7.94314
-7.94273 -7.94313
-7.94273 -7.94313
-7.94273 -7.94312
-7.9428 -7.94305
-7.9425 -7.94296
-7.94267 -7.94295
-7.94244 -7.94292
-7.94275 -7.9429
-7.94231 -7.94288
-7.94233 -7.94286
-7.94231 -7.94284
-7.94282 -7.94283
-7.94103 -7.9428
-7.94276 -7.94274
-7.95642 -7.94257
-7.94188 -7.94244
-7.94272 -7.94242
-7.94177 -7.94233
-7.94203 -7.94231
-7.94225 -7.94229
-7.94145 -7.94218
-7.94138 -7.94213
-7.94111 -7.94162
-7.94092 -7.94153
-7.93777 -7.94134
-7.94108 -7.94129
-7.94101 -7.94123
-7.94145 -7.94115
-7.94011 -7.94097
-7.94033 -7.94083
-7.93345 -7.94048
-7.93641 -7.94021
-7.93617 -7.9394
-7.95468 -7.93861
-7.93661 -7.93821
-7.92998 -7.93773
-7.93826 -7.93737
-7.92871 -7.93717
-7.92873 -7.93711
-7.9288 -7.93705
-7.92888 -7.937
-7.92898 -7.93697
-7.92885 -7.93693
-7.92917 -7.93691
-7.92906 -7.93691
-7.92891 -7.93688
-7.9291 -7.93684
-7.92899 -7.93682
-7.92905 -7.93676
-7.92881 -7.93675
-7.92892 -7.93672
-7.92856 -7.93669
-7.92876 -7.93668
-7.92934 -7.93666
-7.92894 -7.93664
-7.93048 -7.93661
-7.92859 -7.93649
-7.9286 -7.93636
-7.92867 -7.93631
-7.92795 -7.93629
-7.92869 -7.93621
-7.92905 -7.93614
-7.92822 -7.93611
-7.92727 -7.93602
-7.92744 -7.93599
-7.93751 -7.93589
-7.92882 -7.93585
-7.94138 -7.93574
-7.92824 -7.93561
-7.9256 -7.93487
-7.92583 -7.93479
-7.92827 -7.93471
-7.93021 -7.9345
-7.95068 -7.93437
-7.92702 -7.93409
-7.92734 -7.93396
-7.92707 -7.9339
-7.93767 -7.93379
-7.92553 -7.93372
-7.9372 -7.93336
-7.9316 -7.933
-7.92975 -7.93214
-7.92062 -7.9312
-7.92315 -7.93059
-7.92717 -7.93029
-7.92225 -7.93023
-7.9206 -7.92986
-7.92115 -7.92969
-7.92404 -7.92949
-7.92095 -7.92731
-7.91952 -7.9269
-7.92484 -7.92605
-7.91904 -7.92501
-7.93243 -7.92487
-7.91798 -7.92307
-7.91744 -7.92282
-7.9143 -7.92254
-7.91659 -7.92181
-7.93013 -7.92141
-7.92124 -7.92118
-7.91593 -7.921
-7.92936 -7.92032
-7.91641 -7.92019
-7.90914 -7.91952
-7.90911 -7.9195
-7.90911 -7.91938
-7.92285 -7.9189
-7.91606 -7.91831
-7.93009 -7.91754
-7.90926 -7.91714
-7.90673 -7.9158
-7.90626 -7.91546
-7.93304 -7.91524
-7.92618 -7.91435
-7.92701 -7.9138
-7.92864 -7.91286
-7.91242 -7.91241
-7.91353 -7.91035
-7.91215 -7.90968
-7.9103 -7.9088
-7.90199 -7.9072
-7.90162 -7.90695
-7.89906 -7.90684
-7.90109 -7.90548
-7.90832 -7.90516
-7.90018 -7.904
-7.89922 -7.90337
-7.89926 -7.90243
-7.89961 -7.90229
-7.90301 -7.90161
-7.90041 -7.9006
-7.8978 -7.89805
-7.90255 -7.89734
-7.89481 -7.89573
-7.90846 -7.89523
-7.89432 -7.89478
-7.89375 -7.8941
-7.89406 -7.8933
-7.88247 -7.89215
-7.89223 -7.89152
-7.89209 -7.89107
-7.90746 -7.89038
-7.8909 -7.88939
-7.90931 -7.88782
-7.87695 -7.88715
-7.88514 -7.88497
-7.90057 -7.88355
-7.88135 -7.88253
-7.88839 -7.88176
-7.87163 -7.88087
-7.87115 -7.88022
-7.86778 -7.88018
-7.88459 -7.87948
-7.87025 -7.87938
-7.86937 -7.87879
-7.86891 -7.87803
-7.87957 -7.87733
-7.86846 -7.87709
-7.8954 -7.87673
-7.87729 -7.87551
-7.86689 -7.87512
-7.87623 -7.8744
-7.86435 -7.87316
-7.89336 -7.87282
-7.87373 -7.87251
-7.87316 -7.87096
-7.86718 -7.86982
-7.86718 -7.86982
-7.87062 -7.86921
-7.86011 -7.86896
-7.87145 -7.8684
-7.84904 -7.86792
-7.86704 -7.86688
-7.86394 -7.86552
-7.86702 -7.86541
-7.86372 -7.86504
-7.85615 -7.86477
-7.86342 -7.86463
-7.863 -7.86454
-7.85646 -7.86441
-7.8632 -7.86424
-7.85723 -7.86405
-7.85636 -7.86396
-7.85674 -7.86392
-7.85627 -7.8639
-7.85619 -7.86389
-7.85631 -7.86387
-7.85606 -7.8638
-7.85594 -7.86378
-7.85648 -7.86374
-7.85595 -7.86371
-7.85592 -7.86363
-7.85617 -7.8636
-7.85591 -7.86355
-7.85582 -7.86343
-7.85637 -7.86334
-7.85583 -7.86328
-7.856 -7.86323
-7.85591 -7.86316
-7.85593 -7.86311
-7.85566 -7.86298
-7.86509 -7.86279
-7.85448 -7.86256
-7.85544 -7.86249
-7.86416 -7.86225
-7.85453 -7.86174
-7.85388 -7.86159
-7.85317 -7.86121
-7.85425 -7.86104
-7.86417 -7.86097
-7.86494 -7.86028
-7.85099 -7.85981
-7.84996 -7.85835
-7.86479 -7.85818
-7.85435 -7.85815
-7.86817 -7.85798
-7.84975 -7.85779
-7.85109 -7.8573
-7.85362 -7.85647
-7.85347 -7.8563
-7.86257 -7.85602
-7.85335 -7.85587
-7.85469 -7.85557
-7.85455 -7.85539
-7.85537 -7.85521
-7.85613 -7.85471
-7.85543 -7.85422
-7.8543 -7.8534
-7.85141 -7.85256
-7.86246 -7.85235
-7.84292 -7.85164
-7.843 -7.8516
-7.84423 -7.8514
-7.85201 -7.85106
-7.85322 -7.85082
-7.84483 -7.85051
-7.86308 -7.84972
-7.85662 -7.84943
-7.85097 -7.84909
-7.84709 -7.8482
-7.84696 -7.84784
-7.84674 -7.84744
-7.83979 -7.84683
-7.84703 -7.84664
-7.8461 -7.84642
-7.83621 -7.84577
-7.84776 -7.84489
-7.84257 -7.84478
-7.85679 -7.8447
-7.84959 -7.8446
-7.83395 -7.84459
-7.83318 -7.84445
-7.83291 -7.84426
-7.84548 -7.8441
-7.84252 -7.84387
-7.83219 -7.84347
-7.83224 -7.84345
-7.84287 -7.84335
-7.84376 -7.84275
-7.84364 -7.84252
-7.84352 -7.84224
-7.83923 -7.84121
-7.84165 -7.83986
-7.8286 -7.83951
-7.8435 -7.83938
-7.82727 -7.83934
-7.8287 -7.83916
-7.8261 -7.83899
-7.84094 -7.8388
-7.831 -7.83867
-7.84565 -7.83818
-7.83916 -7.83792
-7.834 -7.83776
-7.83068 -7.83673
-7.82964 -7.836
-7.83094 -7.83541
-7.8426 -7.83437
-7.82691 -7.83398
-7.83864 -7.83378
-7.83853 -7.83332
-7.82202 -7.83309
-7.82235 -7.83303
-7.8456 -7.83297
-7.8224 -7.83294
-7.83378 -7.8327
-7.83552 -7.83209
-7.83586 -7.83084
-7.82977 -7.82939
-7.8353 -7.82692
-7.83449 -7.8261
-7.83333 -7.82493
-7.82423 -7.82398
-7.8309 -7.82238
-7.83034 -7.81797
-7.81475 -7.81567
-7.79866 -7.81396
-7.82243 -7.81288
-7.81731 -7.81101
-7.80197 -7.80988
-7.80865 -7.80742
-7.80954 -7.80606
-7.81475 -7.80548
-7.80685 -7.80382
-7.81276 -7.80262
-7.80268 -7.80252
-7.81043 -7.80169
-7.82215 -7.80111
-7.80007 -7.79985
-7.80342 -7.79781
-7.80237 -7.79616
-7.79415 -7.79497
-7.79837 -7.79328
-7.79749 -7.79243
-7.80188 -7.79211
-7.78838 -7.79142
-7.7972 -7.79133
-7.78487 -7.79069
-7.78488 -7.79069
-7.81064 -7.79059
-7.79514 -7.78956
-7.79137 -7.78824
-7.78259 -7.78763
-7.78265 -7.7867
-7.77893 -7.78515
-7.78356 -7.7847
-7.80776 -7.78433
-7.78176 -7.78255
-7.79328 -7.78236
-7.79022 -7.78194
-7.79226 -7.78125
-7.78633 -7.78074
-7.7805 -7.78009
-7.7769 -7.77971
-7.77663 -7.7793
-7.78378 -7.77804
-7.785 -7.77728
-7.78526 -7.77596
-7.77839 -7.77528
-7.77961 -7.77512
-7.77167 -7.77387
-7.77184 -7.77358
-7.77881 -7.77298
-7.7822 -7.77261
-7.78347 -7.77246
-7.77116 -7.77128
-7.76949 -7.77118
-7.76845 -7.77092
-7.77388 -7.77033
-7.76877 -7.76996
-7.76859 -7.76952
-7.7664 -7.76923
-7.76535 -7.76825
-7.7645 -7.76788
-7.77877 -7.76749
-7.76733 -7.76686
-7.75338 -7.7666
-7.75468 -7.76592
-7.76944 -7.76545
-7.76153 -7.76454
-7.75367 -7.76348
-7.75359 -7.76342
-7.75341 -7.7632
-7.75987 -7.76279
-7.75304 -7.76252
-7.75293 -7.76245
-7.7679 -7.76233
-7.75846 -7.76183
-7.7519 -7.76132
-7.75166 -7.76115
-7.75996 -7.76088
-7.75099 -7.7607
-7.75642 -7.76013
-7.75606 -7.75968
-7.75057 -7.75922
-7.77223 -7.75847
-7.75224 -7.75755
-7.752 -7.75726
-7.75189 -7.75716
-7.7518 -7.75714
-7.75165 -7.75688
-7.75164 -7.7567
-7.75383 -7.75633
-7.75247 -7.75572
-7.77112 -7.75543
-7.76578 -7.75485
-7.75278 -7.75347
-7.75036 -7.75334
-7.74324 -7.75272
-7.75803 -7.75148
-7.74575 -7.75035
-7.74567 -7.75015
-7.74534 -7.75004
-7.76152 -7.74964
-7.74743 -7.74928
-7.74664 -7.74857
-7.74669 -7.74823
-7.74082 -7.74599
-7.77767 -7.74494
-7.7415 -7.74305
-7.75372 -7.74166
-7.74097 -7.74147
-7.74155 -7.74096
-7.73985 -7.73995
-7.76395 -7.73834
-7.73315 -7.73762
-7.73327 -7.73753
-7.72917 -7.73698
-7.73685 -7.73623
-7.76928 -7.73543
-7.73048 -7.73467
-7.74938 -7.73412
-7.72401 -7.73345
-7.73333 -7.73204
-7.72146 -7.7303
-7.73767 -7.73001
-7.731 -7.72843
-7.74005 -7.7279
-7.73 -7.72717
-7.72901 -7.72591
-7.73549 -7.72541
-7.73432 -7.72445
-7.72249 -7.72421
-7.73396 -7.72409
-7.71561 -7.72376
-7.72278 -7.72347
-7.73497 -7.72283
-7.72018 -7.72233
-7.73112 -7.72101
-7.71797 -7.72063
-7.73274 -7.7206
-7.71748 -7.72003
-7.71114 -7.71941
-7.72915 -7.71869
-7.72856 -7.71799
-7.72389 -7.71675
-7.71126 -7.71595
-7.71216 -7.71541
-7.71673 -7.71485
-7.7098 -7.71408
-7.72456 -7.7133
-7.71067 -7.71238
-7.70412 -7.71154
-7.70251 -7.71065
-7.71426 -7.71018
-7.71207 -7.70961
-7.70575 -7.70903
-7.71647 -7.70832
-7.71323 -7.7073
-7.71547 -7.70718
-7.71168 -7.70636
-7.71089 -7.70627
-7.70263 -7.70593
-7.71231 -7.70521
-7.69394 -7.70495
-7.68557 -7.70423
-7.71443 -7.70374
-7.70478 -7.70288
-7.70636 -7.70247
-7.7046 -7.702
-7.70791 -7.70075
-7.70479 -7.69994
-7.70708 -7.69894
-7.68259 -7.69813
-7.69745 -7.69653
-7.70453 -7.69604
-7.69767 -7.69581
-7.69875 -7.69532
-7.69999 -7.69491
-7.69753 -7.69414
-7.69165 -7.69374
-7.69173 -7.69287
-7.67994 -7.69253
-7.69197 -7.69165
-7.67962 -7.69085
-7.69266 -7.68983
-7.68912 -7.68917
-7.6882 -7.68768
-7.67376 -7.68732
-7.68825 -7.68689
-7.69034 -7.68587
-7.6824 -7.68484
-7.68461 -7.68413
-7.68916 -7.68361
-7.68884 -7.68298
-7.68709 -7.68167
-7.68593 -7.68143
-7.68686 -7.6813
-7.68681 -7.68092
-7.68098 -7.68063
-7.67637 -7.68047
-7.67406 -7.68019
-7.67833 -7.67915
-7.68425 -7.67893
-7.68125 -7.6784
-7.67698 -7.67806
-7.67403 -7.67725
-7.674 -7.67673
-7.67349 -7.67636
-7.67961 -7.67517
-7.67291 -7.67435
-7.67528 -7.67403
-7.68109 -7.67284
-7.67772 -7.67223
-7.67985 -7.67199
-7.67928 -7.67076
-7.68025 -7.6693
-7.65342 -7.66899
-7.67791 -7.66841
-7.6784 -7.66789
-7.67135 -7.66743
-7.67784 -7.66693
-7.67013 -7.66613
-7.67897 -7.66548
-7.66874 -7.66532
-7.66871 -7.66523
-7.66916 -7.66504
-7.66862 -7.66498
-7.66509 -7.66455
-7.66836 -7.66424
-7.66744 -7.66259
-7.66306 -7.66214
-7.66551 -7.662
-7.66693 -7.66163
-7.66555 -7.66133
-7.66667 -7.66109
-7.66105 -7.66054
-7.66201 -7.66006
-7.66314 -7.65973
-7.66564 -7.65929
-7.6657 -7.65907
-7.65996 -7.65882
-7.65239 -7.65858
-7.65565 -7.65842
-7.66238 -7.6579
-7.66378 -7.65745
-7.66463 -7.65705
-7.66302 -7.6568
-7.66394 -7.65646
-7.64966 -7.65595
-7.64522 -7.65573
-7.66581 -7.65537
-7.66031 -7.65492
-7.6565 -7.65454
-7.65344 -7.65403
-7.65071 -7.65387
-7.65387 -7.65327
-7.66201 -7.65322
-7.65295 -7.65202
-7.65547 -7.6515
-7.66062 -7.65096
-7.65061 -7.65027
-7.65948 -7.64995
-7.66078 -7.64954
-7.65873 -7.64923
-7.65858 -7.64892
-7.66186 -7.6488
-7.65337 -7.64833
-7.64703 -7.64743
-7.65411 -7.64693
-7.63912 -7.64574
-7.6387 -7.64542
-7.63549 -7.6451
-7.63393 -7.64426
-7.63636 -7.64373
-7.64907 -7.64347
-7.65504 -7.64316
-7.63246 -7.64303
-7.62687 -7.64261
-7.64819 -7.64162
-7.63243 -7.64139
-7.6321 -7.64124
-7.65327 -7.64096
-7.64618 -7.6402
-7.6452 -7.64005
-7.62997 -7.63928
-7.64068 -7.63778
-7.63595 -7.63692
-7.64291 -7.63617
-7.63671 -7.63466
-7.62344 -7.63326
-7.63339 -7.63248
-7.64295 -7.63174
-7.63316 -7.63051
-7.64075 -7.62867
-7.6272 -7.62735
-7.63817 -7.62594
-7.61762 -7.62454
-7.63831 -7.62406
-7.63124 -7.62289
-7.6352 -7.62267
-7.63565 -7.6225
-7.62754 -7.62221
-7.62183 -7.62011
-7.6031 -7.61784
-7.59799 -7.61466
-7.61954 -7.61356
-7.62497 -7.6128
-7.5955 -7.61234
-7.59586 -7.61162
-7.59478 -7.61135
-7.6125 -7.6075
-7.61181 -7.60686
-7.59021 -7.60489
-7.60907 -7.60431
-7.59209 -7.60313
-7.60864 -7.60174
-7.59227 -7.60095
-7.60031 -7.59797
-7.59359 -7.59502
-7.59294 -7.59361
-7.59116 -7.59321
-7.59093 -7.5931
-7.59183 -7.59261
-7.59175 -7.59216
-7.5901 -7.591
-7.56873 -7.59067
-7.60624 -7.58953
-7.58085 -7.58746
-7.58584 -7.58474
-7.5736 -7.58441
-7.58385 -7.58383
-7.58432 -7.5822
-7.59258 -7.58146
-7.58323 -7.58011
-7.59571 -7.57868
-7.58812 -7.57801
-7.57905 -7.5776
-7.58154 -7.57634
-7.5754 -7.57517
-7.57753 -7.57432
-7.5735 -7.57326
-7.55695 -7.57236
-7.57151 -7.57095
-7.58359 -7.56769
-7.56374 -7.56746
-7.56242 -7.56683
-7.56287 -7.56629
-7.56283 -7.56628
-7.56265 -7.56612
-7.57848 -7.56353
-7.56088 -7.56346
-7.56556 -7.56285
-7.5596 -7.56227
-7.57532 -7.56049
-7.55803 -7.5599
-7.55723 -7.55965
-7.54445 -7.55898
-7.5575 -7.55812
-7.55225 -7.55788
-7.55254 -7.5575
-7.55563 -7.55743
-7.55226 -7.55724
-7.57217 -7.55703
-7.55441 -7.55692
-7.54474 -7.55687
-7.54477 -7.55685
-7.55804 -7.55563
-7.55086 -7.55367
-7.54241 -7.55347
-7.55096 -7.55295
-7.55041 -7.55282
-7.54289 -7.55245
-7.54282 -7.55229
-7.54692 -7.55221
-7.54661 -7.55123
-7.53899 -7.54831
-7.53443 -7.54694
-7.53378 -7.54624
-7.53775 -7.54559
-7.5394 -7.54554
-7.53944 -7.54546
-7.53811 -7.54528
-7.53792 -7.54497
-7.53746 -7.54434
-7.55041 -7.54385
-7.53772 -7.5431
-7.5362 -7.5429
-7.53013 -7.5426
-7.54812 -7.54177
-7.52597 -7.54097
-7.5369 -7.5407
-7.53593 -7.53513
-7.53604 -7.53507
-7.53542 -7.53482
-7.53565 -7.53294
-7.53363 -7.53246
-7.54616 -7.53237
-7.54467 -7.53222
-7.5298 -7.52952
-7.52967 -7.52938
-7.5296 -7.52928
-7.53181 -7.52919
-7.53196 -7.52917
-7.52974 -7.52866
-7.52111 -7.52759
-7.53528 -7.52625
-7.52709 -7.52555
-7.52356 -7.52494
-7.50221 -7.52469
-7.51914 -7.52271
-7.51182 -7.52173
-7.51911 -7.52102
-7.5117 -7.51996
-7.51154 -7.51969
-7.51034 -7.51963
-7.51957 -7.51701
-7.50805 -7.51642
-7.50864 -7.51581
-7.50718 -7.51576
-7.50853 -7.5157
-7.5071 -7.5154
-7.52206 -7.51425
-7.50564 -7.51394
-7.51733 -7.51269
-7.51546 -7.51198
-7.50216 -7.51106
-7.50451 -7.50934
-7.50455 -7.50846
-7.50568 -7.50792
-7.50526 -7.50724
-7.50494 -7.50679
-7.51085 -7.50632
-7.51077 -7.50616
-7.51571 -7.5054
-7.50978 -7.50501
-7.50976 -7.50498
-7.50975 -7.50481
-7.50975 -7.5048
-7.50866 -7.50454
-7.51312 -7.50435
-7.51006 -7.5038
-7.51402 -7.50273
-7.50233 -7.50191
-7.5051 -7.50129
-7.50512 -7.501
-7.4998 -7.5008
-7.49796 -7.50055
-7.50408 -7.49979
-7.50448 -7.49915
-7.50818 -7.49897
-7.50794 -7.49812
-7.50654 -7.49727
-7.50489 -7.49561
-7.50237 -7.49538
-7.50259 -7.49512
-7.49329 -7.49429
-7.49774 -7.49336
-7.49668 -7.49303
-7.49144 -7.49135
-7.4902 -7.49088
-7.48899 -7.49054
-7.4869 -7.48871
-7.4856 -7.48783
-7.48775 -7.485
-7.48485 -7.4839
-7.48241 -7.48265
-7.49354 -7.48104
-7.49734 -7.47908
-7.48104 -7.47851
-7.48881 -7.47766
-7.47812 -7.47714
-7.4843 -7.47548
-7.46921 -7.47349
-7.4758 -7.47197
-7.47224 -7.4713
-7.47809 -7.46848
-7.47656 -7.46679
-7.48529 -7.46568
-7.46807 -7.46446
-7.45503 -7.46284
-7.476 -7.46182
-7.45862 -7.45907
-7.47223 -7.45781
-7.47258 -7.45741
-7.44839 -7.45586
-7.47144 -7.45473
-7.45357 -7.45388
-7.46153 -7.45314
-7.45678 -7.45227
-7.45115 -7.45139
-7.45137 -7.44978
-7.44359 -7.44308
-7.4532 -7.43978
-7.45298 -7.43953
-7.44883 -7.43695
-7.4465 -7.4363
-7.44773 -7.43434
-7.42716 -7.43212
-7.44373 -7.43141
-7.44376 -7.43003
-7.42871 -7.42962
-7.43439 -7.42921
-7.42202 -7.42838
-7.42597 -7.42573
-7.40698 -7.42242
-7.43442 -7.42149
-7.40081 -7.42072
-7.43343 -7.42012
-7.43219 -7.41912
-7.40513 -7.41857
-7.40473 -7.41729
-7.40401 -7.41679
-7.43622 -7.41627
-7.50298 -7.41556
-7.40453 -7.41466
-7.41186 -7.41444
-7.41468 -7.41288
-7.41743 -7.41261
-7.42136 -7.41196
-7.39366 -7.4104
-7.40919 -7.41011
-7.41869 -7.40911
-7.39966 -7.4089
-7.39276 -7.40837
-7.40614 -7.40778
-7.40083 -7.40735
-7.40182 -7.40707
-7.40767 -7.40634
-7.39174 -7.40585
-7.4145 -7.40326
-7.42135 -7.4022
-7.41489 -7.40112
-7.38864 -7.40032
-7.39833 -7.40019
-7.40415 -7.39977
-7.4064 -7.39902
-7.41129 -7.39836
-7.40935 -7.39775
-7.40622 -7.39706
-7.38751 -7.39653
-7.4091 -7.39542
-7.40866 -7.39505
-7.40731 -7.39409
-7.37325 -7.39216
-7.40435 -7.39177
-7.40371 -7.39048
-7.39567 -7.38692
-7.39596 -7.3851
-7.37996 -7.37886
-7.38898 -7.37606
-7.38966 -7.37261
-7.36932 -7.37184
-7.36837 -7.37089
-7.3673 -7.36981
-7.36586 -7.36797
-7.35164 -7.36549
-7.35117 -7.36488
-7.36184 -7.36254
-7.36058 -7.36103
-7.36223 -7.3587
-7.34515 -7.35175
-7.33336 -7.3432
-7.33278 -7.3428
-7.33233 -7.34251
-7.33108 -7.34172
-7.32909 -7.34059
-7.34134 -7.34003
-7.33786 -7.33983
-7.34115 -7.33953
-7.32583 -7.33894
-7.32206 -7.33739
-7.3294 -7.33669
-7.33624 -7.33655
-7.34507 -7.33591
-7.33607 -7.33523
-7.34061 -7.33168
-7.3259 -7.33076
-7.35272 -7.33024
-7.35054 -7.32664
-7.32241 -7.3244
-7.33733 -7.32339
-7.30928 -7.32135
-7.3161 -7.31709
-7.31454 -7.31417
-7.29559 -7.31198
-7.30251 -7.30976
-7.30828 -7.30675
-7.33044 -7.30589
-7.30599 -7.30471
-7.30578 -7.30349
-7.26608 -7.30153
-7.29619 -7.29947
-7.29518 -7.29768
-7.30013 -7.29743
-7.51255 -7.29555
-7.29483 -7.29241
-7.30453 -7.29123
-7.29445 -7.29002
-7.31503 -7.28847
-7.27629 -7.28747
-7.30058 -7.28517
-7.29291 -7.28385
-7.23881 -7.28184
-7.28939 -7.2806
-7.29078 -7.27755
-7.27001 -7.27587
-7.28921 -7.27421
-7.28761 -7.27178
-7.26923 -7.26898
-7.24527 -7.26332
-7.25717 -7.26226
-7.23987 -7.25531
-7.24545 -7.24921
-7.26388 -7.24384
-7.21671 -7.23605
-7.22408 -7.23257
-7.22146 -7.22442
-7.20487 -7.22074
-7.216 -7.21576
-7.22112 -7.21517
-7.21811 -7.21444
-7.2169 -7.21349
-7.21446 -7.21229
-7.2107 -7.21035
-7.20641 -7.20648
-7.19978 -7.2045
-7.19842 -7.19305
-7.18201 -7.18745
-7.18644 -7.17941
-7.16975 -7.17548
-7.1726 -7.17006
-7.17256 -7.16514
-7.16302 -7.16346
-7.16227 -7.15996
-7.15679 -7.15737
-7.15256 -7.15539
-7.17754 -7.15095
-7.15829 -7.14468
-7.1301 -7.13506
-7.12227 -7.12843
-7.12363 -7.12324
-7.1146 -7.11875
-7.10823 -7.11224
-7.10979 -7.10707
-7.09756 -7.10399
-7.09328 -7.10047
-7.10054 -7.09889
-7.0997 -7.09529
-7.10365 -7.09331
-7.08668 -7.09191
-7.10547 -7.0903
-7.09281 -7.08879
-7.07845 -7.08629
-7.07988 -7.08396
-7.0874 -7.08089
-7.07823 -7.07912
-7.07947 -7.07686
-7.09128 -7.06909
-7.07232 -7.06571
-7.08647 -7.06437
-7.06351 -7.06091
-7.06431 -7.05834
-7.02749 -7.05431
-7.0459 -7.05137
-7.05114 -7.04965
-7.03525 -7.04698
-7.03569 -7.0414
-7.03269 -7.04029
-7.03176 -7.03909
-7.05392 -7.03791
-7.03185 -7.03448
-7.03746 -7.03238
-7.01601 -7.02842
-7.01852 -7.02497
-7.01654 -7.02319
-7.01023 -7.02191
-7.01434 -7.0208
-7.01352 -7.0198
-7.01645 -7.0155
-7.01491 -7.01361
-7.01418 -7.01283
-7.0062 -7.01254
-7.01921 -7.01204
-7.00411 -7.01101
-7.0042 -7.01008
-7.00287 -7.00877
-7.00182 -7.00781
-7.00692 -7.00661
-7.0073 -7.00526
-7.00433 -7.00174
-6.99876 -7.00056
-6.99906 -6.99938
-6.98795 -6.99682
-6.99754 -6.99439
-6.98596 -6.99257
-6.9555 -6.99049
-6.99072 -6.98922
-6.97784 -6.98861
-6.98891 -6.98672
-6.97771 -6.98439
-6.99318 -6.98113
-6.99258 -6.98073
-6.99186 -6.97899
-6.98529 -6.9767
-6.98457 -6.97562
-6.98431 -6.9752
-6.96049 -6.97412
-6.98611 -6.97315
-6.98443 -6.97159
-6.97361 -6.97095
-6.97991 -6.96767
-6.97571 -6.96669
-6.94986 -6.96557
-6.95313 -6.96153
-6.94841 -6.96106
-6.94483 -6.95767
-6.94977 -6.95599
-6.95199 -6.95488
-6.9375 -6.95407
-6.94595 -6.95217
-6.95616 -6.94961
-6.93324 -6.94746
-6.93838 -6.94504
-6.94166 -6.94404
-6.93782 -6.94292
-6.9349 -6.94082
-6.94614 -6.93992
-6.93956 -6.93441
-6.92404 -6.92365
-6.92201 -6.91954
-6.91259 -6.91363
-6.90107 -6.90475
-6.89987 -6.89847
-6.89133 -6.89148
-6.88569 -6.88644
-6.88129 -6.88004
-6.88239 -6.87899
-6.8795 -6.87443
-6.86864 -6.86629
-6.85716 -6.85677
-6.86099 -6.85398
-6.8349 -6.82939
-6.83294 -6.82282
-6.8206 -6.81498
-6.81339 -6.79969
-6.82799 -6.78456
-6.76956 -6.77681
-6.76619 -6.77321
-6.78866 -6.76386
-6.74883 -6.74079
-6.73311 -6.72893
-6.7192 -6.72483
-6.70387 -6.70871
-6.69803 -6.70237
-6.6974 -6.69314
-6.68006 -6.68413
-6.6715 -6.67732
-6.72251 -6.67348
-6.65241 -6.66101
-6.62667 -6.64131
-6.64417 -6.63825
-6.60743 -6.62757
-6.6024 -6.62688
-6.60763 -6.61006
-6.57122 -6.57772
-6.54733 -6.55449
-6.56878 -6.5422
-6.53848 -6.53393
-6.48468 -6.52087
-6.4843 -6.47972
-6.4269 -6.43476
-5.94475 -5.94224
-5.94479 -5.89791
-5.93563 -5.88699
-5.56256 -5.56806
-4.89214 -4.88136
-10.9483 -10.9505
-10.9461 -10.9444
-10.9351 -10.9355
-10.9276 -10.9274
-10.9228 -10.9222
-10.9219 -10.921
-10.9201 -10.9201
-10.9036 -10.9041
-10.8998 -10.8998
-10.8976 -10.8991
-10.893 -10.8953
-10.8911 -10.8925
-10.8883 -10.8902
-10.8851 -10.8885
-10.9455 -10.8827
-10.8766 -10.8801
-10.8748 -10.8783
-10.9452 -10.8756
-10.9227 -10.8669
-10.8566 -10.8573
-10.8522 -10.8549
-10.8509 -10.8518
-10.9198 -10.8431
-10.8396 -10.8396
-10.8326 -10.8325
-10.8787 -10.8302
-10.897 -10.8165
-10.8123 -10.8117
-10.804 -10.803
-10.7953 -10.7968
-10.7867 -10.7851
-10.7628 -10.7672
-10.7543 -10.7564
-10.7349 -10.7375
-10.7205 -10.712
-10.6968 -10.6942
-10.659 -10.6512
-10.6019 -10.6083
-10.6019 -10.6083
-10.6019 -10.6082
-10.602 -10.6082
-10.6018 -10.6081
-10.6013 -10.608
-10.6017 -10.6079
-10.6018 -10.6079
-10.6019 -10.6079
-10.6017 -10.6078
-10.6013 -10.6078
-10.6012 -10.6076
-10.6011 -10.6074
-10.6013 -10.6073
-10.6015 -10.6073
-10.6004 -10.6068
-10.5998 -10.6067
-10.5995 -10.6066
-10.6006 -10.6064
-10.5995 -10.6061
-10.5974 -10.6045
-10.5969 -10.6044
-10.6144 -10.6041
-10.5972 -10.6039
-10.5973 -10.603
-10.595 -10.6004
-10.5942 -10.5991
-10.5909 -10.5957
-10.5733 -10.5867
-10.5768 -10.5812
-10.5778 -10.5802
-10.566 -10.5788
-10.565 -10.5776
-10.573 -10.5725
-10.5606 -10.5703
-10.5677 -10.5685
-10.5636 -10.5634
-10.5693 -10.5612
-10.563 -10.5547
-10.5519 -10.5505
-10.5453 -10.5386
-10.5366 -10.5357
-10.5352 -10.5339
-10.5248 -10.533
-10.5337 -10.5319
-10.5189 -10.5277
-10.5229 -10.5258
-10.5158 -10.524
-10.512 -10.5214
-10.5202 -10.5184
-10.5241 -10.5158
-10.5157 -10.5126
-10.5005 -10.5112
-10.5175 -10.5101
-10.5188 -10.5087
-10.5013 -10.5072
-10.4994 -10.5066
-10.4994 -10.5057
-10.505 -10.5047
-10.5112 -10.5022
-10.5128 -10.4998
-10.5069 -10.4985
-10.5093 -10.4959
-10.5047 -10.4869
-10.4925 -10.4838
-10.4998 -10.481
-10.4939 -10.4766
-10.4759 -10.4702
-10.4773 -10.4679
-10.4748 -10.4667
-10.4728 -10.4637
-10.4677 -10.4616
-10.466 -10.4595
-10.4623 -10.4587
-10.4602 -10.4568
-10.4631 -10.456
-10.4749 -10.453
-10.4472 -10.4483
-10.4424 -10.4455
-10.4517 -10.4411
-10.4285 -10.4334
-10.4264 -10.4313
-10.4201 -10.4189
-10.4113 -10.4129
-10.4206 -10.4077
-10.389 -10.3801
-10.3707 -10.3634
-10.3319 -10.3362
-10.2482 -10.2667
-10.2503 -10.2637
-10.2513 -10.2586
-10.2301 -10.2381
-10.2301 -10.238
-10.2301 -10.238
-10.2301 -10.238
-10.2301 -10.2379
-10.2301 -10.2379
-10.23 -10.2379
-10.2301 -10.2379
-10.23 -10.2376
-10.2299 -10.2376
-10.2298 -10.2376
-10.2298 -10.2376
-10.2295 -10.2375
-10.2294 -10.2375
-10.2298 -10.2374
-10.2297 -10.2372
-10.2297 -10.2371
-10.2283 -10.2367
-10.2282 -10.2367
-10.2289 -10.2365
-10.2286 -10.2363
-10.2281 -10.2362
-10.2276 -10.236
-10.2275 -10.2346
-10.2274 -10.2345
-10.2263 -10.2342
-10.2256 -10.234
-10.2258 -10.2339
-10.2247 -10.2335
-10.2088 -10.2146
-10.198 -10.1998
-10.1973 -10.1943
-10.1811 -10.1804
-10.1822 -10.1733
-10.1683 -10.1593
-10.0937 -10.0952
-10.0647 -10.0775
-10.0639 -10.0766
-10.0666 -10.0748
-10.0732 -10.0733
-10.0705 -10.0699
-10.0489 -10.0413
-9.97937 -10.0103
-9.96663 -9.98988
-9.9623 -9.98145
-9.95474 -9.9753
-9.94073 -9.95348
-9.94849 -9.93824
-9.90372 -9.91524
-9.92221 -9.90289
-9.90902 -9.88514
-9.84178 -9.84786
-9.83577 -9.8372
-9.83569 -9.83715
-9.83576 -9.83715
-9.83571 -9.83714
-9.83572 -9.83714
-9.83563 -9.8371
-9.83565 -9.83708
-9.83556 -9.83698
-9.83567 -9.83697
-9.8357 -9.83696
-9.83562 -9.83694
-9.83547 -9.83689
-9.83561 -9.83685
-9.83521 -9.83684
-9.83531 -9.83683
-9.83536 -9.8368
-9.83525 -9.83674
-9.83534 -9.83673
-9.83555 -9.83671
-9.83536 -9.83667
-9.83536 -9.83665
-9.83543 -9.83663
-9.83536 -9.8366
-9.83458 -9.83621
-9.83463 -9.83617
-9.83462 -9.83616
-9.83441 -9.83584
-9.83477 -9.83581
-9.83395 -9.83575
-9.83403 -9.83571
-9.83401 -9.83565
-9.83403 -9.83555
-9.83462 -9.83499
-9.83272 -9.8342
-9.83267 -9.83409
-9.8333 -9.83405
-9.83195 -9.8339
-9.83195 -9.83387
-9.83187 -9.83375
-9.83178 -9.83346
-9.82327 -9.82312
-9.81663 -9.81541
-9.81315 -9.81164
-9.81247 -9.8078
-9.77711 -9.80654
-9.84026 -9.80454
-9.77592 -9.80139
-9.78103 -9.79722
-9.79756 -9.79078
-9.79341 -9.78622
-9.78179 -9.77732
-9.80838 -9.76319
-9.76984 -9.75722
-9.75489 -9.74826
-9.74639 -9.74358
-9.72923 -9.71957
-9.70986 -9.69371
-9.70373 -9.68844
-9.69644 -9.68686
-9.69257 -9.68111
-9.64823 -9.65018
-9.62638 -9.62961
-9.62632 -9.6296
-9.62645 -9.62957
-9.62632 -9.62954
-9.62638 -9.62951
-9.62644 -9.62951
-9.62635 -9.62949
-9.62637 -9.62948
-9.62637 -9.62948
-9.62633 -9.62948
-9.62633 -9.62947
-9.62637 -9.62947
-9.62637 -9.62947
-9.62644 -9.62946
-9.62611 -9.62944
-9.62634 -9.62944
-9.62644 -9.62943
-9.62644 -9.62943
-9.62635 -9.62942
-9.62618 -9.62942
-9.6262 -9.62942
-9.62629 -9.62941
-9.62636 -9.62941
-9.62633 -9.6294
-9.62643 -9.62939
-9.62632 -9.62939
-9.62637 -9.62938
-9.62617 -9.62936
-9.62633 -9.62935
-9.62607 -9.62935
-9.62628 -9.62934
-9.62627 -9.62932
-9.62641 -9.62931
-9.62625 -9.6292
-9.62617 -9.62918
-9.62605 -9.62913
-9.62589 -9.62911
-9.62593 -9.62908
-9.62609 -9.62906
-9.62618 -9.62888
-9.62579 -9.62865
-9.62566 -9.6285
-9.62481 -9.628
-9.62464 -9.62702
-9.62311 -9.62682
-9.62281 -9.6263
-9.62319 -9.62592
-9.6215 -9.62494
-9.61896 -9.62161
-9.61798 -9.62076
-9.61464 -9.61756
-9.61322 -9.61468
-9.63527 -9.61016
-9.6051 -9.60604
-9.5984 -9.60405
-9.60188 -9.60271
-9.59645 -9.5998
-9.58882 -9.58887
-9.6022 -9.57865
-9.58258 -9.56
-9.54489 -9.52962
-9.5063 -9.4992
-9.50028 -9.48164
-9.44774 -9.45863
-9.46597 -9.44906
-9.43403 -9.42877
-9.42231 -9.42754
-9.42712 -9.42748
-9.42711 -9.42742
-9.42226 -9.42739
-9.42695 -9.4273
-9.42693 -9.42729
-9.42708 -9.42718
-9.42658 -9.42716
-9.42657 -9.42714
-9.42217 -9.42704
-9.42213 -9.42693
-9.42205 -9.42687
-9.42642 -9.4268
-9.42641 -9.42679
-9.42637 -9.42678
-9.42605 -9.42676
-9.42606 -9.42673
-9.42141 -9.42659
-9.42622 -9.42644
-9.42618 -9.42635
-9.42183 -9.42618
-9.42172 -9.4261
-9.42117 -9.42597
-9.42549 -9.42591
-9.42544 -9.42586
-9.42054 -9.42565
-9.4199 -9.42545
-9.42493 -9.42511
-9.42492 -9.42501
-9.42425 -9.4246
-9.42394 -9.42395
-9.41844 -9.42359
-9.42249 -9.42333
-9.42304 -9.42275
-9.41826 -9.42101
-9.41997 -9.42027
-9.41962 -9.41983
-9.41958 -9.41954
-9.42196 -9.4194
-9.42196 -9.4194
-9.422 -9.41935
-9.42198 -9.41935
-9.42189 -9.41931
-9.42199 -9.41923
-9.42202 -9.41922
-9.42198 -9.41921
-9.42167 -9.41919
-9.4218 -9.41918
-9.42153 -9.41916
-9.4214 -9.41912
-9.41787 -9.41907
-9.42179 -9.41906
-9.42176 -9.41904
-9.42162 -9.41904
-9.42195 -9.419
-9.42189 -9.41899
-9.42148 -9.41897
-9.42146 -9.41895
-9.42146 -9.41895
-9.42148 -9.41891
-9.42138 -9.41889
-9.41386 -9.41874
-9.42105 -9.41867
-9.42122 -9.41863
-9.42118 -9.41861
-9.41337 -9.41854
-9.41331 -9.41849
-9.42107 -9.41838
-9.42106 -9.41834
-9.42014 -9.41819
-9.42056 -9.41813
-9.4169 -9.41811
-9.41284 -9.4181
-9.42093 -9.41804
-9.42094 -9.41792
-9.42057 -9.41774
-9.4198 -9.41705
-9.41895 -9.41699
-9.41895 -9.41692
-9.41818 -9.41664
-9.41893 -9.41659
-9.41205 -9.41658
-9.41892 -9.41655
-9.41961 -9.41651
-9.41945 -9.41637
-9.41942 -9.41615
-9.4191 -9.41597
-9.41504 -9.41317
-9.41576 -9.41138
-9.41065 -9.41129
-9.41061 -9.41121
-9.40368 -9.41038
-9.40296 -9.40957
-9.40403 -9.40916
-9.40663 -9.40854
-9.40639 -9.40836
-9.40561 -9.40775
-9.40682 -9.4072
-9.40164 -9.40534
-9.40271 -9.40294
-9.40756 -9.4019
-9.40171 -9.40076
-9.40075 -9.3994
-9.39806 -9.39517
-9.40182 -9.39439
-9.39488 -9.39349
-9.39224 -9.39152
-9.39784 -9.39041
-9.37152 -9.38645
-9.39396 -9.38526
-9.39042 -9.38271
-9.39002 -9.38141
-9.38707 -9.37843
-9.37987 -9.37235
-9.38385 -9.37124
-9.38128 -9.36877
-9.37615 -9.36386
-9.37065 -9.36144
-9.36142 -9.35549
-9.35709 -9.35304
-9.35793 -9.3486
-9.34704 -9.34091
-9.34379 -9.33948
-9.3526 -9.33856
-9.34146 -9.33494
-9.3363 -9.333
-9.31462 -9.33077
-9.32968 -9.3278
-9.32816 -9.32625
-9.32663 -9.32471
-9.33032 -9.31941
-9.32251 -9.31532
-9.31231 -9.30518
-9.29914 -9.2948
-9.29311 -9.28693
-9.27833 -9.27891
-9.276 -9.26792
-9.26244 -9.26365
-9.25449 -9.25774
-9.24573 -9.25438
-9.25861 -9.25251
-9.24068 -9.24859
-9.25116 -9.23822
-9.2486 -9.2322
-9.2187 -9.22615
-9.20848 -9.22321
-9.20887 -9.21019
-9.20887 -9.21019
-9.20874 -9.21015
-9.20882 -9.21014
-9.20886 -9.21014
-9.20877 -9.21011
-9.20859 -9.21005
-9.20894 -9.21003
-9.20871 -9.21002
-9.20897 -9.21
-9.20876 -9.20998
-9.20858 -9.20995
-9.20846 -9.20993
-9.2086 -9.20992
-9.20844 -9.20991
-9.20875 -9.2099
-9.20875 -9.20988
-9.20858 -9.20987
-9.20838 -9.20986
-9.20891 -9.20983
-9.20853 -9.2098
-9.20894 -9.20977
-9.20893 -9.20973
-9.20824 -9.20956
-9.20822 -9.2095
-9.20791 -9.20917
-9.20792 -9.20914
-9.20775 -9.20912
-9.20813 -9.20909
-9.20782 -9.20905
-9.2077 -9.20902
-9.20754 -9.20894
-9.20764 -9.2089
-9.20671 -9.20789
-9.20614 -9.20786
-9.20647 -9.20781
-9.20639 -9.20775
-9.2069 -9.20767
-9.20599 -9.20751
-9.22233 -9.20742
-9.20614 -9.20731
-9.20597 -9.20726
-9.18496 -9.19036
-9.14683 -9.1817
-9.19095 -9.17356
-9.17957 -9.17243
-9.17833 -9.17066
-9.16342 -9.16957
-9.16335 -9.16903
-9.16105 -9.16768
-9.15925 -9.16589
-9.17324 -9.16523
-9.16 -9.1646
-9.15965 -9.16439
-9.15697 -9.16357
-9.16605 -9.15798
-9.159 -9.15127
-9.14763 -9.14038
-9.13821 -9.13238
-9.14614 -9.12471
-9.1113 -9.11197
-9.12738 -9.10786
-9.11138 -9.10518
-9.10629 -9.10143
-9.1023 -9.10019
-9.10037 -9.09743
-9.09986 -9.09556
-9.099 -9.09345
-9.0966 -9.08889
-9.09634 -9.08859
-9.09593 -9.08813
-9.09299 -9.08707
-9.09351 -9.08444
-9.09011 -9.08113
-9.08871 -9.07841
-9.08758 -9.07709
-9.0722 -9.076
-9.07058 -9.07368
-9.0695 -9.07236
-9.06851 -9.07179
-9.06588 -9.06888
-9.07807 -9.06727
-9.06061 -9.06376
-9.05972 -9.06279
-9.07011 -9.06199
-9.0549 -9.0605
-9.07564 -9.05783
-9.05276 -9.0562
-9.05142 -9.05452
-9.05138 -9.05443
-9.04574 -9.05371
-9.04395 -9.05341
-9.04832 -9.05198
-9.05014 -9.05157
-9.04648 -9.05102
-9.05936 -9.05072
-9.03883 -9.0504
-9.0485 -9.04999
-9.04506 -9.04908
-9.04707 -9.04871
-9.02875 -9.04781
-9.04586 -9.04715
-9.04288 -9.04635
-9.03979 -9.04535
-9.04008 -9.04454
-9.03701 -9.04395
-9.03933 -9.04365
-9.03902 -9.04346
-9.03864 -9.04284
-9.04086 -9.04201
-9.06738 -9.03968
-9.03894 -9.03776
-9.02435 -9.03153
-9.02213 -9.03036
-9.01648 -9.02545
-9.00875 -9.0206
-9.00698 -9.01139
-9.01165 -9.00635
-9.00273 -9.00425
-9.00273 -9.00425
-9.00269 -9.0042
-9.00268 -9.0042
-9.00258 -9.00417
-9.00258 -9.00407
-9.00263 -9.00404
-9.00259 -9.00401
-9.00256 -9.00398
-9.00259 -9.00398
-9.00231 -9.00397
-9.00259 -9.00396
-9.00258 -9.00395
-9.00257 -9.00393
-9.00237 -9.00382
-9.00238 -9.0038
-9.00238 -9.00368
-9.00226 -9.00363
-9.00194 -9.00359
-9.00188 -9.0033
-9.00195 -9.00324
-9.00192 -9.00322
-9.00177 -9.0032
-9.00147 -9.00315
-9.00139 -9.00313
-9.00183 -9.00305
-9.00155 -9.00248
-9.00066 -9.00201
-9.0003 -9.00197
-9.00029 -9.00195
-9.00053 -9.00189
-9.00047 -9.00184
-9.00004 -9.00179
-9.0007 -9.00173
-9.00049 -9.00153
-9.00039 -9.00136
-9.00764 -9.00038
-8.99822 -8.99782
-9.01056 -8.99675
-8.997 -8.99634
-8.99573 -8.99501
-8.99113 -8.99117
-8.98717 -8.9883
-8.9876 -8.98823
-8.98721 -8.98764
-9.00127 -8.98708
-8.9763 -8.98411
-8.97431 -8.98201
-8.98265 -8.98179
-8.98209 -8.98143
-8.98187 -8.98107
-8.99521 -8.97917
-8.98227 -8.97832
-8.96939 -8.97178
-8.97499 -8.97163
-8.96974 -8.97131
-8.96942 -8.97092
-8.96567 -8.96323
-8.96449 -8.96218
-8.94945 -8.95925
-8.94945 -8.95925
-8.94946 -8.95924
-8.94946 -8.95924
-8.96932 -8.95922
-8.9493 -8.9592
-8.94933 -8.95919
-8.94945 -8.95918
-8.9491 -8.95917
-8.94904 -8.95915
-8.94916 -8.95911
-8.95318 -8.95909
-8.94947 -8.95906
-8.94907 -8.95904
-8.94919 -8.95903
-8.94868 -8.95902
-8.94917 -8.95902
-8.94871 -8.959
-8.94937 -8.95899
-8.94971 -8.95896
-8.9491 -8.95893
-8.94882 -8.95882
-8.94884 -8.95878
-8.94912 -8.95872
-8.94906 -8.95866
-8.96487 -8.95854
-8.948 -8.95847
-8.96894 -8.95844
-8.94878 -8.95839
-8.94887 -8.95827
-8.94949 -8.95815
-8.94829 -8.95803
-8.94564 -8.95716
-8.94708 -8.95697
-8.94669 -8.95692
-8.94713 -8.95688
-8.94871 -8.95679
-8.94845 -8.95665
-8.9466 -8.95657
-8.94642 -8.9565
-8.96587 -8.9563
-8.94477 -8.95606
-8.94512 -8.95594
-8.94504 -8.95583
-8.94677 -8.95565
-8.94676 -8.95562
-8.94568 -8.95543
-8.94533 -8.95537
-8.96166 -8.95498
-8.96027 -8.95456
-8.94913 -8.95404
-8.94641 -8.95253
-8.94038 -8.95231
-8.94104 -8.95191
-8.94145 -8.95178
-8.94187 -8.95159
-8.94274 -8.95112
-8.94225 -8.95096
-8.94098 -8.95071
-8.94072 -8.95065
-8.94061 -8.95061
-8.95317 -8.94792
-8.95729 -8.9465
-8.95049 -8.94456
-8.95225 -8.94433
-8.94918 -8.94342
-8.93191 -8.94298
-8.95519 -8.94239
-8.94099 -8.93855
-8.94239 -8.93596
-8.93871 -8.93515
-8.94132 -8.93356
-8.93732 -8.92957
-8.93502 -8.92601
-8.92091 -8.92505
-8.91873 -8.92379
-8.93194 -8.92275
-8.91715 -8.92173
-8.93063 -8.92138
-8.92031 -8.92025
-8.91952 -8.91967
-8.93216 -8.91785
-8.91588 -8.91553
-8.91598 -8.91524
-8.9085 -8.91477
-8.9151 -8.91348
-8.91207 -8.91313
-8.91216 -8.91274
-8.90985 -8.91019
-8.90926 -8.9097
-8.90337 -8.90864
-8.92456 -8.90831
-8.90957 -8.90763
-8.90226 -8.90103
-8.90122 -8.90007
-8.89897 -8.89749
-8.90106 -8.8962
-8.88753 -8.88835
-8.8879 -8.8875
-8.88464 -8.88318
-8.88018 -8.88091
-8.87796 -8.87908
-8.87647 -8.87846
-8.88334 -8.87639
-8.87435 -8.87356
-8.87137 -8.87294
-8.88342 -8.86969
-8.85928 -8.86471
-8.85949 -8.86464
-8.85907 -8.86455
-8.85909 -8.86453
-8.8593 -8.86449
-8.85868 -8.86408
-8.85909 -8.86406
-8.85906 -8.86401
-8.85854 -8.86389
-8.85828 -8.86382
-8.8593 -8.86343
-8.85875 -8.86329
-8.85873 -8.86326
-8.85808 -8.86321
-8.85755 -8.86306
-8.8586 -8.86305
-8.85748 -8.86291
-8.87644 -8.86163
-8.85616 -8.86143
-8.85551 -8.86117
-8.85526 -8.86097
-8.86071 -8.85994
-8.86748 -8.85895
-8.85247 -8.85817
-8.852 -8.85751
-8.85216 -8.85739
-8.85099 -8.85672
-8.85083 -8.85664
-8.85393 -8.85527
-8.86148 -8.85399
-8.85224 -8.8525
-8.85195 -8.85207
-8.85163 -8.85195
-8.8492 -8.85152
-8.84991 -8.85124
-8.84416 -8.85016
-8.84917 -8.8493
-8.84797 -8.84871
-8.84809 -8.84863
-8.84782 -8.84847
-8.84734 -8.84739
-8.84241 -8.84373
-8.83987 -8.83951
-8.84566 -8.83785
-8.83724 -8.83703
-8.83765 -8.8365
-8.81224 -8.8336
-8.83013 -8.82918
-8.82753 -8.82644
-8.82054 -8.82232
-8.82211 -8.8192
-8.81925 -8.81792
-8.79539 -8.81388
-8.79654 -8.81233
-8.79791 -8.80837
-8.79938 -8.8031
-8.79413 -8.79813
-8.7985 -8.79642
-8.7977 -8.79571
-8.78068 -8.79485
-8.7964 -8.79477
-8.79644 -8.79471
-8.79631 -8.79471
-8.7963 -8.7947
-8.79618 -8.79462
-8.79644 -8.79459
-8.79644 -8.79458
-8.7964 -8.79455
-8.79619 -8.79454
-8.79642 -8.79453
-8.79632 -8.79452
-8.79639 -8.79452
-8.7963 -8.79451
-8.7962 -8.7945
-8.79604 -8.79449
-8.79605 -8.79448
-8.79598 -8.79442
-8.79637 -8.79439
-8.79637 -8.79436
-8.79629 -8.79428
-8.796 -8.79427
-8.79629 -8.79424
-8.79594 -8.79418
-8.79582 -8.79417
-8.79637 -8.79393
-8.79595 -8.79381
-8.79509 -8.79381
-8.79576 -8.79378
-8.79589 -8.79374
-8.79559 -8.79372
-8.79505 -8.7937
-8.79518 -8.79367
-8.78159 -8.79344
-8.78101 -8.79282
-8.79499 -8.79261
-8.79474 -8.79259
-8.79351 -8.79258
-8.79473 -8.79257
-8.7946 -8.79245
-8.79485 -8.79243
-8.79382 -8.79239
-8.79438 -8.79235
-8.77846 -8.79012
-8.79348 -8.78903
-8.78331 -8.78387
-8.78163 -8.77708
-8.77841 -8.77603
-8.77602 -8.77217
-8.77864 -8.76699
-8.76641 -8.76271
-8.76067 -8.76089
-8.76239 -8.75689
-8.76053 -8.75564
-8.7447 -8.75224
-8.75996 -8.74728
-8.74976 -8.74588
-8.73997 -8.74348
-8.74516 -8.74105
-8.74068 -8.73428
-8.74224 -8.73046
-8.73044 -8.72274
-8.71894 -8.72199
-8.72104 -8.715
-8.71432 -8.71498
-8.70234 -8.71432
-8.72313 -8.71309
-8.70861 -8.71245
-8.71589 -8.71031
-8.71027 -8.70986
-8.70721 -8.70941
-8.71436 -8.70902
-8.70848 -8.70823
-8.70785 -8.70714
-8.70976 -8.70691
-8.70705 -8.70641
-8.712 -8.70595
-8.69802 -8.70535
-8.70133 -8.70167
-8.70673 -8.70069
-8.69887 -8.69843
-8.69874 -8.69783
-8.69722 -8.69735
-8.71034 -8.69677
-8.69502 -8.6939
-8.70538 -8.69327
-8.69394 -8.68942
-8.68597 -8.68804
-8.69149 -8.68766
-8.68405 -8.68706
-8.68311 -8.68664
-8.68271 -8.6849
-8.69997 -8.68111
-8.67421 -8.67996
-8.67463 -8.67909
-8.67353 -8.67852
-8.67373 -8.6779
-8.67946 -8.67649
-8.66922 -8.67562
-8.67826 -8.67484
-8.66386 -8.67373
-8.67409 -8.67104
-8.66622 -8.67048
-8.66938 -8.66874
-8.66551 -8.66192
-8.66269 -8.65844
-8.65915 -8.65314
-8.65291 -8.65128
-8.65285 -8.65056
-8.65555 -8.64959
-8.64925 -8.64715
-8.65066 -8.64608
-8.65597 -8.64475
-8.65255 -8.6426
-8.65176 -8.64162
-8.64935 -8.64113
-8.64931 -8.64102
-8.64922 -8.6409
-8.64951 -8.64038
-8.64787 -8.63974
-8.63929 -8.63946
-8.64665 -8.63859
-8.64598 -8.63815
-8.6383 -8.63795
-8.63785 -8.63727
-8.63704 -8.63618
-8.63875 -8.63584
-8.63848 -8.63546
-8.63447 -8.63373
-8.62872 -8.63256
-8.62997 -8.63225
-8.62916 -8.63195
-8.63343 -8.63188
-8.63535 -8.63172
-8.63482 -8.63152
-8.63329 -8.63096
-8.6293 -8.63047
-8.6251 -8.62969
-8.62386 -8.62892
-8.63025 -8.62845
-8.63128 -8.62699
-8.62842 -8.62639
-8.6364 -8.62494
-8.63077 -8.62389
-8.62414 -8.62241
-8.62412 -8.62235
-8.62405 -8.62232
-8.62402 -8.62231
-8.62403 -8.62227
-8.62435 -8.62213
-8.62437 -8.62208
-8.62367 -8.62199
-8.62382 -8.62188
-8.6237 -8.62183
-8.62437 -8.62174
-8.62288 -8.62154
-8.62308 -8.62146
-8.6232 -8.62132
-8.62322 -8.62125
-8.6244 -8.6212
-8.62264 -8.62101
-8.62256 -8.62095
-8.6225 -8.6207
-8.61691 -8.62019
-8.6232 -8.61944
-8.6206 -8.61908
-8.62067 -8.61904
-8.62063 -8.61901
-8.62943 -8.61682
-8.61775 -8.61634
-8.61745 -8.6157
-8.61744 -8.61568
-8.61626 -8.61473
-8.6074 -8.61454
-8.60738 -8.6145
-8.60692 -8.61438
-8.60696 -8.61436
-8.60747 -8.61436
-8.60746 -8.61434
-8.60716 -8.6142
-8.60696 -8.61416
-8.60715 -8.61415
-8.60704 -8.61412
-8.60704 -8.61407
-8.60745 -8.61402
-8.60675 -8.61385
-8.60655 -8.61376
-8.6068 -8.61368
-8.60604 -8.61363
-8.60675 -8.61359
-8.60662 -8.61345
-8.60567 -8.61307
-8.60568 -8.61304
-8.60596 -8.61296
-8.61385 -8.61259
-8.60466 -8.6125
-8.60617 -8.61241
-8.61346 -8.6123
-8.60613 -8.61175
-8.5997 -8.6116
-8.60409 -8.61148
-8.60406 -8.61136
-8.59791 -8.61048
-8.60942 -8.60988
-8.61346 -8.60916
-8.61001 -8.60913
-8.60998 -8.60899
-8.60088 -8.60852
-8.60084 -8.60842
-8.60095 -8.60804
-8.601 -8.60799
-8.60091 -8.60789
-8.60001 -8.60742
-8.59987 -8.60724
-8.60892 -8.6072
-8.60884 -8.60715
-8.61039 -8.60653
-8.61233 -8.60542
-8.61056 -8.60368
-8.5926 -8.6018
-8.59312 -8.60102
-8.60707 -8.59998
-8.61427 -8.59985
-8.60377 -8.59973
-8.59281 -8.59957
-8.59682 -8.59943
-8.61374 -8.59933
-8.61328 -8.59893
-8.61249 -8.59888
-8.60607 -8.59887
-8.61259 -8.59859
-8.60061 -8.59652
-8.59943 -8.59533
-8.59991 -8.59343
-8.59385 -8.59234
-8.60089 -8.59188
-8.59841 -8.59036
-8.59745 -8.58957
-8.59597 -8.58796
-8.59507 -8.587
-8.59381 -8.58564
-8.60134 -8.58487
-8.57965 -8.58407
-8.57968 -8.58402
-8.57967 -8.58402
-8.57957 -8.58401
-8.57955 -8.584
-8.57964 -8.58389
-8.57963 -8.58388
-8.57967 -8.58388
-8.57949 -8.58387
-8.57947 -8.58387
-8.57926 -8.58386
-8.57945 -8.58385
-8.57961 -8.58385
-8.57968 -8.58383
-8.57937 -8.58382
-8.5793 -8.58377
-8.57928 -8.58376
-8.57926 -8.58374
-8.57954 -8.58367
-8.57954 -8.58366
-8.57954 -8.58363
-8.57927 -8.58362
-8.57952 -8.58361
-8.57947 -8.58358
-8.57895 -8.58355
-8.57953 -8.58353
-8.57878 -8.58351
-8.57908 -8.58322
-8.57843 -8.58321
-8.57871 -8.5832
-8.57845 -8.58319
-8.57839 -8.58313
-8.57911 -8.58299
-8.57882 -8.58297
-8.579 -8.58295
-8.57835 -8.58286
-8.57747 -8.58211
-8.57713 -8.58207
-8.57756 -8.58205
-8.57703 -8.58189
-8.57813 -8.58171
-8.57768 -8.58166
-8.5771 -8.58164
-8.57707 -8.58161
-8.58356 -8.57968
-8.58546 -8.57839
-8.57911 -8.57667
-8.57739 -8.57523
-8.57803 -8.57482
-8.58194 -8.57238
-8.57658 -8.57075
-8.56679 -8.57057
-8.56681 -8.57049
-8.56686 -8.57046
-8.56673 -8.57044
-8.5667 -8.57038
-8.56684 -8.5703
-8.56654 -8.57029
-8.56682 -8.57028
-8.56651 -8.57026
-8.56661 -8.57024
-8.56665 -8.5702
-8.56649 -8.57003
-8.56671 -8.57001
-8.56665 -8.56999
-8.56648 -8.56996
-8.5663 -8.56988
-8.56624 -8.56979
-8.56624 -8.56971
-8.56589 -8.56966
-8.56579 -8.56963
-8.56573 -8.56961
-8.56569 -8.56959
-8.56573 -8.56954
-8.56642 -8.56952
-8.5661 -8.56943
-8.56594 -8.56935
-8.56534 -8.56846
-8.5654 -8.56837
-8.565 -8.56824
-8.56492 -8.56818
-8.56364 -8.5681
-8.56346 -8.56797
-8.56336 -8.56762
-8.56341 -8.56754
-8.56415 -8.56731
-8.56405 -8.56726
-8.56324 -8.5672
-8.5628 -8.56691
-8.56319 -8.56621
-8.55931 -8.56404
-8.56021 -8.56399
-8.55939 -8.56383
-8.56003 -8.56378
-8.57346 -8.56356
-8.56 -8.56326
-8.55896 -8.56315
-8.55892 -8.5631
-8.55876 -8.56296
-8.57376 -8.56291
-8.56464 -8.56269
-8.56334 -8.55848
-8.56081 -8.55777
-8.5755 -8.55694
-8.55729 -8.55483
-8.55572 -8.55399
-8.54475 -8.54858
-8.55154 -8.5471
-8.53976 -8.54525
-8.55893 -8.54451
-8.55772 -8.54321
-8.56054 -8.54099
-8.55158 -8.53868
-8.54125 -8.53756
-8.54194 -8.52799
-8.54147 -8.52596
-8.52302 -8.5252
-8.54916 -8.52383
-8.52773 -8.52297
-8.53356 -8.52247
-8.5261 -8.5217
-8.52388 -8.51957
-8.52138 -8.51809
-8.53659 -8.5169
-8.52087 -8.51645
-8.51732 -8.51481
-8.51332 -8.51005
-8.51178 -8.5085
-8.51208 -8.50708
-8.50723 -8.50486
-8.51578 -8.50325
-8.5075 -8.50106
-8.49335 -8.49145
-8.48143 -8.49001
-8.49147 -8.48948
-8.49419 -8.48896
-8.49056 -8.48789
-8.4951 -8.48695
-8.48609 -8.48607
-8.48915 -8.48222
-8.47783 -8.47882
-8.47436 -8.47821
-8.47856 -8.47529
-8.46412 -8.4715
-8.47755 -8.47067
-8.46943 -8.46929
-8.47134 -8.46783
-8.48478 -8.46667
-8.47156 -8.46256
-8.45598 -8.45824
-8.45082 -8.45668
-8.46225 -8.45464
-8.44643 -8.45143
-8.45711 -8.45016
-8.45221 -8.44924
-8.44252 -8.44736
-8.44845 -8.44696
-8.44828 -8.44608
-8.44824 -8.44482
-8.45013 -8.44456
-8.45009 -8.44452
-8.45005 -8.44441
-8.44982 -8.44407
-8.44808 -8.44328
-8.44893 -8.44284
-8.44824 -8.44253
-8.4367 -8.44211
-8.43632 -8.44166
-8.44665 -8.43985
-8.44566 -8.43856
-8.44456 -8.43717
-8.43197 -8.43652
-8.4421 -8.43409
-8.43886 -8.43349
-8.43553 -8.43286
-8.43123 -8.43179
-8.46263 -8.43083
-8.43208 -8.43007
-8.42476 -8.42823
-8.4497 -8.42702
-8.4248 -8.42372
-8.4358 -8.42247
-8.42061 -8.42112
-8.41699 -8.41883
-8.42882 -8.41678
-8.42149 -8.41549
-8.40658 -8.41438
-8.41003 -8.41225
-8.43825 -8.40995
-8.40832 -8.40828
-8.40564 -8.40668
-8.41751 -8.40611
-8.41491 -8.40056
-8.41255 -8.4002
-8.42583 -8.39624
-8.38815 -8.39136
-8.39051 -8.38866
-8.38565 -8.38584
-8.38232 -8.38517
-8.37691 -8.3845
-8.3877 -8.38323
-8.37854 -8.38062
-8.37567 -8.37848
-8.37793 -8.37825
-8.38015 -8.37602
-8.37256 -8.3749
-8.38226 -8.37429
-8.37079 -8.37356
-8.37583 -8.37307
-8.37533 -8.37271
-8.36817 -8.37251
-8.36821 -8.37237
-8.36822 -8.37234
-8.36823 -8.37231
-8.36829 -8.37231
-8.36838 -8.3723
-8.36848 -8.37221
-8.36851 -8.37219
-8.36786 -8.37217
-8.3683 -8.37216
-8.36788 -8.37215
-8.36782 -8.37214
-8.36796 -8.37214
-8.36828 -8.37213
-8.36759 -8.37213
-8.36815 -8.37213
-8.36792 -8.37211
-8.36786 -8.37211
-8.36866 -8.37206
-8.36824 -8.37195
-8.36753 -8.37191
-8.36755 -8.37189
-8.37429 -8.37188
-8.36803 -8.37187
-8.3682 -8.37186
-8.36759 -8.37182
-8.36716 -8.37179
-8.36697 -8.37155
-8.36779 -8.37149
-8.36772 -8.37144
-8.36704 -8.37143
-8.36743 -8.37142
-8.36707 -8.37142
-8.36721 -8.3714
-8.36753 -8.37138
-8.36706 -8.37135
-8.36574 -8.37042
-8.36505 -8.37039
-8.36579 -8.37038
-8.3669 -8.37035
-8.36501 -8.37034
-8.36583 -8.37026
-8.36501 -8.37025
-8.36668 -8.37023
-8.36635 -8.37021
-8.36493 -8.37018
-8.36475 -8.37016
-8.36508 -8.37015
-8.36581 -8.37011
-8.3658 -8.37009
-8.36447 -8.36993
-8.36454 -8.3699
-8.36462 -8.36986
-8.36475 -8.36983
-8.36443 -8.36967
-8.36415 -8.3696
-8.36391 -8.36945
-8.36434 -8.36927
-8.36432 -8.36922
-8.37635 -8.36911
-8.36341 -8.36881
-8.36806 -8.36838
-8.36259 -8.36827
-8.36269 -8.36811
-8.36869 -8.36788
-8.36167 -8.36727
-8.36871 -8.36676
-8.35986 -8.36606
-8.35887 -8.36467
-8.35889 -8.3645
-8.35847 -8.36409
-8.35849 -8.36407
-8.35838 -8.36401
-8.3579 -8.36367
-8.3624 -8.36347
-8.36193 -8.36318
-8.35322 -8.36188
-8.35689 -8.36152
-8.35669 -8.36142
-8.35669 -8.36139
-8.35449 -8.3611
-8.35682 -8.36098
-8.35677 -8.36094
-8.35655 -8.36088
-8.35597 -8.36085
-8.35611 -8.36081
-8.3552 -8.36077
-8.35528 -8.36074
-8.35544 -8.3607
-8.35589 -8.36053
-8.35933 -8.36033
-8.35515 -8.36014
-8.35573 -8.36012
-8.35566 -8.36005
-8.35503 -8.35991
-8.35517 -8.35976
-8.3566 -8.35945
-8.35612 -8.35902
-8.35337 -8.3588
-8.35345 -8.35876
-8.35464 -8.35867
-8.35449 -8.35859
-8.35341 -8.3585
-8.35996 -8.35757
-8.35122 -8.35744
-8.35166 -8.35715
-8.35166 -8.35715
-8.38799 -8.35639
-8.35015 -8.35604
-8.35107 -8.35585
-8.35047 -8.35563
-8.35041 -8.3556
-8.35036 -8.35551
-8.37291 -8.35534
-8.34946 -8.35525
-8.34952 -8.35518
-8.34955 -8.35508
-8.34957 -8.35503
-8.34947 -8.35478
-8.34946 -8.35474
-8.34964 -8.35466
-8.35032 -8.35424
-8.34808 -8.35274
-8.37626 -8.35239
-8.35989 -8.35213
-8.34942 -8.35125
-8.34735 -8.35075
-8.34545 -8.34964
-8.3442 -8.34948
-8.34499 -8.34892
-8.34287 -8.34856
-8.34285 -8.34849
-8.34278 -8.34842
-8.34272 -8.34823
-8.34801 -8.3478
-8.34127 -8.34691
-8.3422 -8.34673
-8.34131 -8.34608
-8.33739 -8.34486
-8.3475 -8.34457
-8.33536 -8.34408
-8.33959 -8.34349
-8.33801 -8.34306
-8.33677 -8.34253
-8.33679 -8.34238
-8.35078 -8.34196
-8.33648 -8.34173
-8.33688 -8.34117
-8.34169 -8.34075
-8.3417 -8.34058
-8.33517 -8.34027
-8.33719 -8.34002
-8.3322 -8.33922
-8.33858 -8.33896
-8.32888 -8.33843
-8.3333 -8.33801
-8.3321 -8.33751
-8.32724 -8.33667
-8.32719 -8.33637
-8.328 -8.33525
-8.32588 -8.33486
-8.35109 -8.3339
-8.32673 -8.33299
-8.33116 -8.33242
-8.3194 -8.33194
-8.32839 -8.33057
-8.3319 -8.32961
-8.31546 -8.32936
-8.3224 -8.32889
-8.32256 -8.32866
-8.33797 -8.3285
-8.32302 -8.32823
-8.32243 -8.32747
-8.32903 -8.3255
-8.32903 -8.32429
-8.32719 -8.32329
-8.31481 -8.32086
-8.31563 -8.31928
-8.32317 -8.31794
-8.31612 -8.31711
-8.3126 -8.3164
-8.33219 -8.31618
-8.32175 -8.31566
-8.32125 -8.31518
-8.32105 -8.31501
-8.32087 -8.31487
-8.31603 -8.31471
-8.3137 -8.31452
-8.30842 -8.31404
-8.31983 -8.31389
-8.31854 -8.31366
-8.32183 -8.31316
-8.31822 -8.31194
-8.31705 -8.31056
-8.31644 -8.30986
-8.31029 -8.30909
-8.30824 -8.30857
-8.31493 -8.30819
-8.30772 -8.30784
-8.30367 -8.3074
-8.30802 -8.30683
-8.30723 -8.30469
-8.30036 -8.30388
-8.30587 -8.30318
-8.30663 -8.30273
-8.29365 -8.30077
-8.31098 -8.30054
-8.29278 -8.29986
-8.3105 -8.29952
-8.29425 -8.29879
-8.29155 -8.29625
-8.29393 -8.29574
-8.29148 -8.29499
-8.28726 -8.29431
-8.29552 -8.29191
-8.28805 -8.2907
-8.29096 -8.28713
-8.28086 -8.28557
-8.28879 -8.28485
-8.28332 -8.28458
-8.28758 -8.28406
-8.28781 -8.28169
-8.28301 -8.28071
-8.28632 -8.27929
-8.28319 -8.27792
-8.28255 -8.27728
-8.27967 -8.27532
-8.28216 -8.27281
-8.27737 -8.27156
-8.2795 -8.27065
-8.2777 -8.26879
-8.27247 -8.26826
-8.26436 -8.26607
-8.26976 -8.26415
-8.26508 -8.26301
-8.29349 -8.26101
-8.26407 -8.25936
-8.25225 -8.25539
-8.24989 -8.25462
-8.24971 -8.25432
-8.24929 -8.25362
-8.25648 -8.25301
-8.24738 -8.25163
-8.24737 -8.25134
-8.24732 -8.25129
-8.2471 -8.25081
-8.25622 -8.24898
-8.25698 -8.24866
-8.25699 -8.24845
-8.2418 -8.24617
-8.25403 -8.24551
-8.25384 -8.24494
-8.24105 -8.2443
-8.24189 -8.24407
-8.25319 -8.24344
-8.25307 -8.24332
-8.253 -8.24324
-8.23749 -8.24289
-8.23791 -8.24226
-8.25132 -8.24184
-8.24165 -8.24082
-8.23672 -8.24061
-8.24972 -8.2402
-8.23669 -8.23941
-8.23662 -8.23913
-8.23646 -8.23874
-8.23588 -8.23828
-8.23645 -8.23768
-8.23932 -8.23708
-8.23453 -8.23666
-8.25364 -8.2361
-8.23547 -8.23463
-8.23751 -8.23338
-8.23481 -8.23291
-8.23284 -8.23235
-8.23061 -8.23203
-8.23942 -8.23058
-8.23571 -8.22966
-8.23606 -8.22891
-8.23621 -8.22667
-8.22806 -8.2262
-8.22744 -8.22541
-8.23236 -8.22325
-8.22472 -8.22211
-8.21662 -8.21998
-8.21607 -8.21925
-8.2245 -8.21836
-8.21468 -8.2166
-8.23155 -8.21645
-8.22083 -8.21601
-8.22134 -8.21528
-8.22676 -8.21373
-8.21997 -8.21163
-8.20914 -8.20829
-8.21776 -8.20677
-8.22617 -8.20388
-8.21065 -8.20263
-8.20023 -8.20118
-8.20558 -8.19915
-8.18552 -8.19709
-8.20274 -8.19626
-8.19903 -8.19544
-8.19824 -8.19484
-8.20356 -8.19193
-8.22117 -8.19061
-8.19299 -8.18921
-8.19876 -8.18856
-8.18605 -8.18647
-8.17805 -8.18631
-8.18024 -8.18515
-8.19559 -8.18467
-8.18848 -8.18416
-8.19379 -8.1831
-8.19286 -8.18231
-8.19182 -8.18145
-8.18163 -8.18049
-8.18393 -8.17859
-8.18421 -8.17746
-8.18565 -8.17477
-8.18319 -8.17169
-8.17566 -8.16925
-8.17219 -8.16673
-8.1747 -8.16349
-8.18378 -8.16145
-8.16803 -8.16025
-8.16918 -8.15941
-8.1546 -8.15922
-8.1546 -8.15921
-8.1546 -8.15921
-8.15466 -8.15917
-8.15458 -8.15916
-8.15446 -8.15915
-8.15455 -8.15915
-8.15444 -8.15914
-8.15461 -8.15904
-8.15446 -8.15901
-8.1546 -8.159
-8.15451 -8.159
-8.15437 -8.159
-8.15448 -8.15899
-8.15424 -8.15899
-8.15436 -8.15899
-8.15443 -8.15898
-8.15439 -8.15897
-8.1543 -8.15897
-8.15436 -8.15896
-8.15419 -8.15895
-8.15466 -8.15887
-8.15397 -8.15879
-8.15449 -8.15875
-8.15407 -8.15872
-8.15392 -8.15871
-8.1542 -8.15867
-8.16638 -8.15863
-8.15407 -8.1586
-8.15392 -8.15838
-8.16894 -8.15835
-8.15362 -8.15834
-8.15352 -8.15832
-8.15351 -8.15831
-8.15363 -8.15829
-8.1538 -8.15827
-8.15391 -8.15825
-8.15355 -8.15824
-8.15353 -8.15813
-8.17011 -8.15765
-8.15291 -8.15731
-8.15238 -8.15722
-8.15252 -8.15719
-8.15275 -8.15711
-8.15838 -8.15708
-8.15276 -8.15694
-8.16613 -8.15658
-8.156 -8.15498
-8.15814 -8.15197
-8.14909 -8.15053
-8.1459 -8.14919
-8.14583 -8.14917
-8.14373 -8.14656
-8.14272 -8.14594
-8.14264 -8.14562
-8.14785 -8.14554
-8.14539 -8.14539
-8.14092 -8.14495
-8.14169 -8.14338
-8.13858 -8.1418
-8.13958 -8.14113
-8.14184 -8.14044
-8.15064 -8.13935
-8.15947 -8.13887
-8.15153 -8.13811
-8.13597 -8.13722
-8.1307 -8.13676
-8.13621 -8.13559
-8.13263 -8.13444
-8.14023 -8.13332
-8.13354 -8.13309
-8.12789 -8.13258
-8.12199 -8.13179
-8.1317 -8.1313
-8.1209 -8.13045
-8.13007 -8.13016
-8.12084 -8.12984
-8.12961 -8.12925
-8.1415 -8.1283
-8.12036 -8.12751
-8.11932 -8.12665
-8.12942 -8.126
-8.12961 -8.1253
-8.11334 -8.12439
-8.11657 -8.12386
-8.1239 -8.12308
-8.13424 -8.12287
-8.11191 -8.12273
-8.11096 -8.12221
-8.11155 -8.12203
-8.10999 -8.12147
-8.12185 -8.12088
-8.10935 -8.1201
-8.13965 -8.1173
-8.11257 -8.11528
-8.11257 -8.11528
-8.1125 -8.11528
-8.11252 -8.11528
-8.11252 -8.11528
-8.1125 -8.11528
-8.11255 -8.11527
-8.11258 -8.11527
-8.11257 -8.11527
-8.11259 -8.11526
-8.11255 -8.11526
-8.11252 -8.11525
-8.11259 -8.11524
-8.11259 -8.11524
-8.11259 -8.11524
-8.11257 -8.11524
-8.11258 -8.11524
-8.11263 -8.11524
-8.11244 -8.11523
-8.11259 -8.11522
-8.11269 -8.11522
-8.11258 -8.11521
-8.11261 -8.11518
-8.11249 -8.11518
-8.1123 -8.11512
-8.11223 -8.11501
-8.11232 -8.11496
-8.1127 -8.11482
-8.1118 -8.11479
-8.11119 -8.11441
-8.11576 -8.11409
-8.11142 -8.11372
-8.10981 -8.11301
-8.11324 -8.11244
-8.11258 -8.11182
-8.11194 -8.11123
-8.12413 -8.111
-8.13149 -8.11027
-8.10732 -8.10962
-8.10704 -8.10914
-8.10761 -8.10767
-8.10818 -8.10711
-8.11195 -8.10636
-8.10389 -8.10476
-8.11634 -8.10442
-8.107 -8.10331
-8.10221 -8.10131
-8.10936 -8.10047
-8.09635 -8.09484
-8.10695 -8.09346
-8.09015 -8.09275
-8.08691 -8.09141
-8.09018 -8.0904
-8.09548 -8.08979
-8.09434 -8.08884
-8.08862 -8.08745
-8.08439 -8.08706
-8.08514 -8.08666
-8.08466 -8.08578
-8.08789 -8.08421
-8.08953 -8.08372
-8.0833 -8.08325
-8.08746 -8.08231
-8.07927 -8.08138
-8.08199 -8.08104
-8.07592 -8.08006
-8.0854 -8.07995
-8.0852 -8.07985
-8.08561 -8.07981
-8.08531 -8.07956
-8.08518 -8.07934
-8.08553 -8.07887
-8.08395 -8.07827
-8.0847 -8.07795
-8.08403 -8.07781
-8.07728 -8.07738
-8.07699 -8.07701
-8.08346 -8.07668
-8.08391 -8.07641
-8.08375 -8.07607
-8.08269 -8.07511
-8.07583 -8.07434
-8.08101 -8.07384
-8.07971 -8.0727
-8.07948 -8.07199
-8.07119 -8.07165
-8.07646 -8.07153
-8.07908 -8.07133
-8.07085 -8.07123
-8.07811 -8.07079
-8.07572 -8.07068
-8.07436 -8.07058
-8.07311 -8.0704
-8.07371 -8.07033
-8.07314 -8.07021
-8.07253 -8.0701
-8.07194 -8.06992
-8.07177 -8.06989
-8.07157 -8.06986
-8.07129 -8.06972
-8.07148 -8.0696
-8.07133 -8.06948
-8.07111 -8.06929
-8.07103 -8.06924
-8.0687 -8.06875
-8.07069 -8.06814
-8.06834 -8.06803
-8.07264 -8.06776
-8.06663 -8.06729
-8.06944 -8.0665
-8.08711 -8.06611
-8.06273 -8.06577
-8.06745 -8.06572
-8.06688 -8.06533
-8.0663 -8.06501
-8.06594 -8.06481
-8.06633 -8.06414
-8.06656 -8.0637
-8.06529 -8.06285
-8.06564 -8.06232
-8.0652 -8.06111
-8.07289 -8.06071
-8.06139 -8.05972
-8.06038 -8.05892
-8.06812 -8.05803
-8.05252 -8.05703
-8.05781 -8.05608
-8.05626 -8.05584
-8.05482 -8.05574
-8.05746 -8.05467
-8.05076 -8.05409
-8.05617 -8.05392
-8.04537 -8.05202
-8.05742 -8.0504
-8.05802 -8.0502
-8.05646 -8.04802
-8.06025 -8.04654
-8.04274 -8.04621
-8.05241 -8.04563
-8.04342 -8.04425
-8.05865 -8.04324
-8.0468 -8.04262
-8.0501 -8.04231
-8.05007 -8.0421
-8.03682 -8.04091
-8.04069 -8.04038
-8.04047 -8.03902
-8.05552 -8.03704
-8.03741 -8.03611
-8.03336 -8.03475
-8.02479 -8.03376
-8.03459 -8.03342
-8.04457 -8.03308
-8.02369 -8.02965
-8.03817 -8.02762
-8.01893 -8.02582
-8.03611 -8.02351
-8.02337 -8.02234
-8.01204 -8.02031
-8.02207 -8.01914
-8.03067 -8.01749
-8.00922 -8.01662
-8.02315 -8.01252
-8.01087 -8.01099
-7.99748 -8.00975
-8.02249 -8.00883
-8.01556 -8.00715
-8.01522 -8.00668
-8.0142 -8.00572
-8.00982 -8.00445
-8.01808 -8.0042
-7.99593 -8.00289
-8.0191 -8.00228
-8.00236 -8.00136
-8.00126 -7.99959
-7.99863 -7.99894
-8.00633 -7.9971
-7.99282 -7.99668
-7.99292 -7.99512
-7.98662 -7.99319
-7.98513 -7.99061
-7.98416 -7.98942
-8.00524 -7.98771
-7.9837 -7.98523
-8.00438 -7.98359
-7.98408 -7.98264
-7.97253 -7.97785
-7.9913 -7.97515
-7.97611 -7.97439
-7.99017 -7.97257
-7.97021 -7.97186
-7.9851 -7.97082
-7.96191 -7.96991
-7.96665 -7.96901
-7.96939 -7.96837
-7.96399 -7.9675
-7.95457 -7.9667
-7.96411 -7.96574
-7.96094 -7.96475
-7.9525 -7.96456
-7.96311 -7.96439
-7.97801 -7.96417
-7.97429 -7.96325
-7.96174 -7.96284
-7.96368 -7.962
-7.98015 -7.96146
-7.95946 -7.96007
-7.96309 -7.95672
-7.95479 -7.95613
-7.96703 -7.95597
-7.95264 -7.95584
-7.95488 -7.95473
-7.95492 -7.9547
-7.95222 -7.95407
-7.95367 -7.95317
-7.94973 -7.95304
-7.95184 -7.95266
-7.96789 -7.95238
-7.96305 -7.95197
-7.94789 -7.95144
-7.96234 -7.95128
-7.96219 -7.95116
-7.94947 -7.95088
-7.94685 -7.95042
-7.95077 -7.94999
-7.94849 -7.94874
-7.94166 -7.94824
-7.94166 -7.94823
-7.94166 -7.94781
-7.94522 -7.94621
-7.94214 -7.94599
-7.93901 -7.94498
-7.94572 -7.94471
-7.945 -7.94449
-7.94206 -7.94444
-7.94373 -7.94427
-7.94385 -7.94402
-7.94449 -7.94378
-7.94346 -7.94349
-7.9428 -7.94337
-7.94376 -7.94321
-7.94291 -7.94315
-7.94272 -7.94314
-7.94273 -7.94313
-7.94273 -7.94312
-7.94278 -7.94306
-7.94284 -7.94304
-7.94248 -7.94296
-7.94267 -7.94294
-7.94259 -7.94292
-7.94264 -7.9429
-7.94285 -7.94288
-7.94283 -7.94285
-7.94364 -7.94284
-7.94227 -7.94282
-7.94208 -7.94278
-7.94355 -7.94273
-7.94275 -7.94248
-7.94185 -7.94243
-7.94182 -7.94239
-7.94212 -7.94233
-7.94221 -7.94231
-7.94204 -7.94229
-7.94146 -7.94217
-7.93784 -7.94169
-7.94407 -7.94161
-7.94087 -7.9415
-7.94073 -7.94132
-7.9412 -7.94128
-7.94138 -7.94123
-7.94122 -7.9411
-7.94003 -7.9409
-7.94078 -7.94069
-7.93332 -7.9404
-7.93741 -7.93993
-7.93217 -7.93884
-7.93304 -7.93859
-7.93582 -7.93808
-7.94683 -7.93758
-7.92877 -7.93722
-7.92871 -7.93716
-7.92891 -7.93708
-7.92917 -7.93704
-7.92903 -7.93698
-7.92898 -7.93697
-7.92885 -7.93693
-7.92917 -7.93691
-7.92906 -7.93691
-7.92913 -7.93687
-7.9291 -7.93683
-7.92908 -7.93681
-7.92917 -7.93676
-7.92903 -7.93674
-7.92891 -7.93671
-7.92892 -7.93669
-7.92891 -7.93667
-7.9294 -7.93666
-7.92894 -7.93664
-7.92887 -7.93653
-7.92859 -7.93646
-7.92869 -7.93634
-7.9279 -7.9363
-7.92884 -7.93623
-7.92846 -7.93616
-7.9289 -7.93612
-7.92824 -7.9361
-7.92931 -7.936
-7.93668 -7.93597
-7.9289 -7.93588
-7.92933 -7.93576
-7.92833 -7.93563
-7.92813 -7.9355
-7.92827 -7.93482
-7.92511 -7.93475
-7.93019 -7.93455
-7.92619 -7.93448
-7.92877 -7.93421
-7.92661 -7.93405
-7.92733 -7.93395
-7.92608 -7.93389
-7.92508 -7.93379
-7.92561 -7.93368
-7.92504 -7.93311
-7.92671 -7.93284
-7.9258 -7.93131
-7.92098 -7.93106
-7.92398 -7.93033
-7.92396 -7.93029
-7.92361 -7.9302
-7.92059 -7.92985
-7.92115 -7.92969
-7.92239 -7.92833
-7.92083 -7.92719
-7.92877 -7.92687
-7.92221 -7.92543
-7.9349 -7.92498
-7.91816 -7.92361
-7.92385 -7.92293
-7.93947 -7.92275
-7.92939 -7.92224
-7.9384 -7.92155
-7.91749 -7.92125
-7.9212 -7.92115
-7.92965 -7.92093
-7.91662 -7.92031
-7.90912 -7.91953
-7.90914 -7.91952
-7.90912 -7.91948
-7.92993 -7.91932
-7.91922 -7.91875
-7.93514 -7.9179
-7.92443 -7.9173
-7.91537 -7.91677
-7.90628 -7.91547
-7.90626 -7.91546
-7.91738 -7.91522
-7.9169 -7.91425
-7.91514 -7.91337
-7.91761 -7.91265
-7.93045 -7.91238
-7.92581 -7.9099
-7.90063 -7.90892
-7.89983 -7.90846
-7.90199 -7.90718
-7.89915 -7.90686
-7.89875 -7.90674
-7.90101 -7.90539
-7.89672 -7.90406
-7.90024 -7.90372
-7.90712 -7.90337
-7.89923 -7.90243
-7.89952 -7.90227
-7.89835 -7.90146
-7.89075 -7.89864
-7.89953 -7.89802
-7.90167 -7.89712
-7.89467 -7.89571
-7.8967 -7.89495
-7.89903 -7.8943
-7.89313 -7.89396
-7.89304 -7.89312
-7.89236 -7.89195
-7.89275 -7.89147
-7.89232 -7.89093
-7.89025 -7.8896
-7.89543 -7.88868
-7.88632 -7.88774
-7.89535 -7.88587
-7.88491 -7.88428
-7.88459 -7.88316
-7.8829 -7.88215
-7.86856 -7.88107
-7.87028 -7.88072
-7.87006 -7.88021
-7.868 -7.87977
-7.86905 -7.87946
-7.86966 -7.87925
-7.89842 -7.87815
-7.88645 -7.87768
-7.86852 -7.87728
-7.87754 -7.87702
-7.86266 -7.87644
-7.87399 -7.87525
-7.8846 -7.87508
-7.87544 -7.87359
-7.86548 -7.873
-7.89203 -7.87281
-7.86456 -7.87189
-7.87033 -7.87086
-7.86718 -7.86982
-7.86709 -7.86922
-7.86695 -7.86906
-7.88729 -7.86873
-7.86097 -7.86821
-7.86629 -7.86784
-7.85006 -7.86597
-7.86348 -7.86543
-7.86395 -7.86526
-7.86218 -7.86483
-7.8631 -7.86473
-7.85808 -7.86461
-7.87253 -7.86454
-7.86326 -7.86432
-7.86283 -7.86421
-7.85714 -7.86399
-7.85689 -7.86396
-7.85618 -7.86391
-7.85645 -7.86389
-7.85629 -7.86387
-7.85598 -7.86384
-7.85605 -7.86379
-7.85652 -7.86377
-7.85594 -7.86372
-7.85625 -7.86371
-7.85594 -7.86361
-7.86818 -7.86358
-7.85666 -7.86354
-7.85548 -7.8634
-7.85577 -7.86333
-7.86792 -7.86328
-7.8559 -7.86322
-7.85556 -7.86313
-7.86524 -7.86301
-7.85566 -7.86298
-7.85545 -7.86271
-7.8545 -7.86254
-7.86812 -7.8624
-7.87112 -7.86224
-7.85446 -7.8617
-7.85452 -7.86135
-7.85311 -7.86117
-7.85428 -7.86102
-7.85183 -7.86072
-7.86465 -7.86017
-7.85233 -7.85875
-7.85864 -7.85831
-7.85447 -7.85818
-7.8546 -7.85811
-7.85914 -7.85783
-7.85443 -7.85756
-7.86144 -7.85672
-7.8537 -7.8564
-7.8534 -7.85621
-7.83894 -7.85601
-7.86172 -7.8558
-7.86629 -7.85556
-7.85807 -7.85531
-7.85379 -7.85514
-7.85366 -7.85466
-7.84849 -7.85402
-7.85108 -7.85275
-7.85592 -7.85252
-7.84232 -7.85223
-7.84299 -7.85162
-7.84301 -7.85157
-7.85303 -7.85107
-7.83987 -7.8509
-7.85353 -7.85079
-7.84481 -7.85049
-7.85067 -7.84966
-7.84976 -7.84932
-7.85091 -7.84849
-7.84702 -7.84815
-7.83543 -7.84767
-7.84896 -7.84719
-7.85121 -7.84681
-7.83392 -7.84658
-7.83769 -7.8462
-7.84346 -7.84521
-7.83415 -7.84478
-7.84499 -7.84476
-7.83341 -7.84468
-7.83393 -7.8446
-7.84261 -7.84454
-7.8511 -7.84444
-7.83291 -7.84417
-7.8332 -7.84404
-7.84527 -7.84385
-7.83224 -7.84346
-7.83306 -7.84337
-7.84384 -7.8429
-7.84211 -7.84264
-7.8396 -7.84229
-7.83207 -7.84222
-7.82128 -7.84111
-7.83891 -7.83966
-7.82901 -7.83948
-7.82714 -7.83935
-7.82734 -7.83932
-7.82901 -7.83908
-7.82924 -7.83892
-7.82608 -7.83878
-7.8313 -7.83861
-7.83433 -7.83811
-7.83391 -7.83777
-7.83246 -7.83751
-7.83084 -7.83662
-7.82958 -7.83572
-7.8311 -7.83519
-7.83834 -7.83436
-7.83927 -7.83393
-7.82643 -7.83367
-7.8262 -7.83321
-7.82225 -7.83307
-7.82241 -7.83303
-7.82883 -7.83297
-7.84188 -7.83281
-7.81915 -7.83231
-7.82869 -7.83112
-7.83806 -7.83073
-7.82564 -7.82782
-7.84009 -7.82643
-7.82279 -7.82542
-7.83346 -7.82487
-7.83846 -7.82249
-7.82855 -7.81898
-7.82503 -7.81584
-7.82437 -7.81555
-7.79851 -7.81364
-7.81374 -7.81161
-7.81369 -7.81081
-7.78878 -7.80901
-7.81121 -7.80739
-7.81584 -7.80572
-7.8073 -7.80447
-7.80742 -7.80378
-7.81288 -7.80262
-7.80378 -7.80221
-7.80883 -7.8015
-7.80976 -7.80095
-7.80433 -7.79854
-7.79771 -7.79735
-7.80455 -7.79588
-7.80014 -7.79494
-7.80244 -7.79298
-7.79738 -7.79231
-7.79715 -7.79168
-7.79719 -7.79141
-7.79687 -7.79094
-7.78488 -7.79069
-7.78487 -7.79068
-7.7847 -7.79029
-7.79614 -7.78941
-7.78588 -7.78801
-7.79226 -7.78729
-7.78251 -7.78635
-7.77893 -7.78514
-7.79049 -7.78467
-7.7817 -7.78347
-7.79156 -7.78253
-7.78437 -7.78231
-7.77764 -7.78166
-7.78079 -7.781
-7.77737 -7.78066
-7.78917 -7.78001
-7.77704 -7.7797
-7.77494 -7.77891
-7.77537 -7.77795
-7.7752 -7.77712
-7.77283 -7.77567
-7.78561 -7.77527
-7.77939 -7.77502
-7.77148 -7.77369
-7.77054 -7.77322
-7.77055 -7.77295
-7.77041 -7.77259
-7.76937 -7.77215
-7.77089 -7.77127
-7.77059 -7.77117
-7.7695 -7.77077
-7.76913 -7.77001
-7.769 -7.76996
-7.76865 -7.76948
-7.77573 -7.76897
-7.7593 -7.76813
-7.75567 -7.76759
-7.75549 -7.76713
-7.75903 -7.76684
-7.76717 -7.76656
-7.7646 -7.76572
-7.76971 -7.7652
-7.75733 -7.76355
-7.75367 -7.76348
-7.75364 -7.76342
-7.7534 -7.76319
-7.76168 -7.7626
-7.75283 -7.76249
-7.75276 -7.76244
-7.75245 -7.76224
-7.7527 -7.76161
-7.75217 -7.76126
-7.75199 -7.76115
-7.75173 -7.76082
-7.75214 -7.76049
-7.7563 -7.76011
-7.75606 -7.75968
-7.74924 -7.759
-7.75271 -7.75829
-7.75209 -7.75732
-7.75199 -7.75724
-7.75182 -7.75715
-7.7519 -7.75704
-7.75162 -7.75679
-7.75247 -7.75642
-7.7472 -7.75632
-7.75246 -7.75572
-7.76192 -7.75524
-7.75644 -7.75463
-7.74952 -7.75346
-7.76176 -7.75308
-7.75911 -7.75256
-7.76187 -7.75073
-7.74546 -7.75027
-7.7472 -7.75007
-7.76124 -7.74994
-7.74653 -7.74938
-7.7474 -7.74927
-7.74586 -7.74842
-7.76193 -7.7469
-7.75757 -7.7456
-7.7348 -7.74392
-7.7517 -7.74301
-7.78488 -7.74159
-7.74003 -7.74116
-7.73551 -7.74066
-7.73891 -7.7391
-7.7378 -7.73826
-7.73315 -7.73762
-7.72996 -7.73719
-7.73185 -7.73683
-7.73637 -7.73582
-7.73607 -7.73499
-7.73381 -7.73435
-7.74145 -7.73391
-7.73617 -7.73276
-7.72753 -7.73084
-7.72387 -7.73027
-7.74507 -7.73
-7.72389 -7.72813
-7.73707 -7.72725
-7.73047 -7.72687
-7.73152 -7.72563
-7.73052 -7.72509
-7.72113 -7.72429
-7.71396 -7.72409
-7.70462 -7.724
-7.72409 -7.72371
-7.73333 -7.72339
-7.73269 -7.72271
-7.72343 -7.72203
-7.71827 -7.72094
-7.7219 -7.72062
-7.71779 -7.72059
-7.7174 -7.71967
-7.72965 -7.71933
-7.723 -7.71838
-7.71545 -7.71747
-7.71243 -7.71673
-7.71123 -7.71579
-7.71932 -7.7153
-7.71361 -7.71463
-7.72583 -7.71373
-7.70846 -7.71322
-7.70704 -7.71224
-7.70501 -7.71143
-7.70699 -7.71041
-7.71305 -7.70977
-7.70099 -7.7095
-7.70916 -7.70872
-7.70562 -7.70818
-7.71323 -7.70729
-7.71344 -7.70694
-7.70465 -7.70631
-7.70866 -7.7061
-7.71326 -7.70567
-7.71034 -7.70517
-7.69622 -7.70486
-7.70247 -7.70406
-7.70081 -7.70348
-7.70128 -7.70282
-7.71113 -7.70236
-7.71087 -7.70116
-7.70138 -7.7006
-7.70806 -7.69949
-7.69968 -7.69885
-7.69861 -7.69788
-7.69363 -7.69619
-7.71685 -7.69604
-7.69685 -7.69574
-7.6985 -7.69516
-7.69623 -7.69488
-7.69206 -7.69411
-7.70596 -7.69361
-7.69099 -7.69282
-7.6956 -7.69251
-7.6992 -7.69159
-7.67647 -7.69027
-7.67603 -7.68978
-7.69194 -7.68858
-7.68632 -7.68759
-7.6911 -7.68704
-7.68966 -7.68636
-7.68358 -7.6855
-7.68569 -7.68472
-7.67055 -7.68381
-7.69832 -7.68315
-7.68879 -7.68284
-7.6791 -7.68154
-7.68703 -7.68136
-7.69358 -7.68098
-7.68558 -7.68091
-7.67476 -7.68051
-7.68884 -7.68046
-7.69038 -7.68019
-7.66439 -7.67899
-7.68159 -7.6789
-7.67167 -7.6783
-7.67315 -7.67736
-7.67368 -7.67699
-7.66978 -7.67646
-7.67503 -7.67609
-7.68117 -7.67487
-7.66195 -7.67433
-7.67541 -7.6737
-7.6808 -7.67273
-7.67255 -7.67223
-7.6725 -7.6716
-7.66775 -7.67018
-7.68104 -7.66927
-7.68091 -7.66877
-7.67221 -7.66832
-7.65605 -7.66786
-7.66372 -7.66721
-7.67771 -7.66663
-7.67596 -7.66612
-7.66874 -7.66532
-7.66873 -7.66529
-7.66871 -7.66522
-7.67865 -7.66501
-7.67366 -7.66474
-7.66839 -7.66439
-7.66048 -7.66374
-7.66874 -7.66219
-7.66842 -7.66213
-7.66871 -7.66187
-7.66686 -7.66159
-7.66222 -7.6613
-7.65655 -7.66109
-7.66544 -7.66048
-7.66516 -7.65984
-7.66121 -7.65954
-7.66112 -7.65918
-7.66974 -7.65901
-7.67351 -7.65872
-7.66837 -7.65856
-7.66501 -7.65835
-7.65641 -7.65771
-7.65772 -7.65736
-7.66251 -7.65705
-7.66626 -7.65654
-7.65261 -7.65642
-7.65833 -7.65587
-7.65249 -7.65556
-7.65658 -7.65503
-7.65792 -7.6549
-7.63875 -7.6545
-7.65506 -7.65396
-7.66102 -7.65371
-7.65488 -7.65326
-7.65662 -7.65279
-7.66097 -7.65184
-7.66132 -7.65133
-7.66289 -7.6507
-7.65502 -7.6501
-7.65053 -7.64975
-7.63947 -7.64953
-7.65916 -7.64917
-7.65855 -7.64892
-7.65519 -7.64869
-7.638 -7.64825
-7.64824 -7.64708
-7.63749 -7.64636
-7.62925 -7.64572
-7.63611 -7.64535
-7.6379 -7.64481
-7.6495 -7.64425
-7.63301 -7.64353
-7.63572 -7.6433
-7.65409 -7.6431
-7.64762 -7.64286
-7.64308 -7.64235
-7.62541 -7.64154
-7.63114 -7.64133
-7.63172 -7.64111
-7.6522 -7.64087
-7.65267 -7.64015
-7.65253 -7.64002
-7.64417 -7.6385
-7.63712 -7.63767
-7.64099 -7.63622
-7.64914 -7.63585
-7.63624 -7.63444
-7.63601 -7.63301
-7.64383 -7.63229
-7.63482 -7.63125
-7.64341 -7.63023
-7.64196 -7.62778
-7.64112 -7.62689
-7.60777 -7.62526
-7.60864 -7.6243
-7.6378 -7.62361
-7.62926 -7.62289
-7.6355 -7.62255
-7.63598 -7.62243
-7.63462 -7.62176
-7.6213 -7.61867
-7.60051 -7.6152
-7.59983 -7.61456
-7.60448 -7.61335
-7.59134 -7.61275
-7.59557 -7.61209
-7.59488 -7.61154
-7.60902 -7.60985
-7.62411 -7.6073
-7.6108 -7.60594
-7.60941 -7.60463
-7.60894 -7.60418
-7.59173 -7.60285
-7.58635 -7.60147
-7.58073 -7.5998
-7.58388 -7.59647
-7.59263 -7.59427
-7.59258 -7.59328
-7.6031 -7.59321
-7.59233 -7.59273
-7.59135 -7.59242
-7.59029 -7.59213
-7.59088 -7.59095
-7.5893 -7.59061
-7.58852 -7.58946
-7.58194 -7.58602
-7.57377 -7.58467
-7.57345 -7.58429
-7.58426 -7.58363
-7.58421 -7.58198
-7.57587 -7.58109
-7.58243 -7.57945
-7.57878 -7.5784
-7.57951 -7.57783
-7.57856 -7.57749
-7.58689 -7.57619
-7.58114 -7.5749
-7.5842 -7.57371
-7.57023 -7.57299
-7.57258 -7.57222
-7.56882 -7.56921
-7.56374 -7.56746
-7.56374 -7.56746
-7.55171 -7.56675
-7.56283 -7.56628
-7.56272 -7.5662
-7.55997 -7.56395
-7.56558 -7.56349
-7.56088 -7.56346
-7.56 -7.56278
-7.57984 -7.56196
-7.56324 -7.56028
-7.55791 -7.55986
-7.55723 -7.55964
-7.55632 -7.55851
-7.5537 -7.55809
-7.55199 -7.55776
-7.55226 -7.55746
-7.55546 -7.5574
-7.55479 -7.55715
-7.55451 -7.55699
-7.54474 -7.55687
-7.54474 -7.55687
-7.55465 -7.55653
-7.54993 -7.5549
-7.54248 -7.55351
-7.55108 -7.55328
-7.54287 -7.55285
-7.54279 -7.55279
-7.54288 -7.55245
-7.55326 -7.55226
-7.54683 -7.55147
-7.56564 -7.55106
-7.53888 -7.54821
-7.54576 -7.54692
-7.54788 -7.54621
-7.53777 -7.54558
-7.52308 -7.54554
-7.53808 -7.54539
-7.55791 -7.54524
-7.53218 -7.54476
-7.53684 -7.54427
-7.55718 -7.54339
-7.53607 -7.54305
-7.53613 -7.54281
-7.53715 -7.54225
-7.53522 -7.5417
-7.53539 -7.54097
-7.53797 -7.5389
-7.53599 -7.53511
-7.53604 -7.53506
-7.54025 -7.53474
-7.53363 -7.53246
-7.53363 -7.53246
-7.5335 -7.53235
-7.53588 -7.53139
-7.5298 -7.52952
-7.52965 -7.52937
-7.5296 -7.52928
-7.53181 -7.52919
-7.53201 -7.52913
-7.53922 -7.52856
-7.53359 -7.52671
-7.52755 -7.52586
-7.53127 -7.52506
-7.52012 -7.52487
-7.52565 -7.52417
-7.5191 -7.52265
-7.51546 -7.52171
-7.51982 -7.52072
-7.5117 -7.51996
-7.51154 -7.51969
-7.5194 -7.51751
-7.52092 -7.51651
-7.50859 -7.51588
-7.50728 -7.5158
-7.5072 -7.51574
-7.51435 -7.51554
-7.52377 -7.51535
-7.50575 -7.51411
-7.50538 -7.51336
-7.51733 -7.51268
-7.50359 -7.51175
-7.50484 -7.51048
-7.50057 -7.50902
-7.51049 -7.50821
-7.51957 -7.50761
-7.50848 -7.50712
-7.51698 -7.50674
-7.51085 -7.5063
-7.51072 -7.50563
-7.50616 -7.50518
-7.50978 -7.505
-7.51017 -7.50493
-7.50975 -7.50481
-7.51042 -7.50479
-7.50866 -7.50454
-7.50854 -7.50412
-7.51006 -7.5038
-7.50902 -7.50266
-7.50512 -7.50136
-7.505 -7.5012
-7.51181 -7.50098
-7.49538 -7.50065
-7.50684 -7.50006
-7.49115 -7.49937
-7.50447 -7.49913
-7.50611 -7.49864
-7.49524 -7.49799
-7.49906 -7.49686
-7.5026 -7.49546
-7.50177 -7.49527
-7.50175 -7.4948
-7.50441 -7.49419
-7.50105 -7.49335
-7.4937 -7.49203
-7.4994 -7.49123
-7.48971 -7.49068
-7.48928 -7.49047
-7.47866 -7.48864
-7.49 -7.48525
-7.48739 -7.48489
-7.48479 -7.48385
-7.48101 -7.48185
-7.4824 -7.48056
-7.47658 -7.47906
-7.48292 -7.4785
-7.48998 -7.4775
-7.48841 -7.47703
-7.45094 -7.47508
-7.44875 -7.47319
-7.45767 -7.47185
-7.44652 -7.47123
-7.45927 -7.46746
-7.46547 -7.46648
-7.46522 -7.46517
-7.47132 -7.46387
-7.48085 -7.46203
-7.45713 -7.46027
-7.45957 -7.45902
-7.46878 -7.45762
-7.46925 -7.45621
-7.45238 -7.45553
-7.45213 -7.45471
-7.42789 -7.45361
-7.45109 -7.45311
-7.46246 -7.45202
-7.4506 -7.45113
-7.44911 -7.44855
-7.45864 -7.44194
-7.45314 -7.43977
-7.45332 -7.43877
-7.4384 -7.43678
-7.45925 -7.43623
-7.44683 -7.43374
-7.42721 -7.43197
-7.44938 -7.43112
-7.43711 -7.43002
-7.44077 -7.42942
-7.44598 -7.4286
-7.44067 -7.4277
-7.4106 -7.42439
-7.43533 -7.42235
-7.42793 -7.42111
-7.41181 -7.42069
-7.4201 -7.41927
-7.43163 -7.41876
-7.42055 -7.41851
-7.40715 -7.41712
-7.39728 -7.41673
-7.40922 -7.41594
-7.40513 -7.41541
-7.41818 -7.41457
-7.42448 -7.4142
-7.39551 -7.41269
-7.41515 -7.4124
-7.40956 -7.4108
-7.42934 -7.41028
-7.42151 -7.4097
-7.40874 -7.40911
-7.41548 -7.40863
-7.39083 -7.40827
-7.39015 -7.40774
-7.41895 -7.40732
-7.40781 -7.40662
-7.40955 -7.40611
-7.40363 -7.40457
-7.40557 -7.40271
-7.40648 -7.4022
-7.41259 -7.4006
-7.39836 -7.40031
-7.40482 -7.39985
-7.40414 -7.39964
-7.41009 -7.39893
-7.4074 -7.39819
-7.39991 -7.3974
-7.40674 -7.39671
-7.40972 -7.39648
-7.40858 -7.39538
-7.40866 -7.39505
-7.39326 -7.39382
-7.39613 -7.39214
-7.40412 -7.39076
-7.40063 -7.38976
-7.38534 -7.38682
-7.38139 -7.38175
-7.37636 -7.37818
-7.37102 -7.3755
-7.3821 -7.37228
-7.36807 -7.37131
-7.36767 -7.37066
-7.36691 -7.3694
-7.3779 -7.36768
-7.36655 -7.36535
-7.35881 -7.36369
-7.36264 -7.36226
-7.36027 -7.36049
-7.35428 -7.35836
-7.35044 -7.3494
-7.33334 -7.34317
-7.33264 -7.34271
-7.34366 -7.34223
-7.34298 -7.34158
-7.34734 -7.34049
-7.34115 -7.33986
-7.32736 -7.33968
-7.34082 -7.33948
-7.32462 -7.33839
-7.32162 -7.33723
-7.3194 -7.33655
-7.31806 -7.33624
-7.33677 -7.33536
-7.33601 -7.33393
-7.34919 -7.33122
-7.354 -7.33038
-7.32283 -7.32993
-7.33354 -7.32595
-7.34028 -7.32427
-7.31624 -7.32315
-7.3298 -7.3213
-7.32396 -7.31561
-7.31706 -7.31319
-7.33226 -7.31112
-7.27741 -7.30941
-7.27512 -7.30664
-7.30479 -7.30552
-7.29758 -7.30409
-7.3059 -7.30348
-7.30409 -7.30148
-7.30192 -7.29916
-7.30029 -7.2975
-7.29582 -7.29716
-7.30476 -7.29368
-7.29491 -7.29222
-7.3168 -7.29045
-7.29428 -7.28926
-7.31449 -7.28783
-7.29373 -7.28694
-7.29312 -7.28462
-7.28102 -7.28385
-7.27352 -7.2811
-7.30352 -7.27946
-7.2579 -7.27681
-7.29 -7.27577
-7.28895 -7.2738
-7.27503 -7.27176
-7.27606 -7.2668
-7.27246 -7.26314
-7.26543 -7.2617
-7.2354 -7.25238
-7.24889 -7.24875
-7.24573 -7.24361
-7.23059 -7.2359
-7.22917 -7.23214
-7.22117 -7.22396
-7.21857 -7.21988
-7.2263 -7.21536
-7.21851 -7.21475
-7.21741 -7.21389
-7.21469 -7.21325
-7.21449 -7.2122
-7.19573 -7.20986
-7.20123 -7.20609
-7.19844 -7.20418
-7.19399 -7.19145
-7.18816 -7.18707
-7.17693 -7.17591
-7.17073 -7.17531
-7.1719 -7.16992
-7.15876 -7.16501
-7.16978 -7.16293
-7.15194 -7.15757
-7.16009 -7.15716
-7.17098 -7.15196
-7.14854 -7.14972
-7.16504 -7.14141
-7.13538 -7.13173
-7.13883 -7.12629
-7.13259 -7.12235
-7.11632 -7.11534
-7.11429 -7.11084
-7.08746 -7.10479
-7.10491 -7.10138
-7.10538 -7.10005
-7.12082 -7.09777
-7.09984 -7.09457
-7.12144 -7.09331
-7.08393 -7.09157
-7.11191 -7.08954
-7.09218 -7.08801
-7.07076 -7.08467
-7.08903 -7.08313
-7.08739 -7.08061
-7.07332 -7.07771
-7.07456 -7.07188
-7.07211 -7.0689
-7.07323 -7.06567
-7.05485 -7.06386
-7.07215 -7.06073
-7.06281 -7.05665
-7.04263 -7.05281
-7.07271 -7.05107
-7.01984 -7.04919
-7.03329 -7.04662
-7.02785 -7.04111
-7.05946 -7.03999
-7.03179 -7.03867
-7.03075 -7.03661
-6.99649 -7.03346
-7.02399 -7.0301
-7.01555 -7.02793
-7.0232 -7.02469
-7.03836 -7.02316
-7.01579 -7.02191
-7.02019 -7.02046
-7.01324 -7.01955
-7.00845 -7.01486
-7.01229 -7.0132
-7.00718 -7.0128
-7.01315 -7.01234
-7.01186 -7.01155
-7.00524 -7.01072
-7.00413 -7.01001
-7.01328 -7.00836
-7.00164 -7.00781
-6.9994 -7.00597
-7.00216 -7.00526
-6.96059 -7.00171
-6.96025 -7.00018
-6.99877 -6.9993
-6.9946 -6.99629
-6.98815 -6.99328
-6.9906 -6.99137
-6.98484 -6.99044
-6.99251 -6.98901
-6.98981 -6.98769
-6.97532 -6.98652
-6.97323 -6.98249
-6.99291 -6.98095
-6.9913 -6.97976
-6.98684 -6.97887
-6.98359 -6.97668
-6.97938 -6.97554
-6.98412 -6.97485
-6.97186 -6.97412
-6.98606 -6.97314
-6.9652 -6.97128
-6.96073 -6.97044
-6.97389 -6.9676
-6.9774 -6.96594
-6.97598 -6.96547
-6.94877 -6.96136
-6.95153 -6.9597
-6.96619 -6.95737
-6.93933 -6.95533
-6.93855 -6.95478
-6.93707 -6.95381
-6.9374 -6.95125
-6.94085 -6.94823
-6.93322 -6.94743
-6.93741 -6.94425
-6.94043 -6.94337
-6.93871 -6.94169
-6.93499 -6.94079
-6.93751 -6.93831
-6.92781 -6.92709
-6.92896 -6.92166
-6.91962 -6.91842
-6.8952 -6.90928
-6.90713 -6.90294
-6.89267 -6.89395
-6.9317 -6.89108
-6.88557 -6.8864
-6.8814 -6.88004
-6.88079 -6.87683
-6.88702 -6.86864
-6.85949 -6.86163
-6.85677 -6.85651
-6.84795 -6.85034
-6.82663 -6.82839
-6.81831 -6.82001
-6.82384 -6.81196
-6.80622 -6.79922
-6.79958 -6.78292
-6.79533 -6.77583
-6.78059 -6.7731
-6.77908 -6.75688
-6.74665 -6.74079
-6.72196 -6.72776
-6.72372 -6.72402
-6.70312 -6.70741
-6.69125 -6.69665
-6.68811 -6.69204
-6.67568 -6.68383
-6.66862 -6.67391
-6.66494 -6.67217
-6.64595 -6.65726
-6.64781 -6.64093
-6.64355 -6.63716
-6.6015 -6.62744
-6.61618 -6.62507
-6.62082 -6.59797
-6.56752 -6.57013
-6.53753 -6.55278
-6.51959 -6.53948
-6.50928 -6.53286
-6.48667 -6.49184
-6.43952 -6.448
-6.22669 -6.22044
-5.953 -5.90632
-5.94312 -5.8952
-5.9339 -5.88514
-5.55397 -5.554
-4.80776 -4.80521
-10.9483 -10.9502
-10.9376 -10.9365
-10.935 -10.9355
-10.9273 -10.9267
-10.9226 -10.9221
-10.9217 -10.9206
-10.9089 -10.9111
-10.9009 -10.9023
-10.8985 -10.8996
-10.8982 -10.899
-10.892 -10.8946
-10.8884 -10.8918
-10.8868 -10.8902
-10.8872 -10.8869
-10.882 -10.8826
-10.8781 -10.8791
-10.9369 -10.8775
-10.8745 -10.8743
-10.9358 -10.8627
-10.8544 -10.8567
-10.8538 -10.8544
-10.9032 -10.851
-10.8418 -10.8422
-10.8328 -10.8367
-10.831 -10.8323
-10.8186 -10.8183
-10.8184 -10.8146
-10.8065 -10.8096
-10.7994 -10.8027
-10.7914 -10.7889
-10.7735 -10.7723
-10.7661 -10.7628
-10.7551 -10.7509
-10.7353 -10.7349
-10.7048 -10.7106
-10.6734 -10.659
-10.6019 -10.6084
-10.6019 -10.6083
-10.6018 -10.6082
-10.602 -10.6082
-10.6017 -10.6082
-10.6018 -10.6081
-10.6011 -10.6079
-10.6017 -10.6079
-10.6016 -10.6079
-10.6019 -10.6078
-10.6017 -10.6078
-10.6012 -10.6077
-10.6013 -10.6076
-10.6014 -10.6074
-10.6013 -10.6073
-10.6013 -10.6073
-10.6002 -10.6068
-10.5998 -10.6067
-10.6009 -10.6065
-10.6006 -10.6064
-10.6002 -10.606
-10.5974 -10.6045
-10.5989 -10.6042
-10.5989 -10.6041
-10.5965 -10.6034
-10.5865 -10.601
-10.5947 -10.5996
-10.5834 -10.5975
-10.5858 -10.593
-10.5842 -10.584
-10.5761 -10.5805
-10.5671 -10.5801
-10.5788 -10.5787
-10.574 -10.5768
-10.5729 -10.5706
-10.5609 -10.5692
-10.559 -10.5668
-10.556 -10.5627
-10.5528 -10.5585
-10.5579 -10.5536
-10.5554 -10.5482
-10.5278 -10.5375
-10.5355 -10.5344
-10.5275 -10.5336
-10.5394 -10.5323
-10.5323 -10.5314
-10.5349 -10.5273
-10.5277 -10.5255
-10.5208 -10.524
-10.5268 -10.5211
-10.5072 -10.5178
-10.5067 -10.5145
-10.5209 -10.5126
-10.5055 -10.5111
-10.5035 -10.5092
-10.5105 -10.5082
-10.5093 -10.5069
-10.4993 -10.5064
-10.5054 -10.5054
-10.4977 -10.5047
-10.4954 -10.5014
-10.5098 -10.4993
-10.4952 -10.4983
-10.4938 -10.4905
-10.4894 -10.4861
-10.4828 -10.4813
-10.4835 -10.4777
-10.4783 -10.4731
-10.4762 -10.4693
-10.4757 -10.4678
-10.475 -10.4661
-10.4728 -10.4636
-10.4713 -10.4614
-10.4629 -10.4593
-10.4579 -10.4575
-10.4536 -10.4565
-10.4636 -10.4552
-10.4606 -10.4522
-10.4694 -10.4477
-10.4402 -10.4445
-10.4315 -10.4364
-10.4431 -10.4332
-10.4344 -10.429
-10.4338 -10.4178
-10.409 -10.4102
-10.4034 -10.4009
-10.3741 -10.3785
-10.357 -10.3526
-10.2468 -10.2674
-10.2438 -10.2665
-10.2505 -10.2633
-10.2508 -10.253
-10.2405 -10.2381
-10.2301 -10.238
-10.2301 -10.238
-10.2301 -10.238
-10.2301 -10.2379
-10.23 -10.2379
-10.2298 -10.2379
-10.2301 -10.2378
-10.23 -10.2376
-10.23 -10.2376
-10.2298 -10.2376
-10.2298 -10.2376
-10.2294 -10.2375
-10.2294 -10.2375
-10.2298 -10.2374
-10.2296 -10.2372
-10.2295 -10.2371
-10.2283 -10.2367
-10.2291 -10.2367
-10.2291 -10.2365
-10.2279 -10.2362
-10.2279 -10.2361
-10.2276 -10.2359
-10.2271 -10.2346
-10.2264 -10.2342
-10.2262 -10.2341
-10.2258 -10.2339
-10.2258 -10.2339
-10.2247 -10.2334
-10.2084 -10.2143
-10.1973 -10.198
-10.1921 -10.1916
-10.1838 -10.1764
-10.1658 -10.165
-10.146 -10.1456
-10.0798 -10.0897
-10.0651 -10.0774
-10.0695 -10.0758
-10.069 -10.0744
-10.072 -10.0721
-10.0709 -10.0695
-10.0551 -10.0385
-9.97719 -10.0083
-9.96129 -9.98445
-9.95899 -9.97683
-9.94552 -9.95798
-9.94969 -9.93913
-9.94579 -9.93576
-9.93571 -9.91339
-9.91023 -9.90046
-9.9024 -9.8828
-9.83494 -9.83809
-9.83577 -9.8372
-9.83568 -9.83715
-9.8357 -9.83715
-9.8357 -9.83714
-9.83574 -9.83713
-9.83562 -9.83709
-9.83576 -9.83703
-9.8357 -9.83698
-9.83557 -9.83697
-9.83558 -9.83696
-9.83558 -9.83694
-9.83543 -9.83686
-9.83542 -9.83685
-9.83564 -9.83684
-9.83519 -9.83683
-9.83535 -9.83679
-9.83534 -9.83673
-9.83526 -9.83672
-9.83536 -9.8367
-9.83535 -9.83667
-9.83537 -9.83665
-9.83543 -9.83663
-9.83563 -9.83635
-9.83457 -9.8362
-9.83462 -9.83616
-9.83438 -9.83587
-9.83441 -9.83583
-9.8348 -9.83579
-9.83395 -9.83574
-9.83403 -9.83571
-9.8341 -9.8356
-9.83435 -9.83545
-9.83272 -9.83422
-9.8327 -9.83413
-9.83266 -9.83408
-9.83257 -9.834
-9.83193 -9.83389
-9.83195 -9.83386
-9.83262 -9.83362
-9.82745 -9.82651
-9.82258 -9.82215
-9.81612 -9.8145
-9.8501 -9.81136
-9.81223 -9.80748
-9.81128 -9.80628
-9.80785 -9.80447
-9.77798 -9.79943
-9.78054 -9.79572
-9.79603 -9.7875
-9.78287 -9.77845
-9.76216 -9.76997
-9.76669 -9.76306
-9.75408 -9.74868
-9.75248 -9.74708
-9.7565 -9.7434
-9.72852 -9.71841
-9.70712 -9.6913
-9.6979 -9.68834
-9.69851 -9.68433
-9.68688 -9.67532
-9.63506 -9.63717
-9.62636 -9.62961
-9.62636 -9.62957
-9.62634 -9.62957
-9.62642 -9.62952
-9.62625 -9.62951
-9.62636 -9.6295
-9.62639 -9.62949
-9.62637 -9.62948
-9.62637 -9.62948
-9.62636 -9.62948
-9.62626 -9.62947
-9.62638 -9.62947
-9.62631 -9.62946
-9.62629 -9.62945
-9.6264 -9.62944
-9.62629 -9.62944
-9.6262 -9.62943
-9.62635 -9.62943
-9.62621 -9.62942
-9.62635 -9.62942
-9.62628 -9.62941
-9.6264 -9.62941
-9.62632 -9.62941
-9.62649 -9.62939
-9.62619 -9.62939
-9.62639 -9.62938
-9.62625 -9.62937
-9.62639 -9.62936
-9.62609 -9.62935
-9.6264 -9.62934
-9.62628 -9.62934
-9.62626 -9.62932
-9.62635 -9.6293
-9.6265 -9.62919
-9.62647 -9.62917
-9.62583 -9.62911
-9.6261 -9.6291
-9.62591 -9.62907
-9.62633 -9.62906
-9.62641 -9.62885
-9.62571 -9.62859
-9.62504 -9.62829
-9.62477 -9.62796
-9.62458 -9.62692
-9.62303 -9.62681
-9.62295 -9.62613
-9.62269 -9.62573
-9.62112 -9.6249
-9.61957 -9.62158
-9.61371 -9.61831
-9.61318 -9.61624
-9.61057 -9.61292
-9.63424 -9.60928
-9.63115 -9.60596
-9.5982 -9.60405
-9.60069 -9.60015
-9.59694 -9.59464
-9.58014 -9.58097
-9.57944 -9.57667
-9.55826 -9.55556
-9.53134 -9.51129
-9.50025 -9.4937
-9.47507 -9.46938
-9.44121 -9.45268
-9.43003 -9.44227
-9.42229 -9.42755
-9.42712 -9.42748
-9.42712 -9.42748
-9.42235 -9.42741
-9.42693 -9.42739
-9.42693 -9.4273
-9.42696 -9.42724
-9.42706 -9.42717
-9.42658 -9.42716
-9.42673 -9.42712
-9.42215 -9.42694
-9.42678 -9.4269
-9.42675 -9.42685
-9.42639 -9.42679
-9.42681 -9.42678
-9.4264 -9.42677
-9.42202 -9.42674
-9.42649 -9.42665
-9.42621 -9.42645
-9.42621 -9.42641
-9.42577 -9.42635
-9.42581 -9.42618
-9.42117 -9.4261
-9.42552 -9.42596
-9.42542 -9.4259
-9.42551 -9.42569
-9.4205 -9.42563
-9.42464 -9.42532
-9.42491 -9.42509
-9.42483 -9.42489
-9.42416 -9.42454
-9.42016 -9.42378
-9.41773 -9.42355
-9.42244 -9.42332
-9.41879 -9.42166
-9.41812 -9.42079
-9.41995 -9.42026
-9.41367 -9.41977
-9.41441 -9.41952
-9.42196 -9.4194
-9.42196 -9.4194
-9.42185 -9.41935
-9.42184 -9.41934
-9.42182 -9.41931
-9.42198 -9.41922
-9.422 -9.41922
-9.42171 -9.4192
-9.42171 -9.41919
-9.42165 -9.41918
-9.42154 -9.41916
-9.4214 -9.4191
-9.42153 -9.41907
-9.4215 -9.41906
-9.42149 -9.41904
-9.42184 -9.41902
-9.42177 -9.419
-9.42147 -9.41898
-9.41771 -9.41897
-9.42186 -9.41895
-9.42142 -9.41893
-9.42181 -9.41891
-9.42213 -9.41889
-9.41922 -9.41873
-9.42102 -9.41864
-9.42099 -9.41862
-9.42094 -9.41858
-9.41338 -9.41853
-9.41319 -9.41842
-9.42052 -9.41836
-9.42106 -9.41829
-9.42015 -9.41818
-9.42055 -9.41813
-9.42014 -9.41811
-9.42048 -9.4181
-9.42038 -9.41803
-9.42083 -9.41786
-9.41979 -9.41706
-9.41896 -9.417
-9.41979 -9.41697
-9.41971 -9.41684
-9.41821 -9.41663
-9.41895 -9.41658
-9.41894 -9.41658
-9.41967 -9.41654
-9.41817 -9.41646
-9.41444 -9.41616
-9.41937 -9.41613
-9.41417 -9.41594
-9.41178 -9.41307
-9.41068 -9.4113
-9.41062 -9.41127
-9.41063 -9.41115
-9.40364 -9.4103
-9.40414 -9.40921
-9.40781 -9.40904
-9.40664 -9.40853
-9.40639 -9.40836
-9.40577 -9.40762
-9.40279 -9.40594
-9.41049 -9.40512
-9.40817 -9.40287
-9.40737 -9.40149
-9.3998 -9.40027
-9.40009 -9.3984
-9.3955 -9.39502
-9.39617 -9.39437
-9.40134 -9.39339
-9.39033 -9.39112
-9.39554 -9.38719
-9.38968 -9.38543
-9.39228 -9.3847
-9.39219 -9.38204
-9.38107 -9.37907
-9.38225 -9.37493
-9.38106 -9.37181
-9.3822 -9.36965
-9.37631 -9.36796
-9.36808 -9.36263
-9.34465 -9.36033
-9.36458 -9.35397
-9.36274 -9.35271
-9.36168 -9.34821
-9.34748 -9.34089
-9.34974 -9.33908
-9.34342 -9.33643
-9.33672 -9.33415
-9.33513 -9.33147
-9.33418 -9.33035
-9.3366 -9.32755
-9.3351 -9.32573
-9.33153 -9.32455
-9.33107 -9.31815
-9.31943 -9.31217
-9.30305 -9.29939
-9.30024 -9.28997
-9.2866 -9.28502
-9.274 -9.27601
-9.27519 -9.26652
-9.24623 -9.26204
-9.27205 -9.25513
-9.24546 -9.25401
-9.24225 -9.25155
-9.26602 -9.24802
-9.25264 -9.23527
-9.21855 -9.22827
-9.21477 -9.22454
-9.20887 -9.21019
-9.20887 -9.21019
-9.20874 -9.21016
-9.20882 -9.21015
-9.20896 -9.21014
-9.20882 -9.21013
-9.20876 -9.2101
-9.20872 -9.21005
-9.20895 -9.21002
-9.20876 -9.21002
-9.20869 -9.21
-9.20877 -9.20998
-9.20847 -9.20994
-9.20858 -9.20993
-9.20858 -9.20992
-9.20875 -9.20991
-9.20858 -9.2099
-9.20853 -9.20988
-9.20857 -9.20986
-9.20856 -9.20985
-9.20892 -9.20981
-9.20862 -9.20979
-9.20827 -9.20976
-9.20823 -9.20964
-9.20824 -9.20956
-9.20812 -9.2095
-9.20753 -9.20917
-9.20757 -9.20914
-9.20753 -9.20911
-9.2081 -9.20907
-9.20809 -9.20905
-9.20757 -9.209
-9.20768 -9.20891
-9.20754 -9.20883
-9.2067 -9.20788
-9.20617 -9.20785
-9.20617 -9.20781
-9.20697 -9.20772
-9.20592 -9.20759
-9.20804 -9.20748
-9.20592 -9.20738
-9.20608 -9.20731
-9.19561 -9.20091
-9.18271 -9.18822
-9.14841 -9.18167
-9.15441 -9.17315
-9.15374 -9.17208
-9.1768 -9.17034
-9.15253 -9.16916
-9.15251 -9.16901
-9.14805 -9.1667
-9.16034 -9.16564
-9.16026 -9.16486
-9.15783 -9.16453
-9.15714 -9.16374
-9.16893 -9.16064
-9.13706 -9.15525
-9.14036 -9.14681
-9.15728 -9.13682
-9.13559 -9.12724
-9.11057 -9.11952
-9.10856 -9.10859
-9.11199 -9.10694
-9.10097 -9.10461
-9.10125 -9.10099
-9.09001 -9.10004
-9.12157 -9.09737
-9.11359 -9.09463
-9.09879 -9.09299
-9.09659 -9.08885
-9.09639 -9.0884
-9.09586 -9.0881
-9.09151 -9.08646
-9.09636 -9.08237
-9.08979 -9.07972
-9.07334 -9.07747
-9.066 -9.07694
-9.07205 -9.0759
-9.06922 -9.07313
-9.06908 -9.07213
-9.06846 -9.07174
-9.06536 -9.06829
-9.06234 -9.06498
-9.06056 -9.06372
-9.05947 -9.06257
-9.06827 -9.06137
-9.05512 -9.05991
-9.06631 -9.05693
-9.05204 -9.0554
-9.05102 -9.05449
-9.05118 -9.05423
-9.05147 -9.05369
-9.0572 -9.05336
-9.04751 -9.05182
-9.05924 -9.05139
-9.04646 -9.05101
-9.04564 -9.05061
-9.04616 -9.05024
-9.04529 -9.04987
-9.04562 -9.049
-9.04492 -9.04847
-9.04336 -9.04767
-9.04086 -9.04699
-9.04033 -9.04579
-9.03934 -9.04485
-9.03923 -9.04454
-9.03899 -9.04386
-9.0373 -9.04361
-9.04181 -9.04336
-9.03779 -9.04281
-9.03587 -9.04199
-9.0539 -9.0392
-9.05181 -9.03449
-9.02435 -9.03152
-9.04282 -9.02969
-9.01348 -9.02258
-9.03383 -9.01954
-9.01335 -9.00922
-9.01059 -9.00477
-9.00273 -9.00425
-9.00273 -9.00425
-9.01822 -9.0042
-9.00273 -9.00418
-9.00259 -9.00409
-9.00249 -9.00406
-9.00255 -9.00403
-9.00242 -9.00399
-9.00238 -9.00398
-9.00234 -9.00398
-9.00239 -9.00396
-9.0023 -9.00396
-9.00257 -9.00394
-9.0024 -9.00384
-9.00254 -9.00382
-9.0025 -9.0038
-9.00209 -9.00364
-9.00229 -9.00362
-9.0023 -9.00358
-9.00185 -9.00328
-9.00172 -9.00324
-9.00191 -9.00322
-9.00174 -9.00318
-9.00146 -9.00315
-9.00176 -9.0031
-9.0018 -9.00304
-9.00075 -9.00207
-9.00029 -9.00199
-9.00086 -9.00196
-9.00018 -9.0019
-9.00053 -9.00189
-9.00026 -9.00181
-9.00001 -9.00177
-8.99989 -9.00171
-9.00045 -9.00151
-9.0004 -9.00084
-9.01321 -8.99911
-8.99744 -8.99704
-8.99727 -8.99661
-8.99695 -8.99629
-8.99366 -8.99266
-8.98717 -8.9883
-8.98717 -8.9883
-8.98729 -8.98821
-8.98716 -8.9876
-8.9866 -8.98621
-8.97535 -8.98311
-8.98249 -8.9819
-8.98252 -8.98159
-8.97376 -8.98142
-8.97357 -8.97949
-8.98095 -8.97886
-8.97988 -8.97618
-8.96964 -8.97177
-8.96971 -8.97149
-8.96945 -8.9712
-8.97099 -8.96706
-8.96542 -8.96284
-8.96475 -8.96188
-8.94945 -8.95925
-8.94945 -8.95925
-8.94946 -8.95924
-8.95893 -8.95923
-8.94921 -8.95922
-8.94938 -8.9592
-8.94945 -8.95919
-8.94926 -8.95917
-8.94929 -8.95916
-8.94906 -8.95914
-8.94934 -8.95911
-8.94941 -8.95908
-8.94923 -8.95906
-8.94943 -8.95904
-8.94942 -8.95902
-8.94918 -8.95902
-8.94936 -8.959
-8.94913 -8.959
-8.94911 -8.95898
-8.94968 -8.95895
-8.94919 -8.95892
-8.94914 -8.9588
-8.94869 -8.95874
-8.94865 -8.95872
-8.94875 -8.95865
-8.94808 -8.95851
-8.94856 -8.95845
-8.9481 -8.95844
-8.94735 -8.95831
-8.94848 -8.95823
-8.94855 -8.95812
-8.94816 -8.95802
-8.94561 -8.95714
-8.94564 -8.95696
-8.94677 -8.95691
-8.94715 -8.9568
-8.94725 -8.95671
-8.94655 -8.95659
-8.94701 -8.95656
-8.94662 -8.95649
-8.94506 -8.95619
-8.94498 -8.95597
-8.961 -8.95594
-8.94626 -8.95575
-8.94685 -8.95564
-8.9466 -8.95557
-8.94557 -8.95542
-8.94621 -8.95518
-8.96081 -8.95491
-8.95994 -8.95448
-8.95812 -8.95343
-8.94669 -8.95251
-8.94615 -8.95231
-8.94015 -8.95188
-8.94582 -8.95174
-8.94015 -8.95159
-8.94266 -8.9511
-8.95673 -8.95092
-8.94096 -8.9507
-8.94173 -8.95065
-8.94031 -8.95055
-8.95409 -8.94747
-8.95021 -8.94603
-8.93389 -8.94453
-8.93289 -8.94414
-8.93202 -8.94322
-8.93069 -8.94276
-8.94915 -8.9412
-8.94608 -8.93803
-8.9441 -8.93594
-8.93512 -8.93434
-8.93748 -8.93193
-8.92986 -8.92853
-8.92842 -8.92593
-8.92791 -8.92504
-8.92688 -8.92372
-8.93129 -8.92207
-8.93084 -8.9216
-8.92381 -8.92096
-8.9197 -8.9198
-8.9195 -8.91966
-8.9186 -8.91765
-8.91595 -8.91546
-8.91598 -8.91524
-8.92076 -8.91455
-8.90399 -8.91336
-8.92777 -8.91303
-8.92346 -8.91113
-8.91109 -8.9099
-8.91041 -8.90952
-8.91056 -8.90859
-8.90976 -8.90786
-8.90572 -8.90359
-8.90199 -8.90091
-8.90025 -8.89874
-8.89804 -8.89667
-8.89726 -8.89432
-8.88739 -8.88762
-8.88558 -8.88433
-8.88027 -8.88094
-8.87815 -8.87998
-8.87782 -8.87891
-8.87664 -8.87842
-8.87627 -8.87629
-8.87121 -8.87313
-8.86517 -8.87221
-8.85928 -8.86471
-8.85934 -8.86468
-8.85955 -8.86461
-8.85909 -8.86454
-8.85927 -8.86453
-8.85977 -8.86426
-8.85869 -8.86407
-8.85909 -8.86405
-8.85903 -8.86397
-8.85854 -8.86388
-8.8593 -8.86347
-8.87021 -8.86341
-8.85873 -8.86328
-8.85809 -8.86325
-8.86001 -8.86319
-8.85755 -8.86306
-8.86014 -8.86299
-8.87825 -8.8626
-8.85902 -8.86151
-8.85614 -8.86141
-8.85548 -8.86115
-8.87843 -8.86084
-8.8532 -8.85944
-8.85251 -8.85824
-8.8522 -8.85777
-8.85216 -8.85743
-8.85204 -8.85723
-8.85093 -8.8567
-8.85038 -8.85624
-8.85077 -8.85519
-8.84971 -8.85319
-8.84938 -8.8524
-8.85214 -8.85205
-8.85209 -8.8519
-8.85114 -8.85132
-8.8442 -8.85036
-8.84417 -8.85015
-8.84821 -8.84901
-8.84314 -8.84865
-8.84308 -8.84862
-8.84273 -8.84834
-8.84599 -8.84598
-8.84218 -8.84354
-8.84013 -8.83803
-8.83828 -8.83782
-8.83935 -8.83677
-8.83611 -8.83611
-8.81198 -8.83327
-8.82487 -8.82859
-8.82613 -8.82523
-8.82024 -8.8208
-8.82313 -8.81869
-8.79673 -8.81564
-8.81348 -8.81368
-8.81148 -8.81075
-8.801 -8.80423
-8.79884 -8.80125
-8.78533 -8.79744
-8.79926 -8.79632
-8.78368 -8.79566
-8.7964 -8.79477
-8.7964 -8.79477
-8.79643 -8.79471
-8.79646 -8.7947
-8.79632 -8.7947
-8.79618 -8.79461
-8.79636 -8.79459
-8.79613 -8.79457
-8.7962 -8.79455
-8.79643 -8.79454
-8.79634 -8.79453
-8.79591 -8.79452
-8.79627 -8.79452
-8.79599 -8.79451
-8.79622 -8.7945
-8.79613 -8.79449
-8.79605 -8.79447
-8.79598 -8.7944
-8.79637 -8.79438
-8.79593 -8.79436
-8.7963 -8.79428
-8.7963 -8.79427
-8.79628 -8.7942
-8.79585 -8.79418
-8.79592 -8.79416
-8.79596 -8.79382
-8.79494 -8.79381
-8.79511 -8.7938
-8.79511 -8.79378
-8.7956 -8.79373
-8.79518 -8.79371
-8.79517 -8.79369
-8.79547 -8.79365
-8.80663 -8.7933
-8.79352 -8.79263
-8.79352 -8.7926
-8.79474 -8.79259
-8.79351 -8.79258
-8.79493 -8.79253
-8.79384 -8.79244
-8.79384 -8.79243
-8.79441 -8.79239
-8.79449 -8.79233
-8.78541 -8.7895
-8.7963 -8.78836
-8.78159 -8.77995
-8.78487 -8.77669
-8.78234 -8.77539
-8.77808 -8.77062
-8.77838 -8.76411
-8.75817 -8.762
-8.76437 -8.76069
-8.74052 -8.7565
-8.76704 -8.75454
-8.75436 -8.74842
-8.75064 -8.74711
-8.74798 -8.7449
-8.74903 -8.74264
-8.74552 -8.74049
-8.75906 -8.73335
-8.71679 -8.72651
-8.72892 -8.72241
-8.74006 -8.72136
-8.71432 -8.71498
-8.71432 -8.71498
-8.71369 -8.71362
-8.70886 -8.71255
-8.72086 -8.71107
-8.70502 -8.71011
-8.71036 -8.70962
-8.70045 -8.70936
-8.70869 -8.70852
-8.70168 -8.70768
-8.70812 -8.70713
-8.70747 -8.70683
-8.70569 -8.7063
-8.70448 -8.70569
-8.70358 -8.70405
-8.7092 -8.70154
-8.69226 -8.69994
-8.69744 -8.69819
-8.69526 -8.69774
-8.69718 -8.69701
-8.70078 -8.696
-8.70588 -8.69354
-8.69264 -8.69143
-8.68877 -8.68927
-8.67686 -8.68782
-8.68369 -8.6876
-8.68456 -8.68688
-8.68444 -8.68616
-8.68379 -8.68446
-8.67521 -8.6806
-8.67423 -8.67968
-8.67295 -8.67897
-8.67378 -8.67808
-8.68182 -8.67728
-8.67145 -8.67637
-8.66771 -8.67549
-8.67706 -8.67451
-8.66735 -8.67259
-8.67146 -8.67093
-8.68287 -8.67019
-8.65737 -8.66869
-8.6636 -8.66071
-8.66043 -8.65782
-8.65887 -8.65294
-8.65608 -8.65105
-8.65573 -8.6501
-8.65511 -8.64914
-8.65066 -8.64622
-8.64931 -8.64491
-8.65789 -8.64432
-8.64533 -8.64245
-8.65294 -8.64153
-8.64464 -8.6411
-8.64315 -8.64096
-8.64901 -8.64075
-8.64834 -8.64018
-8.6455 -8.6396
-8.64736 -8.63922
-8.64751 -8.63851
-8.64555 -8.63813
-8.64686 -8.6377
-8.63945 -8.63722
-8.63863 -8.63601
-8.63914 -8.63579
-8.64442 -8.63466
-8.64225 -8.63356
-8.6344 -8.63238
-8.64242 -8.63217
-8.62848 -8.63193
-8.63293 -8.6318
-8.6336 -8.6317
-8.63507 -8.6313
-8.63264 -8.63092
-8.62622 -8.63036
-8.64022 -8.62947
-8.6341 -8.62864
-8.63898 -8.62799
-8.63771 -8.6265
-8.6364 -8.62494
-8.63369 -8.6249
-8.627 -8.62329
-8.62391 -8.62237
-8.624 -8.62233
-8.62638 -8.62231
-8.62404 -8.6223
-8.62421 -8.62223
-8.62339 -8.62209
-8.62356 -8.62206
-8.62369 -8.62197
-8.62373 -8.62188
-8.63371 -8.6218
-8.62346 -8.62169
-8.62298 -8.62151
-8.6231 -8.62145
-8.62343 -8.62127
-8.62337 -8.62123
-8.62334 -8.62119
-8.62255 -8.62096
-8.6225 -8.62085
-8.62248 -8.62069
-8.6092 -8.62016
-8.62365 -8.61942
-8.62069 -8.61905
-8.62066 -8.61904
-8.6206 -8.61899
-8.61777 -8.6165
-8.63064 -8.61584
-8.61749 -8.61569
-8.61743 -8.61565
-8.60745 -8.6146
-8.60761 -8.61454
-8.60732 -8.61449
-8.60695 -8.61437
-8.60695 -8.61436
-8.60696 -8.61435
-8.60695 -8.61433
-8.60715 -8.61419
-8.60715 -8.61416
-8.607 -8.61413
-8.60704 -8.61411
-8.60699 -8.61406
-8.60738 -8.61388
-8.60655 -8.61383
-8.60657 -8.61373
-8.60678 -8.61366
-8.60604 -8.61363
-8.60697 -8.61354
-8.62645 -8.6134
-8.60569 -8.61306
-8.60597 -8.61301
-8.60556 -8.61291
-8.60454 -8.61255
-8.61635 -8.6125
-8.60613 -8.6124
-8.60648 -8.61221
-8.62501 -8.61173
-8.60457 -8.61159
-8.60411 -8.61145
-8.60394 -8.61121
-8.62363 -8.61015
-8.59853 -8.60978
-8.60992 -8.60915
-8.61002 -8.60912
-8.59792 -8.60855
-8.60089 -8.60851
-8.60084 -8.60842
-8.60097 -8.60803
-8.60097 -8.60796
-8.60076 -8.60761
-8.59999 -8.60741
-8.60899 -8.60723
-8.59514 -8.60718
-8.59956 -8.60688
-8.60775 -8.60609
-8.59436 -8.60524
-8.59385 -8.60304
-8.59304 -8.60115
-8.61307 -8.60026
-8.60715 -8.5999
-8.60379 -8.59976
-8.59296 -8.59972
-8.5928 -8.59957
-8.59941 -8.59943
-8.58979 -8.59924
-8.61328 -8.59893
-8.60602 -8.59887
-8.61298 -8.59873
-8.60434 -8.59839
-8.60061 -8.59652
-8.60215 -8.59471
-8.59747 -8.59333
-8.60114 -8.59213
-8.59933 -8.59126
-8.59281 -8.59034
-8.59114 -8.58954
-8.58474 -8.58772
-8.5949 -8.58625
-8.58982 -8.58553
-8.57965 -8.58407
-8.57965 -8.58407
-8.57973 -8.58402
-8.57973 -8.58401
-8.57966 -8.58401
-8.57959 -8.58398
-8.5796 -8.58388
-8.57929 -8.58388
-8.57956 -8.58387
-8.57928 -8.58387
-8.57943 -8.58386
-8.57954 -8.58386
-8.57942 -8.58385
-8.57939 -8.58384
-8.57923 -8.58383
-8.57918 -8.58382
-8.57945 -8.58377
-8.57945 -8.58376
-8.57943 -8.58374
-8.57957 -8.58367
-8.57955 -8.58365
-8.57919 -8.58363
-8.57919 -8.58362
-8.57919 -8.58361
-8.57953 -8.58357
-8.57914 -8.58355
-8.57909 -8.58352
-8.57913 -8.5835
-8.5787 -8.58322
-8.57845 -8.5832
-8.57905 -8.5832
-8.57866 -8.58317
-8.57892 -8.58312
-8.57907 -8.58299
-8.57876 -8.58296
-8.57841 -8.58293
-8.57871 -8.58285
-8.57811 -8.58209
-8.57808 -8.58206
-8.57715 -8.58205
-8.57783 -8.58187
-8.57811 -8.5817
-8.57713 -8.58166
-8.57759 -8.58162
-8.57781 -8.5815
-8.58779 -8.57955
-8.58708 -8.57779
-8.5804 -8.57638
-8.57342 -8.57518
-8.57766 -8.57454
-8.57582 -8.57226
-8.56684 -8.57059
-8.56685 -8.5705
-8.5668 -8.57048
-8.56685 -8.57046
-8.56683 -8.57044
-8.5668 -8.57033
-8.56673 -8.5703
-8.56652 -8.57029
-8.56664 -8.57027
-8.56663 -8.57026
-8.56668 -8.57023
-8.56653 -8.57019
-8.56674 -8.57002
-8.56647 -8.57
-8.56661 -8.56996
-8.56638 -8.56995
-8.5662 -8.56981
-8.56591 -8.56979
-8.56626 -8.56968
-8.56619 -8.56966
-8.56636 -8.56962
-8.56633 -8.5696
-8.5664 -8.56957
-8.56574 -8.56953
-8.56607 -8.56947
-8.56524 -8.56942
-8.57531 -8.56931
-8.56435 -8.56844
-8.56444 -8.56834
-8.56494 -8.56821
-8.56379 -8.56816
-8.56493 -8.56809
-8.5647 -8.56794
-8.56396 -8.5676
-8.5639 -8.56751
-8.56414 -8.5673
-8.56327 -8.56723
-8.56316 -8.56713
-8.57294 -8.56658
-8.56201 -8.56607
-8.56022 -8.56403
-8.57574 -8.5639
-8.55989 -8.56383
-8.56007 -8.56375
-8.56031 -8.56327
-8.56023 -8.56324
-8.56012 -8.56314
-8.55878 -8.563
-8.55862 -8.56295
-8.55845 -8.56275
-8.56889 -8.56237
-8.55695 -8.5581
-8.56317 -8.55729
-8.57293 -8.5567
-8.56744 -8.5542
-8.552 -8.55258
-8.55012 -8.54813
-8.54934 -8.54696
-8.55246 -8.54474
-8.54887 -8.54361
-8.54959 -8.54227
-8.54459 -8.5406
-8.53816 -8.5385
-8.55031 -8.53562
-8.54701 -8.52745
-8.54201 -8.5257
-8.52908 -8.52485
-8.52716 -8.52351
-8.53503 -8.52292
-8.53469 -8.52227
-8.52502 -8.52119
-8.54515 -8.51917
-8.54466 -8.51764
-8.52177 -8.5168
-8.51667 -8.51595
-8.51797 -8.51283
-8.51453 -8.5087
-8.53476 -8.5084
-8.51854 -8.50647
-8.51676 -8.50442
-8.50846 -8.50316
-8.50507 -8.49807
-8.49317 -8.4907
-8.49516 -8.48987
-8.48419 -8.48917
-8.48039 -8.48846
-8.47972 -8.48749
-8.49478 -8.48682
-8.48366 -8.48491
-8.48451 -8.48201
-8.48746 -8.47879
-8.50317 -8.47796
-8.48241 -8.47453
-8.46402 -8.47146
-8.46204 -8.47058
-8.4632 -8.46916
-8.46207 -8.46769
-8.46591 -8.4655
-8.45728 -8.46203
-8.45494 -8.4581
-8.45939 -8.45627
-8.45664 -8.45166
-8.45264 -8.45126
-8.45248 -8.4501
-8.44261 -8.44818
-8.4514 -8.44719
-8.45682 -8.44653
-8.45086 -8.44602
-8.45016 -8.44464
-8.45013 -8.44456
-8.45009 -8.44452
-8.45181 -8.44434
-8.44811 -8.44374
-8.44893 -8.44284
-8.44813 -8.44281
-8.44837 -8.44244
-8.44828 -8.44198
-8.4458 -8.44037
-8.44665 -8.43985
-8.44566 -8.43856
-8.44024 -8.43712
-8.44067 -8.43473
-8.42937 -8.43353
-8.43422 -8.43339
-8.44078 -8.43246
-8.43364 -8.43125
-8.43939 -8.43077
-8.43348 -8.42843
-8.4521 -8.4281
-8.45111 -8.42565
-8.43295 -8.42322
-8.43386 -8.42247
-8.44657 -8.41973
-8.41588 -8.41821
-8.41661 -8.41596
-8.43539 -8.41511
-8.42655 -8.41415
-8.43746 -8.41207
-8.40881 -8.40947
-8.41993 -8.40743
-8.40004 -8.40654
-8.40106 -8.40349
-8.40483 -8.40048
-8.4069 -8.39764
-8.40679 -8.39451
-8.39735 -8.38964
-8.38021 -8.38796
-8.38418 -8.38563
-8.40022 -8.3849
-8.38527 -8.38372
-8.3927 -8.38296
-8.39495 -8.37906
-8.38464 -8.37837
-8.37584 -8.3774
-8.37602 -8.37598
-8.37248 -8.37486
-8.38986 -8.37379
-8.36644 -8.37351
-8.3758 -8.37302
-8.37316 -8.37271
-8.3714 -8.37239
-8.36821 -8.37237
-8.36805 -8.37232
-8.3681 -8.37231
-8.36795 -8.3723
-8.36773 -8.37226
-8.3685 -8.3722
-8.36782 -8.37218
-8.36783 -8.37216
-8.36788 -8.37216
-8.36787 -8.37214
-8.36812 -8.37214
-8.36818 -8.37214
-8.3678 -8.37213
-8.36794 -8.37213
-8.36847 -8.37212
-8.36803 -8.37211
-8.36811 -8.3721
-8.36831 -8.372
-8.36826 -8.37192
-8.3675 -8.3719
-8.36822 -8.37189
-8.3743 -8.37187
-8.36757 -8.37186
-8.36709 -8.37185
-8.36798 -8.37182
-8.36716 -8.37177
-8.36699 -8.37154
-8.36777 -8.37149
-8.36765 -8.37144
-8.36724 -8.37143
-8.36726 -8.37142
-8.3674 -8.37141
-8.36707 -8.37139
-8.36716 -8.37135
-8.36982 -8.37134
-8.36698 -8.37042
-8.36505 -8.37039
-8.3654 -8.37038
-8.3669 -8.37035
-8.36678 -8.37027
-8.36612 -8.37026
-8.36613 -8.37024
-8.3664 -8.37023
-8.36496 -8.37019
-8.36655 -8.37017
-8.36477 -8.37015
-8.3663 -8.37014
-8.36648 -8.3701
-8.3648 -8.36993
-8.36475 -8.36993
-8.36449 -8.36988
-8.36453 -8.36985
-8.37336 -8.36975
-8.36459 -8.36965
-8.36412 -8.36959
-8.37051 -8.36944
-8.36386 -8.36925
-8.36385 -8.36921
-8.36352 -8.36895
-8.36339 -8.3688
-8.36256 -8.36828
-8.36259 -8.36826
-8.36317 -8.36803
-8.36227 -8.36756
-8.36258 -8.36719
-8.36512 -8.3662
-8.36793 -8.36592
-8.35887 -8.36466
-8.36073 -8.36432
-8.35847 -8.36408
-8.35845 -8.36405
-8.35866 -8.364
-8.36004 -8.36362
-8.35755 -8.36337
-8.35916 -8.36273
-8.3576 -8.36158
-8.35686 -8.36151
-8.35701 -8.36141
-8.35693 -8.36137
-8.35464 -8.36106
-8.35679 -8.36097
-8.35651 -8.36092
-8.35741 -8.36086
-8.35595 -8.36083
-8.35593 -8.3608
-8.35592 -8.36077
-8.35589 -8.36074
-8.35548 -8.3607
-8.35582 -8.36052
-8.37887 -8.36032
-8.35574 -8.36013
-8.35573 -8.36012
-8.35517 -8.36003
-8.3552 -8.35985
-8.35478 -8.3596
-8.365 -8.35944
-8.35337 -8.35882
-8.3534 -8.35878
-8.35345 -8.35875
-8.35457 -8.35863
-8.35346 -8.35858
-8.37111 -8.35834
-8.35122 -8.35757
-8.35404 -8.35729
-8.35166 -8.35715
-8.35167 -8.35708
-8.35662 -8.3562
-8.35224 -8.356
-8.34973 -8.35578
-8.35046 -8.35563
-8.35917 -8.3556
-8.35131 -8.35551
-8.34941 -8.3553
-8.34949 -8.35524
-8.34999 -8.35517
-8.35043 -8.35507
-8.35117 -8.35488
-8.35103 -8.35478
-8.35001 -8.35471
-8.34928 -8.35456
-8.3584 -8.35292
-8.34619 -8.35256
-8.34885 -8.35231
-8.35007 -8.35209
-8.34359 -8.35106
-8.34863 -8.34976
-8.35989 -8.34964
-8.35757 -8.34929
-8.34135 -8.34884
-8.34287 -8.34854
-8.34283 -8.34846
-8.34277 -8.34836
-8.34321 -8.34797
-8.344 -8.34758
-8.34288 -8.34684
-8.34124 -8.34645
-8.35217 -8.34607
-8.33727 -8.34474
-8.33903 -8.34453
-8.34881 -8.34358
-8.33811 -8.34318
-8.3504 -8.34303
-8.33649 -8.34248
-8.33653 -8.34209
-8.33963 -8.34194
-8.33643 -8.34172
-8.33754 -8.34108
-8.34176 -8.3407
-8.33269 -8.34041
-8.33395 -8.34024
-8.34439 -8.33927
-8.3322 -8.33922
-8.33525 -8.3386
-8.33468 -8.3381
-8.33328 -8.33801
-8.33343 -8.33731
-8.32941 -8.33667
-8.33483 -8.33579
-8.3277 -8.335
-8.33701 -8.33436
-8.3412 -8.33313
-8.32737 -8.33292
-8.31943 -8.33226
-8.32389 -8.33122
-8.32913 -8.33048
-8.33073 -8.32959
-8.32366 -8.32933
-8.33168 -8.32878
-8.33156 -8.3286
-8.3314 -8.32843
-8.33819 -8.32764
-8.31343 -8.32677
-8.33523 -8.32547
-8.32887 -8.32385
-8.32816 -8.32265
-8.31498 -8.32031
-8.31749 -8.31858
-8.31752 -8.31773
-8.32003 -8.31684
-8.31249 -8.31635
-8.315 -8.31591
-8.31493 -8.31555
-8.31421 -8.31506
-8.31543 -8.31493
-8.31563 -8.31487
-8.31381 -8.31461
-8.31644 -8.31444
-8.31784 -8.31393
-8.31951 -8.31382
-8.317 -8.31353
-8.30731 -8.31285
-8.31797 -8.31164
-8.31087 -8.31044
-8.30215 -8.30959
-8.31528 -8.30902
-8.30738 -8.30851
-8.31486 -8.30811
-8.31098 -8.30769
-8.30331 -8.30728
-8.31042 -8.30675
-8.30174 -8.30449
-8.30254 -8.30364
-8.2964 -8.30282
-8.29693 -8.30174
-8.29576 -8.30072
-8.31089 -8.29995
-8.31072 -8.2997
-8.31147 -8.29943
-8.29357 -8.2985
-8.29881 -8.29605
-8.29947 -8.29547
-8.29673 -8.29486
-8.29265 -8.29359
-8.30967 -8.29181
-8.29377 -8.29006
-8.29041 -8.28656
-8.28259 -8.28499
-8.28796 -8.28482
-8.28706 -8.28451
-8.28264 -8.28323
-8.28555 -8.28169
-8.28961 -8.28028
-8.28391 -8.27862
-8.2849 -8.27738
-8.28627 -8.27692
-8.28522 -8.27501
-8.28073 -8.27229
-8.26868 -8.2715
-8.2727 -8.27029
-8.26131 -8.26853
-8.27053 -8.267
-8.2595 -8.26578
-8.27531 -8.2637
-8.25781 -8.26259
-8.26185 -8.25956
-8.25657 -8.2584
-8.2553 -8.25505
-8.24989 -8.25461
-8.24959 -8.25408
-8.25364 -8.25335
-8.25961 -8.25228
-8.25424 -8.25139
-8.24736 -8.25133
-8.24739 -8.25122
-8.27015 -8.25064
-8.25072 -8.24889
-8.25704 -8.24863
-8.25561 -8.2463
-8.25416 -8.24594
-8.24106 -8.2453
-8.24111 -8.24491
-8.24028 -8.24411
-8.24114 -8.24407
-8.24538 -8.2434
-8.24008 -8.24332
-8.24411 -8.24322
-8.25238 -8.24261
-8.24407 -8.24201
-8.2387 -8.24138
-8.25049 -8.24075
-8.25003 -8.24032
-8.24981 -8.24012
-8.2367 -8.23935
-8.23984 -8.23911
-8.23626 -8.23865
-8.23464 -8.23789
-8.23504 -8.23759
-8.23469 -8.23688
-8.24622 -8.23658
-8.23785 -8.23496
-8.23521 -8.23441
-8.23611 -8.23332
-8.24524 -8.23276
-8.23194 -8.23235
-8.23456 -8.23155
-8.23401 -8.2297
-8.24072 -8.22963
-8.22767 -8.22826
-8.23811 -8.22664
-8.22737 -8.22583
-8.22786 -8.2253
-8.23236 -8.22309
-8.23133 -8.2218
-8.21659 -8.21997
-8.22847 -8.21854
-8.22533 -8.2174
-8.22508 -8.21658
-8.22416 -8.21639
-8.2163 -8.21594
-8.25682 -8.21523
-8.2257 -8.21352
-8.21907 -8.20981
-8.21504 -8.20769
-8.21428 -8.20673
-8.203 -8.20386
-8.19485 -8.20249
-8.20139 -8.20039
-8.20063 -8.19868
-8.19829 -8.19651
-8.20417 -8.19608
-8.19674 -8.19533
-8.18985 -8.19414
-8.19481 -8.19112
-8.19337 -8.18992
-8.19231 -8.18883
-8.19594 -8.18816
-8.18959 -8.18645
-8.1975 -8.18617
-8.18886 -8.18506
-8.18986 -8.18451
-8.19701 -8.18408
-8.19186 -8.18306
-8.19429 -8.18214
-8.19165 -8.18128
-8.17128 -8.17895
-8.17941 -8.17803
-8.20069 -8.17736
-8.17607 -8.17455
-8.16835 -8.17008
-8.1629 -8.1691
-8.16693 -8.16432
-8.17405 -8.16273
-8.17061 -8.16041
-8.17943 -8.15983
-8.1546 -8.15922
-8.1546 -8.15922
-8.1546 -8.15921
-8.1546 -8.15921
-8.15464 -8.15917
-8.15464 -8.15916
-8.15464 -8.15915
-8.15445 -8.15914
-8.1546 -8.15912
-8.15428 -8.15902
-8.15446 -8.15901
-8.15434 -8.159
-8.15444 -8.159
-8.15458 -8.159
-8.15458 -8.15899
-8.15435 -8.15899
-8.15443 -8.15898
-8.15424 -8.15897
-8.1544 -8.15897
-8.15423 -8.15897
-8.15458 -8.15896
-8.16662 -8.15893
-8.15393 -8.1588
-8.15445 -8.15876
-8.15406 -8.15874
-8.15444 -8.15872
-8.15408 -8.15871
-8.15387 -8.15865
-8.15441 -8.15863
-8.15378 -8.15858
-8.15389 -8.15837
-8.1536 -8.15834
-8.15364 -8.15833
-8.15365 -8.15832
-8.1535 -8.15831
-8.15383 -8.15828
-8.15378 -8.15826
-8.15365 -8.15825
-8.15383 -8.15821
-8.16597 -8.15802
-8.15303 -8.15736
-8.15241 -8.15724
-8.15246 -8.1572
-8.15249 -8.15714
-8.15303 -8.15711
-8.15236 -8.15705
-8.15245 -8.15693
-8.1528 -8.1561
-8.16526 -8.15471
-8.1525 -8.15168
-8.15132 -8.15044
-8.1459 -8.14919
-8.15328 -8.14878
-8.14334 -8.14621
-8.14389 -8.14581
-8.14191 -8.14559
-8.1437 -8.14546
-8.14329 -8.14515
-8.14092 -8.14493
-8.13882 -8.14214
-8.15471 -8.14172
-8.13922 -8.14096
-8.13645 -8.14036
-8.13229 -8.13929
-8.13162 -8.13844
-8.13175 -8.13772
-8.13088 -8.13702
-8.13176 -8.13674
-8.14077 -8.13497
-8.14069 -8.13431
-8.13019 -8.13314
-8.13422 -8.13261
-8.13555 -8.13253
-8.1322 -8.13179
-8.1317 -8.1313
-8.12073 -8.13027
-8.12656 -8.13006
-8.12055 -8.12953
-8.14293 -8.12912
-8.14098 -8.128
-8.12898 -8.12704
-8.13868 -8.1265
-8.12642 -8.12594
-8.11343 -8.12449
-8.11467 -8.12416
-8.1352 -8.12363
-8.12359 -8.12297
-8.11157 -8.12284
-8.11187 -8.12268
-8.1106 -8.12207
-8.12294 -8.12201
-8.11405 -8.12146
-8.1114 -8.12049
-8.12219 -8.12
-8.11259 -8.11531
-8.11256 -8.11528
-8.11258 -8.11528
-8.1125 -8.11528
-8.11252 -8.11528
-8.11259 -8.11528
-8.11262 -8.11527
-8.11255 -8.11527
-8.11261 -8.11527
-8.11258 -8.11526
-8.11255 -8.11526
-8.1126 -8.11525
-8.1126 -8.11525
-8.11259 -8.11524
-8.11263 -8.11524
-8.11251 -8.11524
-8.11258 -8.11524
-8.11259 -8.11524
-8.11252 -8.11523
-8.11265 -8.11522
-8.11254 -8.11522
-8.11261 -8.11521
-8.11231 -8.1152
-8.1126 -8.11518
-8.11266 -8.11518
-8.11266 -8.11509
-8.11248 -8.115
-8.11469 -8.11492
-8.11465 -8.11479
-8.11189 -8.11471
-8.11156 -8.11413
-8.11051 -8.11391
-8.10864 -8.11351
-8.11026 -8.11276
-8.11035 -8.11218
-8.12472 -8.11165
-8.11052 -8.11118
-8.11132 -8.11066
-8.11316 -8.10989
-8.10732 -8.10962
-8.10653 -8.1089
-8.12103 -8.1076
-8.12059 -8.10711
-8.11902 -8.10536
-8.10602 -8.10467
-8.09644 -8.10434
-8.11594 -8.10185
-8.09608 -8.10076
-8.10197 -8.09943
-8.10806 -8.09475
-8.09589 -8.09323
-8.10592 -8.09228
-8.09471 -8.09124
-8.10411 -8.09022
-8.08204 -8.08962
-8.10265 -8.08857
-8.08663 -8.08741
-8.10115 -8.08689
-8.08911 -8.0862
-8.0782 -8.08504
-8.10278 -8.0842
-8.08282 -8.08348
-8.08446 -8.08302
-8.08017 -8.08173
-8.07589 -8.08126
-8.08376 -8.08036
-8.08546 -8.08002
-8.08499 -8.07987
-8.08516 -8.07985
-8.08494 -8.07971
-8.08532 -8.0795
-8.08528 -8.07934
-8.08565 -8.07873
-8.08457 -8.07798
-8.0787 -8.07792
-8.08501 -8.07767
-8.07837 -8.0772
-8.08407 -8.07678
-8.07715 -8.07662
-8.07581 -8.07625
-8.08302 -8.07536
-8.07848 -8.07494
-8.07705 -8.07424
-8.08059 -8.0734
-8.07901 -8.07206
-8.07898 -8.07198
-8.0712 -8.07164
-8.07113 -8.07151
-8.07879 -8.07132
-8.07547 -8.07105
-8.07488 -8.0707
-8.07452 -8.07065
-8.07483 -8.07056
-8.07756 -8.07038
-8.07339 -8.07025
-8.07448 -8.0702
-8.07213 -8.06996
-8.07196 -8.06992
-8.07183 -8.06989
-8.07021 -8.06982
-8.0716 -8.0697
-8.07152 -8.06958
-8.06154 -8.06944
-8.07106 -8.06927
-8.07074 -8.06904
-8.06549 -8.06848
-8.07008 -8.06806
-8.06999 -8.06802
-8.06463 -8.06764
-8.0714 -8.06709
-8.06847 -8.06631
-8.06905 -8.06598
-8.06754 -8.06574
-8.06933 -8.06565
-8.06957 -8.06527
-8.06617 -8.06497
-8.0663 -8.06416
-8.06632 -8.06412
-8.07729 -8.06341
-8.06536 -8.06257
-8.07698 -8.06184
-8.06806 -8.06104
-8.0598 -8.06012
-8.06094 -8.05943
-8.06214 -8.05871
-8.06016 -8.05802
-8.04578 -8.05643
-8.05811 -8.05595
-8.05257 -8.05584
-8.07279 -8.05554
-8.07206 -8.05435
-8.05629 -8.05403
-8.04947 -8.05286
-8.04813 -8.05125
-8.04574 -8.05036
-8.05737 -8.04928
-8.0463 -8.04752
-8.04287 -8.04649
-8.04361 -8.04573
-8.04208 -8.04553
-8.0526 -8.04384
-8.05019 -8.0432
-8.0466 -8.04247
-8.05199 -8.04216
-8.05122 -8.04206
-8.03829 -8.0407
-8.03965 -8.04004
-8.02947 -8.03779
-8.04738 -8.03644
-8.04253 -8.03554
-8.028 -8.03417
-8.03403 -8.03374
-8.03508 -8.03327
-8.04278 -8.03275
-8.04154 -8.02955
-8.02632 -8.02628
-8.03011 -8.02504
-8.02147 -8.02329
-8.02968 -8.02154
-8.01843 -8.01981
-8.03222 -8.01914
-8.03028 -8.01701
-8.00281 -8.01605
-8.00447 -8.01179
-8.01156 -8.01037
-8.02475 -8.00973
-8.00954 -8.00762
-8.0155 -8.0071
-8.01449 -8.00611
-8.00615 -8.00459
-8.006 -8.00432
-8.01831 -8.00413
-8.00418 -8.00269
-7.99041 -8.00215
-8.00153 -8.00083
-8.0135 -7.99922
-7.9891 -7.9986
-8.01398 -7.99699
-8.00879 -7.9961
-8.01514 -7.99425
-8.00308 -7.99235
-8.00099 -7.99056
-7.98381 -7.98906
-7.98227 -7.98735
-7.99438 -7.98451
-7.9853 -7.98329
-7.97952 -7.98259
-7.97823 -7.97663
-7.97262 -7.97469
-7.97035 -7.97439
-7.96538 -7.97249
-7.97331 -7.97182
-7.96649 -7.97018
-7.96789 -7.9697
-7.9661 -7.96884
-7.96556 -7.96821
-7.96368 -7.96743
-7.98606 -7.96663
-7.96229 -7.96567
-7.96687 -7.96473
-7.96068 -7.96455
-7.95575 -7.96434
-7.96479 -7.96341
-7.95902 -7.96323
-7.9618 -7.96281
-7.95995 -7.962
-7.94927 -7.96092
-7.95953 -7.95993
-7.96149 -7.95633
-7.95329 -7.95608
-7.95672 -7.95589
-7.95298 -7.95557
-7.95365 -7.95472
-7.95444 -7.95449
-7.95218 -7.95401
-7.94237 -7.95309
-7.9641 -7.95302
-7.95184 -7.95264
-7.96342 -7.95234
-7.94963 -7.95174
-7.95228 -7.95137
-7.95216 -7.95124
-7.95043 -7.95108
-7.95015 -7.95083
-7.9528 -7.95034
-7.94726 -7.94965
-7.94849 -7.94872
-7.94166 -7.94824
-7.95012 -7.94804
-7.94564 -7.94722
-7.93941 -7.94613
-7.96105 -7.9459
-7.93588 -7.9449
-7.93871 -7.94454
-7.95147 -7.94445
-7.94486 -7.94441
-7.94466 -7.94424
-7.94502 -7.94393
-7.9442 -7.9436
-7.94344 -7.94345
-7.94386 -7.94336
-7.94253 -7.94319
-7.94272 -7.94314
-7.94272 -7.94314
-7.94273 -7.94313
-7.94273 -7.94312
-7.94284 -7.94306
-7.94313 -7.94303
-7.94265 -7.94295
-7.94246 -7.94294
-7.94263 -7.94291
-7.94237 -7.94289
-7.94228 -7.94287
-7.94265 -7.94284
-7.94266 -7.94283
-7.94225 -7.9428
-7.94373 -7.94274
-7.94226 -7.94262
-7.94216 -7.94246
-7.94185 -7.94242
-7.94189 -7.94239
-7.94274 -7.94231
-7.94206 -7.9423
-7.94214 -7.94222
-7.94227 -7.94214
-7.93781 -7.94163
-7.94095 -7.94154
-7.94111 -7.94141
-7.94095 -7.94131
-7.94127 -7.94127
-7.94142 -7.9412
-7.94019 -7.94101
-7.93809 -7.94088
-7.9408 -7.94068
-7.93617 -7.94038
-7.9356 -7.93963
-7.94232 -7.93864
-7.93297 -7.93822
-7.93067 -7.93803
-7.93029 -7.93756
-7.9287 -7.93721
-7.92873 -7.93712
-7.92892 -7.93708
-7.92898 -7.93704
-7.92888 -7.93697
-7.92902 -7.93696
-7.92917 -7.93691
-7.92917 -7.93691
-7.9289 -7.93691
-7.92911 -7.93684
-7.9291 -7.93683
-7.92907 -7.93679
-7.92899 -7.93675
-7.94348 -7.93673
-7.92847 -7.93671
-7.92841 -7.93668
-7.92896 -7.93666
-7.92895 -7.93665
-7.92926 -7.93663
-7.92857 -7.9365
-7.92861 -7.9364
-7.92778 -7.93632
-7.92866 -7.9363
-7.92874 -7.93622
-7.92844 -7.93616
-7.92793 -7.93612
-7.92801 -7.9361
-7.92933 -7.936
-7.92722 -7.93592
-7.92776 -7.93586
-7.92912 -7.93575
-7.92834 -7.93563
-7.92856 -7.93489
-7.93084 -7.93481
-7.93065 -7.93471
-7.92608 -7.93452
-7.94353 -7.93444
-7.9269 -7.93413
-7.9268 -7.93401
-7.92614 -7.93391
-7.92692 -7.93384
-7.92507 -7.93378
-7.94252 -7.93357
-7.93284 -7.9331
-7.9314 -7.93227
-7.92242 -7.93121
-7.92346 -7.93068
-7.92824 -7.93031
-7.92701 -7.93026
-7.92337 -7.93008
-7.92058 -7.92985
-7.92124 -7.92966
-7.92225 -7.92739
-7.94217 -7.92712
-7.93429 -7.92651
-7.93287 -7.92526
-7.92171 -7.92494
-7.93401 -7.92333
-7.9302 -7.92289
-7.91428 -7.92263
-7.91858 -7.92215
-7.9384 -7.92155
-7.93851 -7.92123
-7.93203 -7.92104
-7.91555 -7.92052
-7.92914 -7.92031
-7.90912 -7.91953
-7.90911 -7.9195
-7.92382 -7.91939
-7.92863 -7.91897
-7.91406 -7.91837
-7.92002 -7.91777
-7.90954 -7.91727
-7.90682 -7.91587
-7.90628 -7.91547
-7.93304 -7.91524
-7.90681 -7.91508
-7.932 -7.91413
-7.93083 -7.91288
-7.9306 -7.91252
-7.91044 -7.91137
-7.90511 -7.90989
-7.9006 -7.90892
-7.90208 -7.90724
-7.90159 -7.90698
-7.89901 -7.90684
-7.90082 -7.90595
-7.90084 -7.9052
-7.90018 -7.904
-7.90022 -7.9037
-7.89902 -7.90265
-7.89903 -7.90234
-7.89959 -7.90227
-7.90221 -7.90108
-7.89984 -7.89836
-7.89356 -7.89775
-7.88919 -7.89668
-7.89484 -7.89566
-7.89376 -7.89491
-7.90413 -7.89429
-7.88481 -7.89369
-7.89753 -7.89308
-7.89343 -7.89186
-7.89276 -7.89142
-7.89154 -7.89054
-7.89044 -7.8894
-7.88982 -7.88859
-7.88831 -7.88742
-7.8909 -7.88573
-7.87193 -7.88375
-7.87291 -7.88268
-7.8822 -7.88213
-7.87175 -7.88095
-7.87728 -7.88025
-7.86776 -7.88019
-7.87025 -7.87971
-7.8672 -7.87945
-7.89692 -7.87879
-7.86968 -7.87807
-7.86863 -7.87736
-7.87968 -7.87726
-7.87717 -7.87691
-7.8697 -7.8763
-7.87447 -7.8752
-7.8759 -7.87447
-7.87497 -7.87344
-7.87368 -7.8729
-7.89312 -7.87268
-7.86242 -7.8713
-7.85855 -7.87057
-7.86718 -7.86982
-7.86709 -7.86921
-7.87768 -7.86897
-7.87495 -7.86853
-7.86763 -7.86809
-7.86678 -7.86724
-7.86392 -7.86553
-7.86349 -7.86542
-7.86728 -7.86518
-7.86218 -7.86483
-7.85814 -7.86469
-7.85801 -7.8646
-7.8631 -7.86441
-7.85751 -7.8643
-7.86362 -7.86411
-7.85636 -7.86396
-7.85619 -7.86392
-7.85643 -7.86391
-7.8562 -7.86389
-7.85618 -7.86387
-7.86076 -7.8638
-7.85655 -7.86378
-7.85651 -7.86376
-7.85626 -7.86371
-7.85647 -7.86368
-7.85615 -7.86361
-7.85618 -7.86358
-7.86964 -7.86351
-7.85575 -7.86335
-7.85583 -7.86332
-7.8559 -7.86325
-7.86089 -7.86319
-7.8559 -7.86313
-7.85501 -7.86299
-7.85563 -7.86296
-7.85565 -7.86262
-7.85544 -7.8625
-7.8646 -7.86231
-7.8535 -7.86183
-7.85441 -7.86167
-7.86475 -7.86131
-7.85307 -7.86115
-7.8543 -7.86099
-7.85976 -7.86042
-7.85923 -7.85992
-7.84997 -7.85842
-7.86212 -7.85831
-7.85869 -7.85817
-7.85162 -7.85804
-7.84975 -7.8578
-7.8553 -7.85749
-7.85379 -7.85651
-7.8586 -7.85636
-7.8615 -7.8562
-7.85327 -7.85594
-7.85473 -7.85563
-7.86619 -7.85553
-7.8529 -7.85527
-7.86057 -7.85478
-7.85219 -7.85434
-7.86008 -7.85367
-7.85626 -7.85258
-7.85589 -7.85248
-7.86172 -7.85206
-7.84302 -7.85161
-7.84287 -7.85149
-7.85323 -7.85106
-7.86289 -7.85084
-7.8523 -7.85078
-7.83575 -7.85042
-7.8441 -7.84953
-7.84929 -7.84925
-7.8479 -7.84825
-7.84678 -7.84785
-7.84663 -7.84763
-7.85486 -7.84705
-7.84954 -7.84678
-7.83388 -7.84648
-7.84595 -7.8462
-7.84349 -7.84509
-7.83418 -7.84478
-7.8346 -7.84475
-7.83387 -7.84462
-7.83393 -7.8446
-7.84484 -7.84448
-7.83315 -7.84434
-7.83333 -7.84415
-7.83335 -7.84404
-7.83255 -7.84379
-7.84132 -7.84346
-7.85755 -7.84336
-7.84078 -7.8428
-7.8322 -7.84262
-7.83166 -7.84226
-7.83017 -7.84207
-7.82349 -7.84088
-7.84101 -7.83965
-7.82905 -7.83945
-7.82714 -7.83935
-7.82719 -7.83916
-7.82609 -7.839
-7.82616 -7.83888
-7.82925 -7.83875
-7.83837 -7.83824
-7.83482 -7.83804
-7.83477 -7.83777
-7.83373 -7.83693
-7.83881 -7.83643
-7.83108 -7.8355
-7.83886 -7.83493
-7.82691 -7.834
-7.838 -7.83382
-7.83392 -7.83365
-7.82889 -7.83316
-7.82239 -7.83304
-7.83598 -7.83302
-7.82238 -7.83295
-7.83413 -7.83271
-7.8381 -7.8323
-7.82592 -7.83103
-7.82919 -7.82951
-7.83087 -7.82764
-7.84056 -7.82619
-7.82642 -7.82532
-7.82471 -7.82427
-7.82795 -7.82239
-7.81773 -7.81848
-7.82966 -7.81583
-7.81915 -7.81472
-7.82002 -7.81294
-7.80871 -7.81128
-7.81266 -7.81017
-7.80994 -7.80805
-7.81364 -7.80738
-7.8173 -7.8056
-7.81614 -7.80444
-7.81352 -7.80313
-7.81194 -7.8026
-7.80967 -7.80195
-7.80353 -7.80115
-7.80616 -7.79991
-7.80245 -7.79827
-7.80042 -7.79626
-7.8021 -7.79555
-7.79539 -7.79412
-7.80099 -7.79285
-7.7967 -7.79215
-7.79317 -7.79155
-7.80527 -7.79138
-7.79558 -7.79073
-7.78488 -7.79069
-7.78487 -7.79068
-7.78477 -7.78971
-7.79565 -7.78845
-7.79584 -7.78793
-7.78907 -7.78707
-7.78167 -7.78527
-7.79161 -7.78487
-7.78042 -7.7845
-7.78353 -7.7831
-7.78469 -7.78252
-7.7921 -7.78218
-7.77763 -7.78162
-7.78931 -7.78098
-7.77672 -7.7801
-7.77707 -7.77978
-7.77993 -7.77947
-7.7719 -7.77889
-7.78348 -7.77766
-7.77318 -7.7762
-7.77292 -7.77563
-7.7672 -7.77522
-7.78348 -7.7741
-7.77115 -7.77362
-7.77037 -7.77302
-7.76996 -7.77279
-7.78347 -7.77246
-7.76932 -7.77137
-7.76949 -7.77119
-7.77598 -7.77107
-7.76344 -7.77033
-7.77479 -7.76999
-7.76907 -7.76991
-7.7682 -7.76934
-7.76716 -7.76847
-7.76769 -7.76798
-7.7653 -7.76755
-7.75538 -7.76687
-7.76515 -7.76675
-7.7651 -7.76642
-7.7605 -7.76551
-7.76165 -7.76458
-7.75367 -7.76348
-7.75364 -7.76342
-7.75352 -7.76324
-7.75335 -7.76318
-7.75275 -7.7626
-7.75296 -7.76247
-7.75273 -7.76242
-7.76178 -7.76217
-7.75183 -7.76138
-7.75173 -7.7612
-7.75191 -7.76109
-7.75113 -7.76076
-7.7563 -7.7603
-7.75199 -7.75978
-7.75596 -7.75953
-7.751 -7.75865
-7.75249 -7.75792
-7.75207 -7.75729
-7.75199 -7.75723
-7.75181 -7.75715
-7.75186 -7.75698
-7.75166 -7.75672
-7.75387 -7.75635
-7.75648 -7.75619
-7.75326 -7.7556
-7.76042 -7.75495
-7.73814 -7.75445
-7.74956 -7.75339
-7.76294 -7.75301
-7.75097 -7.75237
-7.76175 -7.75058
-7.76146 -7.75022
-7.76133 -7.75005
-7.7452 -7.74976
-7.75689 -7.74934
-7.75613 -7.7488
-7.74384 -7.74834
-7.74473 -7.7467
-7.74474 -7.74543
-7.74174 -7.74336
-7.74076 -7.74231
-7.78488 -7.74159
-7.74021 -7.74115
-7.73886 -7.74022
-7.7389 -7.73897
-7.7359 -7.73822
-7.73315 -7.73762
-7.73678 -7.73703
-7.73699 -7.73677
-7.73601 -7.73558
-7.73059 -7.73485
-7.73032 -7.73435
-7.72447 -7.73388
-7.72338 -7.73273
-7.7275 -7.73077
-7.72508 -7.73013
-7.72295 -7.72931
-7.7088 -7.72809
-7.73707 -7.72725
-7.73334 -7.72598
-7.7235 -7.72557
-7.73469 -7.72481
-7.71608 -7.72422
-7.73396 -7.72409
-7.72136 -7.72383
-7.7243 -7.72351
-7.72336 -7.72295
-7.72574 -7.72236
-7.7214 -7.72124
-7.71827 -7.72071
-7.71793 -7.72062
-7.71799 -7.72049
-7.7172 -7.71952
-7.72965 -7.71933
-7.71676 -7.7181
-7.71628 -7.71718
-7.71638 -7.71623
-7.72786 -7.71566
-7.71954 -7.71529
-7.71162 -7.71414
-7.70967 -7.71356
-7.70743 -7.71254
-7.69182 -7.71202
-7.71661 -7.71078
-7.70654 -7.71033
-7.70284 -7.70973
-7.71186 -7.70946
-7.71052 -7.70845
-7.70811 -7.70809
-7.71323 -7.70729
-7.70897 -7.70693
-7.70974 -7.70628
-7.71328 -7.70607
-7.70391 -7.70556
-7.71357 -7.70506
-7.71272 -7.7046
-7.69612 -7.70377
-7.70157 -7.70313
-7.70124 -7.70251
-7.70611 -7.70223
-7.70834 -7.70112
-7.69071 -7.70009
-7.71316 -7.69949
-7.69696 -7.69826
-7.69818 -7.69741
-7.69974 -7.69608
-7.69473 -7.69593
-7.69659 -7.69538
-7.70261 -7.69504
-7.69573 -7.69415
-7.69556 -7.69388
-7.6966 -7.69324
-7.69494 -7.69276
-7.69256 -7.69228
-7.68046 -7.69098
-7.68868 -7.68984
-7.68922 -7.68926
-7.68848 -7.68811
-7.68811 -7.68753
-7.6878 -7.6869
-7.67316 -7.68632
-7.68241 -7.68492
-7.6928 -7.68424
-7.69641 -7.68373
-7.68133 -7.68299
-7.68479 -7.68204
-7.68701 -7.6815
-7.67598 -7.68131
-7.67841 -7.68097
-7.68325 -7.68091
-7.67913 -7.68049
-7.68631 -7.68037
-7.68372 -7.6792
-7.68318 -7.67897
-7.66016 -7.67874
-7.68091 -7.67815
-7.67477 -7.67736
-7.68279 -7.67683
-7.68109 -7.67646
-7.68055 -7.67579
-7.68186 -7.67469
-7.6788 -7.67413
-7.67375 -7.6731
-7.67413 -7.67251
-7.66732 -7.67205
-7.6746 -7.67088
-7.68104 -7.66938
-7.64922 -7.66921
-7.67261 -7.66874
-7.66875 -7.66824
-7.66892 -7.66746
-7.6709 -7.66697
-7.66238 -7.66613
-7.66171 -7.6656
-7.66874 -7.66532
-7.66873 -7.66525
-7.6687 -7.6652
-7.66861 -7.665
-7.65783 -7.66459
-7.66267 -7.66437
-7.65863 -7.66301
-7.66858 -7.66217
-7.66718 -7.66206
-7.66773 -7.66178
-7.6647 -7.66134
-7.66834 -7.66121
-7.65874 -7.66102
-7.65761 -7.66007
-7.66667 -7.6598
-7.66567 -7.65947
-7.65573 -7.65917
-7.66858 -7.65896
-7.67341 -7.65862
-7.66513 -7.65853
-7.66305 -7.658
-7.66079 -7.65768
-7.66078 -7.65729
-7.65378 -7.65692
-7.64039 -7.65647
-7.66452 -7.65638
-7.65549 -7.65578
-7.65546 -7.65538
-7.65684 -7.65492
-7.66282 -7.65476
-7.66246 -7.65419
-7.66254 -7.65391
-7.65482 -7.65341
-7.65494 -7.65325
-7.66163 -7.65277
-7.65295 -7.65169
-7.65281 -7.65132
-7.65998 -7.65059
-7.65105 -7.65
-7.659 -7.64959
-7.65891 -7.64926
-7.65857 -7.64897
-7.65569 -7.64891
-7.65473 -7.64862
-7.65842 -7.64778
-7.63815 -7.64702
-7.65731 -7.64623
-7.64681 -7.64568
-7.63835 -7.64514
-7.65203 -7.64475
-7.65064 -7.64392
-7.63604 -7.64352
-7.6481 -7.64324
-7.65358 -7.64305
-7.63207 -7.64264
-7.63127 -7.64162
-7.63117 -7.64144
-7.63113 -7.64128
-7.63134 -7.64105
-7.64643 -7.64059
-7.64679 -7.6401
-7.64478 -7.63994
-7.64038 -7.63816
-7.63897 -7.63737
-7.64806 -7.63622
-7.64934 -7.63472
-7.64036 -7.63373
-7.62316 -7.63284
-7.63406 -7.63207
-7.64249 -7.63062
-7.64366 -7.62908
-7.61959 -7.62751
-7.63475 -7.62605
-7.64013 -7.62492
-7.62602 -7.62417
-7.63733 -7.6232
-7.6351 -7.62278
-7.62656 -7.62253
-7.62205 -7.62223
-7.6333 -7.62082
-7.621 -7.61843
-7.5977 -7.61487
-7.63021 -7.61435
-7.5964 -7.61297
-7.6124 -7.6126
-7.62827 -7.61171
-7.59499 -7.61151
-7.61477 -7.60964
-7.61935 -7.60729
-7.61068 -7.60583
-7.61642 -7.60442
-7.60883 -7.60408
-7.60583 -7.60184
-7.60089 -7.60133
-7.58664 -7.59826
-7.60793 -7.59618
-7.59919 -7.59366
-7.59513 -7.59326
-7.59104 -7.59315
-7.59211 -7.5927
-7.59044 -7.59236
-7.59147 -7.59196
-7.58958 -7.59084
-7.58907 -7.59031
-7.57932 -7.58853
-7.60184 -7.58523
-7.57382 -7.58465
-7.57341 -7.58423
-7.58809 -7.58244
-7.58398 -7.58168
-7.59717 -7.58069
-7.58967 -7.57875
-7.58033 -7.57834
-7.57774 -7.5778
-7.59267 -7.57635
-7.57649 -7.57585
-7.57503 -7.57477
-7.5751 -7.57358
-7.56978 -7.5724
-7.58891 -7.57173
-7.5664 -7.5688
-7.56374 -7.56746
-7.57724 -7.56732
-7.56298 -7.5663
-7.56283 -7.56628
-7.56272 -7.5662
-7.56009 -7.56389
-7.5598 -7.56348
-7.56046 -7.56335
-7.56137 -7.56266
-7.55786 -7.56088
-7.56291 -7.55994
-7.55791 -7.55986
-7.55723 -7.55964
-7.55583 -7.55816
-7.55364 -7.55807
-7.55254 -7.55751
-7.55563 -7.55743
-7.55528 -7.5573
-7.55479 -7.55715
-7.55452 -7.55699
-7.54474 -7.55687
-7.54474 -7.55687
-7.55465 -7.55653
-7.55183 -7.55386
-7.54247 -7.55351
-7.55108 -7.55327
-7.54287 -7.55285
-7.54673 -7.55275
-7.55308 -7.55233
-7.5469 -7.55222
-7.54686 -7.55145
-7.53771 -7.54884
-7.55068 -7.54762
-7.5556 -7.54642
-7.55275 -7.54597
-7.53939 -7.54554
-7.53944 -7.54546
-7.53813 -7.54533
-7.53782 -7.54523
-7.54647 -7.54469
-7.53161 -7.54407
-7.53761 -7.54314
-7.5377 -7.54295
-7.53608 -7.54269
-7.54249 -7.54178
-7.54502 -7.54146
-7.53535 -7.54087
-7.53079 -7.53841
-7.53604 -7.53507
-7.5362 -7.53501
-7.53632 -7.53468
-7.53363 -7.53246
-7.53363 -7.53246
-7.54544 -7.53223
-7.52358 -7.53041
-7.5298 -7.52952
-7.5296 -7.52928
-7.53185 -7.52921
-7.53181 -7.52919
-7.52295 -7.52872
-7.53248 -7.52813
-7.52098 -7.52642
-7.52708 -7.52574
-7.52028 -7.52505
-7.52007 -7.52478
-7.52438 -7.52273
-7.52438 -7.52247
-7.51898 -7.52135
-7.51082 -7.52031
-7.51162 -7.51981
-7.51154 -7.51969
-7.51956 -7.51735
-7.5224 -7.51646
-7.5087 -7.51581
-7.50717 -7.51576
-7.50862 -7.51574
-7.50866 -7.51541
-7.50699 -7.51444
-7.50559 -7.51406
-7.52561 -7.51277
-7.53043 -7.51239
-7.51894 -7.51135
-7.51405 -7.51013
-7.51419 -7.50866
-7.51825 -7.50801
-7.50644 -7.50742
-7.5104 -7.50697
-7.51849 -7.50656
-7.51085 -7.5063
-7.5106 -7.50543
-7.50977 -7.50501
-7.50978 -7.50499
-7.50976 -7.50485
-7.50975 -7.5048
-7.50993 -7.50458
-7.49701 -7.50436
-7.50784 -7.50392
-7.50815 -7.50369
-7.5131 -7.50216
-7.50512 -7.50136
-7.50454 -7.50101
-7.50105 -7.50084
-7.50399 -7.50065
-7.50692 -7.49983
-7.50784 -7.49933
-7.50286 -7.49906
-7.50431 -7.49852
-7.50518 -7.49742
-7.49185 -7.49631
-7.5025 -7.49543
-7.50171 -7.49524
-7.50122 -7.4946
-7.49884 -7.49371
-7.50497 -7.49309
-7.49292 -7.49182
-7.49019 -7.49112
-7.52565 -7.49061
-7.48858 -7.49041
-7.49161 -7.48843
-7.48796 -7.48509
-7.48681 -7.48443
-7.4841 -7.48334
-7.47465 -7.48113
-7.4824 -7.48035
-7.47777 -7.47903
-7.4754 -7.47789
-7.48858 -7.47742
-7.47203 -7.4763
-7.4674 -7.47358
-7.47015 -7.47268
-7.46752 -7.47171
-7.47506 -7.47065
-7.47379 -7.46741
-7.47483 -7.46579
-7.48209 -7.46505
-7.47347 -7.46333
-7.46217 -7.46193
-7.4702 -7.45978
-7.47191 -7.45794
-7.46884 -7.45761
-7.45931 -7.45591
-7.45213 -7.45477
-7.464 -7.45392
-7.45861 -7.45352
-7.46197 -7.45243
-7.46379 -7.45174
-7.45673 -7.45044
-7.45683 -7.44525
-7.45321 -7.43979
-7.45327 -7.43976
-7.43784 -7.43764
-7.43797 -7.43634
-7.45451 -7.43542
-7.44581 -7.433
-7.43316 -7.43158
-7.43846 -7.43044
-7.41172 -7.42987
-7.43279 -7.42927
-7.43479 -7.42851
-7.41171 -7.42585
-7.40929 -7.4227
-7.40838 -7.42154
-7.39997 -7.42094
-7.41128 -7.42015
-7.43186 -7.41923
-7.39844 -7.41864
-7.43074 -7.41832
-7.40459 -7.41708
-7.41798 -7.41656
-7.40754 -7.41566
-7.42004 -7.41535
-7.41392 -7.41448
-7.42269 -7.41378
-7.41433 -7.41265
-7.41392 -7.41215
-7.42239 -7.41046
-7.42782 -7.41018
-7.39371 -7.40914
-7.40867 -7.40891
-7.39288 -7.40858
-7.4148 -7.40822
-7.39223 -7.40766
-7.4172 -7.40729
-7.4113 -7.40648
-7.40519 -7.4061
-7.40627 -7.4039
-7.41486 -7.40237
-7.41395 -7.40137
-7.40761 -7.40036
-7.40007 -7.40021
-7.41121 -7.39985
-7.39826 -7.39931
-7.41279 -7.39889
-7.41318 -7.39782
-7.41041 -7.39728
-7.41229 -7.39661
-7.39856 -7.39608
-7.39867 -7.39536
-7.39517 -7.39497
-7.40723 -7.39371
-7.40035 -7.39195
-7.40373 -7.39049
-7.40645 -7.38953
-7.39056 -7.3861
-7.392 -7.38077
-7.38789 -7.37695
-7.37229 -7.3735
-7.36933 -7.37209
-7.36795 -7.37112
-7.37029 -7.37053
-7.36345 -7.36855
-7.36482 -7.36654
-7.36368 -7.36501
-7.36297 -7.36348
-7.35676 -7.36151
-7.35933 -7.35933
-7.3588 -7.3555
-7.34879 -7.34841
-7.34441 -7.34293
-7.33249 -7.34261
-7.33132 -7.34187
-7.32971 -7.34094
-7.32842 -7.34023
-7.34115 -7.33986
-7.34418 -7.33955
-7.32623 -7.33912
-7.33576 -7.33755
-7.33886 -7.33712
-7.33624 -7.33655
-7.35658 -7.33615
-7.35738 -7.3353
-7.35541 -7.33223
-7.32911 -7.33099
-7.33196 -7.33037
-7.31743 -7.3275
-7.32623 -7.32503
-7.32536 -7.32342
-7.34468 -7.32312
-7.32237 -7.32102
-7.31685 -7.31448
-7.2893 -7.31246
-7.31776 -7.3099
-7.30583 -7.3071
-7.30424 -7.30597
-7.32918 -7.30499
-7.30601 -7.30365
-7.30505 -7.30303
-7.29625 -7.29992
-7.29598 -7.29808
-7.30498 -7.29748
-7.29515 -7.29604
-7.29519 -7.29361
-7.28441 -7.29143
-7.29039 -7.2902
-7.2941 -7.28849
-7.29392 -7.28772
-7.29353 -7.28616
-7.30375 -7.28412
-7.28439 -7.28355
-7.30873 -7.28085
-7.29103 -7.27818
-7.30532 -7.27678
-7.2865 -7.27438
-7.28501 -7.27318
-7.26668 -7.26989
-7.28826 -7.26501
-7.27098 -7.26256
-7.26263 -7.25902
-7.2558 -7.25081
-7.25912 -7.24644
-7.2158 -7.23671
-7.24414 -7.23436
-7.22237 -7.22581
-7.21786 -7.22225
-7.2402 -7.21863
-7.20938 -7.21519
-7.21532 -7.21455
-7.21716 -7.21369
-7.2159 -7.21274
-7.20412 -7.21078
-7.20499 -7.20985
-7.20088 -7.20511
-7.21606 -7.19462
-7.19679 -7.19034
-7.17588 -7.18146
-7.17894 -7.17555
-7.16214 -7.17186
-7.15963 -7.16735
-7.16902 -7.16444
-7.12651 -7.16216
-7.16037 -7.15737
-7.16057 -7.15602
-7.14738 -7.15142
-7.11781 -7.14569
-7.15064 -7.13957
-7.13821 -7.13055
-7.12645 -7.12465
-7.10076 -7.12148
-7.09569 -7.11507
-7.0974 -7.10797
-7.12892 -7.10444
-7.08458 -7.10121
-7.10524 -7.09994
-7.08051 -7.09655
-7.09941 -7.09419
-7.09357 -7.09259
-7.09628 -7.09086
-7.08366 -7.08889
-7.08337 -7.08667
-7.08927 -7.08463
-7.1026 -7.08095
-7.08916 -7.08007
-7.06134 -7.07742
-7.05921 -7.07131
-7.07088 -7.06593
-7.07161 -7.06453
-7.04825 -7.06253
-7.08257 -7.05977
-7.06044 -7.05434
-7.04366 -7.05247
-7.0562 -7.04989
-7.04168 -7.04787
-7.04923 -7.04455
-7.0331 -7.04103
-7.03001 -7.0393
-7.04038 -7.03811
-7.0302 -7.03587
-7.03661 -7.03285
-7.03412 -7.02998
-7.01997 -7.02608
-7.02763 -7.02361
-7.01577 -7.02228
-7.0148 -7.02092
-7.01394 -7.01994
-7.01684 -7.01688
-7.0071 -7.01366
-7.01422 -7.01293
-7.01417 -7.01277
-7.01058 -7.01225
-7.00613 -7.01151
-7.00432 -7.01019
-7.00413 -7.01
-7.00243 -7.00831
-6.99941 -7.00758
-7.00098 -7.00577
-6.96164 -7.00472
-7.00361 -7.0009
-6.99961 -6.99988
-6.98581 -6.999
-6.99847 -6.99612
-7.00323 -6.99292
-6.98026 -6.99058
-6.98459 -6.98939
-6.98323 -6.98892
-7.00377 -6.98723
-6.98103 -6.98647
-6.97513 -6.98199
-6.99347 -6.98089
-6.99079 -6.97936
-6.98856 -6.97757
-6.98162 -6.97641
-6.98591 -6.97546
-6.98407 -6.97428
-6.95852 -6.97357
-6.96953 -6.97194
-6.97839 -6.9712
-6.98334 -6.97043
-6.95484 -6.96696
-6.95927 -6.96591
-6.97735 -6.96488
-6.95803 -6.96108
-6.94755 -6.95799
-6.94147 -6.95687
-6.94439 -6.95522
-6.94127 -6.95476
-6.94928 -6.95295
-6.94357 -6.94985
-6.93393 -6.94799
-6.94167 -6.9462
-6.93715 -6.94414
-6.93893 -6.94299
-6.93529 -6.94145
-6.94137 -6.93999
-6.93675 -6.93824
-6.93751 -6.92452
-6.90942 -6.92066
-6.91542 -6.91676
-6.9133 -6.90683
-6.90393 -6.90121
-6.89084 -6.89191
-6.88683 -6.88731
-6.88559 -6.88195
-6.87917 -6.87907
-6.87396 -6.87529
-6.87317 -6.86795
-6.85809 -6.85755
-6.86075 -6.85566
-6.85501 -6.83652
-6.82344 -6.82327
-6.83492 -6.81875
-6.81906 -6.80634
-6.78471 -6.78758
-6.79721 -6.78015
-6.78187 -6.77581
-6.78762 -6.76503
-6.77791 -6.75344
-6.77786 -6.73878
-6.71696 -6.72514
-6.72253 -6.71767
-6.70058 -6.70282
-6.7009 -6.69559
-6.68229 -6.68454
-6.67387 -6.67905
-6.66419 -6.67388
-6.65999 -6.66533
-6.63878 -6.64749
-6.64547 -6.63884
-6.61339 -6.63095
-6.60611 -6.62711
-6.61205 -6.61517
-6.58475 -6.58356
-6.57453 -6.56527
-6.56568 -6.54942
-6.56128 -6.53513
-6.48736 -6.522
-6.48315 -6.49144
-6.42832 -6.4392
-5.95232 -5.95208
-5.94856 -5.90175
-5.94017 -5.89195
-5.62112 -5.62442
-5.12119 -5.11607
