100     0.62123    0.02620    0.03081    0.14277      0.35460      0.66849      0.13085      0.36122      0.57992      
200     0.54209    0.02682    0.03207    0.09404      0.33854      0.50615      0.08437      0.31351      0.44794      
300     0.48794    0.02773    0.03348    0.08150      0.30325      0.41981      0.08451      0.31847      0.40415      
400     0.51180    0.02865    0.03474    0.10127      0.29545      0.51690      0.09304      0.29504      0.44674      
500     0.49095    0.02968    0.03608    0.07669      0.31369      0.34809      0.07790      0.27480      0.30531      
600     0.45332    0.03015    0.03682    0.08410      0.26678      0.35477      0.08089      0.27339      0.32971      
700     0.45625    0.03084    0.03792    0.07829      0.27472      0.34486      0.07373      0.27248      0.30887      
800     0.49001    0.03179    0.03904    0.07924      0.30721      0.32735      0.07827      0.27851      0.29630      
900     0.43690    0.03255    0.04000    0.07132      0.25988      0.33153      0.07244      0.26265      0.31631      
1000    0.44346    0.03287    0.04055    0.07517      0.26312      0.31755      0.07027      0.26025      0.29348      
1100    0.44900    0.03364    0.04160    0.06774      0.27556      0.30452      0.07036      0.25011      0.28314      
1200    0.41214    0.03399    0.04216    0.06889      0.24317      0.23935      0.06767      0.24871      0.22193      
1300    0.42073    0.03465    0.04300    0.07095      0.24662      0.25512      0.06912      0.24712      0.22428      
1400    0.46769    0.03528    0.04373    0.07193      0.28923      0.27524      0.06899      0.25494      0.24724      
1500    0.39636    0.03602    0.04457    0.06512      0.22534      0.25308      0.06473      0.23450      0.23411      
1600    0.43130    0.03642    0.04525    0.07396      0.24931      0.26365      0.07010      0.24946      0.23529      
1700    0.44088    0.03701    0.04599    0.06043      0.27131      0.26151      0.06325      0.25476      0.23065      
1800    0.40561    0.03756    0.04670    0.06833      0.22356      0.29461      0.06864      0.23311      0.28299      
1900    0.43777    0.03818    0.04752    0.08482      0.24137      0.25892      0.08071      0.24506      0.23099      
2000    0.42704    0.03868    0.04819    0.07532      0.24402      0.20814      0.07565      0.23152      0.20265      
2100    0.41964    0.03909    0.04881    0.07816      0.23226      0.21320      0.07740      0.24132      0.19662      
2200    0.43255    0.03970    0.04961    0.08005      0.24135      0.21832      0.07796      0.24248      0.19323      
2300    0.41015    0.04009    0.05012    0.06330      0.23546      0.21181      0.06476      0.23237      0.21154      
2400    0.42224    0.04056    0.05065    0.07364      0.22904      0.28350      0.07259      0.23603      0.27285      
2500    0.40687    0.04111    0.05132    0.05363      0.23645      0.24348      0.05186      0.23619      0.22051      
2600    0.41304    0.04162    0.05190    0.07056      0.21832      0.30643      0.06889      0.22238      0.29544      
2700    0.38999    0.04204    0.05246    0.05733      0.22032      0.17854      0.05674      0.22440      0.16699      
2800    0.40599    0.04242    0.05296    0.05715      0.22980      0.23654      0.05522      0.23173      0.22410      
2900    0.41053    0.04276    0.05355    0.05748      0.23538      0.21365      0.05679      0.23476      0.20541      
3000    0.40573    0.04311    0.05403    0.06023      0.22576      0.22593      0.06062      0.23049      0.20163      
3100    0.40040    0.04349    0.05451    0.05976      0.22214      0.20500      0.05711      0.22350      0.18993      
3200    0.39345    0.04397    0.05516    0.06663      0.20880      0.18873      0.06623      0.21140      0.18129      
3300    0.38386    0.04437    0.05573    0.05549      0.20877      0.19499      0.05387      0.21625      0.17999      
3400    0.39164    0.04476    0.05618    0.04515      0.22577      0.19780      0.04475      0.22645      0.18619      
3500    0.40144    0.04525    0.05676    0.05362      0.22410      0.21709      0.05524      0.22719      0.21062      
3600    0.39304    0.04549    0.05714    0.05619      0.21055      0.23670      0.05354      0.21601      0.21845      
3700    0.39811    0.04591    0.05771    0.06290      0.20514      0.26450      0.06169      0.20621      0.22433      
3800    0.39538    0.04613    0.05802    0.05416      0.21720      0.19876      0.05469      0.21735      0.18631      
3900    0.38951    0.04675    0.05873    0.05830      0.20900      0.16732      0.05714      0.21401      0.15312      
4000    0.39455    0.04722    0.05926    0.04556      0.21886      0.23648      0.04482      0.22201      0.22143      
4100    0.39005    0.04754    0.05979    0.05063      0.21273      0.19362      0.05152      0.21702      0.17438      
4200    0.38846    0.04804    0.06031    0.04631      0.21294      0.20857      0.04519      0.22086      0.19954      
4300    0.39694    0.04822    0.06059    0.04601      0.22188      0.20256      0.04398      0.22150      0.18295      
4400    0.40926    0.04870    0.06099    0.05463      0.22284      0.22089      0.05483      0.23073      0.22299      
4500    0.40246    0.04907    0.06154    0.04973      0.21648      0.25632      0.04576      0.22245      0.24173      
4600    0.40079    0.04936    0.06194    0.05012      0.21736      0.22006      0.04819      0.21264      0.19790      
4700    0.39091    0.04957    0.06228    0.04141      0.21814      0.19510      0.04192      0.22380      0.18214      
4800    0.39600    0.04986    0.06275    0.05486      0.20785      0.20674      0.05320      0.21597      0.20044      
4900    0.39879    0.05026    0.06328    0.05309      0.21165      0.20515      0.05075      0.21365      0.18251      
5000    0.39109    0.05054    0.06363    0.05299      0.20641      0.17530      0.05328      0.21565      0.17183      
5100    0.37815    0.05095    0.06410    0.04418      0.20208      0.16843      0.04473      0.21209      0.15840      
5200    0.39509    0.05130    0.06446    0.04390      0.21522      0.20215      0.04545      0.21781      0.18895      
5300    0.39784    0.05164    0.06483    0.04778      0.21526      0.18323      0.04892      0.21638      0.17635      
5400    0.38231    0.05209    0.06547    0.04374      0.20367      0.17342      0.04305      0.21062      0.16597      
5500    0.40363    0.05231    0.06577    0.05015      0.21546      0.19940      0.04828      0.21534      0.17901      
5600    0.39524    0.05276    0.06619    0.04280      0.21271      0.20784      0.04256      0.21543      0.19568      
5700    0.38984    0.05299    0.06662    0.04891      0.20034      0.20987      0.04758      0.21003      0.19628      
5800    0.38765    0.05325    0.06696    0.04169      0.20601      0.19746      0.04064      0.20802      0.19098      
5900    0.38536    0.05363    0.06740    0.03713      0.20917      0.18035      0.03896      0.21177      0.17844      
6000    0.38906    0.05395    0.06784    0.04696      0.20042      0.19903      0.04639      0.20667      0.18678      
6100    0.38813    0.05425    0.06823    0.03838      0.20770      0.19567      0.03741      0.21069      0.17875      
6200    0.38193    0.05454    0.06864    0.03860      0.20209      0.18063      0.03986      0.20274      0.17328      
6300    0.38174    0.05465    0.06887    0.04540      0.19486      0.17971      0.04513      0.20150      0.16239      
6400    0.38994    0.05485    0.06912    0.04617      0.19730      0.22486      0.04413      0.19897      0.20551      
6500    0.38729    0.05500    0.06940    0.03530      0.20981      0.17779      0.03675      0.20747      0.17326      
6600    0.38820    0.05543    0.06980    0.04137      0.19960      0.21983      0.04006      0.20525      0.20663      
6700    0.38555    0.05573    0.07023    0.03864      0.20310      0.17846      0.03810      0.20516      0.16579      
6800    0.38772    0.05593    0.07052    0.04167      0.20232      0.17273      0.04334      0.20889      0.16729      
6900    0.38339    0.05632    0.07089    0.04224      0.19412      0.19824      0.04223      0.19942      0.18721      
7000    0.38771    0.05651    0.07116    0.04316      0.19723      0.19652      0.04105      0.19985      0.17905      
7100    0.38204    0.05664    0.07134    0.04333      0.19163      0.19100      0.04289      0.19059      0.18487      
7200    0.38109    0.05690    0.07167    0.04483      0.19104      0.16659      0.04336      0.19596      0.15718      
7300    0.38105    0.05706    0.07190    0.03931      0.19302      0.19755      0.03762      0.19321      0.18343      
7400    0.37910    0.05716    0.07215    0.03763      0.19544      0.16729      0.03843      0.19845      0.16361      
7500    0.37193    0.05748    0.07244    0.03706      0.18806      0.16890      0.03687      0.19390      0.16368      
7600    0.38487    0.05769    0.07278    0.04005      0.19597      0.18378      0.04015      0.19559      0.17569      
7700    0.38365    0.05799    0.07306    0.03648      0.19733      0.18782      0.03592      0.19647      0.18087      
7800    0.37784    0.05828    0.07350    0.03428      0.19344      0.18333      0.03274      0.19790      0.17001      
7900    0.37733    0.05846    0.07380    0.03633      0.19132      0.17416      0.03460      0.19018      0.16187      
8000    0.38013    0.05876    0.07414    0.03848      0.19092      0.17825      0.03876      0.18788      0.17497      
8100    0.37532    0.05916    0.07454    0.04231      0.18201      0.17312      0.04143      0.18951      0.16692      
8200    0.37535    0.05936    0.07481    0.03428      0.18863      0.18272      0.03338      0.18761      0.17558      
8300    0.38429    0.05957    0.07505    0.03973      0.19209      0.17847      0.03934      0.19124      0.17539      
8400    0.37286    0.05983    0.07539    0.03721      0.18422      0.16209      0.03607      0.18872      0.15315      
8500    0.37804    0.06008    0.07575    0.03360      0.18988      0.18725      0.03130      0.18906      0.16694      
8600    0.37114    0.06031    0.07599    0.03369      0.18472      0.16428      0.03384      0.18222      0.15119      
8700    0.36516    0.06065    0.07642    0.03383      0.17751      0.16752      0.03305      0.18293      0.16218      
8800    0.37223    0.06072    0.07665    0.03764      0.17957      0.17649      0.03616      0.17878      0.15852      
8900    0.37760    0.06086    0.07685    0.03831      0.18592      0.15660      0.03870      0.18406      0.15545      
9000    0.36331    0.06116    0.07719    0.03337      0.17564      0.15949      0.03357      0.18011      0.15771      
9100    0.37419    0.06138    0.07747    0.03419      0.18327      0.17884      0.03283      0.18316      0.16456      
9200    0.37081    0.06150    0.07762    0.03169      0.18300      0.16993      0.03306      0.18098      0.17028      
9300    0.37156    0.06176    0.07800    0.03451      0.18125      0.16041      0.03543      0.18519      0.15875      
9400    0.37385    0.06197    0.07822    0.03385      0.18203      0.17772      0.03088      0.18208      0.16461      
9500    0.36422    0.06225    0.07858    0.03348      0.17582      0.14093      0.03419      0.18048      0.14262      
9600    0.36754    0.06242    0.07875    0.03447      0.17651      0.15386      0.03503      0.17817      0.15243      
9700    0.37007    0.06261    0.07892    0.03212      0.18036      0.16065      0.03110      0.18020      0.15092      
9800    0.36371    0.06295    0.07930    0.03008      0.17656      0.14829      0.03009      0.17971      0.15010      
9900    0.36584    0.06301    0.07942    0.03067      0.17733      0.15415      0.03178      0.18612      0.14866      
10000   0.37121    0.06309    0.07958    0.03307      0.17897      0.16493      0.03207      0.18204      0.15425      
10100   0.36644    0.06325    0.07979    0.03319      0.17460      0.15596      0.03331      0.18180      0.15093      
10200   0.36330    0.06348    0.08011    0.03242      0.17282      0.14468      0.03190      0.17988      0.13168      
10300   0.36841    0.06364    0.08033    0.03191      0.17813      0.14403      0.03122      0.18008      0.12483      
10400   0.36566    0.06386    0.08061    0.02637      0.18177      0.13054      0.02687      0.18060      0.12346      
10500   0.36332    0.06403    0.08079    0.03481      0.17086      0.12819      0.03375      0.17498      0.11879      
10600   0.36603    0.06413    0.08091    0.03055      0.17650      0.13944      0.03075      0.17777      0.12506      
10700   0.36344    0.06429    0.08113    0.02822      0.17683      0.12974      0.02754      0.17567      0.12580      
10800   0.36070    0.06433    0.08122    0.02816      0.17268      0.14322      0.02904      0.17933      0.13694      
10900   0.36842    0.06451    0.08145    0.03310      0.17384      0.15517      0.02968      0.17405      0.13045      
11000   0.36582    0.06469    0.08164    0.03172      0.17406      0.13711      0.03099      0.17462      0.12992      
11100   0.35973    0.06490    0.08195    0.02976      0.16996      0.13156      0.02983      0.17535      0.12335      
11200   0.36378    0.06495    0.08206    0.02758      0.17573      0.13460      0.02589      0.17644      0.12143      
11300   0.36774    0.06497    0.08216    0.02888      0.17767      0.14051      0.02873      0.17436      0.13977      
11400   0.36196    0.06517    0.08250    0.02939      0.17085      0.14052      0.02921      0.17732      0.13900      
11500   0.36765    0.06522    0.08257    0.03291      0.17371      0.13234      0.03285      0.17690      0.12094      
11600   0.36683    0.06541    0.08280    0.03082      0.17390      0.13892      0.03082      0.17551      0.13996      
11700   0.35864    0.06550    0.08287    0.02852      0.16863      0.13118      0.02940      0.17341      0.13169      
11800   0.36830    0.06572    0.08329    0.02813      0.17460      0.16552      0.02773      0.17634      0.15566      
11900   0.36812    0.06593    0.08347    0.02983      0.17442      0.14462      0.02912      0.17394      0.14362      
12000   0.36203    0.06604    0.08355    0.02734      0.17273      0.12370      0.02768      0.17666      0.12568      
12100   0.36440    0.06608    0.08360    0.02996      0.17062      0.14127      0.02924      0.17076      0.13269      
12200   0.36345    0.06624    0.08376    0.02554      0.17431      0.13599      0.02523      0.17608      0.13604      
12300   0.36058    0.06651    0.08399    0.02655      0.17030      0.13229      0.02714      0.17509      0.13587      
12400   0.36553    0.06676    0.08428    0.02923      0.17011      0.15164      0.02792      0.17224      0.14640      
12500   0.36578    0.06684    0.08439    0.02819      0.17201      0.14354      0.02871      0.17355      0.14546      
12600   0.36243    0.06703    0.08469    0.02947      0.16832      0.12921      0.02910      0.17163      0.12779      
12700   0.36451    0.06702    0.08473    0.02737      0.17187      0.13516      0.02659      0.17206      0.12680      
12800   0.36467    0.06739    0.08512    0.02390      0.17503      0.13224      0.02312      0.17438      0.13132      
12900   0.35857    0.06752    0.08528    0.02497      0.16747      0.13335      0.02428      0.17197      0.12750      
13000   0.36303    0.06773    0.08554    0.02462      0.17239      0.12738      0.02363      0.17398      0.12128      
13100   0.35863    0.06773    0.08563    0.02494      0.16835      0.11987      0.02420      0.16982      0.12059      
13200   0.36160    0.06785    0.08575    0.02634      0.16854      0.13123      0.02435      0.17093      0.12806      
13300   0.36098    0.06797    0.08589    0.02738      0.16850      0.11240      0.02596      0.16924      0.10403      
13400   0.36400    0.06789    0.08598    0.02666      0.17148      0.11989      0.02575      0.17053      0.11509      
13500   0.36258    0.06812    0.08624    0.02730      0.16709      0.13826      0.02643      0.16821      0.13614      
13600   0.36485    0.06828    0.08641    0.02694      0.16828      0.14945      0.02453      0.16875      0.13705      
13700   0.35833    0.06844    0.08659    0.02555      0.16612      0.11626      0.02359      0.16532      0.11451      
13800   0.36088    0.06850    0.08673    0.02828      0.16319      0.14169      0.02735      0.16745      0.13404      
13900   0.36380    0.06881    0.08711    0.02628      0.16928      0.12315      0.02349      0.16845      0.11460      
14000   0.36147    0.06895    0.08731    0.02862      0.16369      0.12898      0.02859      0.16392      0.12274      
14100   0.35668    0.06903    0.08741    0.02595      0.16258      0.11717      0.02517      0.16578      0.11271      
14200   0.36411    0.06907    0.08750    0.02752      0.16628      0.13744      0.02438      0.16696      0.12813      
14300   0.35889    0.06921    0.08766    0.02404      0.16602      0.11959      0.02305      0.16748      0.11227      
14400   0.35594    0.06925    0.08772    0.02424      0.16206      0.12665      0.02310      0.16433      0.12152      
14500   0.35710    0.06932    0.08787    0.02346      0.16414      0.12315      0.02272      0.16369      0.11808      
14600   0.35709    0.06948    0.08810    0.02521      0.16223      0.12074      0.02495      0.16337      0.11751      
14700   0.35715    0.06946    0.08810    0.02450      0.16313      0.11964      0.02385      0.16498      0.11233      
14800   0.35794    0.06962    0.08833    0.02615      0.16199      0.11857      0.02509      0.16234      0.10809      
14900   0.35832    0.06970    0.08841    0.02662      0.16143      0.12162      0.02613      0.16310      0.11723      
15000   0.35371    0.06980    0.08845    0.02428      0.15963      0.11560      0.02351      0.16264      0.11074      
15100   0.36056    0.06990    0.08864    0.02502      0.16381      0.13182      0.02427      0.16435      0.11867      
15200   0.35877    0.07012    0.08885    0.02344      0.16487      0.11495      0.02340      0.16242      0.10726      
15300   0.35296    0.07025    0.08895    0.02458      0.15770      0.11477      0.02497      0.16086      0.10745      
15400   0.35707    0.07028    0.08905    0.02620      0.16042      0.11121      0.02577      0.16144      0.10526      
15500   0.35659    0.07038    0.08917    0.02210      0.16420      0.10747      0.02175      0.16560      0.10143      
15600   0.35311    0.07045    0.08925    0.02686      0.15484      0.11708      0.02574      0.15743      0.11146      
15700   0.35722    0.07062    0.08951    0.02521      0.15960      0.12286      0.02488      0.16027      0.11208      
15800   0.35993    0.07068    0.08954    0.02477      0.16235      0.12586      0.02483      0.16290      0.12125      
15900   0.35249    0.07079    0.08964    0.02278      0.15776      0.11522      0.02248      0.16129      0.10789      
16000   0.36070    0.07091    0.08979    0.02763      0.16081      0.11552      0.02736      0.16137      0.10347      
16100   0.35782    0.07096    0.08978    0.02508      0.16047      0.11531      0.02452      0.16095      0.10528      
16200   0.35368    0.07099    0.08993    0.02426      0.15610      0.12404      0.02313      0.15867      0.11420      
16300   0.35660    0.07093    0.08988    0.02194      0.16200      0.11838      0.02062      0.16284      0.10984      
16400   0.35825    0.07098    0.09006    0.02411      0.16242      0.10688      0.02343      0.15856      0.10037      
16500   0.35265    0.07100    0.09002    0.02123      0.15977      0.10642      0.02154      0.16262      0.10244      
16600   0.35415    0.07110    0.09016    0.02489      0.15595      0.12058      0.02321      0.15626      0.11038      
16700   0.35645    0.07125    0.09034    0.02163      0.16266      0.10575      0.02166      0.16091      0.10303      
16800   0.35025    0.07121    0.09038    0.02207      0.15577      0.10835      0.02140      0.15779      0.10269      
16900   0.35391    0.07126    0.09041    0.02455      0.15647      0.11211      0.02393      0.15596      0.10268      
17000   0.35187    0.07139    0.09065    0.02218      0.15651      0.11140      0.02145      0.15554      0.10642      
17100   0.35135    0.07153    0.09092    0.02457      0.15321      0.11118      0.02441      0.15632      0.10352      
17200   0.35638    0.07158    0.09104    0.02548      0.15663      0.11647      0.02377      0.15622      0.10617      
17300   0.35282    0.07151    0.09101    0.02150      0.15786      0.10949      0.02099      0.15766      0.10561      
17400   0.35141    0.07171    0.09111    0.02348      0.15377      0.11343      0.02348      0.15770      0.10722      
17500   0.35224    0.07162    0.09111    0.02117      0.15563      0.12700      0.02004      0.15727      0.11788      
17600   0.34908    0.07171    0.09119    0.02301      0.15339      0.09774      0.02280      0.15540      0.09509      
17700   0.34793    0.07172    0.09126    0.02167      0.15154      0.11745      0.02100      0.15648      0.11025      
17800   0.35122    0.07180    0.09138    0.02270      0.15496      0.10387      0.02123      0.15626      0.09706      
17900   0.35283    0.07200    0.09156    0.02296      0.15568      0.10639      0.02261      0.15819      0.10200      
18000   0.34851    0.07192    0.09148    0.02093      0.15309      0.11094      0.02010      0.15795      0.10127      
18100   0.35127    0.07185    0.09157    0.02352      0.15353      0.10801      0.02281      0.15456      0.09907      
18200   0.35043    0.07185    0.09163    0.02392      0.15207      0.10968      0.02397      0.15297      0.10233      
18300   0.34790    0.07189    0.09173    0.02296      0.15059      0.10733      0.02344      0.15409      0.09843      
18400   0.34860    0.07199    0.09179    0.02482      0.14888      0.11116      0.02410      0.15021      0.10120      
18500   0.34723    0.07202    0.09181    0.02159      0.15177      0.10039      0.02090      0.15300      0.09425      
18600   0.34363    0.07208    0.09184    0.02084      0.14818      0.10694      0.02016      0.15248      0.10085      
18700   0.34657    0.07210    0.09200    0.02017      0.15172      0.10587      0.01920      0.15288      0.09612      
18800   0.34718    0.07215    0.09213    0.02037      0.15148      0.11056      0.01921      0.15327      0.10368      
18900   0.34470    0.07217    0.09202    0.02104      0.14828      0.11196      0.02051      0.15036      0.10263      
19000   0.34769    0.07227    0.09210    0.02201      0.15043      0.10870      0.02193      0.15252      0.09790      
19100   0.34831    0.07220    0.09218    0.02234      0.15126      0.10337      0.02249      0.15187      0.10033      
19200   0.34466    0.07228    0.09223    0.02059      0.14913      0.10424      0.02014      0.15160      0.09673      
19300   0.34938    0.07222    0.09225    0.02179      0.15201      0.11097      0.02115      0.15228      0.09852      
19400   0.34717    0.07230    0.09239    0.02060      0.15120      0.10684      0.01955      0.15118      0.09985      
19500   0.34363    0.07220    0.09234    0.02121      0.14721      0.10666      0.02050      0.14984      0.10272      
19600   0.34628    0.07227    0.09238    0.02302      0.14770      0.10907      0.02291      0.14824      0.09744      
19700   0.34691    0.07236    0.09252    0.02138      0.15003      0.10619      0.02114      0.14871      0.10245      
19800   0.34010    0.07244    0.09263    0.01726      0.14766      0.10113      0.01679      0.15101      0.09694      
19900   0.34738    0.07230    0.09250    0.02001      0.15098      0.11583      0.01832      0.15175      0.10631      
20000   0.34437    0.07239    0.09262    0.01992      0.14929      0.10149      0.01905      0.15021      0.09798      
20100   0.34120    0.07248    0.09274    0.01803      0.14766      0.10295      0.01783      0.14984      0.09756      
20200   0.34649    0.07260    0.09296    0.01960      0.15007      0.11254      0.01901      0.15173      0.10261      
20300   0.34652    0.07254    0.09293    0.02026      0.14999      0.10809      0.02000      0.14852      0.10136      
20400   0.34376    0.07258    0.09290    0.01866      0.14924      0.10391      0.01762      0.14935      0.10004      
20500   0.34426    0.07254    0.09292    0.01909      0.14896      0.10762      0.01820      0.15005      0.09786      
20600   0.34299    0.07263    0.09309    0.01807      0.14882      0.10382      0.01731      0.14935      0.10039      
20700   0.34208    0.07270    0.09317    0.01633      0.14999      0.09892      0.01684      0.15241      0.09414      
20800   0.34429    0.07276    0.09324    0.01865      0.14906      0.10587      0.01813      0.15088      0.09667      
20900   0.34190    0.07264    0.09313    0.01888      0.14733      0.09925      0.01856      0.14807      0.09653      
21000   0.33944    0.07261    0.09312    0.01798      0.14562      0.10106      0.01779      0.14885      0.09349      
21100   0.34343    0.07268    0.09316    0.01992      0.14727      0.10391      0.01895      0.14814      0.09479      
21200   0.34327    0.07268    0.09322    0.02089      0.14637      0.10100      0.02049      0.14817      0.09535      
21300   0.34046    0.07273    0.09334    0.02126      0.14283      0.10303      0.02166      0.14527      0.10024      
21400   0.34190    0.07273    0.09334    0.02135      0.14365      0.10820      0.02029      0.14622      0.09882      
21500   0.34068    0.07287    0.09346    0.01762      0.14639      0.10348      0.01784      0.14659      0.09957      
21600   0.33826    0.07284    0.09343    0.01647      0.14453      0.10990      0.01653      0.14849      0.10473      
21700   0.34184    0.07290    0.09349    0.02013      0.14490      0.10409      0.01890      0.14646      0.09558      
21800   0.34125    0.07285    0.09355    0.01726      0.14716      0.10426      0.01667      0.14805      0.10190      
21900   0.33655    0.07288    0.09364    0.01675      0.14368      0.09600      0.01627      0.14625      0.09385      
22000   0.34120    0.07297    0.09373    0.01783      0.14667      0.09997      0.01669      0.14770      0.09034      
22100   0.34079    0.07286    0.09365    0.01767      0.14648      0.10132      0.01768      0.14708      0.09641      
22200   0.33551    0.07304    0.09385    0.01672      0.14243      0.09459      0.01699      0.14491      0.09142      
22300   0.33942    0.07304    0.09383    0.01772      0.14461      0.10223      0.01670      0.14551      0.09303      
22400   0.33909    0.07302    0.09379    0.01753      0.14486      0.09893      0.01736      0.14477      0.09502      
22500   0.33584    0.07309    0.09389    0.01698      0.14217      0.09707      0.01711      0.14494      0.09177      
22600   0.33840    0.07304    0.09386    0.01752      0.14344      0.10541      0.01640      0.14481      0.09549      
22700   0.33640    0.07303    0.09388    0.01706      0.14288      0.09551      0.01734      0.14418      0.09054      
22800   0.33530    0.07297    0.09381    0.01788      0.14137      0.09275      0.01798      0.14472      0.09141      
22900   0.33549    0.07307    0.09383    0.01733      0.14161      0.09650      0.01643      0.14300      0.08726      
23000   0.33775    0.07319    0.09390    0.01808      0.14277      0.09822      0.01690      0.14477      0.09229      
23100   0.33507    0.07315    0.09393    0.01755      0.14063      0.09803      0.01733      0.14386      0.09205      
23200   0.33609    0.07316    0.09394    0.01724      0.14198      0.09771      0.01691      0.14403      0.08665      
23300   0.33602    0.07331    0.09410    0.01718      0.14216      0.09270      0.01644      0.14361      0.08955      
23400   0.33527    0.07351    0.09435    0.01665      0.14136      0.09398      0.01652      0.14460      0.09021      
23500   0.33920    0.07347    0.09439    0.01727      0.14388      0.10200      0.01627      0.14587      0.09249      
23600   0.33751    0.07337    0.09431    0.01865      0.14074      0.10450      0.01808      0.14224      0.09704      
23700   0.33459    0.07334    0.09433    0.01589      0.14135      0.09689      0.01577      0.14308      0.09173      
23800   0.33789    0.07334    0.09443    0.01719      0.14262      0.10315      0.01521      0.14387      0.09383      
23900   0.33802    0.07327    0.09431    0.01799      0.14334      0.09107      0.01699      0.14355      0.08580      
24000   0.33370    0.07321    0.09426    0.01599      0.14110      0.09142      0.01576      0.14471      0.08891      
24100   0.33738    0.07315    0.09424    0.01889      0.14121      0.09886      0.01786      0.14275      0.09089      
24200   0.33495    0.07322    0.09426    0.01851      0.14014      0.08818      0.01736      0.14218      0.08484      
24300   0.33390    0.07310    0.09419    0.01733      0.13985      0.09427      0.01676      0.14377      0.08861      
24400   0.33631    0.07314    0.09423    0.01874      0.14097      0.09233      0.01772      0.14267      0.08363      
24500   0.33448    0.07322    0.09434    0.01612      0.14125      0.09555      0.01524      0.14271      0.09125      
24600   0.33295    0.07324    0.09443    0.01713      0.13888      0.09277      0.01646      0.14280      0.08372      
24700   0.33597    0.07318    0.09438    0.01731      0.14088      0.10216      0.01588      0.14270      0.09155      
24800   0.33444    0.07328    0.09445    0.01710      0.14013      0.09476      0.01617      0.14221      0.08943      
24900   0.33221    0.07329    0.09446    0.01629      0.13879      0.09379      0.01621      0.14273      0.08585      
25000   0.33362    0.07340    0.09463    0.01617      0.13989      0.09527      0.01552      0.14126      0.08680      
25100   0.33340    0.07344    0.09463    0.01606      0.14062      0.08643      0.01493      0.14172      0.08413      
25200   0.33138    0.07339    0.09464    0.01584      0.13791      0.09587      0.01546      0.13954      0.09342      
25300   0.33289    0.07334    0.09460    0.01650      0.13889      0.09565      0.01528      0.14048      0.08761      
25400   0.33268    0.07344    0.09465    0.01635      0.13971      0.08522      0.01566      0.14219      0.08294      
25500   0.33087    0.07345    0.09462    0.01570      0.13831      0.08796      0.01539      0.14113      0.08623      
25600   0.33371    0.07345    0.09456    0.01750      0.13846      0.09738      0.01670      0.13983      0.08905      
25700   0.33141    0.07346    0.09456    0.01483      0.14012      0.08446      0.01383      0.14187      0.08215      
25800   0.33024    0.07358    0.09476    0.01476      0.13833      0.08814      0.01457      0.14150      0.08442      
25900   0.33182    0.07351    0.09462    0.01470      0.13963      0.09353      0.01409      0.14070      0.08293      
26000   0.33334    0.07359    0.09478    0.01590      0.14063      0.08441      0.01482      0.14096      0.08154      
26100   0.33038    0.07367    0.09484    0.01526      0.13745      0.09147      0.01445      0.13979      0.08815      
26200   0.33257    0.07365    0.09480    0.01514      0.13954      0.09440      0.01385      0.14052      0.08332      
26300   0.33206    0.07371    0.09492    0.01518      0.13976      0.08491      0.01423      0.14022      0.08118      
26400   0.32870    0.07369    0.09491    0.01412      0.13745      0.08532      0.01397      0.13976      0.07914      
26500   0.33043    0.07354    0.09477    0.01564      0.13739      0.09100      0.01466      0.13817      0.08266      
26600   0.33029    0.07351    0.09476    0.01560      0.13797      0.08459      0.01468      0.13868      0.08049      
26700   0.32795    0.07345    0.09469    0.01465      0.13674      0.08421      0.01446      0.13837      0.07975      
26800   0.33139    0.07332    0.09449    0.01532      0.13865      0.09613      0.01388      0.13998      0.08840      
26900   0.32946    0.07338    0.09465    0.01430      0.13891      0.08212      0.01324      0.13919      0.07958      
27000   0.32735    0.07345    0.09464    0.01393      0.13681      0.08524      0.01400      0.13842      0.07876      
27100   0.32892    0.07342    0.09466    0.01426      0.13795      0.08631      0.01357      0.13828      0.07741      
27200   0.32864    0.07344    0.09475    0.01437      0.13704      0.09041      0.01321      0.13827      0.08858      
27300   0.32760    0.07334    0.09459    0.01375      0.13750      0.08415      0.01381      0.13987      0.07980      
27400   0.32828    0.07325    0.09452    0.01460      0.13731      0.08591      0.01371      0.13835      0.07793      
27500   0.32812    0.07321    0.09445    0.01451      0.13807      0.07889      0.01407      0.13972      0.07747      
27600   0.32467    0.07319    0.09444    0.01419      0.13446      0.08385      0.01370      0.13672      0.08117      
27700   0.32781    0.07314    0.09432    0.01530      0.13649      0.08557      0.01424      0.13723      0.08012      
27800   0.32802    0.07304    0.09424    0.01458      0.13789      0.08270      0.01394      0.13803      0.07967      
27900   0.32587    0.07313    0.09432    0.01377      0.13663      0.08030      0.01383      0.13712      0.07773      
28000   0.32651    0.07300    0.09419    0.01505      0.13573      0.08538      0.01457      0.13633      0.07783      
28100   0.32558    0.07294    0.09416    0.01404      0.13561      0.08834      0.01341      0.13752      0.08717      
28200   0.32423    0.07296    0.09424    0.01359      0.13502      0.08432      0.01379      0.13708      0.07920      
28300   0.32678    0.07296    0.09422    0.01491      0.13610      0.08594      0.01393      0.13710      0.07844      
28400   0.32632    0.07288    0.09419    0.01497      0.13585      0.08429      0.01420      0.13735      0.07963      
28500   0.32301    0.07281    0.09412    0.01374      0.13432      0.08020      0.01354      0.13653      0.07527      
28600   0.32479    0.07275    0.09405    0.01409      0.13569      0.08226      0.01312      0.13630      0.07457      
28700   0.32396    0.07267    0.09397    0.01434      0.13510      0.07883      0.01391      0.13569      0.07587      
28800   0.32198    0.07256    0.09381    0.01440      0.13321      0.07990      0.01425      0.13522      0.07535      
28900   0.32447    0.07255    0.09386    0.01397      0.13562      0.08475      0.01298      0.13629      0.07584      
29000   0.32296    0.07261    0.09383    0.01397      0.13455      0.08010      0.01303      0.13574      0.07699      
29100   0.32088    0.07261    0.09381    0.01270      0.13385      0.07912      0.01250      0.13608      0.07661      
29200   0.32304    0.07260    0.09380    0.01499      0.13330      0.08350      0.01407      0.13433      0.07748      
29300   0.32333    0.07259    0.09381    0.01455      0.13421      0.08174      0.01356      0.13576      0.07952      
29400   0.32013    0.07249    0.09374    0.01348      0.13249      0.07924      0.01321      0.13457      0.07667      
29500   0.32280    0.07243    0.09362    0.01454      0.13396      0.08249      0.01372      0.13444      0.07559      
29600   0.32153    0.07240    0.09369    0.01429      0.13316      0.07984      0.01356      0.13418      0.07684      
29700   0.31941    0.07226    0.09358    0.01291      0.13240      0.08257      0.01224      0.13440      0.07962      
29800   0.32191    0.07238    0.09363    0.01450      0.13295      0.08439      0.01355      0.13375      0.07543      
29900   0.32004    0.07232    0.09362    0.01423      0.13202      0.07858      0.01374      0.13256      0.07468      
30000   0.31890    0.07225    0.09354    0.01351      0.13153      0.08072      0.01363      0.13318      0.07665      
30100   0.32111    0.07220    0.09355    0.01402      0.13303      0.08314      0.01323      0.13338      0.07386      
30200   0.32043    0.07203    0.09336    0.01458      0.13266      0.07798      0.01424      0.13345      0.07421      
30300   0.31832    0.07196    0.09327    0.01279      0.13230      0.08010      0.01290      0.13466      0.07621      
30400   0.31950    0.07193    0.09332    0.01351      0.13265      0.08095      0.01291      0.13339      0.07337      
30500   0.31945    0.07187    0.09329    0.01425      0.13245      0.07588      0.01398      0.13299      0.07253      
30600   0.31814    0.07186    0.09320    0.01274      0.13261      0.07741      0.01273      0.13337      0.07423      
30700   0.31949    0.07184    0.09314    0.01397      0.13248      0.08071      0.01301      0.13319      0.07428      
30800   0.31916    0.07186    0.09319    0.01321      0.13299      0.07906      0.01262      0.13312      0.07509      
30900   0.31701    0.07172    0.09305    0.01307      0.13120      0.07968      0.01339      0.13331      0.07537      
31000   0.31822    0.07168    0.09300    0.01352      0.13208      0.07944      0.01268      0.13311      0.07309      
31100   0.31812    0.07158    0.09295    0.01351      0.13222      0.07855      0.01261      0.13265      0.07428      
31200   0.31565    0.07155    0.09292    0.01245      0.13106      0.07664      0.01229      0.13259      0.07379      
31300   0.31758    0.07151    0.09284    0.01334      0.13176      0.08130      0.01226      0.13243      0.07385      
31400   0.31696    0.07136    0.09269    0.01300      0.13224      0.07666      0.01209      0.13273      0.07529      
31500   0.31436    0.07121    0.09253    0.01222      0.13044      0.07959      0.01206      0.13194      0.07410      
31600   0.31635    0.07106    0.09231    0.01376      0.13112      0.08097      0.01277      0.13171      0.07338      
31700   0.31586    0.07107    0.09238    0.01294      0.13132      0.08149      0.01237      0.13255      0.07841      
31800   0.31341    0.07106    0.09242    0.01274      0.12962      0.07567      0.01307      0.13150      0.07224      
31900   0.31564    0.07101    0.09232    0.01390      0.13055      0.07857      0.01314      0.13122      0.07210      
32000   0.31600    0.07084    0.09216    0.01350      0.13200      0.07493      0.01239      0.13263      0.07399      
32100   0.31288    0.07071    0.09203    0.01245      0.13007      0.07618      0.01265      0.13097      0.07236      
32200   0.31513    0.07071    0.09194    0.01407      0.13058      0.07831      0.01298      0.13137      0.07257      
32300   0.31425    0.07065    0.09196    0.01321      0.13100      0.07433      0.01277      0.13113      0.07214      
32400   0.31204    0.07053    0.09184    0.01158      0.13047      0.07618      0.01119      0.13254      0.07248      
32500   0.31413    0.07049    0.09178    0.01352      0.13064      0.07687      0.01275      0.13105      0.07054      
32600   0.31509    0.07041    0.09169    0.01331      0.13198      0.07701      0.01276      0.13259      0.07329      
32700   0.31196    0.07038    0.09157    0.01265      0.12948      0.07880      0.01256      0.13121      0.07536      
32800   0.31352    0.07031    0.09146    0.01312      0.13071      0.07917      0.01241      0.13101      0.07116      
32900   0.31254    0.07014    0.09126    0.01244      0.13102      0.07682      0.01201      0.13051      0.07456      
33000   0.31058    0.07018    0.09142    0.01139      0.12964      0.07953      0.01129      0.13161      0.07550      
33100   0.31285    0.07011    0.09128    0.01329      0.13026      0.07916      0.01274      0.13091      0.07321      
33200   0.31143    0.06991    0.09106    0.01288      0.13003      0.07542      0.01254      0.13040      0.07305      
33300   0.30898    0.06984    0.09095    0.01209      0.12818      0.07913      0.01169      0.12970      0.07723      
33400   0.31082    0.06972    0.09087    0.01283      0.12950      0.07897      0.01161      0.12969      0.07265      
33500   0.31071    0.06953    0.09063    0.01316      0.12990      0.07484      0.01242      0.13016      0.07361      
33600   0.30750    0.06948    0.09052    0.01211      0.12774      0.07653      0.01184      0.12961      0.07446      
33700   0.31009    0.06947    0.09053    0.01263      0.12939      0.08067      0.01146      0.13049      0.07423      
33800   0.30970    0.06941    0.09049    0.01300      0.12907      0.07737      0.01190      0.12993      0.07598      
33900   0.30753    0.06933    0.09036    0.01177      0.12853      0.07545      0.01140      0.12976      0.07298      
34000   0.30900    0.06927    0.09028    0.01312      0.12856      0.07770      0.01193      0.12918      0.07245      
34100   0.30872    0.06919    0.09021    0.01337      0.12847      0.07464      0.01251      0.12893      0.07491      
34200   0.30630    0.06917    0.09013    0.01266      0.12633      0.08010      0.01250      0.12785      0.07699      
34300   0.30766    0.06894    0.08995    0.01302      0.12781      0.07942      0.01165      0.12880      0.07381      
34400   0.30762    0.06885    0.08978    0.01254      0.12907      0.07384      0.01192      0.12876      0.07277      
34500   0.30500    0.06874    0.08973    0.01193      0.12722      0.07386      0.01187      0.12845      0.07181      
34600   0.30778    0.06868    0.08955    0.01314      0.12838      0.08024      0.01232      0.12864      0.07471      
34700   0.30604    0.06867    0.08951    0.01280      0.12781      0.07249      0.01220      0.12857      0.07040      
34800   0.30429    0.06849    0.08933    0.01216      0.12669      0.07622      0.01231      0.12788      0.07347      
34900   0.30590    0.06853    0.08935    0.01296      0.12722      0.07845      0.01181      0.12764      0.07290      
35000   0.30390    0.06833    0.08918    0.01198      0.12703      0.07376      0.01132      0.12812      0.07350      
35100   0.30285    0.06821    0.08897    0.01142      0.12679      0.07471      0.01105      0.12851      0.07274      
35200   0.30459    0.06822    0.08895    0.01351      0.12617      0.07742      0.01294      0.12688      0.07221      
35300   0.30408    0.06811    0.08886    0.01356      0.12571      0.07837      0.01279      0.12706      0.07717      
35400   0.30253    0.06795    0.08866    0.01235      0.12572      0.07849      0.01218      0.12779      0.07529      
35500   0.30350    0.06796    0.08866    0.01232      0.12654      0.08031      0.01120      0.12741      0.07379      
35600   0.30347    0.06778    0.08854    0.01296      0.12682      0.07367      0.01255      0.12821      0.07227      
35700   0.30196    0.06758    0.08837    0.01252      0.12562      0.07867      0.01219      0.12698      0.07436      
35800   0.30343    0.06760    0.08833    0.01272      0.12698      0.07790      0.01168      0.12785      0.07104      
35900   0.30169    0.06737    0.08814    0.01314      0.12581      0.07233      0.01264      0.12701      0.07118      
36000   0.30061    0.06741    0.08810    0.01179      0.12584      0.07457      0.01139      0.12816      0.07110      
36100   0.30246    0.06730    0.08801    0.01242      0.12683      0.07897      0.01135      0.12753      0.07186      
36200   0.30144    0.06730    0.08803    0.01295      0.12606      0.07105      0.01198      0.12720      0.06985      
36300   0.30047    0.06719    0.08794    0.01210      0.12572      0.07530      0.01176      0.12769      0.07206      
36400   0.30174    0.06706    0.08786    0.01235      0.12661      0.07868      0.01133      0.12758      0.07190      
36500   0.30100    0.06709    0.08781    0.01235      0.12632      0.07433      0.01165      0.12744      0.07233      
36600   0.29984    0.06702    0.08779    0.01163      0.12576      0.07648      0.01161      0.12703      0.07422      
36700   0.30134    0.06685    0.08761    0.01190      0.12716      0.07822      0.01100      0.12785      0.07078      
36800   0.29927    0.06675    0.08754    0.01240      0.12532      0.07257      0.01193      0.12637      0.07112      
36900   0.29896    0.06660    0.08738    0.01216      0.12515      0.07674      0.01217      0.12646      0.07378      
37000   0.30015    0.06647    0.08732    0.01192      0.12680      0.07630      0.01108      0.12784      0.06955      
37100   0.29914    0.06643    0.08721    0.01172      0.12646      0.07328      0.01072      0.12708      0.07153      
37200   0.29733    0.06627    0.08702    0.01147      0.12533      0.07236      0.01126      0.12727      0.06805      
37300   0.29945    0.06635    0.08710    0.01185      0.12663      0.07515      0.01088      0.12751      0.06844      
37400   0.29804    0.06621    0.08696    0.01216      0.12552      0.07187      0.01168      0.12640      0.06963      
37500   0.29614    0.06609    0.08686    0.01099      0.12498      0.07218      0.01124      0.12668      0.06925      
37600   0.29850    0.06602    0.08674    0.01277      0.12555      0.07424      0.01215      0.12650      0.06850      
37700   0.29733    0.06586    0.08663    0.01229      0.12546      0.07093      0.01158      0.12651      0.06864      
37800   0.29533    0.06583    0.08649    0.01156      0.12407      0.07372      0.01170      0.12589      0.07021      
37900   0.29754    0.06577    0.08638    0.01233      0.12518      0.07888      0.01122      0.12590      0.07292      
38000   0.29565    0.06563    0.08623    0.01219      0.12431      0.07284      0.01172      0.12568      0.06940      
38100   0.29444    0.06548    0.08613    0.01099      0.12429      0.07553      0.01094      0.12604      0.07293      
38200   0.29634    0.06543    0.08601    0.01212      0.12516      0.07616      0.01132      0.12560      0.06909      
38300   0.29483    0.06525    0.08581    0.01241      0.12428      0.07080      0.01204      0.12563      0.06790      
38400   0.29379    0.06524    0.08571    0.01099      0.12445      0.07394      0.01086      0.12610      0.07039      
38500   0.29552    0.06508    0.08554    0.01291      0.12425      0.07735      0.01199      0.12553      0.07001      
38600   0.29337    0.06499    0.08548    0.01240      0.12338      0.07126      0.01191      0.12486      0.06942      
38700   0.29147    0.06478    0.08529    0.01128      0.12295      0.07165      0.01117      0.12497      0.06922      
38800   0.29370    0.06467    0.08508    0.01191      0.12423      0.07823      0.01050      0.12517      0.07171      
38900   0.29175    0.06440    0.08485    0.01158      0.12353      0.07390      0.01052      0.12474      0.07264      
39000   0.29136    0.06446    0.08485    0.01149      0.12313      0.07430      0.01119      0.12480      0.07069      
39100   0.29328    0.06426    0.08467    0.01235      0.12409      0.07906      0.01105      0.12518      0.07205      
39200   0.29109    0.06420    0.08453    0.01224      0.12292      0.07195      0.01138      0.12459      0.07079      
39300   0.29010    0.06411    0.08442    0.01129      0.12297      0.07310      0.01082      0.12480      0.07133      
39400   0.29206    0.06400    0.08432    0.01203      0.12418      0.07522      0.01090      0.12485      0.06940      
39500   0.29040    0.06377    0.08411    0.01151      0.12386      0.07151      0.01056      0.12490      0.07002      
39600   0.28967    0.06363    0.08397    0.01096      0.12401      0.07102      0.01092      0.12599      0.06795      
39700   0.29080    0.06341    0.08373    0.01217      0.12380      0.07693      0.01087      0.12440      0.06974      
39800   0.28946    0.06322    0.08352    0.01173      0.12410      0.06895      0.01114      0.12494      0.06702      
39900   0.28787    0.06311    0.08331    0.01119      0.12285      0.07415      0.01082      0.12490      0.07094      
40000   0.28938    0.06293    0.08312    0.01221      0.12344      0.07676      0.01127      0.12417      0.06964      
40100   0.28755    0.06281    0.08298    0.01173      0.12287      0.07161      0.01103      0.12401      0.06870      
40200   0.28714    0.06278    0.08293    0.01115      0.12296      0.07320      0.01093      0.12454      0.06848      
40300   0.28874    0.06268    0.08276    0.01252      0.12339      0.07403      0.01117      0.12429      0.06716      
40400   0.28755    0.06255    0.08256    0.01211      0.12316      0.07173      0.01152      0.12437      0.06913      
40500   0.28624    0.06242    0.08240    0.01167      0.12247      0.07285      0.01142      0.12381      0.06985      
40600   0.28709    0.06225    0.08221    0.01186      0.12332      0.07456      0.01056      0.12386      0.06760      
40700   0.28599    0.06208    0.08201    0.01225      0.12268      0.06984      0.01174      0.12348      0.06779      
40800   0.28487    0.06218    0.08202    0.01064      0.12297      0.07066      0.01056      0.12481      0.06849      
40900   0.28612    0.06194    0.08172    0.01263      0.12254      0.07299      0.01170      0.12339      0.06718      
41000   0.28542    0.06187    0.08168    0.01172      0.12310      0.07051      0.01081      0.12428      0.06826      
41100   0.28349    0.06162    0.08142    0.01094      0.12232      0.07196      0.01080      0.12393      0.06873      
41200   0.28528    0.06151    0.08131    0.01192      0.12299      0.07556      0.01078      0.12368      0.06897      
41300   0.28450    0.06134    0.08115    0.01217      0.12280      0.07032      0.01152      0.12359      0.06880      
41400   0.28215    0.06109    0.08089    0.01090      0.12198      0.07294      0.01056      0.12347      0.06970      
41500   0.28398    0.06104    0.08084    0.01216      0.12229      0.07660      0.01088      0.12286      0.06976      
41600   0.28229    0.06086    0.08055    0.01115      0.12266      0.07075      0.01034      0.12360      0.06779      
41700   0.28151    0.06073    0.08047    0.01112      0.12202      0.07181      0.01102      0.12338      0.06802      
41800   0.28326    0.06059    0.08031    0.01183      0.12295      0.07566      0.01057      0.12334      0.06789      
41900   0.28179    0.06049    0.08017    0.01131      0.12284      0.06977      0.01021      0.12374      0.06846      
42000   0.28060    0.06027    0.07992    0.01124      0.12203      0.07143      0.01081      0.12331      0.06859      
42100   0.28202    0.06017    0.07981    0.01203      0.12261      0.07403      0.01091      0.12289      0.06820      
42200   0.28061    0.06000    0.07963    0.01166      0.12230      0.07013      0.01072      0.12347      0.06889      
42300   0.27908    0.05979    0.07936    0.01097      0.12173      0.07231      0.01071      0.12307      0.06871      
42400   0.28038    0.05962    0.07917    0.01148      0.12290      0.07210      0.01039      0.12340      0.06552      
42500   0.27897    0.05947    0.07899    0.01180      0.12175      0.06961      0.01102      0.12277      0.06769      
42600   0.27765    0.05939    0.07883    0.01065      0.12154      0.07251      0.01039      0.12298      0.06876      
42700   0.27939    0.05919    0.07857    0.01230      0.12202      0.07304      0.01130      0.12282      0.06741      
42800   0.27779    0.05898    0.07837    0.01133      0.12213      0.06968      0.01049      0.12322      0.06861      
42900   0.27644    0.05888    0.07821    0.01100      0.12118      0.07169      0.01093      0.12269      0.06888      
43000   0.27817    0.05876    0.07812    0.01220      0.12166      0.07441      0.01140      0.12225      0.06845      
43100   0.27641    0.05851    0.07789    0.01182      0.12121      0.06987      0.01088      0.12262      0.06814      
43200   0.27489    0.05835    0.07773    0.01043      0.12135      0.07029      0.01002      0.12260      0.06671      
43300   0.27640    0.05825    0.07762    0.01158      0.12168      0.07272      0.01057      0.12252      0.06657      
43400   0.27537    0.05806    0.07744    0.01094      0.12203      0.06903      0.01022      0.12286      0.06729      
43500   0.27396    0.05795    0.07731    0.01061      0.12102      0.07055      0.01051      0.12269      0.06761      
43600   0.27575    0.05781    0.07708    0.01164      0.12201      0.07222      0.01082      0.12261      0.06660      
43700   0.27422    0.05762    0.07692    0.01167      0.12107      0.06942      0.01099      0.12216      0.06729      
43800   0.27293    0.05751    0.07678    0.01081      0.12081      0.07023      0.01085      0.12255      0.06605      
43900   0.27423    0.05735    0.07658    0.01130      0.12179      0.07221      0.01026      0.12243      0.06613      
44000   0.27288    0.05717    0.07638    0.01130      0.12138      0.06653      0.01047      0.12216      0.06489      
44100   0.27173    0.05707    0.07620    0.01086      0.12062      0.06971      0.01047      0.12218      0.06566      
44200   0.27293    0.05693    0.07609    0.01111      0.12136      0.07447      0.00996      0.12196      0.06713      
44300   0.27154    0.05675    0.07596    0.01114      0.12091      0.06777      0.01022      0.12197      0.06584      
44400   0.27075    0.05654    0.07580    0.01057      0.12093      0.06917      0.01043      0.12270      0.06526      
44500   0.27283    0.05645    0.07563    0.01206      0.12146      0.07232      0.01109      0.12225      0.06535      
44600   0.27123    0.05642    0.07558    0.01126      0.12101      0.06972      0.01040      0.12211      0.06803      
44700   0.26930    0.05636    0.07546    0.01048      0.12014      0.06849      0.01042      0.12170      0.06470      
44800   0.27130    0.05623    0.07536    0.01140      0.12106      0.07250      0.01044      0.12166      0.06545      
44900   0.27051    0.05611    0.07526    0.01180      0.12049      0.06852      0.01094      0.12090      0.06595      
45000   0.26853    0.05593    0.07507    0.01088      0.11970      0.06945      0.01064      0.12099      0.06575      
45100   0.27040    0.05581    0.07491    0.01166      0.12073      0.07286      0.01007      0.12111      0.06717      
45200   0.26889    0.05571    0.07477    0.01094      0.12076      0.06707      0.01023      0.12172      0.06551      
45300   0.26761    0.05564    0.07468    0.01047      0.11957      0.07246      0.01018      0.12102      0.06941      
45400   0.26931    0.05545    0.07446    0.01154      0.12050      0.07367      0.01042      0.12136      0.06739      
45500   0.26769    0.05530    0.07427    0.01119      0.11999      0.06943      0.01029      0.12121      0.06830      
45600   0.26656    0.05522    0.07417    0.01057      0.11969      0.06915      0.01050      0.12159      0.06584      
45700   0.26850    0.05507    0.07397    0.01155      0.12070      0.07201      0.01069      0.12138      0.06576      
45800   0.26693    0.05488    0.07379    0.01180      0.11989      0.06573      0.01098      0.12102      0.06517      
45900   0.26526    0.05472    0.07368    0.01081      0.11938      0.06672      0.01048      0.12081      0.06459      
46000   0.26754    0.05461    0.07357    0.01154      0.12055      0.07280      0.01039      0.12106      0.06687      
46100   0.26585    0.05447    0.07342    0.01102      0.12028      0.06665      0.01022      0.12120      0.06529      
46200   0.26465    0.05445    0.07338    0.01025      0.11976      0.06819      0.00991      0.12131      0.06602      
46300   0.26689    0.05432    0.07318    0.01155      0.12073      0.07117      0.01035      0.12150      0.06565      
46400   0.26544    0.05414    0.07308    0.01145      0.12003      0.06734      0.01114      0.12102      0.06513      
46500   0.26386    0.05403    0.07287    0.01040      0.11967      0.06896      0.01043      0.12141      0.06721      
46600   0.26547    0.05389    0.07274    0.01123      0.12031      0.07301      0.01001      0.12124      0.06734      
46700   0.26424    0.05374    0.07255    0.01105      0.12000      0.06897      0.01027      0.12100      0.06745      
46800   0.26283    0.05360    0.07233    0.01049      0.11944      0.06972      0.01040      0.12134      0.06698      
46900   0.26450    0.05345    0.07214    0.01151      0.12020      0.07201      0.01051      0.12108      0.06614      
47000   0.26280    0.05335    0.07202    0.01063      0.11993      0.06872      0.00985      0.12131      0.06633      
47100   0.26187    0.05324    0.07191    0.01078      0.11906      0.06889      0.01075      0.12060      0.06528      
47200   0.26359    0.05312    0.07179    0.01157      0.11985      0.07265      0.01065      0.12076      0.06626      
47300   0.26202    0.05301    0.07167    0.01075      0.11959      0.06999      0.01006      0.12086      0.06835      
47400   0.26074    0.05283    0.07153    0.01052      0.11880      0.07054      0.01043      0.12057      0.06923      
47500   0.26244    0.05274    0.07141    0.01124      0.11986      0.07184      0.01025      0.12054      0.06696      
47600   0.26102    0.05258    0.07133    0.01072      0.11948      0.06908      0.01004      0.12030      0.06752      
47700   0.25965    0.05242    0.07115    0.01023      0.11889      0.06958      0.01003      0.12050      0.06754      
47800   0.26142    0.05232    0.07103    0.01114      0.11967      0.07251      0.00991      0.12039      0.06686      
47900   0.26007    0.05217    0.07086    0.01094      0.11919      0.06913      0.01013      0.12054      0.06628      
48000   0.25860    0.05203    0.07075    0.00989      0.11904      0.06886      0.00951      0.12067      0.06705      
48100   0.26048    0.05193    0.07062    0.01150      0.11927      0.07152      0.01048      0.12014      0.06588      
48200   0.25828    0.05173    0.07044    0.01057      0.11869      0.06846      0.00960      0.11961      0.06630      
48300   0.25735    0.05152    0.07026    0.01018      0.11854      0.06848      0.01012      0.12011      0.06651      
48400   0.25901    0.05147    0.07015    0.01124      0.11893      0.07225      0.00983      0.11956      0.06723      
48500   0.25684    0.05130    0.06996    0.01046      0.11821      0.06904      0.00967      0.11962      0.06741      
48600   0.25609    0.05110    0.06972    0.00978      0.11859      0.06895      0.00951      0.12011      0.06684      
48700   0.25736    0.05094    0.06952    0.01116      0.11861      0.07139      0.01017      0.11927      0.06566      
48800   0.25572    0.05076    0.06937    0.01078      0.11799      0.06826      0.01016      0.11954      0.06663      
48900   0.25496    0.05069    0.06925    0.01016      0.11785      0.07016      0.00984      0.11942      0.06752      
49000   0.25670    0.05064    0.06917    0.01085      0.11867      0.07370      0.00958      0.11919      0.06697      
49100   0.25510    0.05040    0.06895    0.01052      0.11850      0.06720      0.00982      0.12015      0.06509      
49200   0.25444    0.05026    0.06878    0.00985      0.11862      0.06928      0.00964      0.12031      0.06596      
49300   0.25566    0.05014    0.06861    0.01098      0.11890      0.07024      0.00970      0.11971      0.06452      
49400   0.25385    0.04991    0.06842    0.01064      0.11820      0.06676      0.00973      0.11936      0.06516      
49500   0.25280    0.04973    0.06826    0.01010      0.11763      0.07070      0.00969      0.11940      0.06831      
49600   0.25441    0.04964    0.06813    0.01101      0.11838      0.07244      0.00993      0.11907      0.06738      
49700   0.25262    0.04944    0.06794    0.01081      0.11761      0.06817      0.01015      0.11868      0.06653      
49800   0.25158    0.04924    0.06775    0.01005      0.11775      0.06791      0.00973      0.11929      0.06631      
49900   0.25320    0.04918    0.06764    0.01132      0.11800      0.07061      0.01000      0.11855      0.06579      
50000   0.25167    0.04904    0.06749    0.01091      0.11741      0.06830      0.01004      0.11887      0.06658      
50100   0.25047    0.04892    0.06737    0.01028      0.11712      0.06782      0.01020      0.11829      0.06611      
50200   0.25225    0.04887    0.06724    0.01095      0.11796      0.07234      0.00982      0.11841      0.06646      
50300   0.25044    0.04872    0.06713    0.01040      0.11747      0.06729      0.00951      0.11847      0.06536      
50400   0.24919    0.04859    0.06699    0.00994      0.11699      0.06682      0.00968      0.11820      0.06470      
50500   0.25125    0.04845    0.06684    0.01082      0.11799      0.07152      0.00974      0.11848      0.06614      
50600   0.24965    0.04827    0.06668    0.01043      0.11750      0.06769      0.00976      0.11839      0.06500      
50700   0.24859    0.04813    0.06656    0.00978      0.11732      0.06809      0.00973      0.11841      0.06572      
50800   0.25060    0.04811    0.06653    0.01077      0.11816      0.07035      0.00956      0.11886      0.06514      
50900   0.24902    0.04812    0.06650    0.01009      0.11766      0.06650      0.00913      0.11876      0.06481      
51000   0.24828    0.04807    0.06644    0.00994      0.11715      0.06678      0.00965      0.11859      0.06445      
51100   0.24990    0.04786    0.06629    0.01096      0.11783      0.06959      0.00964      0.11835      0.06443      
51200   0.24845    0.04780    0.06615    0.01049      0.11734      0.06670      0.00946      0.11845      0.06507      
51300   0.24721    0.04779    0.06610    0.00991      0.11682      0.06603      0.00963      0.11815      0.06478      
51400   0.24921    0.04762    0.06593    0.01090      0.11787      0.06881      0.00966      0.11821      0.06382      
51500   0.24778    0.04753    0.06584    0.01018      0.11760      0.06629      0.00932      0.11823      0.06465      
51600   0.24607    0.04737    0.06564    0.01000      0.11646      0.06614      0.00983      0.11769      0.06416      
51700   0.24841    0.04723    0.06552    0.01036      0.11819      0.07105      0.00918      0.11886      0.06607      
51800   0.24693    0.04717    0.06545    0.01056      0.11714      0.06618      0.00988      0.11800      0.06362      
51900   0.24601    0.04704    0.06529    0.01012      0.11689      0.06680      0.01001      0.11785      0.06414      
52000   0.24770    0.04697    0.06520    0.01070      0.11774      0.07074      0.00941      0.11818      0.06525      
52100   0.24610    0.04694    0.06511    0.01009      0.11733      0.06631      0.00952      0.11767      0.06418      
52200   0.24479    0.04683    0.06499    0.00972      0.11659      0.06657      0.00954      0.11771      0.06425      
52300   0.24699    0.04665    0.06483    0.01125      0.11716      0.07096      0.00991      0.11777      0.06472      
52400   0.24469    0.04658    0.06476    0.01023      0.11648      0.06649      0.00949      0.11753      0.06469      
52500   0.24413    0.04648    0.06471    0.00956      0.11676      0.06624      0.00951      0.11793      0.06411      
52600   0.24597    0.04640    0.06462    0.01090      0.11706      0.06992      0.00990      0.11762      0.06504      
52700   0.24465    0.04626    0.06450    0.01017      0.11716      0.06558      0.00940      0.11798      0.06369      
52800   0.24361    0.04621    0.06443    0.00963      0.11684      0.06496      0.00945      0.11846      0.06353      
52900   0.24553    0.04606    0.06425    0.01071      0.11770      0.06816      0.00962      0.11829      0.06263      
53000   0.24379    0.04602    0.06416    0.01045      0.11664      0.06515      0.00972      0.11758      0.06302      
53100   0.24302    0.04596    0.06411    0.00996      0.11634      0.06651      0.00977      0.11738      0.06484      
53200   0.24492    0.04585    0.06396    0.01084      0.11711      0.07148      0.00966      0.11746      0.06529      
53300   0.24327    0.04568    0.06379    0.01058      0.11647      0.06736      0.00988      0.11741      0.06541      
53400   0.24200    0.04555    0.06367    0.01008      0.11600      0.06698      0.01010      0.11717      0.06500      
53500   0.24380    0.04549    0.06358    0.01048      0.11720      0.07048      0.00933      0.11783      0.06498      
53600   0.24277    0.04537    0.06342    0.01026      0.11700      0.06712      0.00948      0.11805      0.06472      
53700   0.24158    0.04526    0.06329    0.00979      0.11648      0.06762      0.00961      0.11784      0.06506      
53800   0.24314    0.04514    0.06319    0.01088      0.11682      0.07100      0.00965      0.11741      0.06545      
53900   0.24154    0.04512    0.06314    0.01012      0.11650      0.06652      0.00939      0.11774      0.06413      
54000   0.24059    0.04494    0.06300    0.00960      0.11649      0.06551      0.00957      0.11752      0.06331      
54100   0.24184    0.04492    0.06293    0.01073      0.11630      0.06966      0.00949      0.11678      0.06409      
54200   0.24068    0.04481    0.06282    0.01057      0.11597      0.06506      0.00993      0.11725      0.06270      
54300   0.23974    0.04460    0.06262    0.00986      0.11596      0.06692      0.00967      0.11680      0.06381      
54400   0.24156    0.04452    0.06249    0.01055      0.11703      0.06968      0.00954      0.11770      0.06424      
54500   0.23924    0.04442    0.06236    0.01037      0.11551      0.06572      0.00956      0.11665      0.06365      
54600   0.23882    0.04433    0.06228    0.01005      0.11552      0.06629      0.00999      0.11652      0.06394      
54700   0.24064    0.04428    0.06222    0.01040      0.11686      0.06882      0.00929      0.11730      0.06354      
54800   0.23905    0.04412    0.06209    0.01044      0.11588      0.06522      0.00955      0.11707      0.06263      
54900   0.23843    0.04402    0.06201    0.01011      0.11559      0.06706      0.00996      0.11687      0.06434      
55000   0.23986    0.04398    0.06191    0.01062      0.11645      0.06903      0.00952      0.11701      0.06321      
55100   0.23830    0.04391    0.06182    0.01025      0.11582      0.06502      0.00946      0.11671      0.06251      
55200   0.23773    0.04378    0.06172    0.00970      0.11587      0.06664      0.00951      0.11673      0.06322      
55300   0.23952    0.04369    0.06161    0.01082      0.11630      0.07099      0.00981      0.11678      0.06574      
55400   0.23799    0.04360    0.06149    0.01073      0.11554      0.06628      0.01013      0.11665      0.06455      
55500   0.23701    0.04348    0.06137    0.00998      0.11563      0.06560      0.00991      0.11657      0.06264      
55600   0.23860    0.04342    0.06128    0.01076      0.11614      0.06990      0.00976      0.11679      0.06435      
55700   0.23773    0.04332    0.06123    0.01049      0.11617      0.06515      0.00991      0.11705      0.06349      
55800   0.23674    0.04320    0.06111    0.00993      0.11579      0.06705      0.00972      0.11689      0.06333      
55900   0.23794    0.04312    0.06100    0.01080      0.11610      0.06923      0.00982      0.11660      0.06415      
56000   0.23662    0.04307    0.06094    0.01001      0.11603      0.06578      0.00920      0.11686      0.06402      
56100   0.23615    0.04294    0.06085    0.00986      0.11574      0.06759      0.00979      0.11655      0.06381      
56200   0.23766    0.04284    0.06072    0.01080      0.11639      0.06907      0.00993      0.11662      0.06439      
56300   0.23603    0.04271    0.06064    0.01022      0.11597      0.06495      0.00953      0.11661      0.06306      
56400   0.23580    0.04271    0.06058    0.00997      0.11593      0.06612      0.00979      0.11720      0.06339      
56500   0.23679    0.04262    0.06050    0.01074      0.11587      0.07067      0.00972      0.11611      0.06496      
56600   0.23545    0.04254    0.06040    0.01052      0.11526      0.06736      0.00991      0.11627      0.06560      
56700   0.23474    0.04237    0.06027    0.00970      0.11569      0.06710      0.00939      0.11682      0.06382      
56800   0.23605    0.04226    0.06014    0.01078      0.11588      0.06986      0.00973      0.11654      0.06375      
56900   0.23462    0.04209    0.05997    0.01050      0.11549      0.06576      0.00962      0.11668      0.06400      
57000   0.23383    0.04201    0.05990    0.00957      0.11579      0.06567      0.00919      0.11692      0.06281      
57100   0.23530    0.04188    0.05979    0.01045      0.11628      0.06908      0.00933      0.11695      0.06373      
57200   0.23363    0.04174    0.05965    0.01003      0.11573      0.06469      0.00933      0.11696      0.06241      
57300   0.23289    0.04164    0.05958    0.00983      0.11524      0.06616      0.00962      0.11637      0.06345      
57400   0.23467    0.04157    0.05951    0.01060      0.11601      0.06983      0.00923      0.11651      0.06423      
57500   0.23317    0.04146    0.05941    0.01054      0.11519      0.06568      0.00994      0.11627      0.06440      
57600   0.23214    0.04137    0.05929    0.00984      0.11501      0.06629      0.00971      0.11608      0.06348      
57700   0.23365    0.04125    0.05924    0.01055      0.11581      0.06804      0.00955      0.11621      0.06291      
57800   0.23260    0.04120    0.05919    0.01016      0.11558      0.06477      0.00946      0.11652      0.06341      
57900   0.23154    0.04118    0.05911    0.00968      0.11496      0.06613      0.00951      0.11626      0.06353      
58000   0.23345    0.04117    0.05908    0.01092      0.11556      0.06729      0.00980      0.11614      0.06192      
58100   0.23215    0.04105    0.05900    0.01019      0.11546      0.06455      0.00955      0.11636      0.06216      
58200   0.23098    0.04101    0.05890    0.00988      0.11462      0.06580      0.00972      0.11591      0.06260      
58300   0.23299    0.04096    0.05878    0.01074      0.11572      0.06789      0.00986      0.11607      0.06214      
58400   0.23148    0.04089    0.05868    0.01031      0.11511      0.06492      0.00959      0.11581      0.06280      
58500   0.23033    0.04081    0.05860    0.00970      0.11466      0.06569      0.00953      0.11575      0.06275      
58600   0.23266    0.04074    0.05853    0.01059      0.11594      0.06855      0.00947      0.11639      0.06296      
58700   0.23142    0.04074    0.05845    0.01042      0.11527      0.06545      0.00971      0.11607      0.06375      
58800   0.23020    0.04063    0.05838    0.00989      0.11479      0.06520      0.00970      0.11607      0.06269      
58900   0.23215    0.04061    0.05832    0.01058      0.11591      0.06726      0.00955      0.11615      0.06206      
59000   0.23098    0.04051    0.05823    0.01039      0.11541      0.06440      0.00969      0.11615      0.06265      
59100   0.22990    0.04043    0.05816    0.00940      0.11528      0.06636      0.00931      0.11637      0.06333      
59200   0.23146    0.04040    0.05808    0.01062      0.11547      0.06884      0.00936      0.11574      0.06336      
59300   0.23030    0.04035    0.05802    0.01024      0.11516      0.06523      0.00946      0.11586      0.06311      
59400   0.22923    0.04042    0.05801    0.00929      0.11485      0.06654      0.00915      0.11585      0.06401      
59500   0.23137    0.04034    0.05796    0.01070      0.11540      0.06969      0.00949      0.11570      0.06440      
59600   0.22983    0.04026    0.05787    0.00999      0.11524      0.06480      0.00929      0.11603      0.06307      
59700   0.22879    0.04021    0.05780    0.00949      0.11455      0.06733      0.00933      0.11570      0.06366      
59800   0.23055    0.04001    0.05769    0.01038      0.11550      0.06968      0.00923      0.11577      0.06326      
59900   0.22942    0.03995    0.05756    0.01033      0.11485      0.06734      0.00932      0.11568      0.06542      
60000   0.22796    0.04002    0.05759    0.00925      0.11444      0.06651      0.00902      0.11580      0.06420      
60100   0.23022    0.03987    0.05745    0.01057      0.11546      0.06872      0.00935      0.11568      0.06339      
60200   0.22879    0.03979    0.05737    0.01016      0.11497      0.06499      0.00948      0.11586      0.06334      
60300   0.22728    0.03972    0.05728    0.00962      0.11413      0.06526      0.00957      0.11543      0.06292      
60400   0.22939    0.03974    0.05726    0.01042      0.11501      0.06961      0.00923      0.11505      0.06385      
60500   0.22772    0.03955    0.05711    0.01010      0.11445      0.06506      0.00919      0.11537      0.06371      
60600   0.22695    0.03948    0.05700    0.00939      0.11452      0.06567      0.00920      0.11553      0.06327      
60700   0.22881    0.03939    0.05690    0.01035      0.11533      0.06854      0.00921      0.11572      0.06329      
60800   0.22747    0.03926    0.05679    0.01001      0.11484      0.06561      0.00932      0.11568      0.06381      
60900   0.22609    0.03920    0.05674    0.00927      0.11440      0.06476      0.00916      0.11551      0.06332      
61000   0.22848    0.03913    0.05664    0.01055      0.11543      0.06733      0.00941      0.11578      0.06238      
61100   0.22691    0.03907    0.05656    0.00980      0.11501      0.06464      0.00904      0.11589      0.06313      
61200   0.22582    0.03901    0.05648    0.00925      0.11443      0.06643      0.00884      0.11559      0.06396      
61300   0.22751    0.03883    0.05633    0.01044      0.11487      0.07034      0.00908      0.11519      0.06482      
61400   0.22602    0.03887    0.05632    0.01021      0.11416      0.06458      0.00959      0.11503      0.06323      
61500   0.22484    0.03870    0.05617    0.00942      0.11399      0.06568      0.00929      0.11511      0.06373      
61600   0.22703    0.03866    0.05609    0.01025      0.11507      0.06969      0.00903      0.11534      0.06423      
61700   0.22563    0.03854    0.05599    0.01007      0.11463      0.06412      0.00940      0.11526      0.06294      
61800   0.22429    0.03846    0.05588    0.00924      0.11413      0.06571      0.00919      0.11524      0.06417      
61900   0.22637    0.03838    0.05581    0.01001      0.11534      0.06834      0.00888      0.11562      0.06315      
62000   0.22487    0.03829    0.05573    0.01008      0.11421      0.06570      0.00931      0.11520      0.06509      
62100   0.22380    0.03811    0.05559    0.00941      0.11414      0.06547      0.00927      0.11543      0.06418      
62200   0.22553    0.03804    0.05552    0.01055      0.11456      0.06870      0.00950      0.11464      0.06296      
62300   0.22408    0.03797    0.05545    0.00994      0.11425      0.06470      0.00919      0.11533      0.06322      
62400   0.22384    0.03789    0.05539    0.00945      0.11441      0.06704      0.00941      0.11552      0.06425      
62500   0.22552    0.03779    0.05529    0.01030      0.11518      0.06957      0.00915      0.11555      0.06444      
62600   0.22383    0.03779    0.05526    0.00999      0.11423      0.06560      0.00924      0.11543      0.06373      
62700   0.22312    0.03771    0.05517    0.00969      0.11393      0.06615      0.00947      0.11512      0.06467      
62800   0.22480    0.03766    0.05509    0.01024      0.11483      0.06977      0.00929      0.11523      0.06470      
62900   0.22310    0.03753    0.05497    0.00974      0.11431      0.06552      0.00898      0.11546      0.06390      
63000   0.22241    0.03738    0.05485    0.00962      0.11393      0.06627      0.00932      0.11491      0.06383      
63100   0.22414    0.03733    0.05476    0.01002      0.11512      0.06912      0.00875      0.11565      0.06341      
63200   0.22233    0.03724    0.05468    0.00974      0.11414      0.06533      0.00891      0.11526      0.06329      
63300   0.22175    0.03723    0.05464    0.00907      0.11424      0.06581      0.00873      0.11542      0.06331      
63400   0.22335    0.03709    0.05452    0.01014      0.11459      0.07008      0.00912      0.11503      0.06472      
63500   0.22175    0.03707    0.05445    0.00967      0.11399      0.06560      0.00889      0.11524      0.06358      
63600   0.22131    0.03698    0.05436    0.00921      0.11412      0.06631      0.00892      0.11542      0.06319      
63700   0.22292    0.03697    0.05432    0.01036      0.11437      0.06895      0.00926      0.11488      0.06338      
63800   0.22159    0.03694    0.05423    0.00974      0.11414      0.06540      0.00898      0.11526      0.06305      
63900   0.22100    0.03683    0.05413    0.00946      0.11394      0.06637      0.00933      0.11492      0.06385      
64000   0.22230    0.03677    0.05406    0.01019      0.11441      0.06867      0.00910      0.11489      0.06356      
64100   0.22059    0.03662    0.05395    0.00984      0.11376      0.06417      0.00919      0.11477      0.06264      
64200   0.22006    0.03655    0.05389    0.00957      0.11352      0.06518      0.00932      0.11458      0.06298      
64300   0.22160    0.03644    0.05378    0.01045      0.11416      0.06770      0.00938      0.11448      0.06188      
64400   0.22014    0.03634    0.05370    0.01006      0.11357      0.06472      0.00941      0.11455      0.06283      
64500   0.21923    0.03633    0.05368    0.00927      0.11342      0.06532      0.00903      0.11461      0.06279      
64600   0.22126    0.03635    0.05365    0.01026      0.11404      0.06959      0.00909      0.11432      0.06412      
64700   0.21978    0.03635    0.05361    0.00980      0.11351      0.06513      0.00912      0.11465      0.06285      
64800   0.21892    0.03627    0.05354    0.00932      0.11321      0.06574      0.00918      0.11432      0.06301      
64900   0.22100    0.03631    0.05349    0.01021      0.11423      0.06756      0.00907      0.11456      0.06181      
65000   0.21903    0.03618    0.05341    0.00982      0.11320      0.06419      0.00916      0.11445      0.06249      
65100   0.21871    0.03619    0.05339    0.00920      0.11341      0.06511      0.00887      0.11473      0.06267      
65200   0.22050    0.03608    0.05329    0.01040      0.11399      0.06749      0.00911      0.11434      0.06210      
65300   0.21898    0.03605    0.05322    0.00999      0.11314      0.06581      0.00941      0.11416      0.06354      
65400   0.21805    0.03596    0.05319    0.00905      0.11336      0.06481      0.00884      0.11442      0.06230      
65500   0.21973    0.03584    0.05313    0.01017      0.11392      0.06670      0.00912      0.11450      0.06121      
65600   0.21866    0.03581    0.05308    0.01004      0.11331      0.06423      0.00949      0.11426      0.06222      
65700   0.21757    0.03568    0.05298    0.00932      0.11318      0.06419      0.00906      0.11419      0.06240      
65800   0.21927    0.03559    0.05289    0.01013      0.11390      0.06754      0.00897      0.11432      0.06264      
65900   0.21778    0.03544    0.05280    0.00977      0.11331      0.06448      0.00901      0.11411      0.06297      
66000   0.21669    0.03542    0.05275    0.00889      0.11309      0.06547      0.00869      0.11415      0.06309      
66100   0.21881    0.03536    0.05270    0.01004      0.11400      0.06712      0.00862      0.11443      0.06247      
66200   0.21704    0.03522    0.05260    0.00986      0.11290      0.06454      0.00921      0.11406      0.06288      
66300   0.21645    0.03510    0.05252    0.00910      0.11328      0.06440      0.00898      0.11436      0.06256      
66400   0.21802    0.03504    0.05246    0.01042      0.11335      0.06748      0.00911      0.11389      0.06264      
66500   0.21656    0.03497    0.05244    0.00966      0.11305      0.06448      0.00909      0.11373      0.06244      
66600   0.21588    0.03487    0.05232    0.00909      0.11323      0.06376      0.00896      0.11407      0.06205      
66700   0.21761    0.03481    0.05222    0.01004      0.11382      0.06722      0.00902      0.11435      0.06238      
66800   0.21579    0.03471    0.05212    0.00953      0.11297      0.06463      0.00896      0.11400      0.06296      
66900   0.21523    0.03460    0.05204    0.00907      0.11311      0.06410      0.00895      0.11406      0.06196      
67000   0.21691    0.03451    0.05194    0.01031      0.11342      0.06737      0.00934      0.11390      0.06267      
67100   0.21543    0.03444    0.05188    0.00990      0.11292      0.06289      0.00936      0.11394      0.06098      
67200   0.21480    0.03445    0.05186    0.00884      0.11314      0.06522      0.00866      0.11435      0.06315      
67300   0.21660    0.03440    0.05177    0.01011      0.11354      0.06792      0.00898      0.11409      0.06305      
67400   0.21515    0.03439    0.05174    0.00961      0.11305      0.06360      0.00895      0.11394      0.06203      
67500   0.21441    0.03429    0.05169    0.00889      0.11322      0.06329      0.00875      0.11427      0.06183      
67600   0.21626    0.03421    0.05160    0.01002      0.11354      0.06893      0.00895      0.11416      0.06355      
67700   0.21495    0.03421    0.05157    0.00995      0.11279      0.06442      0.00933      0.11363      0.06275      
67800   0.21421    0.03418    0.05152    0.00905      0.11299      0.06479      0.00887      0.11415      0.06206      
67900   0.21589    0.03413    0.05143    0.01028      0.11336      0.06686      0.00926      0.11410      0.06129      
68000   0.21465    0.03402    0.05135    0.00990      0.11296      0.06420      0.00925      0.11400      0.06177      
68100   0.21376    0.03395    0.05125    0.00930      0.11280      0.06448      0.00914      0.11396      0.06231      
68200   0.21531    0.03393    0.05122    0.01016      0.11327      0.06725      0.00928      0.11378      0.06263      
68300   0.21402    0.03392    0.05117    0.00961      0.11302      0.06292      0.00874      0.11393      0.06089      
68400   0.21341    0.03388    0.05112    0.00924      0.11274      0.06424      0.00920      0.11395      0.06178      
68500   0.21515    0.03387    0.05107    0.01005      0.11353      0.06630      0.00907      0.11397      0.06125      
68600   0.21380    0.03378    0.05100    0.00986      0.11287      0.06294      0.00920      0.11385      0.06160      
68700   0.21307    0.03375    0.05095    0.00945      0.11251      0.06400      0.00931      0.11359      0.06200      
68800   0.21469    0.03359    0.05088    0.01008      0.11342      0.06723      0.00882      0.11374      0.06225      
68900   0.21320    0.03348    0.05079    0.00974      0.11279      0.06392      0.00902      0.11350      0.06248      
69000   0.21233    0.03342    0.05071    0.00903      0.11269      0.06487      0.00892      0.11377      0.06277      
69100   0.21425    0.03340    0.05069    0.01038      0.11317      0.06605      0.00916      0.11349      0.06142      
69200   0.21300    0.03340    0.05066    0.00991      0.11271      0.06330      0.00916      0.11353      0.06149      
69300   0.21201    0.03332    0.05059    0.00914      0.11254      0.06423      0.00888      0.11349      0.06238      
69400   0.21392    0.03323    0.05051    0.01033      0.11314      0.06714      0.00912      0.11355      0.06234      
69500   0.21227    0.03314    0.05046    0.00967      0.11264      0.06370      0.00898      0.11349      0.06135      
69600   0.21136    0.03315    0.05040    0.00911      0.11237      0.06324      0.00883      0.11350      0.06059      
69700   0.21344    0.03311    0.05037    0.01009      0.11323      0.06634      0.00904      0.11342      0.06101      
69800   0.21200    0.03306    0.05029    0.00991      0.11245      0.06292      0.00920      0.11348      0.06074      
69900   0.21120    0.03301    0.05020    0.00903      0.11265      0.06307      0.00903      0.11363      0.06008      
70000   0.21301    0.03287    0.05011    0.01030      0.11321      0.06512      0.00918      0.11368      0.05993      
70100   0.21138    0.03288    0.05012    0.00976      0.11241      0.06213      0.00911      0.11336      0.06006      
70200   0.21087    0.03282    0.05005    0.00938      0.11222      0.06403      0.00927      0.11330      0.06178      
70300   0.21265    0.03273    0.04995    0.01019      0.11314      0.06643      0.00917      0.11349      0.06114      
70400   0.21107    0.03272    0.04993    0.00960      0.11253      0.06285      0.00887      0.11350      0.06033      
70500   0.21027    0.03263    0.04987    0.00929      0.11209      0.06384      0.00904      0.11319      0.06069      
70600   0.21210    0.03259    0.04981    0.01021      0.11293      0.06570      0.00918      0.11319      0.06047      
70700   0.21051    0.03260    0.04976    0.00964      0.11223      0.06273      0.00914      0.11321      0.06047      
70800   0.20989    0.03254    0.04972    0.00897      0.11223      0.06427      0.00892      0.11350      0.06108      
70900   0.21191    0.03253    0.04968    0.01026      0.11290      0.06546      0.00917      0.11323      0.06073      
71000   0.21019    0.03247    0.04960    0.00971      0.11219      0.06226      0.00916      0.11303      0.05975      
71100   0.20955    0.03237    0.04951    0.00905      0.11229      0.06325      0.00918      0.11346      0.06055      
71200   0.21138    0.03237    0.04949    0.00994      0.11295      0.06624      0.00877      0.11322      0.06147      
71300   0.20978    0.03234    0.04943    0.00948      0.11230      0.06232      0.00877      0.11317      0.06024      
71400   0.20890    0.03224    0.04937    0.00894      0.11200      0.06359      0.00875      0.11295      0.06069      
71500   0.21089    0.03223    0.04936    0.01007      0.11278      0.06455      0.00907      0.11295      0.05978      
71600   0.20948    0.03219    0.04933    0.00962      0.11213      0.06204      0.00889      0.11307      0.05972      
71700   0.20878    0.03210    0.04927    0.00922      0.11178      0.06412      0.00924      0.11270      0.06070      
71800   0.21069    0.03207    0.04923    0.01003      0.11286      0.06506      0.00891      0.11302      0.06020      
71900   0.20935    0.03204    0.04919    0.00971      0.11215      0.06271      0.00884      0.11302      0.06048      
72000   0.20854    0.03197    0.04912    0.00912      0.11197      0.06359      0.00888      0.11295      0.06054      
72100   0.21040    0.03201    0.04912    0.00997      0.11271      0.06587      0.00887      0.11306      0.06050      
72200   0.20927    0.03201    0.04906    0.00971      0.11217      0.06323      0.00888      0.11276      0.06049      
72300   0.20844    0.03197    0.04900    0.00934      0.11174      0.06379      0.00917      0.11276      0.06091      
72400   0.21029    0.03198    0.04899    0.01037      0.11227      0.06678      0.00929      0.11248      0.06150      
72500   0.20880    0.03191    0.04892    0.00962      0.11201      0.06337      0.00891      0.11285      0.06156      
72600   0.20806    0.03186    0.04888    0.00909      0.11186      0.06373      0.00888      0.11298      0.06100      
72700   0.20992    0.03175    0.04881    0.01029      0.11245      0.06616      0.00925      0.11275      0.06109      
72800   0.20840    0.03167    0.04872    0.00971      0.11197      0.06329      0.00889      0.11282      0.06181      
72900   0.20769    0.03163    0.04868    0.00909      0.11196      0.06339      0.00885      0.11300      0.06086      
73000   0.20922    0.03154    0.04861    0.01017      0.11231      0.06589      0.00896      0.11265      0.06029      
73100   0.20810    0.03156    0.04860    0.00963      0.11199      0.06316      0.00900      0.11248      0.06078      
73200   0.20739    0.03153    0.04859    0.00903      0.11184      0.06399      0.00884      0.11270      0.06141      
73300   0.20884    0.03141    0.04851    0.01004      0.11224      0.06639      0.00897      0.11245      0.06105      
73400   0.20769    0.03137    0.04847    0.00966      0.11181      0.06388      0.00887      0.11260      0.06152      
73500   0.20702    0.03128    0.04840    0.00899      0.11202      0.06335      0.00886      0.11279      0.06093      
73600   0.20890    0.03126    0.04839    0.01021      0.11230      0.06745      0.00908      0.11251      0.06168      
73700   0.20741    0.03118    0.04831    0.00957      0.11205      0.06298      0.00884      0.11289      0.06085      
73800   0.20688    0.03118    0.04829    0.00937      0.11177      0.06267      0.00921      0.11258      0.06048      
73900   0.20862    0.03114    0.04825    0.01007      0.11263      0.06534      0.00894      0.11270      0.06046      
74000   0.20713    0.03106    0.04819    0.00969      0.11188      0.06313      0.00894      0.11260      0.06105      
74100   0.20643    0.03105    0.04815    0.00915      0.11180      0.06283      0.00888      0.11247      0.06074      
74200   0.20818    0.03099    0.04809    0.01015      0.11242      0.06530      0.00908      0.11250      0.06052      
74300   0.20702    0.03097    0.04804    0.00995      0.11175      0.06319      0.00933      0.11230      0.06123      
74400   0.20587    0.03094    0.04802    0.00893      0.11152      0.06451      0.00876      0.11258      0.06200      
74500   0.20787    0.03093    0.04799    0.01029      0.11207      0.06595      0.00922      0.11229      0.06098      
74600   0.20674    0.03091    0.04794    0.00958      0.11195      0.06365      0.00875      0.11256      0.06137      
74700   0.20585    0.03091    0.04794    0.00881      0.11174      0.06441      0.00868      0.11262      0.06206      
74800   0.20747    0.03089    0.04791    0.00991      0.11210      0.06662      0.00876      0.11238      0.06209      
74900   0.20659    0.03087    0.04787    0.00983      0.11175      0.06271      0.00899      0.11230      0.06067      
75000   0.20540    0.03076    0.04779    0.00911      0.11124      0.06497      0.00897      0.11217      0.06308      
75100   0.20731    0.03078    0.04777    0.01016      0.11204      0.06567      0.00900      0.11242      0.06096      
75200   0.20600    0.03073    0.04774    0.00960      0.11153      0.06405      0.00876      0.11229      0.06165      
75300   0.20512    0.03065    0.04765    0.00907      0.11132      0.06430      0.00907      0.11236      0.06165      
75400   0.20691    0.03060    0.04760    0.00997      0.11201      0.06725      0.00882      0.11232      0.06190      
75500   0.20591    0.03056    0.04756    0.00943      0.11195      0.06423      0.00875      0.11262      0.06213      
75600   0.20470    0.03047    0.04747    0.00919      0.11117      0.06402      0.00892      0.11215      0.06177      
75700   0.20655    0.03044    0.04746    0.01011      0.11185      0.06698      0.00892      0.11212      0.06212      
75800   0.20531    0.03035    0.04739    0.00972      0.11140      0.06458      0.00908      0.11225      0.06197      
75900   0.20458    0.03027    0.04735    0.00891      0.11158      0.06469      0.00887      0.11268      0.06236      
76000   0.20638    0.03028    0.04734    0.01014      0.11189      0.06728      0.00921      0.11231      0.06219      
76100   0.20507    0.03028    0.04729    0.00961      0.11143      0.06464      0.00889      0.11228      0.06256      
76200   0.20422    0.03015    0.04722    0.00912      0.11136      0.06380      0.00896      0.11232      0.06177      
76300   0.20594    0.03015    0.04722    0.01000      0.11183      0.06738      0.00886      0.11207      0.06226      
76400   0.20459    0.03012    0.04718    0.00976      0.11112      0.06410      0.00897      0.11207      0.06189      
76500   0.20396    0.03005    0.04711    0.00891      0.11147      0.06423      0.00875      0.11227      0.06156      
76600   0.20569    0.02995    0.04706    0.01020      0.11174      0.06742      0.00912      0.11210      0.06246      
76700   0.20412    0.02993    0.04704    0.00969      0.11113      0.06336      0.00910      0.11205      0.06128      
76800   0.20373    0.02991    0.04702    0.00921      0.11108      0.06505      0.00922      0.11197      0.06267      
76900   0.20542    0.02982    0.04696    0.01010      0.11187      0.06666      0.00904      0.11205      0.06117      
77000   0.20416    0.02984    0.04696    0.00960      0.11142      0.06350      0.00909      0.11232      0.06100      
77100   0.20341    0.02982    0.04693    0.00888      0.11142      0.06363      0.00866      0.11220      0.06163      
77200   0.20527    0.02977    0.04687    0.00994      0.11201      0.06687      0.00894      0.11223      0.06201      
77300   0.20394    0.02978    0.04687    0.00983      0.11110      0.06353      0.00946      0.11214      0.06163      
77400   0.20314    0.02978    0.04687    0.00892      0.11111      0.06458      0.00891      0.11195      0.06236      
77500   0.20503    0.02975    0.04680    0.00999      0.11174      0.06745      0.00882      0.11194      0.06237      
77600   0.20344    0.02968    0.04674    0.00950      0.11108      0.06428      0.00885      0.11179      0.06186      
77700   0.20274    0.02970    0.04672    0.00896      0.11095      0.06414      0.00892      0.11192      0.06127      
77800   0.20466    0.02965    0.04668    0.00985      0.11187      0.06609      0.00885      0.11217      0.06120      
77900   0.20322    0.02959    0.04664    0.00953      0.11103      0.06437      0.00894      0.11202      0.06189      
78000   0.20261    0.02957    0.04661    0.00876      0.11114      0.06541      0.00861      0.11203      0.06317      
78100   0.20425    0.02957    0.04658    0.00997      0.11151      0.06627      0.00887      0.11167      0.06111      
78200   0.20268    0.02950    0.04654    0.00944      0.11079      0.06404      0.00870      0.11174      0.06172      
78300   0.20222    0.02942    0.04648    0.00892      0.11101      0.06385      0.00890      0.11186      0.06106      
78400   0.20395    0.02939    0.04644    0.00995      0.11153      0.06646      0.00890      0.11180      0.06193      
78500   0.20265    0.02932    0.04639    0.00956      0.11095      0.06436      0.00885      0.11174      0.06197      
78600   0.20193    0.02932    0.04637    0.00898      0.11084      0.06422      0.00877      0.11162      0.06213      
78700   0.20360    0.02931    0.04636    0.00962      0.11156      0.06750      0.00842      0.11192      0.06289      
78800   0.20269    0.02929    0.04632    0.00954      0.11111      0.06430      0.00888      0.11189      0.06170      
78900   0.20154    0.02925    0.04628    0.00877      0.11074      0.06508      0.00860      0.11169      0.06225      
79000   0.20339    0.02916    0.04621    0.00996      0.11140      0.06664      0.00877      0.11165      0.06123      
79100   0.20203    0.02906    0.04615    0.00943      0.11095      0.06435      0.00869      0.11180      0.06220      
79200   0.20105    0.02902    0.04608    0.00879      0.11070      0.06458      0.00864      0.11160      0.06173      
79300   0.20293    0.02897    0.04606    0.00986      0.11139      0.06650      0.00878      0.11169      0.06158      
79400   0.20173    0.02894    0.04603    0.00946      0.11089      0.06408      0.00879      0.11160      0.06137      
79500   0.20095    0.02898    0.04601    0.00891      0.11059      0.06459      0.00876      0.11152      0.06205      
79600   0.20269    0.02889    0.04594    0.00967      0.11157      0.06618      0.00849      0.11196      0.06120      
79700   0.20131    0.02881    0.04590    0.00951      0.11070      0.06397      0.00873      0.11172      0.06156      
79800   0.20050    0.02873    0.04583    0.00882      0.11070      0.06417      0.00877      0.11175      0.06174      
79900   0.20243    0.02871    0.04582    0.00967      0.11156      0.06674      0.00846      0.11200      0.06180      
80000   0.20124    0.02870    0.04580    0.00945      0.11093      0.06373      0.00879      0.11190      0.06112      
80100   0.20041    0.02868    0.04576    0.00895      0.11059      0.06425      0.00894      0.11175      0.06102      
80200   0.20208    0.02867    0.04575    0.00974      0.11124      0.06678      0.00870      0.11173      0.06181      
80300   0.20081    0.02867    0.04574    0.00965      0.11034      0.06407      0.00885      0.11138      0.06188      
80400   0.20011    0.02867    0.04572    0.00885      0.11041      0.06461      0.00867      0.11141      0.06152      
80500   0.20189    0.02862    0.04567    0.00967      0.11120      0.06722      0.00854      0.11164      0.06238      
80600   0.20051    0.02854    0.04562    0.00932      0.11065      0.06375      0.00856      0.11159      0.06136      
80700   0.19983    0.02850    0.04558    0.00877      0.11051      0.06471      0.00861      0.11146      0.06167      
80800   0.20171    0.02847    0.04554    0.00987      0.11124      0.06585      0.00883      0.11149      0.06077      
80900   0.20021    0.02843    0.04551    0.00936      0.11064      0.06272      0.00874      0.11159      0.05983      
81000   0.19965    0.02843    0.04550    0.00874      0.11059      0.06382      0.00858      0.11150      0.06089      
81100   0.20147    0.02838    0.04548    0.00993      0.11104      0.06647      0.00880      0.11131      0.06158      
81200   0.20008    0.02835    0.04544    0.00950      0.11047      0.06325      0.00892      0.11150      0.06102      
81300   0.19965    0.02833    0.04541    0.00896      0.11051      0.06445      0.00878      0.11155      0.06153      
81400   0.20127    0.02832    0.04538    0.00987      0.11116      0.06538      0.00882      0.11141      0.06054      
81500   0.19986    0.02829    0.04536    0.00934      0.11047      0.06396      0.00872      0.11149      0.06163      
81600   0.19921    0.02820    0.04531    0.00866      0.11059      0.06445      0.00845      0.11162      0.06174      
81700   0.20077    0.02818    0.04525    0.00971      0.11097      0.06659      0.00864      0.11135      0.06159      
81800   0.19964    0.02822    0.04526    0.00925      0.11059      0.06328      0.00868      0.11152      0.06069      
81900   0.19910    0.02821    0.04523    0.00862      0.11065      0.06395      0.00837      0.11152      0.06068      
82000   0.20076    0.02818    0.04520    0.00993      0.11086      0.06585      0.00881      0.11119      0.06124      
82100   0.19923    0.02808    0.04515    0.00950      0.11015      0.06341      0.00884      0.11129      0.06085      
82200   0.19869    0.02800    0.04508    0.00896      0.11025      0.06401      0.00881      0.11125      0.06118      
82300   0.20031    0.02794    0.04506    0.00974      0.11095      0.06628      0.00861      0.11130      0.06104      
82400   0.19898    0.02786    0.04500    0.00931      0.11048      0.06326      0.00868      0.11148      0.06063      
82500   0.19830    0.02780    0.04495    0.00883      0.11034      0.06385      0.00867      0.11126      0.06049      
82600   0.19988    0.02778    0.04491    0.00978      0.11085      0.06568      0.00873      0.11133      0.06048      
82700   0.19853    0.02770    0.04487    0.00927      0.11041      0.06279      0.00866      0.11125      0.06043      
82800   0.19797    0.02767    0.04482    0.00881      0.11026      0.06399      0.00870      0.11115      0.06075      
82900   0.19957    0.02765    0.04481    0.00970      0.11081      0.06601      0.00865      0.11124      0.06055      
83000   0.19831    0.02766    0.04480    0.00931      0.11022      0.06325      0.00857      0.11124      0.06112      
83100   0.19781    0.02764    0.04477    0.00880      0.11027      0.06326      0.00869      0.11113      0.06049      
83200   0.19960    0.02762    0.04473    0.00979      0.11089      0.06574      0.00886      0.11123      0.06061      
83300   0.19827    0.02762    0.04472    0.00912      0.11054      0.06266      0.00841      0.11141      0.06062      
83400   0.19776    0.02764    0.04470    0.00868      0.11044      0.06301      0.00849      0.11144      0.06062      
83500   0.19962    0.02769    0.04471    0.00965      0.11099      0.06570      0.00871      0.11132      0.06066      
83600   0.19804    0.02759    0.04467    0.00934      0.11021      0.06224      0.00860      0.11118      0.06017      
83700   0.19749    0.02756    0.04463    0.00878      0.11026      0.06259      0.00870      0.11111      0.06009      
83800   0.19910    0.02743    0.04455    0.00971      0.11079      0.06616      0.00861      0.11108      0.06067      
83900   0.19778    0.02742    0.04453    0.00956      0.10999      0.06277      0.00886      0.11079      0.06070      
84000   0.19715    0.02739    0.04449    0.00890      0.11003      0.06327      0.00881      0.11096      0.06007      
84100   0.19887    0.02732    0.04444    0.00974      0.11077      0.06604      0.00867      0.11099      0.06118      
84200   0.19761    0.02739    0.04444    0.00906      0.11043      0.06292      0.00838      0.11127      0.06057      
84300   0.19696    0.02737    0.04441    0.00870      0.11015      0.06326      0.00871      0.11093      0.06029      
84400   0.19875    0.02732    0.04440    0.00973      0.11071      0.06590      0.00874      0.11095      0.06047      
84500   0.19741    0.02730    0.04436    0.00927      0.11025      0.06233      0.00869      0.11107      0.05995      
84600   0.19669    0.02723    0.04432    0.00857      0.11020      0.06358      0.00839      0.11109      0.06107      
84700   0.19857    0.02718    0.04429    0.00965      0.11081      0.06641      0.00846      0.11102      0.06102      
84800   0.19728    0.02719    0.04429    0.00956      0.11000      0.06242      0.00896      0.11077      0.06000      
84900   0.19666    0.02715    0.04426    0.00890      0.11003      0.06314      0.00873      0.11101      0.06031      
85000   0.19832    0.02710    0.04421    0.00988      0.11061      0.06515      0.00888      0.11086      0.05987      
85100   0.19709    0.02707    0.04419    0.00935      0.11019      0.06289      0.00863      0.11093      0.06041      
85200   0.19641    0.02706    0.04416    0.00874      0.11022      0.06243      0.00869      0.11109      0.05997      
85300   0.19814    0.02706    0.04414    0.00965      0.11076      0.06533      0.00853      0.11092      0.06015      
85400   0.19682    0.02703    0.04411    0.00929      0.11014      0.06252      0.00867      0.11080      0.06006      
85500   0.19619    0.02702    0.04409    0.00875      0.11005      0.06282      0.00863      0.11070      0.06038      
85600   0.19790    0.02698    0.04408    0.00955      0.11071      0.06584      0.00842      0.11090      0.06044      
85700   0.19651    0.02690    0.04403    0.00941      0.10992      0.06255      0.00875      0.11076      0.06044      
85800   0.19599    0.02690    0.04400    0.00880      0.10997      0.06323      0.00877      0.11088      0.06061      
85900   0.19775    0.02681    0.04395    0.00957      0.11086      0.06559      0.00851      0.11124      0.06052      
86000   0.19639    0.02685    0.04394    0.00943      0.10995      0.06226      0.00877      0.11086      0.06049      
86100   0.19564    0.02682    0.04393    0.00883      0.10977      0.06286      0.00871      0.11072      0.06018      
86200   0.19739    0.02674    0.04389    0.00959      0.11052      0.06650      0.00846      0.11076      0.06145      
86300   0.19610    0.02669    0.04384    0.00928      0.11003      0.06258      0.00864      0.11075      0.06035      
86400   0.19536    0.02668    0.04382    0.00865      0.10994      0.06270      0.00850      0.11083      0.06035      
86500   0.19721    0.02668    0.04380    0.00969      0.11045      0.06573      0.00872      0.11071      0.06090      
86600   0.19597    0.02669    0.04378    0.00917      0.11007      0.06264      0.00850      0.11079      0.06061      
86700   0.19522    0.02659    0.04374    0.00875      0.10983      0.06309      0.00870      0.11065      0.06065      
86800   0.19690    0.02661    0.04373    0.00971      0.11031      0.06542      0.00871      0.11056      0.06017      
86900   0.19592    0.02659    0.04370    0.00911      0.11024      0.06269      0.00842      0.11091      0.06076      
87000   0.19510    0.02654    0.04365    0.00862      0.10995      0.06332      0.00853      0.11087      0.06063      
87100   0.19675    0.02650    0.04361    0.00970      0.11041      0.06542      0.00866      0.11067      0.06030      
87200   0.19546    0.02651    0.04358    0.00892      0.11020      0.06246      0.00821      0.11084      0.05999      
87300   0.19484    0.02649    0.04356    0.00830      0.11023      0.06262      0.00829      0.11100      0.05964      
87400   0.19660    0.02645    0.04351    0.00960      0.11050      0.06534      0.00860      0.11080      0.05995      
87500   0.19542    0.02647    0.04351    0.00898      0.11023      0.06229      0.00840      0.11090      0.05997      
87600   0.19468    0.02639    0.04348    0.00864      0.10984      0.06345      0.00861      0.11074      0.06039      
87700   0.19646    0.02636    0.04343    0.00937      0.11071      0.06595      0.00831      0.11106      0.06057      
87800   0.19522    0.02631    0.04340    0.00932      0.10992      0.06272      0.00878      0.11066      0.06031      
87900   0.19440    0.02628    0.04338    0.00862      0.10984      0.06288      0.00848      0.11072      0.05982      
88000   0.19629    0.02626    0.04334    0.00960      0.11047      0.06622      0.00852      0.11082      0.06116      
88100   0.19500    0.02622    0.04331    0.00913      0.11005      0.06294      0.00835      0.11080      0.06054      
88200   0.19418    0.02614    0.04327    0.00858      0.10986      0.06330      0.00842      0.11081      0.06059      
88300   0.19602    0.02609    0.04323    0.00936      0.11067      0.06666      0.00824      0.11084      0.06111      
88400   0.19474    0.02607    0.04321    0.00900      0.11020      0.06271      0.00840      0.11089      0.06014      
88500   0.19390    0.02599    0.04316    0.00844      0.10996      0.06338      0.00835      0.11092      0.06085      
88600   0.19592    0.02603    0.04314    0.00969      0.11060      0.06464      0.00869      0.11075      0.05973      
88700   0.19448    0.02598    0.04312    0.00903      0.11010      0.06246      0.00844      0.11064      0.06030      
88800   0.19383    0.02595    0.04306    0.00860      0.10986      0.06362      0.00848      0.11077      0.06070      
88900   0.19560    0.02596    0.04305    0.00948      0.11056      0.06553      0.00844      0.11093      0.06053      
89000   0.19436    0.02587    0.04301    0.00900      0.11023      0.06247      0.00819      0.11115      0.06006      
89100   0.19364    0.02589    0.04301    0.00858      0.10985      0.06318      0.00844      0.11085      0.06023      
89200   0.19527    0.02584    0.04298    0.00942      0.11040      0.06631      0.00839      0.11071      0.06111      
89300   0.19418    0.02583    0.04295    0.00916      0.10994      0.06299      0.00864      0.11075      0.06036      
89400   0.19347    0.02577    0.04290    0.00849      0.10998      0.06326      0.00834      0.11092      0.06057      
89500   0.19520    0.02574    0.04288    0.00953      0.11046      0.06585      0.00857      0.11071      0.06052      
89600   0.19385    0.02567    0.04284    0.00901      0.11005      0.06274      0.00847      0.11085      0.06009      
89700   0.19312    0.02570    0.04283    0.00855      0.10974      0.06303      0.00840      0.11064      0.06069      
89800   0.19509    0.02569    0.04281    0.00967      0.11035      0.06574      0.00878      0.11061      0.06037      
89900   0.19381    0.02568    0.04281    0.00922      0.10977      0.06318      0.00866      0.11074      0.06074      
90000   0.19314    0.02567    0.04277    0.00856      0.10984      0.06295      0.00847      0.11075      0.06033      
90100   0.19508    0.02565    0.04276    0.00942      0.11063      0.06620      0.00827      0.11090      0.06115      
90200   0.19380    0.02564    0.04274    0.00908      0.11004      0.06310      0.00851      0.11081      0.06053      
90300   0.19301    0.02560    0.04271    0.00837      0.11007      0.06257      0.00819      0.11099      0.06007      
90400   0.19485    0.02560    0.04270    0.00951      0.11045      0.06589      0.00853      0.11065      0.06074      
90500   0.19356    0.02557    0.04267    0.00905      0.11003      0.06232      0.00844      0.11071      0.06018      
90600   0.19288    0.02556    0.04265    0.00850      0.10984      0.06334      0.00840      0.11085      0.06104      
90700   0.19469    0.02550    0.04260    0.00934      0.11075      0.06502      0.00817      0.11101      0.05996      
90800   0.19327    0.02545    0.04258    0.00892      0.11007      0.06257      0.00827      0.11085      0.06024      
90900   0.19258    0.02543    0.04257    0.00849      0.10977      0.06317      0.00834      0.11076      0.06077      
91000   0.19433    0.02539    0.04252    0.00945      0.11040      0.06568      0.00847      0.11052      0.06050      
91100   0.19308    0.02534    0.04249    0.00924      0.10976      0.06251      0.00862      0.11049      0.06014      
91200   0.19224    0.02534    0.04248    0.00858      0.10956      0.06287      0.00844      0.11049      0.06035      
91300   0.19415    0.02533    0.04245    0.00948      0.11029      0.06604      0.00833      0.11058      0.06106      
91400   0.19291    0.02534    0.04245    0.00906      0.10973      0.06324      0.00831      0.11079      0.06103      
91500   0.19214    0.02524    0.04241    0.00864      0.10958      0.06277      0.00859      0.11054      0.06019      
91600   0.19395    0.02526    0.04238    0.00945      0.11030      0.06560      0.00831      0.11048      0.06041      
91700   0.19251    0.02520    0.04234    0.00916      0.10958      0.06233      0.00856      0.11038      0.06034      
91800   0.19183    0.02516    0.04230    0.00850      0.10960      0.06267      0.00838      0.11064      0.06020      
91900   0.19379    0.02516    0.04230    0.00945      0.11035      0.06533      0.00846      0.11058      0.06025      
92000   0.19242    0.02517    0.04228    0.00901      0.10967      0.06292      0.00832      0.11063      0.06105      
92100   0.19170    0.02516    0.04226    0.00845      0.10959      0.06241      0.00833      0.11066      0.06105      
92200   0.19370    0.02515    0.04223    0.00955      0.11020      0.06576      0.00849      0.11033      0.06078      
92300   0.19236    0.02512    0.04221    0.00926      0.10953      0.06238      0.00871      0.11034      0.06033      
92400   0.19164    0.02510    0.04219    0.00870      0.10938      0.06258      0.00866      0.11038      0.06085      
92500   0.19346    0.02505    0.04216    0.00952      0.11014      0.06597      0.00850      0.11041      0.06095      
92600   0.19218    0.02505    0.04214    0.00895      0.10975      0.06296      0.00838      0.11064      0.06105      
92700   0.19141    0.02501    0.04211    0.00842      0.10955      0.06325      0.00826      0.11050      0.06152      
92800   0.19339    0.02499    0.04206    0.00944      0.11034      0.06555      0.00840      0.11059      0.06034      
92900   0.19187    0.02494    0.04204    0.00909      0.10964      0.06164      0.00850      0.11041      0.05978      
93000   0.19126    0.02498    0.04204    0.00850      0.10948      0.06258      0.00835      0.11047      0.06045      
93100   0.19324    0.02495    0.04200    0.00951      0.11023      0.06554      0.00856      0.11048      0.06080      
93200   0.19179    0.02493    0.04198    0.00902      0.10966      0.06193      0.00851      0.11051      0.06021      
93300   0.19105    0.02483    0.04194    0.00849      0.10948      0.06317      0.00844      0.11040      0.06119      
93400   0.19297    0.02483    0.04192    0.00937      0.11023      0.06607      0.00838      0.11033      0.06105      
93500   0.19152    0.02482    0.04190    0.00892      0.10963      0.06255      0.00829      0.11049      0.06082      
93600   0.19077    0.02476    0.04185    0.00863      0.10930      0.06224      0.00858      0.11017      0.06013      
93700   0.19281    0.02473    0.04184    0.00944      0.11024      0.06554      0.00842      0.11037      0.06012      
93800   0.19131    0.02473    0.04181    0.00900      0.10959      0.06174      0.00857      0.11046      0.05994      
93900   0.19074    0.02471    0.04179    0.00876      0.10927      0.06210      0.00870      0.11006      0.05994      
94000   0.19259    0.02468    0.04178    0.00950      0.11005      0.06574      0.00850      0.11020      0.06027      
94100   0.19116    0.02469    0.04176    0.00925      0.10925      0.06215      0.00866      0.11015      0.06025      
94200   0.19052    0.02465    0.04174    0.00831      0.10955      0.06273      0.00831      0.11052      0.06064      
94300   0.19241    0.02466    0.04173    0.00948      0.10998      0.06573      0.00847      0.11006      0.06059      
94400   0.19091    0.02464    0.04170    0.00895      0.10933      0.06288      0.00836      0.11032      0.06060      
94500   0.19037    0.02457    0.04166    0.00839      0.10942      0.06317      0.00835      0.11049      0.06039      
94600   0.19225    0.02456    0.04163    0.00956      0.10994      0.06565      0.00855      0.11014      0.06035      
94700   0.19067    0.02453    0.04162    0.00896      0.10931      0.06243      0.00840      0.11021      0.06039      
94800   0.19008    0.02448    0.04158    0.00842      0.10926      0.06355      0.00833      0.11022      0.06082      
94900   0.19214    0.02448    0.04156    0.00927      0.11022      0.06605      0.00819      0.11027      0.06051      
95000   0.19054    0.02445    0.04155    0.00889      0.10931      0.06347      0.00837      0.11022      0.06123      
95100   0.18988    0.02439    0.04150    0.00841      0.10925      0.06323      0.00840      0.11023      0.06061      
95200   0.19182    0.02432    0.04147    0.00942      0.11000      0.06614      0.00839      0.11023      0.06051      
95300   0.19021    0.02430    0.04145    0.00881      0.10936      0.06284      0.00814      0.11023      0.06029      
95400   0.18975    0.02428    0.04144    0.00855      0.10912      0.06363      0.00843      0.11005      0.06097      
95500   0.19167    0.02426    0.04142    0.00933      0.11004      0.06613      0.00832      0.11026      0.06060      
95600   0.18999    0.02424    0.04139    0.00888      0.10924      0.06240      0.00827      0.11022      0.06013      
95700   0.18958    0.02419    0.04137    0.00840      0.10927      0.06353      0.00823      0.11023      0.06050      
95800   0.19140    0.02412    0.04132    0.00938      0.10997      0.06619      0.00835      0.11013      0.06083      
95900   0.18983    0.02412    0.04130    0.00913      0.10901      0.06275      0.00862      0.10999      0.06062      
96000   0.18946    0.02410    0.04127    0.00861      0.10915      0.06326      0.00835      0.11008      0.06108      
96100   0.19121    0.02405    0.04124    0.00940      0.10997      0.06559      0.00837      0.11023      0.06035      
96200   0.18977    0.02399    0.04121    0.00904      0.10923      0.06293      0.00835      0.11010      0.06120      
96300   0.18916    0.02403    0.04120    0.00837      0.10925      0.06310      0.00834      0.11011      0.06076      
96400   0.19109    0.02395    0.04117    0.00943      0.10991      0.06624      0.00824      0.11013      0.06142      
96500   0.18948    0.02395    0.04114    0.00913      0.10902      0.06242      0.00852      0.10991      0.06032      
96600   0.18909    0.02392    0.04111    0.00859      0.10919      0.06273      0.00847      0.11007      0.05986      
96700   0.19093    0.02389    0.04110    0.00953      0.10987      0.06535      0.00854      0.11000      0.06005      
96800   0.18931    0.02390    0.04109    0.00915      0.10896      0.06206      0.00871      0.10996      0.05978      
96900   0.18898    0.02386    0.04107    0.00855      0.10925      0.06260      0.00846      0.11009      0.05980      
97000   0.19073    0.02385    0.04106    0.00943      0.10983      0.06558      0.00836      0.11006      0.06022      
97100   0.18922    0.02382    0.04104    0.00907      0.10905      0.06237      0.00845      0.10996      0.06024      
97200   0.18875    0.02381    0.04103    0.00859      0.10904      0.06284      0.00848      0.10991      0.06018      
97300   0.19071    0.02381    0.04101    0.00944      0.10990      0.06545      0.00834      0.11004      0.06038      
97400   0.18910    0.02379    0.04098    0.00917      0.10894      0.06216      0.00863      0.10994      0.05969      
97500   0.18872    0.02383    0.04097    0.00854      0.10910      0.06288      0.00835      0.11002      0.06055      
97600   0.19054    0.02375    0.04092    0.00939      0.10995      0.06528      0.00831      0.11015      0.06000      
97700   0.18891    0.02373    0.04090    0.00909      0.10900      0.06190      0.00848      0.11006      0.05962      
97800   0.18860    0.02370    0.04088    0.00864      0.10916      0.06224      0.00856      0.10999      0.05942      
97900   0.19034    0.02365    0.04084    0.00946      0.10990      0.06484      0.00844      0.11001      0.05956      
98000   0.18880    0.02365    0.04084    0.00898      0.10913      0.06202      0.00840      0.11005      0.05992      
98100   0.18847    0.02365    0.04082    0.00845      0.10929      0.06258      0.00834      0.11008      0.05968      
98200   0.19034    0.02363    0.04081    0.00942      0.11001      0.06470      0.00839      0.11008      0.05933      
98300   0.18877    0.02364    0.04080    0.00888      0.10928      0.06171      0.00826      0.11002      0.05961      
98400   0.18841    0.02364    0.04079    0.00855      0.10927      0.06158      0.00849      0.10998      0.05895      
98500   0.19028    0.02367    0.04079    0.00943      0.10991      0.06475      0.00830      0.11006      0.05958      
98600   0.18879    0.02364    0.04077    0.00871      0.10945      0.06216      0.00799      0.11031      0.06027      
98700   0.18831    0.02365    0.04077    0.00851      0.10911      0.06256      0.00842      0.10989      0.05975      
98800   0.19012    0.02357    0.04073    0.00942      0.10986      0.06525      0.00834      0.10997      0.05997      
98900   0.18847    0.02355    0.04072    0.00886      0.10915      0.06183      0.00827      0.11001      0.05995      
99000   0.18808    0.02356    0.04070    0.00847      0.10910      0.06239      0.00842      0.10992      0.06009      
99100   0.18996    0.02355    0.04068    0.00951      0.10973      0.06486      0.00849      0.10991      0.05954      
99200   0.18843    0.02354    0.04067    0.00911      0.10897      0.06141      0.00860      0.10989      0.05949      
99300   0.18798    0.02352    0.04063    0.00840      0.10921      0.06216      0.00829      0.11002      0.05936      
99400   0.18981    0.02348    0.04060    0.00946      0.10985      0.06422      0.00848      0.11002      0.05875      
99500   0.18814    0.02342    0.04057    0.00903      0.10898      0.06131      0.00855      0.10999      0.05904      
99600   0.18781    0.02342    0.04057    0.00856      0.10903      0.06230      0.00847      0.10993      0.05915      
99700   0.18965    0.02337    0.04055    0.00945      0.10977      0.06509      0.00839      0.10987      0.05966      
99800   0.18789    0.02338    0.04054    0.00890      0.10896      0.06116      0.00837      0.10989      0.05897      
99900   0.18757    0.02337    0.04052    0.00848      0.10897      0.06237      0.00833      0.10985      0.05896      
100000  0.18956    0.02333    0.04049    0.00951      0.10975      0.06482      0.00840      0.10989      0.05942      
100100  0.18786    0.02332    0.04047    0.00912      0.10884      0.06105      0.00856      0.10984      0.05897      
100200  0.18747    0.02329    0.04045    0.00850      0.10902      0.06222      0.00838      0.10999      0.05917      
100300  0.18942    0.02330    0.04041    0.00941      0.10984      0.06463      0.00841      0.11008      0.05904      
100400  0.18794    0.02326    0.04039    0.00899      0.10915      0.06151      0.00844      0.11009      0.05946      
100500  0.18729    0.02323    0.04036    0.00846      0.10903      0.06205      0.00829      0.10989      0.05906      
100600  0.18921    0.02320    0.04035    0.00938      0.10979      0.06480      0.00827      0.10998      0.05930      
100700  0.18764    0.02317    0.04033    0.00904      0.10893      0.06164      0.00842      0.10981      0.05922      
100800  0.18714    0.02318    0.04032    0.00840      0.10899      0.06261      0.00821      0.10990      0.05934      
100900  0.18916    0.02312    0.04029    0.00949      0.10980      0.06460      0.00831      0.10996      0.05897      
101000  0.18749    0.02310    0.04026    0.00902      0.10897      0.06148      0.00853      0.10987      0.05918      
101100  0.18705    0.02308    0.04025    0.00840      0.10910      0.06218      0.00822      0.11005      0.05955      
101200  0.18891    0.02308    0.04024    0.00944      0.10968      0.06471      0.00835      0.10988      0.05927      
101300  0.18737    0.02305    0.04023    0.00896      0.10896      0.06173      0.00836      0.10985      0.05934      
101400  0.18683    0.02305    0.04020    0.00852      0.10886      0.06204      0.00838      0.10975      0.05893      
101500  0.18875    0.02306    0.04021    0.00951      0.10948      0.06490      0.00858      0.10981      0.05916      
101600  0.18721    0.02306    0.04019    0.00908      0.10871      0.06163      0.00852      0.10969      0.05925      
101700  0.18665    0.02299    0.04015    0.00850      0.10881      0.06202      0.00840      0.10986      0.05934      
101800  0.18861    0.02299    0.04013    0.00959      0.10947      0.06429      0.00853      0.10979      0.05895      
101900  0.18703    0.02297    0.04013    0.00906      0.10868      0.06189      0.00842      0.10978      0.05958      
102000  0.18670    0.02293    0.04010    0.00863      0.10883      0.06207      0.00853      0.10979      0.05924      
102100  0.18843    0.02288    0.04007    0.00943      0.10967      0.06375      0.00845      0.10996      0.05880      
102200  0.18683    0.02284    0.04004    0.00898      0.10881      0.06155      0.00833      0.10999      0.05958      
102300  0.18641    0.02279    0.04002    0.00846      0.10892      0.06218      0.00842      0.10983      0.05977      
102400  0.18829    0.02277    0.04001    0.00937      0.10967      0.06472      0.00818      0.10991      0.05946      
102500  0.18672    0.02275    0.03998    0.00901      0.10884      0.06143      0.00848      0.10984      0.05925      
102600  0.18625    0.02275    0.03997    0.00853      0.10881      0.06186      0.00834      0.10983      0.05968      
102700  0.18816    0.02275    0.03996    0.00945      0.10954      0.06447      0.00840      0.10989      0.05918      
102800  0.18657    0.02272    0.03994    0.00896      0.10877      0.06180      0.00827      0.10981      0.05945      
102900  0.18618    0.02273    0.03993    0.00836      0.10898      0.06182      0.00823      0.10994      0.05929      
103000  0.18808    0.02271    0.03992    0.00940      0.10963      0.06423      0.00834      0.11004      0.05917      
103100  0.18654    0.02268    0.03989    0.00899      0.10883      0.06145      0.00835      0.10983      0.05925      
103200  0.18613    0.02266    0.03989    0.00847      0.10901      0.06102      0.00825      0.10999      0.05860      
103300  0.18785    0.02260    0.03985    0.00952      0.10947      0.06402      0.00853      0.10975      0.05871      
103400  0.18643    0.02264    0.03984    0.00903      0.10883      0.06087      0.00839      0.10977      0.05870      
103500  0.18602    0.02266    0.03983    0.00861      0.10875      0.06182      0.00845      0.10962      0.05933      
103600  0.18783    0.02263    0.03981    0.00951      0.10944      0.06437      0.00850      0.10959      0.05889      
103700  0.18630    0.02261    0.03979    0.00905      0.10877      0.06077      0.00841      0.10965      0.05870      
103800  0.18579    0.02256    0.03977    0.00856      0.10876      0.06133      0.00846      0.10972      0.05863      
103900  0.18763    0.02251    0.03975    0.00941      0.10950      0.06465      0.00827      0.10978      0.05908      
104000  0.18601    0.02250    0.03973    0.00899      0.10864      0.06137      0.00835      0.10969      0.05924      
104100  0.18563    0.02247    0.03970    0.00849      0.10873      0.06243      0.00830      0.10975      0.05958      
104200  0.18746    0.02245    0.03968    0.00948      0.10936      0.06495      0.00848      0.10968      0.05930      
104300  0.18580    0.02247    0.03968    0.00891      0.10860      0.06134      0.00829      0.10970      0.05925      
104400  0.18547    0.02242    0.03964    0.00842      0.10882      0.06185      0.00832      0.10972      0.05909      
104500  0.18722    0.02236    0.03960    0.00939      0.10945      0.06410      0.00826      0.10972      0.05865      
104600  0.18566    0.02232    0.03959    0.00892      0.10866      0.06174      0.00838      0.10965      0.05913      
104700  0.18522    0.02234    0.03959    0.00851      0.10860      0.06174      0.00842      0.10946      0.05884      
104800  0.18719    0.02233    0.03958    0.00943      0.10930      0.06547      0.00845      0.10947      0.05965      
104900  0.18557    0.02231    0.03955    0.00901      0.10854      0.06158      0.00842      0.10959      0.05924      
105000  0.18518    0.02230    0.03954    0.00854      0.10863      0.06178      0.00841      0.10956      0.05915      
105100  0.18700    0.02225    0.03950    0.00946      0.10931      0.06472      0.00843      0.10951      0.05890      
105200  0.18538    0.02222    0.03949    0.00899      0.10856      0.06120      0.00833      0.10960      0.05895      
105300  0.18505    0.02222    0.03947    0.00856      0.10859      0.06218      0.00843      0.10953      0.05944      
105400  0.18682    0.02218    0.03945    0.00946      0.10923      0.06504      0.00850      0.10958      0.05957      
105500  0.18526    0.02216    0.03943    0.00897      0.10854      0.06164      0.00836      0.10954      0.05943      
105600  0.18484    0.02216    0.03942    0.00851      0.10854      0.06204      0.00836      0.10953      0.05920      
105700  0.18663    0.02214    0.03940    0.00937      0.10921      0.06511      0.00828      0.10958      0.05951      
105800  0.18512    0.02209    0.03938    0.00900      0.10849      0.06166      0.00839      0.10945      0.05940      
105900  0.18468    0.02205    0.03937    0.00853      0.10852      0.06211      0.00837      0.10949      0.05935      
106000  0.18652    0.02203    0.03935    0.00934      0.10930      0.06495      0.00828      0.10961      0.05926      
106100  0.18497    0.02203    0.03933    0.00897      0.10846      0.06176      0.00842      0.10948      0.05955      
106200  0.18459    0.02204    0.03934    0.00859      0.10846      0.06164      0.00852      0.10937      0.05927      
106300  0.18641    0.02199    0.03931    0.00942      0.10921      0.06482      0.00848      0.10950      0.05940      
106400  0.18487    0.02200    0.03931    0.00910      0.10829      0.06178      0.00850      0.10930      0.05954      
106500  0.18444    0.02199    0.03929    0.00855      0.10841      0.06216      0.00840      0.10947      0.05941      
106600  0.18630    0.02196    0.03927    0.00954      0.10908      0.06454      0.00848      0.10938      0.05938      
106700  0.18463    0.02194    0.03925    0.00889      0.10837      0.06179      0.00829      0.10949      0.05974      
106800  0.18430    0.02193    0.03924    0.00843      0.10852      0.06185      0.00829      0.10949      0.05951      
106900  0.18613    0.02192    0.03923    0.00937      0.10913      0.06470      0.00840      0.10935      0.05935      
107000  0.18445    0.02190    0.03921    0.00899      0.10822      0.06134      0.00837      0.10935      0.05926      
107100  0.18420    0.02189    0.03919    0.00858      0.10835      0.06192      0.00849      0.10940      0.05960      
107200  0.18604    0.02189    0.03918    0.00943      0.10909      0.06455      0.00838      0.10942      0.05920      
107300  0.18442    0.02189    0.03917    0.00895      0.10826      0.06142      0.00826      0.10955      0.05948      
107400  0.18402    0.02186    0.03916    0.00846      0.10833      0.06208      0.00837      0.10935      0.05944      
107500  0.18587    0.02181    0.03914    0.00946      0.10901      0.06445      0.00841      0.10931      0.05926      
107600  0.18430    0.02179    0.03913    0.00891      0.10832      0.06154      0.00835      0.10939      0.05928      
107700  0.18390    0.02179    0.03911    0.00841      0.10840      0.06195      0.00823      0.10948      0.05934      
107800  0.18584    0.02179    0.03909    0.00946      0.10904      0.06455      0.00837      0.10934      0.05912      
107900  0.18415    0.02176    0.03907    0.00890      0.10830      0.06117      0.00838      0.10944      0.05911      
108000  0.18379    0.02176    0.03906    0.00855      0.10828      0.06141      0.00847      0.10921      0.05856      
108100  0.18565    0.02170    0.03904    0.00943      0.10902      0.06457      0.00838      0.10923      0.05938      
108200  0.18401    0.02170    0.03903    0.00897      0.10816      0.06146      0.00833      0.10922      0.05940      
108300  0.18367    0.02170    0.03903    0.00844      0.10831      0.06188      0.00828      0.10920      0.05899      
108400  0.18560    0.02169    0.03903    0.00928      0.10918      0.06426      0.00824      0.10941      0.05873      
108500  0.18394    0.02164    0.03900    0.00887      0.10831      0.06126      0.00832      0.10934      0.05901      
108600  0.18352    0.02163    0.03898    0.00845      0.10825      0.06208      0.00831      0.10933      0.05950      
108700  0.18545    0.02159    0.03896    0.00943      0.10903      0.06434      0.00837      0.10928      0.05899      
108800  0.18377    0.02158    0.03896    0.00897      0.10820      0.06062      0.00836      0.10936      0.05850      
108900  0.18340    0.02155    0.03893    0.00851      0.10827      0.06148      0.00838      0.10938      0.05886      
109000  0.18537    0.02153    0.03891    0.00940      0.10913      0.06411      0.00843      0.10934      0.05911      
109100  0.18363    0.02151    0.03889    0.00904      0.10809      0.06095      0.00854      0.10929      0.05890      
109200  0.18327    0.02146    0.03887    0.00849      0.10826      0.06194      0.00832      0.10926      0.05961      
109300  0.18512    0.02146    0.03885    0.00937      0.10906      0.06394      0.00836      0.10925      0.05902      
109400  0.18361    0.02148    0.03883    0.00891      0.10830      0.06092      0.00830      0.10942      0.05882      
109500  0.18318    0.02147    0.03882    0.00850      0.10825      0.06141      0.00826      0.10924      0.05889      
109600  0.18508    0.02145    0.03881    0.00940      0.10904      0.06384      0.00835      0.10919      0.05869      
109700  0.18338    0.02143    0.03880    0.00908      0.10796      0.06105      0.00844      0.10906      0.05893      
109800  0.18302    0.02143    0.03878    0.00849      0.10820      0.06125      0.00840      0.10916      0.05878      
109900  0.18499    0.02143    0.03877    0.00933      0.10903      0.06429      0.00829      0.10918      0.05899      
110000  0.18330    0.02143    0.03876    0.00902      0.10799      0.06112      0.00834      0.10915      0.05912      
110100  0.18301    0.02140    0.03874    0.00853      0.10816      0.06180      0.00846      0.10903      0.05896      
110200  0.18491    0.02140    0.03873    0.00946      0.10894      0.06376      0.00847      0.10911      0.05883      
110300  0.18313    0.02134    0.03871    0.00894      0.10807      0.06082      0.00837      0.10917      0.05865      
110400  0.18286    0.02132    0.03869    0.00845      0.10824      0.06147      0.00830      0.10922      0.05916      
110500  0.18471    0.02130    0.03868    0.00935      0.10898      0.06403      0.00836      0.10917      0.05879      
110600  0.18298    0.02127    0.03865    0.00880      0.10816      0.06102      0.00822      0.10925      0.05893      
110700  0.18268    0.02127    0.03863    0.00840      0.10820      0.06178      0.00835      0.10915      0.05908      
110800  0.18466    0.02124    0.03862    0.00951      0.10883      0.06457      0.00847      0.10888      0.05925      
110900  0.18285    0.02120    0.03859    0.00898      0.10794      0.06135      0.00840      0.10890      0.05932      
111000  0.18260    0.02118    0.03858    0.00851      0.10811      0.06211      0.00846      0.10904      0.05934      
111100  0.18443    0.02115    0.03856    0.00947      0.10881      0.06439      0.00849      0.10906      0.05891      
111200  0.18276    0.02112    0.03854    0.00905      0.10792      0.06120      0.00851      0.10908      0.05902      
111300  0.18234    0.02111    0.03853    0.00838      0.10812      0.06192      0.00827      0.10910      0.05904      
111400  0.18429    0.02110    0.03852    0.00941      0.10884      0.06418      0.00833      0.10908      0.05906      
111500  0.18261    0.02108    0.03850    0.00911      0.10780      0.06119      0.00856      0.10892      0.05909      
111600  0.18227    0.02109    0.03848    0.00849      0.10807      0.06150      0.00839      0.10905      0.05886      
111700  0.18419    0.02105    0.03846    0.00947      0.10876      0.06440      0.00849      0.10903      0.05919      
111800  0.18245    0.02105    0.03845    0.00900      0.10788      0.06069      0.00842      0.10898      0.05872      
111900  0.18214    0.02102    0.03842    0.00857      0.10800      0.06132      0.00847      0.10902      0.05898      
112000  0.18405    0.02102    0.03841    0.00941      0.10879      0.06418      0.00830      0.10902      0.05880      
112100  0.18234    0.02099    0.03839    0.00896      0.10791      0.06074      0.00846      0.10905      0.05864      
112200  0.18208    0.02097    0.03838    0.00839      0.10820      0.06137      0.00824      0.10921      0.05854      
112300  0.18394    0.02096    0.03837    0.00944      0.10877      0.06407      0.00836      0.10905      0.05882      
112400  0.18232    0.02095    0.03836    0.00899      0.10796      0.06059      0.00848      0.10896      0.05858      
112500  0.18200    0.02094    0.03834    0.00847      0.10808      0.06170      0.00837      0.10895      0.05891      
112600  0.18391    0.02095    0.03834    0.00945      0.10877      0.06401      0.00840      0.10896      0.05874      
112700  0.18215    0.02088    0.03831    0.00893      0.10797      0.06057      0.00839      0.10904      0.05832      
112800  0.18183    0.02083    0.03829    0.00843      0.10814      0.06132      0.00829      0.10911      0.05845      
112900  0.18374    0.02082    0.03829    0.00947      0.10880      0.06360      0.00847      0.10898      0.05828      
113000  0.18204    0.02078    0.03827    0.00888      0.10809      0.06028      0.00824      0.10915      0.05811      
113100  0.18168    0.02075    0.03826    0.00840      0.10811      0.06165      0.00830      0.10890      0.05893      
113200  0.18355    0.02073    0.03824    0.00940      0.10880      0.06369      0.00832      0.10901      0.05840      
113300  0.18184    0.02073    0.03823    0.00882      0.10802      0.06043      0.00823      0.10915      0.05825      
113400  0.18153    0.02075    0.03821    0.00836      0.10809      0.06120      0.00827      0.10905      0.05867      
113500  0.18345    0.02070    0.03820    0.00940      0.10877      0.06369      0.00837      0.10908      0.05842      
113600  0.18174    0.02070    0.03818    0.00888      0.10789      0.06088      0.00831      0.10903      0.05844      
113700  0.18136    0.02071    0.03818    0.00847      0.10794      0.06060      0.00837      0.10899      0.05795      
113800  0.18331    0.02068    0.03815    0.00933      0.10877      0.06370      0.00831      0.10904      0.05846      
113900  0.18163    0.02068    0.03815    0.00892      0.10781      0.06069      0.00835      0.10898      0.05840      
114000  0.18132    0.02068    0.03814    0.00851      0.10789      0.06088      0.00845      0.10895      0.05815      
114100  0.18329    0.02067    0.03813    0.00933      0.10877      0.06380      0.00833      0.10904      0.05854      
114200  0.18168    0.02067    0.03813    0.00896      0.10788      0.06037      0.00849      0.10907      0.05815      
114300  0.18120    0.02064    0.03811    0.00839      0.10796      0.06094      0.00837      0.10904      0.05839      
114400  0.18314    0.02061    0.03810    0.00932      0.10872      0.06383      0.00828      0.10903      0.05875      
114500  0.18154    0.02063    0.03809    0.00894      0.10779      0.06093      0.00837      0.10876      0.05879      
114600  0.18113    0.02062    0.03808    0.00837      0.10791      0.06150      0.00829      0.10890      0.05889      
114700  0.18308    0.02058    0.03806    0.00935      0.10865      0.06433      0.00822      0.10893      0.05904      
114800  0.18141    0.02060    0.03806    0.00885      0.10782      0.06086      0.00823      0.10886      0.05876      
114900  0.18095    0.02058    0.03805    0.00837      0.10784      0.06116      0.00828      0.10883      0.05871      
115000  0.18295    0.02056    0.03803    0.00932      0.10862      0.06416      0.00825      0.10889      0.05905      
115100  0.18134    0.02055    0.03802    0.00885      0.10782      0.06099      0.00835      0.10881      0.05871      
115200  0.18091    0.02052    0.03800    0.00848      0.10779      0.06122      0.00837      0.10876      0.05848      
115300  0.18288    0.02050    0.03798    0.00944      0.10861      0.06350      0.00843      0.10886      0.05826      
115400  0.18119    0.02049    0.03798    0.00895      0.10770      0.06064      0.00846      0.10878      0.05841      
115500  0.18083    0.02049    0.03796    0.00837      0.10792      0.06084      0.00827      0.10889      0.05834      
115600  0.18276    0.02047    0.03795    0.00931      0.10869      0.06339      0.00825      0.10893      0.05819      
115700  0.18110    0.02048    0.03795    0.00896      0.10766      0.06065      0.00840      0.10877      0.05858      
115800  0.18081    0.02049    0.03794    0.00834      0.10792      0.06121      0.00824      0.10890      0.05887      
115900  0.18278    0.02051    0.03793    0.00929      0.10867      0.06378      0.00826      0.10894      0.05845      
116000  0.18106    0.02047    0.03791    0.00887      0.10778      0.06031      0.00838      0.10897      0.05829      
116100  0.18069    0.02047    0.03789    0.00838      0.10788      0.06057      0.00827      0.10881      0.05801      
116200  0.18261    0.02046    0.03790    0.00936      0.10857      0.06327      0.00828      0.10885      0.05802      
116300  0.18091    0.02043    0.03788    0.00887      0.10774      0.06002      0.00830      0.10882      0.05797      
116400  0.18058    0.02039    0.03786    0.00838      0.10790      0.06050      0.00821      0.10896      0.05807      
116500  0.18246    0.02036    0.03784    0.00930      0.10864      0.06327      0.00829      0.10889      0.05792      
116600  0.18074    0.02035    0.03783    0.00889      0.10765      0.06017      0.00834      0.10878      0.05800      
116700  0.18044    0.02032    0.03781    0.00840      0.10787      0.06044      0.00834      0.10876      0.05778      
116800  0.18228    0.02032    0.03780    0.00941      0.10845      0.06297      0.00839      0.10866      0.05762      
116900  0.18067    0.02030    0.03779    0.00890      0.10764      0.06028      0.00838      0.10873      0.05793      
117000  0.18029    0.02026    0.03777    0.00841      0.10780      0.06054      0.00826      0.10882      0.05782      
117100  0.18220    0.02027    0.03776    0.00942      0.10843      0.06325      0.00843      0.10867      0.05794      
117200  0.18054    0.02023    0.03775    0.00893      0.10764      0.05987      0.00840      0.10868      0.05756      
117300  0.18016    0.02022    0.03773    0.00834      0.10784      0.06017      0.00831      0.10883      0.05768      
117400  0.18209    0.02019    0.03772    0.00943      0.10846      0.06290      0.00841      0.10875      0.05754      
117500  0.18044    0.02019    0.03771    0.00887      0.10767      0.05994      0.00831      0.10877      0.05760      
117600  0.18008    0.02021    0.03770    0.00830      0.10782      0.06049      0.00827      0.10874      0.05823      
117700  0.18200    0.02018    0.03768    0.00934      0.10852      0.06291      0.00832      0.10876      0.05772      
117800  0.18037    0.02015    0.03766    0.00885      0.10768      0.06034      0.00831      0.10874      0.05803      
117900  0.17998    0.02011    0.03764    0.00829      0.10794      0.05995      0.00824      0.10882      0.05760      
118000  0.18186    0.02011    0.03763    0.00945      0.10839      0.06280      0.00845      0.10856      0.05755      
118100  0.18023    0.02010    0.03762    0.00887      0.10768      0.05964      0.00826      0.10867      0.05726      
118200  0.17981    0.02009    0.03761    0.00838      0.10773      0.05995      0.00830      0.10866      0.05733      
118300  0.18172    0.02009    0.03760    0.00939      0.10838      0.06264      0.00833      0.10858      0.05731      
118400  0.18008    0.02007    0.03759    0.00895      0.10747      0.05999      0.00839      0.10852      0.05758      
118500  0.17973    0.02006    0.03758    0.00837      0.10772      0.06009      0.00833      0.10864      0.05748      
118600  0.18165    0.02006    0.03757    0.00935      0.10839      0.06278      0.00833      0.10863      0.05761      
118700  0.17997    0.02005    0.03756    0.00875      0.10762      0.05987      0.00811      0.10869      0.05759      
118800  0.17959    0.02002    0.03753    0.00839      0.10762      0.06027      0.00827      0.10862      0.05752      
118900  0.18148    0.01997    0.03752    0.00931      0.10842      0.06261      0.00834      0.10864      0.05741      
119000  0.17991    0.02000    0.03751    0.00888      0.10754      0.05976      0.00830      0.10861      0.05733      
119100  0.17948    0.01997    0.03751    0.00837      0.10762      0.06000      0.00830      0.10855      0.05761      
119200  0.18143    0.02000    0.03751    0.00926      0.10834      0.06322      0.00825      0.10854      0.05780      
119300  0.17993    0.01999    0.03749    0.00896      0.10750      0.05995      0.00842      0.10846      0.05763      
119400  0.17952    0.01997    0.03747    0.00835      0.10771      0.06009      0.00830      0.10859      0.05729      
119500  0.18144    0.01996    0.03746    0.00936      0.10836      0.06292      0.00840      0.10845      0.05743      
119600  0.17984    0.01993    0.03745    0.00896      0.10751      0.05976      0.00844      0.10851      0.05746      
119700  0.17941    0.01995    0.03745    0.00842      0.10760      0.06005      0.00840      0.10849      0.05724      
119800  0.18140    0.01992    0.03744    0.00932      0.10838      0.06332      0.00833      0.10849      0.05766      
119900  0.17969    0.01991    0.03742    0.00884      0.10753      0.05990      0.00833      0.10860      0.05754      
120000  0.17933    0.01990    0.03742    0.00837      0.10762      0.06020      0.00827      0.10858      0.05745      
120100  0.18125    0.01988    0.03741    0.00934      0.10832      0.06292      0.00829      0.10853      0.05749      
120200  0.17962    0.01988    0.03739    0.00887      0.10747      0.06006      0.00833      0.10850      0.05774      
120300  0.17918    0.01985    0.03738    0.00837      0.10755      0.06030      0.00829      0.10854      0.05787      
120400  0.18108    0.01981    0.03736    0.00935      0.10825      0.06299      0.00828      0.10850      0.05775      
120500  0.17952    0.01984    0.03736    0.00880      0.10753      0.05991      0.00829      0.10857      0.05742      
120600  0.17908    0.01981    0.03735    0.00835      0.10749      0.06080      0.00819      0.10855      0.05817      
120700  0.18106    0.01981    0.03734    0.00937      0.10820      0.06331      0.00841      0.10841      0.05779      
120800  0.17941    0.01979    0.03733    0.00892      0.10734      0.06027      0.00831      0.10844      0.05808      
120900  0.17904    0.01980    0.03732    0.00838      0.10752      0.06027      0.00829      0.10850      0.05754      
121000  0.18096    0.01978    0.03732    0.00936      0.10820      0.06304      0.00834      0.10841      0.05769      
121100  0.17933    0.01977    0.03732    0.00899      0.10725      0.06002      0.00839      0.10835      0.05791      
121200  0.17894    0.01976    0.03731    0.00831      0.10753      0.06038      0.00821      0.10851      0.05782      
121300  0.18086    0.01976    0.03730    0.00936      0.10814      0.06296      0.00837      0.10836      0.05774      
121400  0.17919    0.01974    0.03729    0.00890      0.10729      0.05979      0.00838      0.10834      0.05745      
121500  0.17881    0.01973    0.03727    0.00842      0.10733      0.06058      0.00840      0.10825      0.05763      
121600  0.18075    0.01974    0.03726    0.00928      0.10815      0.06314      0.00819      0.10836      0.05775      
121700  0.17911    0.01971    0.03724    0.00877      0.10736      0.06025      0.00818      0.10837      0.05809      
121800  0.17876    0.01971    0.03723    0.00832      0.10744      0.06058      0.00830      0.10828      0.05769      
121900  0.18061    0.01969    0.03722    0.00936      0.10803      0.06308      0.00838      0.10827      0.05760      
122000  0.17900    0.01971    0.03722    0.00882      0.10725      0.05994      0.00831      0.10836      0.05738      
122100  0.17872    0.01970    0.03722    0.00838      0.10734      0.06087      0.00836      0.10822      0.05774      
122200  0.18061    0.01967    0.03721    0.00922      0.10821      0.06303      0.00811      0.10845      0.05736      
122300  0.17889    0.01964    0.03719    0.00891      0.10717      0.05967      0.00835      0.10824      0.05721      
122400  0.17850    0.01963    0.03717    0.00835      0.10732      0.06035      0.00829      0.10825      0.05730      
122500  0.18052    0.01961    0.03716    0.00940      0.10808      0.06275      0.00837      0.10823      0.05704      
122600  0.17881    0.01959    0.03716    0.00885      0.10726      0.05951      0.00836      0.10840      0.05709      
122700  0.17837    0.01957    0.03714    0.00838      0.10725      0.06025      0.00836      0.10819      0.05720      
122800  0.18040    0.01956    0.03714    0.00937      0.10807      0.06269      0.00835      0.10821      0.05706      
122900  0.17868    0.01953    0.03711    0.00883      0.10726      0.05939      0.00832      0.10823      0.05692      
123000  0.17827    0.01954    0.03711    0.00828      0.10732      0.06022      0.00824      0.10825      0.05734      
123100  0.18022    0.01951    0.03711    0.00919      0.10816      0.06254      0.00810      0.10833      0.05727      
123200  0.17856    0.01949    0.03709    0.00876      0.10728      0.05945      0.00828      0.10823      0.05706      
123300  0.17818    0.01950    0.03708    0.00825      0.10731      0.06040      0.00823      0.10817      0.05730      
123400  0.18016    0.01948    0.03707    0.00925      0.10811      0.06261      0.00826      0.10821      0.05721      
123500  0.17854    0.01947    0.03707    0.00874      0.10731      0.05961      0.00814      0.10831      0.05714      
123600  0.17807    0.01944    0.03705    0.00829      0.10731      0.05972      0.00821      0.10822      0.05681      
123700  0.18001    0.01943    0.03704    0.00928      0.10804      0.06222      0.00817      0.10819      0.05693      
123800  0.17839    0.01940    0.03703    0.00880      0.10724      0.05932      0.00827      0.10818      0.05699      
123900  0.17799    0.01941    0.03701    0.00832      0.10731      0.05947      0.00827      0.10818      0.05678      
124000  0.17994    0.01939    0.03699    0.00937      0.10795      0.06233      0.00826      0.10806      0.05694      
124100  0.17829    0.01938    0.03697    0.00876      0.10726      0.05919      0.00817      0.10824      0.05689      
124200  0.17792    0.01939    0.03696    0.00834      0.10724      0.05989      0.00831      0.10814      0.05740      
124300  0.17986    0.01939    0.03696    0.00935      0.10794      0.06222      0.00828      0.10805      0.05692      
124400  0.17820    0.01936    0.03695    0.00892      0.10706      0.05913      0.00842      0.10800      0.05689      
124500  0.17782    0.01934    0.03693    0.00834      0.10722      0.05977      0.00837      0.10812      0.05726      
124600  0.17979    0.01934    0.03692    0.00923      0.10810      0.06213      0.00819      0.10823      0.05704      
124700  0.17815    0.01931    0.03690    0.00877      0.10723      0.05929      0.00821      0.10834      0.05707      
124800  0.17777    0.01930    0.03689    0.00842      0.10724      0.05922      0.00841      0.10815      0.05670      
124900  0.17974    0.01930    0.03688    0.00929      0.10803      0.06234      0.00835      0.10819      0.05702      
125000  0.17809    0.01931    0.03688    0.00881      0.10719      0.05897      0.00825      0.10828      0.05671      
125100  0.17771    0.01928    0.03686    0.00834      0.10725      0.05974      0.00834      0.10819      0.05675      
125200  0.17969    0.01928    0.03686    0.00922      0.10807      0.06263      0.00819      0.10822      0.05732      
125300  0.17802    0.01928    0.03686    0.00880      0.10711      0.05959      0.00820      0.10817      0.05737      
125400  0.17763    0.01928    0.03684    0.00834      0.10722      0.05948      0.00830      0.10815      0.05696      
125500  0.17964    0.01926    0.03683    0.00927      0.10800      0.06269      0.00826      0.10811      0.05740      
125600  0.17794    0.01925    0.03682    0.00878      0.10712      0.05977      0.00818      0.10812      0.05749      
125700  0.17750    0.01923    0.03682    0.00824      0.10727      0.05946      0.00813      0.10822      0.05727      
125800  0.17954    0.01922    0.03680    0.00931      0.10797      0.06237      0.00828      0.10811      0.05719      
125900  0.17788    0.01922    0.03680    0.00876      0.10716      0.05939      0.00821      0.10822      0.05720      
126000  0.17745    0.01920    0.03678    0.00831      0.10720      0.05951      0.00819      0.10816      0.05705      
126100  0.17945    0.01918    0.03678    0.00923      0.10803      0.06229      0.00822      0.10820      0.05716      
126200  0.17781    0.01918    0.03677    0.00875      0.10722      0.05901      0.00823      0.10815      0.05685      
126300  0.17736    0.01916    0.03676    0.00825      0.10725      0.05935      0.00822      0.10829      0.05686      
126400  0.17944    0.01914    0.03675    0.00930      0.10800      0.06245      0.00824      0.10814      0.05722      
126500  0.17773    0.01913    0.03675    0.00878      0.10715      0.05915      0.00824      0.10812      0.05701      
126600  0.17726    0.01911    0.03673    0.00822      0.10725      0.05948      0.00817      0.10829      0.05731      
126700  0.17931    0.01910    0.03672    0.00928      0.10799      0.06212      0.00822      0.10814      0.05700      
126800  0.17765    0.01912    0.03672    0.00881      0.10711      0.05900      0.00818      0.10808      0.05715      
126900  0.17719    0.01908    0.03670    0.00820      0.10726      0.05945      0.00813      0.10818      0.05725      
127000  0.17929    0.01905    0.03669    0.00926      0.10808      0.06205      0.00823      0.10822      0.05702      
127100  0.17757    0.01907    0.03669    0.00876      0.10712      0.05935      0.00825      0.10811      0.05736      
127200  0.17714    0.01907    0.03668    0.00825      0.10720      0.05935      0.00820      0.10816      0.05732      
127300  0.17919    0.01904    0.03667    0.00924      0.10799      0.06244      0.00820      0.10812      0.05739      
127400  0.17747    0.01902    0.03665    0.00876      0.10712      0.05914      0.00820      0.10811      0.05730      
127500  0.17706    0.01902    0.03665    0.00824      0.10718      0.05980      0.00812      0.10815      0.05751      
127600  0.17909    0.01899    0.03664    0.00924      0.10799      0.06237      0.00814      0.10815      0.05742      
127700  0.17735    0.01898    0.03663    0.00875      0.10706      0.05939      0.00823      0.10812      0.05747      
127800  0.17703    0.01898    0.03663    0.00832      0.10716      0.05950      0.00830      0.10804      0.05716      
127900  0.17901    0.01896    0.03662    0.00928      0.10791      0.06241      0.00823      0.10804      0.05751      
128000  0.17728    0.01896    0.03661    0.00882      0.10694      0.05954      0.00826      0.10797      0.05737      
128100  0.17693    0.01894    0.03659    0.00835      0.10709      0.05962      0.00830      0.10807      0.05715      
128200  0.17896    0.01893    0.03659    0.00933      0.10788      0.06231      0.00833      0.10803      0.05722      
128300  0.17722    0.01893    0.03659    0.00871      0.10705      0.05948      0.00821      0.10812      0.05730      
128400  0.17687    0.01891    0.03657    0.00823      0.10717      0.05977      0.00819      0.10812      0.05748      
128500  0.17886    0.01891    0.03657    0.00929      0.10789      0.06202      0.00827      0.10806      0.05706      
128600  0.17716    0.01891    0.03655    0.00884      0.10697      0.05885      0.00828      0.10804      0.05679      
128700  0.17683    0.01890    0.03654    0.00831      0.10711      0.05976      0.00820      0.10803      0.05750      
128800  0.17876    0.01890    0.03654    0.00930      0.10783      0.06184      0.00832      0.10801      0.05711      
128900  0.17704    0.01887    0.03653    0.00873      0.10702      0.05889      0.00820      0.10810      0.05685      
129000  0.17671    0.01886    0.03653    0.00828      0.10711      0.05935      0.00818      0.10803      0.05719      
129100  0.17866    0.01885    0.03652    0.00931      0.10780      0.06176      0.00833      0.10797      0.05671      
129200  0.17700    0.01885    0.03652    0.00882      0.10694      0.05872      0.00827      0.10802      0.05665      
129300  0.17668    0.01887    0.03651    0.00829      0.10710      0.05906      0.00822      0.10797      0.05661      
129400  0.17856    0.01884    0.03650    0.00933      0.10770      0.06177      0.00833      0.10790      0.05697      
129500  0.17690    0.01884    0.03650    0.00889      0.10677      0.05899      0.00837      0.10787      0.05681      
129600  0.17658    0.01882    0.03649    0.00827      0.10705      0.05947      0.00814      0.10799      0.05713      
129700  0.17849    0.01882    0.03649    0.00921      0.10780      0.06177      0.00817      0.10794      0.05686      
129800  0.17678    0.01881    0.03648    0.00883      0.10678      0.05885      0.00827      0.10783      0.05675      
129900  0.17646    0.01878    0.03646    0.00828      0.10700      0.05936      0.00823      0.10789      0.05676      
130000  0.17840    0.01876    0.03645    0.00936      0.10768      0.06154      0.00844      0.10784      0.05638      
130100  0.17666    0.01876    0.03645    0.00883      0.10673      0.05901      0.00823      0.10788      0.05688      
130200  0.17643    0.01874    0.03644    0.00830      0.10705      0.05900      0.00827      0.10786      0.05659      
130300  0.17830    0.01870    0.03642    0.00929      0.10773      0.06169      0.00827      0.10778      0.05672      
130400  0.17659    0.01872    0.03641    0.00877      0.10678      0.05906      0.00813      0.10780      0.05708      
130500  0.17635    0.01870    0.03640    0.00829      0.10703      0.05924      0.00823      0.10781      0.05682      
130600  0.17827    0.01870    0.03639    0.00921      0.10778      0.06198      0.00814      0.10786      0.05699      
130700  0.17650    0.01870    0.03639    0.00878      0.10674      0.05892      0.00820      0.10783      0.05679      
130800  0.17626    0.01869    0.03638    0.00828      0.10697      0.05940      0.00825      0.10787      0.05721      
130900  0.17824    0.01869    0.03637    0.00931      0.10770      0.06171      0.00826      0.10785      0.05681      
131000  0.17645    0.01870    0.03636    0.00874      0.10677      0.05891      0.00821      0.10792      0.05685      
131100  0.17624    0.01868    0.03636    0.00830      0.10697      0.05928      0.00827      0.10784      0.05704      
131200  0.17818    0.01867    0.03634    0.00930      0.10767      0.06205      0.00825      0.10785      0.05718      
131300  0.17640    0.01865    0.03633    0.00871      0.10680      0.05912      0.00820      0.10785      0.05718      
131400  0.17613    0.01864    0.03633    0.00820      0.10702      0.05945      0.00811      0.10790      0.05694      
131500  0.17814    0.01863    0.03631    0.00921      0.10778      0.06210      0.00815      0.10793      0.05720      
131600  0.17633    0.01861    0.03630    0.00880      0.10672      0.05892      0.00826      0.10787      0.05681      
131700  0.17609    0.01863    0.03630    0.00830      0.10692      0.05947      0.00828      0.10782      0.05717      
131800  0.17808    0.01862    0.03629    0.00927      0.10769      0.06209      0.00827      0.10782      0.05709      
131900  0.17629    0.01861    0.03629    0.00883      0.10667      0.05897      0.00828      0.10779      0.05701      
132000  0.17597    0.01859    0.03628    0.00825      0.10690      0.05946      0.00815      0.10784      0.05702      
132100  0.17796    0.01857    0.03628    0.00922      0.10773      0.06162      0.00817      0.10786      0.05667      
132200  0.17619    0.01856    0.03627    0.00876      0.10668      0.05919      0.00821      0.10776      0.05708      
132300  0.17593    0.01857    0.03626    0.00826      0.10691      0.05936      0.00821      0.10782      0.05693      
132400  0.17789    0.01855    0.03625    0.00924      0.10771      0.06140      0.00821      0.10782      0.05649      
132500  0.17614    0.01855    0.03624    0.00875      0.10673      0.05879      0.00819      0.10783      0.05675      
132600  0.17585    0.01855    0.03623    0.00828      0.10685      0.05935      0.00819      0.10778      0.05680      
132700  0.17786    0.01852    0.03622    0.00924      0.10770      0.06167      0.00823      0.10788      0.05668      
132800  0.17605    0.01851    0.03622    0.00878      0.10664      0.05899      0.00827      0.10783      0.05704      
132900  0.17580    0.01848    0.03621    0.00818      0.10703      0.05894      0.00812      0.10795      0.05664      
133000  0.17774    0.01848    0.03621    0.00920      0.10764      0.06209      0.00820      0.10781      0.05718      
133100  0.17601    0.01846    0.03621    0.00874      0.10670      0.05890      0.00815      0.10783      0.05685      
133200  0.17571    0.01845    0.03620    0.00823      0.10689      0.05940      0.00818      0.10780      0.05670      
133300  0.17766    0.01844    0.03619    0.00912      0.10773      0.06174      0.00807      0.10786      0.05674      
133400  0.17597    0.01844    0.03619    0.00875      0.10669      0.05909      0.00810      0.10782      0.05697      
133500  0.17570    0.01844    0.03618    0.00823      0.10690      0.05945      0.00813      0.10776      0.05679      
133600  0.17759    0.01842    0.03618    0.00917      0.10761      0.06200      0.00809      0.10777      0.05693      
133700  0.17589    0.01841    0.03617    0.00870      0.10670      0.05921      0.00814      0.10775      0.05696      
133800  0.17566    0.01840    0.03616    0.00826      0.10690      0.05926      0.00818      0.10775      0.05672      
133900  0.17754    0.01838    0.03616    0.00929      0.10753      0.06172      0.00826      0.10768      0.05671      
134000  0.17581    0.01840    0.03615    0.00873      0.10662      0.05903      0.00816      0.10767      0.05691      
134100  0.17557    0.01839    0.03614    0.00818      0.10697      0.05899      0.00806      0.10780      0.05659      
134200  0.17749    0.01839    0.03614    0.00921      0.10756      0.06190      0.00813      0.10767      0.05702      
134300  0.17574    0.01838    0.03613    0.00872      0.10660      0.05910      0.00818      0.10764      0.05681      
134400  0.17551    0.01837    0.03613    0.00819      0.10687      0.05948      0.00809      0.10770      0.05703      
134500  0.17743    0.01836    0.03611    0.00922      0.10755      0.06182      0.00825      0.10761      0.05697      
134600  0.17566    0.01835    0.03611    0.00867      0.10663      0.05907      0.00816      0.10769      0.05678      
134700  0.17541    0.01834    0.03610    0.00824      0.10678      0.05950      0.00816      0.10758      0.05716      
134800  0.17737    0.01833    0.03609    0.00924      0.10755      0.06166      0.00816      0.10766      0.05674      
134900  0.17561    0.01833    0.03608    0.00873      0.10654      0.05922      0.00816      0.10761      0.05690      
135000  0.17536    0.01833    0.03607    0.00821      0.10680      0.05932      0.00814      0.10757      0.05694      
135100  0.17730    0.01832    0.03607    0.00921      0.10750      0.06196      0.00808      0.10760      0.05699      
135200  0.17558    0.01831    0.03606    0.00879      0.10652      0.05905      0.00820      0.10759      0.05687      
135300  0.17532    0.01830    0.03605    0.00829      0.10674      0.05932      0.00819      0.10756      0.05692      
135400  0.17727    0.01830    0.03605    0.00923      0.10750      0.06175      0.00814      0.10763      0.05690      
135500  0.17549    0.01829    0.03603    0.00874      0.10652      0.05907      0.00821      0.10762      0.05695      
135600  0.17528    0.01829    0.03603    0.00824      0.10680      0.05920      0.00819      0.10765      0.05676      
135700  0.17720    0.01829    0.03602    0.00924      0.10748      0.06174      0.00818      0.10764      0.05681      
135800  0.17544    0.01827    0.03601    0.00880      0.10644      0.05919      0.00823      0.10756      0.05708      
135900  0.17519    0.01826    0.03600    0.00822      0.10677      0.05945      0.00813      0.10767      0.05705      
136000  0.17713    0.01826    0.03600    0.00920      0.10749      0.06178      0.00815      0.10763      0.05659      
136100  0.17540    0.01825    0.03599    0.00874      0.10654      0.05876      0.00821      0.10760      0.05651      
136200  0.17514    0.01823    0.03598    0.00830      0.10669      0.05948      0.00816      0.10755      0.05695      
136300  0.17707    0.01821    0.03597    0.00922      0.10748      0.06186      0.00818      0.10769      0.05680      
136400  0.17530    0.01821    0.03597    0.00872      0.10653      0.05868      0.00814      0.10763      0.05649      
136500  0.17504    0.01819    0.03596    0.00825      0.10674      0.05908      0.00817      0.10757      0.05655      
136600  0.17701    0.01818    0.03595    0.00926      0.10746      0.06159      0.00819      0.10761      0.05668      
136700  0.17523    0.01817    0.03594    0.00873      0.10652      0.05864      0.00817      0.10760      0.05646      
136800  0.17502    0.01817    0.03594    0.00830      0.10668      0.05931      0.00819      0.10755      0.05668      
136900  0.17695    0.01814    0.03592    0.00926      0.10746      0.06169      0.00821      0.10762      0.05668      
137000  0.17519    0.01813    0.03592    0.00875      0.10648      0.05901      0.00821      0.10762      0.05662      
137100  0.17500    0.01813    0.03591    0.00831      0.10676      0.05899      0.00824      0.10758      0.05630      
137200  0.17690    0.01814    0.03591    0.00927      0.10743      0.06163      0.00819      0.10753      0.05663      
137300  0.17510    0.01812    0.03590    0.00870      0.10652      0.05860      0.00814      0.10761      0.05633      
137400  0.17487    0.01811    0.03589    0.00829      0.10667      0.05911      0.00825      0.10757      0.05640      
137500  0.17682    0.01809    0.03588    0.00922      0.10748      0.06150      0.00816      0.10759      0.05630      
137600  0.17505    0.01810    0.03588    0.00872      0.10650      0.05852      0.00821      0.10762      0.05617      
137700  0.17482    0.01809    0.03587    0.00822      0.10672      0.05918      0.00814      0.10756      0.05668      
137800  0.17675    0.01807    0.03587    0.00920      0.10745      0.06169      0.00815      0.10760      0.05666      
137900  0.17500    0.01806    0.03586    0.00874      0.10646      0.05882      0.00817      0.10757      0.05664      
138000  0.17474    0.01805    0.03586    0.00822      0.10668      0.05941      0.00816      0.10754      0.05704      
138100  0.17667    0.01804    0.03585    0.00921      0.10741      0.06154      0.00820      0.10753      0.05664      
138200  0.17494    0.01804    0.03585    0.00875      0.10643      0.05879      0.00819      0.10751      0.05675      
138300  0.17470    0.01804    0.03584    0.00821      0.10669      0.05925      0.00812      0.10752      0.05706      
138400  0.17665    0.01803    0.03584    0.00922      0.10736      0.06200      0.00810      0.10751      0.05709      
138500  0.17493    0.01801    0.03583    0.00878      0.10644      0.05865      0.00827      0.10751      0.05662      
138600  0.17464    0.01800    0.03582    0.00830      0.10660      0.05913      0.00821      0.10747      0.05661      
138700  0.17654    0.01800    0.03582    0.00926      0.10730      0.06165      0.00824      0.10744      0.05668      
138800  0.17486    0.01798    0.03581    0.00869      0.10650      0.05875      0.00811      0.10758      0.05662      
138900  0.17457    0.01796    0.03580    0.00816      0.10674      0.05907      0.00803      0.10757      0.05659      
139000  0.17649    0.01796    0.03580    0.00920      0.10738      0.06142      0.00815      0.10754      0.05652      
139100  0.17483    0.01796    0.03579    0.00881      0.10640      0.05879      0.00820      0.10746      0.05669      
139200  0.17454    0.01794    0.03578    0.00823      0.10668      0.05916      0.00815      0.10759      0.05646      
139300  0.17647    0.01794    0.03577    0.00929      0.10730      0.06165      0.00824      0.10741      0.05654      
139400  0.17476    0.01793    0.03577    0.00874      0.10644      0.05888      0.00813      0.10750      0.05662      
139500  0.17447    0.01793    0.03576    0.00829      0.10660      0.05892      0.00822      0.10745      0.05636      
139600  0.17640    0.01791    0.03576    0.00927      0.10732      0.06139      0.00817      0.10748      0.05637      
139700  0.17468    0.01791    0.03575    0.00880      0.10633      0.05877      0.00823      0.10735      0.05663      
139800  0.17438    0.01790    0.03574    0.00827      0.10658      0.05891      0.00820      0.10744      0.05640      
139900  0.17630    0.01788    0.03573    0.00927      0.10730      0.06121      0.00821      0.10739      0.05613      
140000  0.17458    0.01788    0.03572    0.00871      0.10643      0.05834      0.00811      0.10746      0.05615      
140100  0.17433    0.01787    0.03571    0.00828      0.10658      0.05891      0.00815      0.10745      0.05629      
140200  0.17625    0.01788    0.03572    0.00923      0.10729      0.06139      0.00816      0.10746      0.05648      
140300  0.17454    0.01786    0.03570    0.00873      0.10636      0.05873      0.00812      0.10742      0.05651      
140400  0.17428    0.01787    0.03570    0.00824      0.10655      0.05917      0.00815      0.10736      0.05652      
140500  0.17620    0.01784    0.03570    0.00921      0.10733      0.06129      0.00816      0.10748      0.05632      
140600  0.17446    0.01783    0.03568    0.00879      0.10632      0.05846      0.00824      0.10740      0.05631      
140700  0.17423    0.01783    0.03568    0.00820      0.10661      0.05897      0.00813      0.10747      0.05640      
140800  0.17612    0.01782    0.03567    0.00919      0.10729      0.06136      0.00812      0.10744      0.05641      
140900  0.17442    0.01782    0.03567    0.00870      0.10635      0.05884      0.00813      0.10744      0.05668      
141000  0.17415    0.01779    0.03565    0.00824      0.10660      0.05875      0.00814      0.10745      0.05630      
141100  0.17606    0.01780    0.03565    0.00920      0.10727      0.06139      0.00813      0.10743      0.05643      
141200  0.17441    0.01780    0.03564    0.00871      0.10638      0.05866      0.00815      0.10747      0.05640      
141300  0.17413    0.01779    0.03564    0.00821      0.10661      0.05887      0.00815      0.10751      0.05632      
141400  0.17602    0.01778    0.03563    0.00919      0.10728      0.06129      0.00815      0.10743      0.05623      
141500  0.17432    0.01777    0.03562    0.00873      0.10634      0.05857      0.00816      0.10742      0.05635      
141600  0.17408    0.01778    0.03561    0.00823      0.10655      0.05903      0.00817      0.10744      0.05637      
141700  0.17598    0.01776    0.03561    0.00923      0.10723      0.06151      0.00819      0.10743      0.05647      
141800  0.17428    0.01774    0.03560    0.00873      0.10634      0.05862      0.00818      0.10743      0.05638      
141900  0.17402    0.01773    0.03560    0.00827      0.10654      0.05887      0.00823      0.10742      0.05626      
142000  0.17594    0.01774    0.03559    0.00918      0.10728      0.06144      0.00818      0.10743      0.05632      
142100  0.17422    0.01773    0.03559    0.00871      0.10634      0.05848      0.00822      0.10741      0.05625      
142200  0.17398    0.01772    0.03559    0.00830      0.10647      0.05899      0.00821      0.10738      0.05629      
142300  0.17587    0.01770    0.03558    0.00918      0.10727      0.06134      0.00815      0.10745      0.05612      
142400  0.17415    0.01769    0.03558    0.00873      0.10629      0.05861      0.00815      0.10743      0.05609      
142500  0.17395    0.01768    0.03557    0.00820      0.10658      0.05922      0.00812      0.10739      0.05639      
142600  0.17581    0.01767    0.03557    0.00920      0.10726      0.06118      0.00815      0.10742      0.05601      
142700  0.17410    0.01766    0.03556    0.00870      0.10632      0.05859      0.00818      0.10740      0.05614      
142800  0.17388    0.01766    0.03556    0.00816      0.10660      0.05894      0.00812      0.10744      0.05618      
142900  0.17579    0.01765    0.03555    0.00917      0.10728      0.06140      0.00808      0.10743      0.05628      
143000  0.17411    0.01766    0.03554    0.00872      0.10635      0.05837      0.00819      0.10741      0.05600      
143100  0.17384    0.01763    0.03553    0.00822      0.10657      0.05889      0.00814      0.10741      0.05631      
143200  0.17573    0.01762    0.03552    0.00919      0.10726      0.06146      0.00813      0.10740      0.05630      
143300  0.17405    0.01763    0.03552    0.00876      0.10630      0.05842      0.00821      0.10737      0.05612      
143400  0.17380    0.01763    0.03552    0.00825      0.10652      0.05881      0.00813      0.10737      0.05623      
143500  0.17570    0.01762    0.03551    0.00921      0.10724      0.06124      0.00816      0.10739      0.05617      
143600  0.17402    0.01760    0.03550    0.00879      0.10630      0.05831      0.00823      0.10734      0.05604      
143700  0.17373    0.01759    0.03550    0.00822      0.10654      0.05877      0.00817      0.10739      0.05606      
143800  0.17564    0.01759    0.03549    0.00926      0.10716      0.06141      0.00823      0.10731      0.05618      
143900  0.17394    0.01758    0.03548    0.00873      0.10630      0.05843      0.00816      0.10736      0.05611      
144000  0.17373    0.01757    0.03547    0.00826      0.10655      0.05877      0.00824      0.10740      0.05614      
144100  0.17562    0.01757    0.03547    0.00925      0.10722      0.06112      0.00823      0.10736      0.05597      
144200  0.17389    0.01757    0.03546    0.00874      0.10629      0.05832      0.00821      0.10741      0.05602      
144300  0.17365    0.01755    0.03546    0.00823      0.10656      0.05854      0.00813      0.10740      0.05611      
144400  0.17558    0.01755    0.03545    0.00924      0.10722      0.06127      0.00820      0.10732      0.05603      
144500  0.17382    0.01755    0.03544    0.00872      0.10626      0.05853      0.00814      0.10739      0.05617      
144600  0.17357    0.01753    0.03544    0.00823      0.10649      0.05880      0.00814      0.10733      0.05628      
144700  0.17548    0.01751    0.03542    0.00925      0.10718      0.06117      0.00820      0.10734      0.05610      
144800  0.17372    0.01749    0.03542    0.00874      0.10623      0.05836      0.00821      0.10733      0.05605      
144900  0.17349    0.01750    0.03541    0.00813      0.10660      0.05862      0.00806      0.10741      0.05587      
145000  0.17541    0.01749    0.03541    0.00921      0.10719      0.06107      0.00821      0.10732      0.05594      
145100  0.17368    0.01747    0.03540    0.00873      0.10623      0.05835      0.00816      0.10733      0.05608      
145200  0.17340    0.01746    0.03539    0.00819      0.10648      0.05878      0.00811      0.10735      0.05613      
145300  0.17535    0.01747    0.03539    0.00914      0.10724      0.06114      0.00816      0.10742      0.05604      
145400  0.17367    0.01747    0.03538    0.00877      0.10622      0.05832      0.00826      0.10730      0.05606      
145500  0.17340    0.01747    0.03537    0.00828      0.10646      0.05828      0.00826      0.10727      0.05592      
145600  0.17527    0.01744    0.03536    0.00918      0.10720      0.06088      0.00815      0.10737      0.05579      
145700  0.17359    0.01744    0.03536    0.00866      0.10628      0.05861      0.00811      0.10730      0.05643      
145800  0.17336    0.01744    0.03536    0.00820      0.10649      0.05866      0.00815      0.10731      0.05602      
145900  0.17525    0.01743    0.03535    0.00920      0.10716      0.06103      0.00817      0.10728      0.05596      
146000  0.17355    0.01743    0.03535    0.00868      0.10627      0.05814      0.00815      0.10729      0.05602      
146100  0.17329    0.01742    0.03534    0.00819      0.10646      0.05875      0.00813      0.10726      0.05622      
146200  0.17520    0.01742    0.03533    0.00916      0.10714      0.06145      0.00813      0.10732      0.05637      
146300  0.17351    0.01741    0.03533    0.00873      0.10622      0.05821      0.00820      0.10726      0.05592      
146400  0.17325    0.01741    0.03533    0.00819      0.10647      0.05856      0.00812      0.10738      0.05603      
146500  0.17517    0.01741    0.03532    0.00919      0.10715      0.06099      0.00819      0.10731      0.05589      
146600  0.17348    0.01740    0.03531    0.00873      0.10622      0.05824      0.00821      0.10731      0.05602      
146700  0.17320    0.01738    0.03530    0.00827      0.10640      0.05850      0.00822      0.10725      0.05615      
146800  0.17510    0.01737    0.03530    0.00926      0.10708      0.06097      0.00823      0.10726      0.05594      
146900  0.17345    0.01737    0.03530    0.00869      0.10627      0.05823      0.00817      0.10732      0.05594      
147000  0.17318    0.01737    0.03529    0.00824      0.10643      0.05850      0.00816      0.10728      0.05584      
147100  0.17505    0.01734    0.03528    0.00919      0.10711      0.06123      0.00817      0.10727      0.05612      
147200  0.17339    0.01733    0.03528    0.00872      0.10623      0.05817      0.00821      0.10729      0.05575      
147300  0.17311    0.01733    0.03527    0.00824      0.10642      0.05836      0.00820      0.10724      0.05592      
147400  0.17499    0.01733    0.03527    0.00916      0.10715      0.06086      0.00811      0.10731      0.05570      
147500  0.17333    0.01733    0.03526    0.00877      0.10615      0.05833      0.00821      0.10721      0.05594      
147600  0.17307    0.01731    0.03525    0.00821      0.10644      0.05863      0.00809      0.10724      0.05615      
147700  0.17492    0.01731    0.03525    0.00913      0.10713      0.06094      0.00807      0.10731      0.05589      
147800  0.17327    0.01730    0.03524    0.00874      0.10617      0.05823      0.00820      0.10722      0.05592      
147900  0.17298    0.01730    0.03524    0.00813      0.10647      0.05840      0.00807      0.10726      0.05600      
148000  0.17491    0.01732    0.03524    0.00912      0.10712      0.06105      0.00804      0.10722      0.05620      
148100  0.17324    0.01730    0.03524    0.00870      0.10616      0.05835      0.00810      0.10718      0.05609      
148200  0.17291    0.01729    0.03523    0.00816      0.10638      0.05852      0.00803      0.10724      0.05601      
148300  0.17486    0.01729    0.03522    0.00922      0.10704      0.06087      0.00823      0.10714      0.05578      
148400  0.17314    0.01728    0.03522    0.00875      0.10606      0.05830      0.00813      0.10715      0.05593      
148500  0.17287    0.01725    0.03521    0.00820      0.10639      0.05822      0.00810      0.10722      0.05587      
148600  0.17480    0.01726    0.03521    0.00923      0.10702      0.06092      0.00817      0.10716      0.05587      
148700  0.17314    0.01726    0.03520    0.00873      0.10615      0.05808      0.00819      0.10721      0.05588      
148800  0.17286    0.01725    0.03519    0.00814      0.10645      0.05823      0.00805      0.10727      0.05593      
148900  0.17474    0.01725    0.03519    0.00914      0.10709      0.06071      0.00812      0.10722      0.05570      
149000  0.17306    0.01726    0.03519    0.00873      0.10607      0.05815      0.00821      0.10713      0.05574      
149100  0.17280    0.01725    0.03518    0.00820      0.10635      0.05824      0.00812      0.10717      0.05581      
149200  0.17471    0.01726    0.03517    0.00912      0.10708      0.06076      0.00808      0.10718      0.05569      
149300  0.17301    0.01724    0.03517    0.00870      0.10610      0.05807      0.00812      0.10715      0.05594      
149400  0.17272    0.01722    0.03516    0.00827      0.10624      0.05831      0.00822      0.10709      0.05607      
149500  0.17463    0.01722    0.03515    0.00919      0.10700      0.06079      0.00814      0.10707      0.05583      
149600  0.17298    0.01721    0.03515    0.00866      0.10612      0.05848      0.00804      0.10712      0.05616      
149700  0.17271    0.01720    0.03514    0.00826      0.10630      0.05805      0.00819      0.10710      0.05572      
149800  0.17459    0.01721    0.03514    0.00919      0.10698      0.06072      0.00818      0.10705      0.05577      
149900  0.17293    0.01721    0.03514    0.00870      0.10607      0.05818      0.00815      0.10710      0.05594      
150000  0.17268    0.01720    0.03513    0.00815      0.10637      0.05822      0.00810      0.10713      0.05583      
150100  0.17454    0.01719    0.03513    0.00915      0.10700      0.06063      0.00807      0.10710      0.05565      
150200  0.17287    0.01719    0.03513    0.00864      0.10613      0.05792      0.00805      0.10713      0.05575      
150300  0.17260    0.01718    0.03512    0.00826      0.10622      0.05810      0.00816      0.10698      0.05581      
150400  0.17452    0.01718    0.03512    0.00911      0.10704      0.06073      0.00803      0.10717      0.05593      
150500  0.17287    0.01717    0.03511    0.00872      0.10607      0.05793      0.00810      0.10706      0.05567      
150600  0.17258    0.01716    0.03511    0.00818      0.10632      0.05810      0.00806      0.10709      0.05562      
150700  0.17443    0.01716    0.03510    0.00912      0.10698      0.06068      0.00808      0.10709      0.05565      
150800  0.17281    0.01714    0.03509    0.00865      0.10612      0.05807      0.00810      0.10712      0.05585      
150900  0.17252    0.01714    0.03508    0.00818      0.10630      0.05819      0.00811      0.10709      0.05590      
151000  0.17438    0.01711    0.03507    0.00916      0.10697      0.06069      0.00814      0.10708      0.05565      
151100  0.17272    0.01710    0.03506    0.00869      0.10608      0.05790      0.00810      0.10712      0.05566      
151200  0.17250    0.01711    0.03505    0.00821      0.10629      0.05838      0.00811      0.10710      0.05594      
151300  0.17435    0.01711    0.03504    0.00915      0.10695      0.06094      0.00811      0.10706      0.05608      
151400  0.17270    0.01710    0.03504    0.00874      0.10602      0.05793      0.00816      0.10707      0.05578      
151500  0.17242    0.01708    0.03503    0.00825      0.10624      0.05815      0.00818      0.10703      0.05588      
151600  0.17429    0.01708    0.03503    0.00914      0.10695      0.06088      0.00810      0.10707      0.05584      
151700  0.17263    0.01707    0.03502    0.00867      0.10604      0.05826      0.00812      0.10705      0.05610      
151800  0.17237    0.01704    0.03502    0.00814      0.10632      0.05853      0.00805      0.10707      0.05609      
151900  0.17426    0.01704    0.03501    0.00913      0.10700      0.06079      0.00809      0.10713      0.05583      
152000  0.17255    0.01703    0.03501    0.00867      0.10603      0.05813      0.00810      0.10705      0.05597      
152100  0.17229    0.01702    0.03499    0.00814      0.10633      0.05807      0.00807      0.10711      0.05588      
152200  0.17420    0.01702    0.03499    0.00914      0.10697      0.06079      0.00810      0.10710      0.05587      
152300  0.17252    0.01702    0.03499    0.00869      0.10602      0.05795      0.00813      0.10701      0.05575      
152400  0.17227    0.01701    0.03498    0.00821      0.10626      0.05811      0.00810      0.10705      0.05573      
152500  0.17413    0.01700    0.03497    0.00917      0.10692      0.06075      0.00814      0.10705      0.05578      
152600  0.17248    0.01699    0.03497    0.00865      0.10605      0.05808      0.00808      0.10704      0.05586      
152700  0.17225    0.01700    0.03497    0.00815      0.10632      0.05812      0.00804      0.10706      0.05591      
152800  0.17408    0.01700    0.03496    0.00919      0.10686      0.06065      0.00817      0.10700      0.05576      
152900  0.17245    0.01699    0.03496    0.00865      0.10605      0.05796      0.00805      0.10702      0.05578      
153000  0.17221    0.01699    0.03495    0.00816      0.10633      0.05777      0.00807      0.10706      0.05547      
153100  0.17407    0.01699    0.03495    0.00911      0.10696      0.06068      0.00800      0.10703      0.05569      
153200  0.17239    0.01699    0.03494    0.00863      0.10606      0.05776      0.00803      0.10707      0.05563      
153300  0.17213    0.01696    0.03494    0.00816      0.10631      0.05762      0.00810      0.10706      0.05547      
153400  0.17402    0.01696    0.03493    0.00909      0.10699      0.06057      0.00802      0.10710      0.05574      
153500  0.17233    0.01696    0.03493    0.00866      0.10601      0.05774      0.00812      0.10702      0.05566      
153600  0.17209    0.01696    0.03492    0.00818      0.10627      0.05760      0.00809      0.10702      0.05567      
153700  0.17395    0.01696    0.03492    0.00915      0.10688      0.06048      0.00807      0.10700      0.05573      
153800  0.17228    0.01696    0.03492    0.00869      0.10595      0.05765      0.00810      0.10699      0.05543      
153900  0.17207    0.01694    0.03491    0.00814      0.10628      0.05803      0.00806      0.10708      0.05576      
154000  0.17392    0.01693    0.03490    0.00913      0.10689      0.06057      0.00810      0.10704      0.05570      
154100  0.17224    0.01693    0.03490    0.00863      0.10600      0.05775      0.00803      0.10706      0.05567      
154200  0.17200    0.01692    0.03489    0.00808      0.10630      0.05801      0.00798      0.10709      0.05594      
154300  0.17382    0.01692    0.03489    0.00909      0.10687      0.06051      0.00801      0.10705      0.05578      
154400  0.17217    0.01693    0.03488    0.00862      0.10597      0.05769      0.00803      0.10700      0.05560      
154500  0.17195    0.01692    0.03488    0.00814      0.10625      0.05767      0.00801      0.10699      0.05558      
154600  0.17378    0.01690    0.03487    0.00916      0.10681      0.06043      0.00807      0.10694      0.05571      
154700  0.17213    0.01690    0.03486    0.00867      0.10591      0.05786      0.00807      0.10694      0.05585      
154800  0.17188    0.01687    0.03485    0.00812      0.10625      0.05777      0.00801      0.10701      0.05579      
154900  0.17371    0.01686    0.03485    0.00920      0.10677      0.06036      0.00812      0.10692      0.05571      
155000  0.17204    0.01687    0.03485    0.00860      0.10596      0.05769      0.00807      0.10702      0.05549      
155100  0.17184    0.01685    0.03484    0.00808      0.10626      0.05802      0.00795      0.10706      0.05574      
155200  0.17367    0.01685    0.03484    0.00912      0.10681      0.06045      0.00806      0.10698      0.05560      
155300  0.17200    0.01685    0.03484    0.00861      0.10593      0.05779      0.00803      0.10699      0.05555      
155400  0.17180    0.01684    0.03483    0.00813      0.10623      0.05766      0.00801      0.10699      0.05548      
155500  0.17365    0.01684    0.03483    0.00910      0.10685      0.06021      0.00801      0.10701      0.05543      
155600  0.17197    0.01685    0.03483    0.00857      0.10593      0.05797      0.00795      0.10698      0.05583      
155700  0.17176    0.01682    0.03481    0.00811      0.10624      0.05777      0.00801      0.10697      0.05559      
155800  0.17362    0.01683    0.03481    0.00913      0.10682      0.06045      0.00803      0.10697      0.05549      
155900  0.17193    0.01682    0.03480    0.00861      0.10593      0.05776      0.00806      0.10696      0.05556      
156000  0.17173    0.01682    0.03480    0.00814      0.10617      0.05799      0.00803      0.10695      0.05565      
156100  0.17361    0.01681    0.03479    0.00917      0.10681      0.06031      0.00812      0.10694      0.05540      
156200  0.17192    0.01680    0.03479    0.00865      0.10591      0.05776      0.00810      0.10695      0.05570      
156300  0.17169    0.01680    0.03478    0.00811      0.10622      0.05778      0.00803      0.10699      0.05560      
156400  0.17355    0.01679    0.03478    0.00913      0.10682      0.06029      0.00807      0.10700      0.05553      
156500  0.17185    0.01679    0.03477    0.00862      0.10591      0.05761      0.00803      0.10700      0.05553      
156600  0.17166    0.01679    0.03477    0.00814      0.10618      0.05770      0.00802      0.10694      0.05549      
156700  0.17351    0.01678    0.03476    0.00910      0.10683      0.06033      0.00806      0.10698      0.05544      
156800  0.17183    0.01678    0.03476    0.00870      0.10582      0.05770      0.00815      0.10685      0.05544      
156900  0.17162    0.01678    0.03475    0.00814      0.10617      0.05778      0.00808      0.10691      0.05544      
157000  0.17348    0.01678    0.03475    0.00914      0.10676      0.06054      0.00807      0.10689      0.05569      
157100  0.17181    0.01677    0.03474    0.00865      0.10585      0.05794      0.00809      0.10692      0.05560      
157200  0.17160    0.01678    0.03474    0.00817      0.10612      0.05786      0.00808      0.10691      0.05569      
157300  0.17347    0.01676    0.03474    0.00914      0.10678      0.06043      0.00808      0.10693      0.05550      
157400  0.17178    0.01675    0.03474    0.00860      0.10590      0.05792      0.00804      0.10696      0.05563      
157500  0.17157    0.01674    0.03473    0.00816      0.10617      0.05766      0.00805      0.10694      0.05534      
157600  0.17338    0.01674    0.03473    0.00908      0.10680      0.06022      0.00801      0.10697      0.05541      
157700  0.17171    0.01674    0.03472    0.00859      0.10587      0.05787      0.00800      0.10696      0.05551      
157800  0.17149    0.01673    0.03472    0.00807      0.10620      0.05772      0.00798      0.10702      0.05547      
157900  0.17336    0.01673    0.03471    0.00907      0.10681      0.06037      0.00799      0.10696      0.05539      
158000  0.17167    0.01672    0.03471    0.00865      0.10582      0.05771      0.00808      0.10689      0.05548      
158100  0.17146    0.01671    0.03471    0.00807      0.10621      0.05764      0.00796      0.10698      0.05538      
158200  0.17330    0.01671    0.03470    0.00908      0.10678      0.06042      0.00800      0.10695      0.05550      
158300  0.17163    0.01671    0.03469    0.00864      0.10581      0.05777      0.00804      0.10689      0.05546      
158400  0.17141    0.01670    0.03469    0.00816      0.10611      0.05757      0.00804      0.10691      0.05538      
158500  0.17326    0.01670    0.03469    0.00912      0.10674      0.06017      0.00805      0.10689      0.05535      
158600  0.17161    0.01670    0.03468    0.00861      0.10585      0.05767      0.00805      0.10689      0.05552      
158700  0.17139    0.01670    0.03468    0.00814      0.10608      0.05792      0.00800      0.10686      0.05571      
158800  0.17326    0.01669    0.03468    0.00908      0.10677      0.06038      0.00804      0.10691      0.05561      
158900  0.17155    0.01668    0.03467    0.00857      0.10584      0.05794      0.00800      0.10694      0.05565      
159000  0.17132    0.01666    0.03466    0.00814      0.10609      0.05768      0.00804      0.10689      0.05562      
159100  0.17321    0.01666    0.03466    0.00912      0.10672      0.06063      0.00801      0.10684      0.05576      
159200  0.17153    0.01666    0.03466    0.00861      0.10580      0.05796      0.00802      0.10683      0.05580      
159300  0.17130    0.01665    0.03465    0.00817      0.10606      0.05772      0.00804      0.10681      0.05565      
159400  0.17317    0.01664    0.03464    0.00908      0.10675      0.06042      0.00800      0.10687      0.05565      
159500  0.17145    0.01663    0.03464    0.00861      0.10581      0.05778      0.00802      0.10684      0.05557      
159600  0.17124    0.01663    0.03463    0.00812      0.10607      0.05787      0.00798      0.10684      0.05582      
159700  0.17313    0.01664    0.03463    0.00906      0.10674      0.06052      0.00799      0.10687      0.05553      
159800  0.17144    0.01663    0.03463    0.00854      0.10587      0.05770      0.00793      0.10691      0.05542      
159900  0.17118    0.01663    0.03462    0.00810      0.10607      0.05765      0.00800      0.10687      0.05537      
160000  0.17308    0.01663    0.03462    0.00906      0.10674      0.06031      0.00798      0.10689      0.05551      
160100  0.17141    0.01662    0.03462    0.00853      0.10585      0.05794      0.00794      0.10688      0.05569      
160200  0.17117    0.01663    0.03461    0.00811      0.10606      0.05760      0.00800      0.10680      0.05550      
160300  0.17302    0.01662    0.03460    0.00914      0.10664      0.06029      0.00810      0.10676      0.05555      
160400  0.17137    0.01660    0.03460    0.00861      0.10577      0.05790      0.00804      0.10681      0.05582      
160500  0.17113    0.01659    0.03459    0.00810      0.10607      0.05773      0.00798      0.10682      0.05588      
160600  0.17301    0.01658    0.03459    0.00908      0.10672      0.06044      0.00801      0.10685      0.05570      
160700  0.17134    0.01658    0.03458    0.00858      0.10582      0.05785      0.00798      0.10684      0.05557      
160800  0.17109    0.01657    0.03458    0.00805      0.10609      0.05796      0.00793      0.10682      0.05582      
160900  0.17295    0.01656    0.03457    0.00907      0.10670      0.06047      0.00803      0.10681      0.05568      
161000  0.17127    0.01655    0.03457    0.00863      0.10571      0.05815      0.00805      0.10676      0.05588      
161100  0.17104    0.01654    0.03456    0.00808      0.10609      0.05768      0.00801      0.10686      0.05563      
161200  0.17293    0.01655    0.03455    0.00912      0.10666      0.06055      0.00804      0.10677      0.05568      
161300  0.17123    0.01654    0.03455    0.00863      0.10572      0.05786      0.00804      0.10678      0.05553      
161400  0.17100    0.01653    0.03454    0.00813      0.10601      0.05789      0.00804      0.10677      0.05575      
161500  0.17290    0.01652    0.03454    0.00907      0.10671      0.06055      0.00799      0.10680      0.05568      
161600  0.17119    0.01652    0.03453    0.00855      0.10581      0.05793      0.00797      0.10685      0.05564      
161700  0.17097    0.01651    0.03453    0.00807      0.10610      0.05768      0.00795      0.10683      0.05555      
161800  0.17285    0.01651    0.03452    0.00909      0.10670      0.06042      0.00805      0.10679      0.05551      
161900  0.17112    0.01650    0.03451    0.00860      0.10572      0.05795      0.00800      0.10677      0.05561      
162000  0.17092    0.01650    0.03451    0.00806      0.10607      0.05789      0.00796      0.10681      0.05567      
162100  0.17279    0.01649    0.03450    0.00910      0.10665      0.06046      0.00803      0.10677      0.05559      
162200  0.17112    0.01648    0.03450    0.00862      0.10572      0.05801      0.00806      0.10674      0.05572      
162300  0.17091    0.01648    0.03449    0.00813      0.10604      0.05772      0.00805      0.10676      0.05561      
162400  0.17281    0.01648    0.03449    0.00908      0.10671      0.06043      0.00801      0.10679      0.05552      
162500  0.17108    0.01647    0.03449    0.00862      0.10571      0.05788      0.00804      0.10675      0.05562      
162600  0.17085    0.01647    0.03449    0.00811      0.10601      0.05782      0.00799      0.10677      0.05570      
162700  0.17275    0.01647    0.03448    0.00912      0.10664      0.06039      0.00805      0.10674      0.05548      
162800  0.17105    0.01645    0.03448    0.00862      0.10572      0.05780      0.00801      0.10676      0.05555      
162900  0.17081    0.01644    0.03447    0.00809      0.10603      0.05781      0.00796      0.10680      0.05570      
163000  0.17272    0.01643    0.03447    0.00912      0.10668      0.06019      0.00806      0.10679      0.05531      
163100  0.17105    0.01644    0.03447    0.00860      0.10576      0.05778      0.00801      0.10677      0.05552      
163200  0.17078    0.01643    0.03446    0.00809      0.10603      0.05772      0.00799      0.10677      0.05562      
163300  0.17267    0.01643    0.03446    0.00907      0.10666      0.06051      0.00797      0.10674      0.05560      
163400  0.17100    0.01642    0.03445    0.00856      0.10577      0.05795      0.00794      0.10679      0.05569      
163500  0.17075    0.01643    0.03446    0.00810      0.10599      0.05771      0.00797      0.10676      0.05565      
163600  0.17262    0.01642    0.03445    0.00910      0.10662      0.06028      0.00802      0.10674      0.05545      
163700  0.17095    0.01641    0.03445    0.00865      0.10566      0.05779      0.00808      0.10669      0.05551      
163800  0.17070    0.01641    0.03445    0.00809      0.10597      0.05784      0.00796      0.10671      0.05571      
163900  0.17259    0.01640    0.03444    0.00908      0.10663      0.06046      0.00796      0.10675      0.05550      
164000  0.17094    0.01641    0.03444    0.00865      0.10567      0.05777      0.00803      0.10670      0.05548      
164100  0.17067    0.01640    0.03443    0.00811      0.10595      0.05782      0.00803      0.10670      0.05552      
164200  0.17257    0.01639    0.03443    0.00910      0.10660      0.06048      0.00807      0.10668      0.05554      
164300  0.17089    0.01639    0.03442    0.00859      0.10574      0.05755      0.00800      0.10674      0.05532      
164400  0.17066    0.01640    0.03442    0.00808      0.10599      0.05774      0.00794      0.10672      0.05548      
164500  0.17254    0.01638    0.03442    0.00909      0.10663      0.06027      0.00800      0.10675      0.05533      
164600  0.17086    0.01638    0.03441    0.00860      0.10569      0.05776      0.00804      0.10670      0.05544      
164700  0.17063    0.01637    0.03441    0.00808      0.10601      0.05761      0.00798      0.10676      0.05535      
164800  0.17253    0.01638    0.03441    0.00907      0.10664      0.06040      0.00797      0.10673      0.05537      
164900  0.17081    0.01638    0.03440    0.00860      0.10567      0.05761      0.00805      0.10673      0.05528      
165000  0.17061    0.01638    0.03440    0.00808      0.10599      0.05759      0.00799      0.10673      0.05523      
165100  0.17249    0.01638    0.03440    0.00906      0.10662      0.06036      0.00796      0.10668      0.05537      
165200  0.17080    0.01636    0.03439    0.00857      0.10572      0.05757      0.00795      0.10670      0.05524      
165300  0.17055    0.01636    0.03438    0.00806      0.10598      0.05773      0.00792      0.10670      0.05560      
165400  0.17244    0.01635    0.03438    0.00910      0.10657      0.06043      0.00797      0.10665      0.05551      
165500  0.17075    0.01636    0.03438    0.00858      0.10567      0.05773      0.00797      0.10666      0.05539      
165600  0.17055    0.01636    0.03438    0.00805      0.10600      0.05762      0.00794      0.10671      0.05521      
165700  0.17242    0.01635    0.03437    0.00906      0.10662      0.06030      0.00796      0.10671      0.05538      
165800  0.17072    0.01635    0.03436    0.00861      0.10564      0.05760      0.00804      0.10669      0.05529      
165900  0.17047    0.01634    0.03436    0.00806      0.10597      0.05746      0.00795      0.10675      0.05519      
166000  0.17237    0.01633    0.03435    0.00905      0.10661      0.06040      0.00792      0.10672      0.05538      
166100  0.17069    0.01633    0.03435    0.00853      0.10570      0.05778      0.00793      0.10674      0.05544      
166200  0.17043    0.01633    0.03434    0.00808      0.10592      0.05757      0.00796      0.10668      0.05540      
166300  0.17235    0.01632    0.03434    0.00904      0.10662      0.06037      0.00792      0.10672      0.05537      
166400  0.17062    0.01633    0.03434    0.00855      0.10563      0.05773      0.00796      0.10669      0.05542      
166500  0.17039    0.01631    0.03433    0.00802      0.10596      0.05760      0.00786      0.10672      0.05554      
166600  0.17229    0.01630    0.03433    0.00906      0.10655      0.06045      0.00795      0.10663      0.05549      
166700  0.17062    0.01630    0.03432    0.00858      0.10565      0.05774      0.00798      0.10665      0.05539      
166800  0.17037    0.01629    0.03432    0.00807      0.10592      0.05768      0.00795      0.10668      0.05559      
166900  0.17228    0.01628    0.03431    0.00903      0.10662      0.06033      0.00790      0.10671      0.05535      
167000  0.17059    0.01629    0.03431    0.00858      0.10564      0.05777      0.00795      0.10664      0.05552      
167100  0.17032    0.01629    0.03431    0.00802      0.10594      0.05763      0.00788      0.10671      0.05553      
167200  0.17224    0.01629    0.03430    0.00902      0.10659      0.06047      0.00793      0.10668      0.05559      
167300  0.17059    0.01627    0.03430    0.00858      0.10568      0.05756      0.00800      0.10667      0.05523      
167400  0.17026    0.01626    0.03429    0.00807      0.10588      0.05743      0.00798      0.10667      0.05533      
167500  0.17220    0.01626    0.03429    0.00905      0.10656      0.06054      0.00790      0.10669      0.05558      
167600  0.17053    0.01625    0.03428    0.00853      0.10570      0.05764      0.00792      0.10668      0.05536      
167700  0.17026    0.01626    0.03428    0.00802      0.10594      0.05763      0.00791      0.10669      0.05538      
167800  0.17216    0.01626    0.03428    0.00904      0.10655      0.06044      0.00798      0.10666      0.05547      
167900  0.17049    0.01624    0.03428    0.00851      0.10568      0.05776      0.00789      0.10668      0.05542      
168000  0.17022    0.01625    0.03427    0.00808      0.10584      0.05783      0.00799      0.10661      0.05566      
168100  0.17211    0.01623    0.03427    0.00906      0.10649      0.06056      0.00799      0.10658      0.05559      
168200  0.17046    0.01623    0.03426    0.00854      0.10565      0.05781      0.00796      0.10663      0.05552      
168300  0.17020    0.01623    0.03426    0.00807      0.10587      0.05766      0.00795      0.10660      0.05528      
168400  0.17213    0.01623    0.03426    0.00905      0.10655      0.06042      0.00794      0.10662      0.05540      
168500  0.17040    0.01623    0.03425    0.00852      0.10561      0.05793      0.00794      0.10664      0.05565      
168600  0.17018    0.01622    0.03425    0.00799      0.10594      0.05783      0.00785      0.10668      0.05567      
168700  0.17207    0.01621    0.03425    0.00907      0.10650      0.06046      0.00797      0.10660      0.05542      
168800  0.17036    0.01621    0.03425    0.00859      0.10553      0.05792      0.00800      0.10656      0.05565      
168900  0.17014    0.01621    0.03424    0.00805      0.10586      0.05775      0.00795      0.10659      0.05576      
169000  0.17202    0.01620    0.03424    0.00907      0.10647      0.06036      0.00792      0.10654      0.05549      
169100  0.17034    0.01620    0.03423    0.00860      0.10553      0.05779      0.00795      0.10652      0.05561      
169200  0.17011    0.01619    0.03423    0.00807      0.10584      0.05768      0.00799      0.10651      0.05564      
169300  0.17199    0.01620    0.03423    0.00907      0.10644      0.06049      0.00795      0.10653      0.05559      
169400  0.17031    0.01619    0.03423    0.00855      0.10553      0.05800      0.00795      0.10655      0.05572      
169500  0.17008    0.01619    0.03423    0.00805      0.10583      0.05784      0.00794      0.10654      0.05572      
169600  0.17197    0.01619    0.03422    0.00906      0.10645      0.06051      0.00796      0.10653      0.05553      
169700  0.17027    0.01619    0.03422    0.00856      0.10552      0.05782      0.00797      0.10654      0.05555      
169800  0.17005    0.01618    0.03422    0.00806      0.10583      0.05761      0.00797      0.10656      0.05552      
169900  0.17195    0.01617    0.03421    0.00902      0.10649      0.06053      0.00792      0.10660      0.05553      
170000  0.17025    0.01617    0.03421    0.00852      0.10557      0.05776      0.00793      0.10661      0.05542      
170100  0.17002    0.01617    0.03420    0.00805      0.10582      0.05775      0.00791      0.10657      0.05557      
170200  0.17194    0.01617    0.03420    0.00905      0.10647      0.06052      0.00795      0.10656      0.05561      
170300  0.17023    0.01617    0.03420    0.00852      0.10555      0.05790      0.00793      0.10657      0.05561      
170400  0.17002    0.01618    0.03419    0.00802      0.10583      0.05800      0.00786      0.10658      0.05569      
170500  0.17190    0.01616    0.03419    0.00905      0.10643      0.06065      0.00795      0.10651      0.05564      
170600  0.17019    0.01616    0.03419    0.00863      0.10544      0.05777      0.00801      0.10646      0.05546      
170700  0.16995    0.01616    0.03419    0.00805      0.10579      0.05779      0.00797      0.10656      0.05551      
170800  0.17190    0.01615    0.03418    0.00907      0.10642      0.06070      0.00800      0.10652      0.05573      
170900  0.17015    0.01615    0.03418    0.00856      0.10547      0.05790      0.00796      0.10653      0.05568      
171000  0.16991    0.01614    0.03418    0.00810      0.10571      0.05781      0.00799      0.10651      0.05555      
171100  0.17185    0.01614    0.03417    0.00906      0.10642      0.06065      0.00796      0.10653      0.05567      
171200  0.17011    0.01612    0.03417    0.00861      0.10541      0.05793      0.00800      0.10650      0.05559      
171300  0.16991    0.01612    0.03417    0.00804      0.10578      0.05795      0.00791      0.10656      0.05587      
171400  0.17182    0.01612    0.03417    0.00907      0.10640      0.06058      0.00798      0.10651      0.05567      
171500  0.17010    0.01612    0.03416    0.00852      0.10551      0.05785      0.00793      0.10656      0.05548      
171600  0.16986    0.01611    0.03416    0.00805      0.10577      0.05774      0.00793      0.10650      0.05563      
171700  0.17177    0.01611    0.03416    0.00907      0.10639      0.06053      0.00793      0.10648      0.05577      
171800  0.17007    0.01611    0.03416    0.00855      0.10545      0.05809      0.00793      0.10648      0.05581      
171900  0.16984    0.01611    0.03415    0.00801      0.10579      0.05774      0.00790      0.10653      0.05562      
172000  0.17176    0.01611    0.03415    0.00907      0.10639      0.06048      0.00797      0.10651      0.05565      
172100  0.17002    0.01610    0.03415    0.00855      0.10543      0.05794      0.00794      0.10649      0.05565      
172200  0.16982    0.01610    0.03414    0.00809      0.10574      0.05758      0.00797      0.10645      0.05555      
172300  0.17172    0.01610    0.03414    0.00907      0.10637      0.06050      0.00799      0.10644      0.05567      
172400  0.17001    0.01608    0.03414    0.00856      0.10543      0.05794      0.00796      0.10650      0.05567      
172500  0.16978    0.01608    0.03413    0.00806      0.10576      0.05762      0.00795      0.10649      0.05567      
172600  0.17170    0.01608    0.03413    0.00908      0.10636      0.06048      0.00800      0.10646      0.05563      
172700  0.16999    0.01608    0.03413    0.00855      0.10545      0.05788      0.00795      0.10650      0.05559      
172800  0.16975    0.01607    0.03412    0.00806      0.10573      0.05769      0.00793      0.10650      0.05566      
172900  0.17169    0.01607    0.03412    0.00902      0.10644      0.06044      0.00793      0.10655      0.05545      
173000  0.16993    0.01605    0.03412    0.00858      0.10539      0.05791      0.00799      0.10644      0.05561      
173100  0.16970    0.01605    0.03411    0.00799      0.10578      0.05773      0.00787      0.10653      0.05561      
173200  0.17164    0.01604    0.03411    0.00908      0.10635      0.06057      0.00796      0.10645      0.05566      
173300  0.16993    0.01605    0.03410    0.00855      0.10544      0.05786      0.00794      0.10645      0.05565      
173400  0.16970    0.01605    0.03410    0.00803      0.10577      0.05757      0.00792      0.10651      0.05552      
173500  0.17160    0.01604    0.03410    0.00899      0.10639      0.06074      0.00788      0.10651      0.05579      
173600  0.16990    0.01605    0.03409    0.00854      0.10542      0.05805      0.00790      0.10648      0.05571      
173700  0.16968    0.01604    0.03409    0.00804      0.10575      0.05770      0.00795      0.10647      0.05557      
173800  0.17157    0.01604    0.03409    0.00903      0.10636      0.06057      0.00791      0.10647      0.05574      
173900  0.16985    0.01603    0.03409    0.00851      0.10542      0.05798      0.00790      0.10648      0.05562      
174000  0.16964    0.01603    0.03408    0.00800      0.10576      0.05770      0.00789      0.10650      0.05565      
174100  0.17153    0.01602    0.03408    0.00903      0.10636      0.06046      0.00792      0.10652      0.05563      
174200  0.16983    0.01602    0.03408    0.00852      0.10542      0.05790      0.00797      0.10647      0.05546      
174300  0.16961    0.01601    0.03408    0.00799      0.10577      0.05758      0.00788      0.10649      0.05550      
174400  0.17150    0.01601    0.03407    0.00902      0.10635      0.06046      0.00792      0.10648      0.05553      
174500  0.16980    0.01601    0.03407    0.00855      0.10539      0.05782      0.00793      0.10645      0.05544      
174600  0.16960    0.01601    0.03406    0.00803      0.10572      0.05773      0.00790      0.10645      0.05563      
174700  0.17148    0.01601    0.03406    0.00905      0.10632      0.06044      0.00796      0.10644      0.05546      
174800  0.16977    0.01600    0.03406    0.00855      0.10537      0.05787      0.00796      0.10643      0.05549      
174900  0.16956    0.01601    0.03405    0.00802      0.10573      0.05755      0.00792      0.10646      0.05545      
175000  0.17147    0.01600    0.03405    0.00901      0.10634      0.06065      0.00787      0.10647      0.05570      
175100  0.16975    0.01600    0.03405    0.00856      0.10537      0.05771      0.00792      0.10643      0.05546      
175200  0.16952    0.01599    0.03404    0.00801      0.10572      0.05766      0.00789      0.10644      0.05546      
175300  0.17145    0.01599    0.03404    0.00903      0.10635      0.06045      0.00792      0.10646      0.05547      
175400  0.16974    0.01598    0.03403    0.00851      0.10543      0.05788      0.00789      0.10647      0.05561      
175500  0.16951    0.01598    0.03403    0.00802      0.10572      0.05762      0.00791      0.10643      0.05557      
175600  0.17140    0.01598    0.03403    0.00901      0.10635      0.06041      0.00789      0.10649      0.05545      
175700  0.16968    0.01598    0.03402    0.00853      0.10538      0.05774      0.00791      0.10643      0.05546      
175800  0.16946    0.01597    0.03402    0.00800      0.10570      0.05758      0.00788      0.10644      0.05547      
175900  0.17138    0.01597    0.03401    0.00904      0.10631      0.06045      0.00793      0.10642      0.05545      
176000  0.16967    0.01597    0.03401    0.00855      0.10537      0.05767      0.00796      0.10643      0.05538      
176100  0.16944    0.01596    0.03401    0.00797      0.10573      0.05766      0.00788      0.10648      0.05544      
176200  0.17137    0.01596    0.03400    0.00905      0.10631      0.06043      0.00794      0.10643      0.05550      
176300  0.16964    0.01596    0.03400    0.00850      0.10541      0.05773      0.00790      0.10644      0.05538      
176400  0.16941    0.01596    0.03400    0.00796      0.10573      0.05756      0.00784      0.10646      0.05529      
176500  0.17132    0.01595    0.03400    0.00902      0.10633      0.06026      0.00788      0.10645      0.05526      
176600  0.16958    0.01594    0.03400    0.00853      0.10535      0.05754      0.00793      0.10638      0.05518      
176700  0.16936    0.01594    0.03399    0.00799      0.10569      0.05748      0.00788      0.10643      0.05530      
176800  0.17129    0.01593    0.03399    0.00901      0.10633      0.06035      0.00790      0.10642      0.05544      
176900  0.16959    0.01593    0.03399    0.00853      0.10537      0.05768      0.00796      0.10636      0.05538      
177000  0.16935    0.01592    0.03398    0.00799      0.10570      0.05757      0.00789      0.10642      0.05536      
177100  0.17128    0.01592    0.03398    0.00902      0.10633      0.06039      0.00788      0.10640      0.05546      
177200  0.16955    0.01591    0.03397    0.00851      0.10539      0.05764      0.00792      0.10639      0.05535      
177300  0.16932    0.01591    0.03397    0.00801      0.10569      0.05751      0.00790      0.10639      0.05562      
177400  0.17126    0.01591    0.03397    0.00903      0.10631      0.06041      0.00796      0.10640      0.05549      
177500  0.16952    0.01590    0.03397    0.00853      0.10535      0.05769      0.00794      0.10635      0.05539      
177600  0.16931    0.01590    0.03396    0.00802      0.10567      0.05760      0.00790      0.10641      0.05549      
177700  0.17123    0.01589    0.03396    0.00902      0.10631      0.06047      0.00791      0.10639      0.05554      
177800  0.16948    0.01588    0.03395    0.00851      0.10536      0.05776      0.00789      0.10641      0.05549      
177900  0.16925    0.01589    0.03395    0.00799      0.10568      0.05742      0.00789      0.10642      0.05533      
178000  0.17120    0.01588    0.03395    0.00904      0.10631      0.06023      0.00790      0.10644      0.05532      
178100  0.16945    0.01588    0.03394    0.00849      0.10534      0.05790      0.00789      0.10640      0.05563      
178200  0.16922    0.01587    0.03394    0.00800      0.10565      0.05756      0.00787      0.10638      0.05564      
178300  0.17115    0.01587    0.03394    0.00898      0.10633      0.06038      0.00786      0.10644      0.05544      
178400  0.16943    0.01587    0.03394    0.00854      0.10531      0.05773      0.00798      0.10636      0.05546      
178500  0.16918    0.01587    0.03394    0.00800      0.10562      0.05752      0.00792      0.10636      0.05554      
178600  0.17112    0.01586    0.03393    0.00901      0.10628      0.06044      0.00789      0.10639      0.05552      
178700  0.16943    0.01586    0.03393    0.00853      0.10533      0.05768      0.00793      0.10634      0.05548      
178800  0.16917    0.01586    0.03393    0.00802      0.10563      0.05731      0.00795      0.10635      0.05537      
178900  0.17112    0.01586    0.03392    0.00901      0.10629      0.06040      0.00789      0.10638      0.05544      
179000  0.16939    0.01586    0.03392    0.00849      0.10536      0.05762      0.00791      0.10639      0.05534      
179100  0.16913    0.01584    0.03392    0.00795      0.10568      0.05737      0.00788      0.10644      0.05525      
179200  0.17108    0.01584    0.03391    0.00901      0.10627      0.06046      0.00790      0.10636      0.05549      
179300  0.16936    0.01584    0.03391    0.00848      0.10537      0.05752      0.00789      0.10641      0.05526      
179400  0.16912    0.01584    0.03391    0.00798      0.10565      0.05742      0.00788      0.10643      0.05530      
179500  0.17106    0.01584    0.03390    0.00904      0.10626      0.06025      0.00793      0.10637      0.05533      
179600  0.16936    0.01583    0.03390    0.00850      0.10534      0.05788      0.00788      0.10639      0.05548      
179700  0.16909    0.01583    0.03390    0.00798      0.10562      0.05745      0.00787      0.10640      0.05538      
179800  0.17103    0.01583    0.03390    0.00902      0.10626      0.06020      0.00789      0.10638      0.05528      
179900  0.16933    0.01583    0.03389    0.00853      0.10529      0.05777      0.00795      0.10636      0.05534      
180000  0.16905    0.01582    0.03389    0.00801      0.10558      0.05750      0.00792      0.10637      0.05543      
180100  0.17100    0.01583    0.03389    0.00904      0.10622      0.06027      0.00793      0.10639      0.05538      
180200  0.16931    0.01583    0.03389    0.00848      0.10535      0.05765      0.00788      0.10640      0.05527      
180300  0.16905    0.01583    0.03389    0.00795      0.10561      0.05762      0.00784      0.10641      0.05541      
180400  0.17098    0.01584    0.03389    0.00902      0.10622      0.06016      0.00792      0.10634      0.05519      
180500  0.16928    0.01583    0.03388    0.00849      0.10531      0.05766      0.00787      0.10637      0.05536      
180600  0.16901    0.01583    0.03388    0.00798      0.10559      0.05738      0.00791      0.10637      0.05516      
180700  0.17095    0.01582    0.03388    0.00899      0.10622      0.06028      0.00790      0.10636      0.05532      
180800  0.16925    0.01583    0.03387    0.00851      0.10528      0.05772      0.00793      0.10632      0.05531      
180900  0.16898    0.01583    0.03387    0.00798      0.10557      0.05737      0.00790      0.10633      0.05519      
181000  0.17093    0.01582    0.03387    0.00899      0.10622      0.06026      0.00790      0.10637      0.05535      
181100  0.16925    0.01582    0.03387    0.00850      0.10531      0.05761      0.00794      0.10631      0.05533      
181200  0.16897    0.01581    0.03386    0.00797      0.10559      0.05738      0.00789      0.10634      0.05527      
181300  0.17090    0.01580    0.03386    0.00900      0.10622      0.06021      0.00790      0.10633      0.05527      
181400  0.16921    0.01580    0.03386    0.00850      0.10528      0.05758      0.00792      0.10631      0.05528      
181500  0.16895    0.01580    0.03386    0.00797      0.10557      0.05753      0.00788      0.10634      0.05530      
181600  0.17087    0.01579    0.03386    0.00902      0.10618      0.06019      0.00791      0.10629      0.05525      
181700  0.16917    0.01580    0.03385    0.00850      0.10526      0.05758      0.00794      0.10627      0.05528      
181800  0.16890    0.01579    0.03385    0.00800      0.10555      0.05721      0.00794      0.10630      0.05517      
181900  0.17085    0.01578    0.03385    0.00902      0.10617      0.06033      0.00791      0.10628      0.05539      
182000  0.16914    0.01578    0.03384    0.00852      0.10523      0.05766      0.00795      0.10624      0.05539      
182100  0.16887    0.01577    0.03384    0.00795      0.10556      0.05740      0.00786      0.10632      0.05527      
182200  0.17083    0.01576    0.03384    0.00901      0.10618      0.06035      0.00789      0.10629      0.05539      
182300  0.16911    0.01576    0.03384    0.00852      0.10524      0.05758      0.00793      0.10628      0.05522      
182400  0.16885    0.01576    0.03384    0.00799      0.10552      0.05747      0.00790      0.10626      0.05539      
182500  0.17081    0.01575    0.03383    0.00900      0.10621      0.06014      0.00789      0.10629      0.05524      
182600  0.16909    0.01575    0.03383    0.00850      0.10525      0.05763      0.00792      0.10628      0.05542      
182700  0.16885    0.01575    0.03383    0.00797      0.10555      0.05740      0.00787      0.10629      0.05530      
182800  0.17078    0.01575    0.03383    0.00901      0.10617      0.06013      0.00788      0.10626      0.05517      
182900  0.16905    0.01575    0.03383    0.00850      0.10523      0.05747      0.00790      0.10627      0.05527      
183000  0.16881    0.01575    0.03383    0.00800      0.10552      0.05721      0.00793      0.10628      0.05510      
183100  0.17074    0.01574    0.03382    0.00900      0.10615      0.06026      0.00790      0.10626      0.05530      
183200  0.16904    0.01574    0.03382    0.00852      0.10521      0.05739      0.00794      0.10624      0.05520      
183300  0.16880    0.01573    0.03381    0.00801      0.10553      0.05723      0.00793      0.10627      0.05525      
183400  0.17073    0.01573    0.03381    0.00901      0.10614      0.06036      0.00790      0.10627      0.05543      
183500  0.16900    0.01573    0.03381    0.00851      0.10520      0.05753      0.00790      0.10625      0.05529      
183600  0.16875    0.01573    0.03381    0.00800      0.10548      0.05731      0.00792      0.10625      0.05532      
183700  0.17071    0.01572    0.03381    0.00902      0.10615      0.06016      0.00787      0.10628      0.05523      
183800  0.16899    0.01572    0.03380    0.00852      0.10520      0.05742      0.00793      0.10623      0.05521      
183900  0.16875    0.01573    0.03380    0.00795      0.10555      0.05727      0.00785      0.10631      0.05518      
184000  0.17067    0.01572    0.03380    0.00896      0.10618      0.06006      0.00785      0.10631      0.05523      
184100  0.16896    0.01571    0.03379    0.00850      0.10520      0.05752      0.00792      0.10626      0.05526      
184200  0.16873    0.01571    0.03379    0.00797      0.10552      0.05733      0.00787      0.10628      0.05528      
184300  0.17067    0.01571    0.03379    0.00902      0.10614      0.06022      0.00790      0.10627      0.05522      
184400  0.16895    0.01571    0.03379    0.00847      0.10523      0.05757      0.00788      0.10625      0.05529      
184500  0.16872    0.01571    0.03379    0.00796      0.10554      0.05723      0.00786      0.10626      0.05518      
184600  0.17066    0.01570    0.03378    0.00899      0.10616      0.06025      0.00786      0.10624      0.05527      
184700  0.16892    0.01569    0.03378    0.00847      0.10523      0.05741      0.00787      0.10625      0.05512      
184800  0.16869    0.01569    0.03377    0.00796      0.10554      0.05727      0.00788      0.10627      0.05519      
184900  0.17064    0.01569    0.03377    0.00901      0.10614      0.06032      0.00791      0.10627      0.05528      
185000  0.16890    0.01569    0.03377    0.00849      0.10521      0.05746      0.00790      0.10628      0.05516      
185100  0.16866    0.01569    0.03377    0.00798      0.10549      0.05734      0.00788      0.10626      0.05516      
185200  0.17061    0.01569    0.03377    0.00901      0.10612      0.06027      0.00790      0.10625      0.05527      
185300  0.16889    0.01569    0.03376    0.00848      0.10520      0.05754      0.00787      0.10624      0.05524      
185400  0.16864    0.01569    0.03376    0.00794      0.10551      0.05738      0.00783      0.10630      0.05522      
185500  0.17059    0.01568    0.03376    0.00900      0.10613      0.06018      0.00790      0.10623      0.05508      
185600  0.16889    0.01568    0.03376    0.00847      0.10523      0.05746      0.00783      0.10625      0.05523      
185700  0.16863    0.01568    0.03376    0.00794      0.10551      0.05743      0.00783      0.10629      0.05530      
185800  0.17058    0.01567    0.03375    0.00896      0.10616      0.06034      0.00782      0.10630      0.05528      
185900  0.16885    0.01567    0.03375    0.00846      0.10523      0.05744      0.00784      0.10624      0.05521      
186000  0.16863    0.01567    0.03375    0.00795      0.10552      0.05736      0.00781      0.10626      0.05522      
186100  0.17056    0.01566    0.03375    0.00897      0.10614      0.06041      0.00783      0.10623      0.05539      
186200  0.16882    0.01566    0.03374    0.00842      0.10524      0.05753      0.00781      0.10626      0.05522      
186300  0.16860    0.01566    0.03374    0.00795      0.10551      0.05739      0.00785      0.10624      0.05524      
186400  0.17053    0.01565    0.03374    0.00899      0.10613      0.06015      0.00787      0.10622      0.05508      
186500  0.16879    0.01565    0.03374    0.00851      0.10516      0.05741      0.00789      0.10617      0.05514      
186600  0.16856    0.01564    0.03374    0.00795      0.10549      0.05736      0.00784      0.10620      0.05525      
186700  0.17052    0.01564    0.03373    0.00901      0.10610      0.06032      0.00789      0.10619      0.05524      
186800  0.16878    0.01564    0.03373    0.00849      0.10516      0.05759      0.00789      0.10620      0.05535      
186900  0.16856    0.01564    0.03373    0.00792      0.10555      0.05726      0.00781      0.10627      0.05517      
187000  0.17050    0.01564    0.03373    0.00896      0.10615      0.06014      0.00786      0.10624      0.05515      
187100  0.16877    0.01564    0.03373    0.00849      0.10518      0.05739      0.00789      0.10618      0.05516      
187200  0.16853    0.01564    0.03373    0.00797      0.10548      0.05724      0.00786      0.10621      0.05522      
187300  0.17048    0.01563    0.03372    0.00895      0.10616      0.06011      0.00783      0.10625      0.05505      
187400  0.16874    0.01563    0.03372    0.00846      0.10520      0.05727      0.00790      0.10619      0.05499      
187500  0.16849    0.01563    0.03373    0.00796      0.10546      0.05717      0.00786      0.10617      0.05505      
187600  0.17044    0.01562    0.03372    0.00897      0.10610      0.06032      0.00787      0.10616      0.05525      
187700  0.16871    0.01561    0.03372    0.00846      0.10517      0.05749      0.00788      0.10619      0.05516      
187800  0.16848    0.01561    0.03372    0.00792      0.10551      0.05724      0.00782      0.10622      0.05504      
187900  0.17040    0.01561    0.03372    0.00898      0.10608      0.06011      0.00788      0.10619      0.05514      
188000  0.16871    0.01561    0.03371    0.00848      0.10517      0.05733      0.00787      0.10616      0.05505      
188100  0.16844    0.01560    0.03371    0.00796      0.10544      0.05726      0.00786      0.10618      0.05511      
188200  0.17039    0.01561    0.03371    0.00899      0.10608      0.06013      0.00789      0.10617      0.05513      
188300  0.16874    0.01561    0.03371    0.00852      0.10517      0.05733      0.00795      0.10616      0.05509      
188400  0.16844    0.01561    0.03370    0.00796      0.10544      0.05728      0.00788      0.10616      0.05510      
188500  0.17038    0.01561    0.03370    0.00899      0.10607      0.06011      0.00786      0.10616      0.05517      
188600  0.16869    0.01560    0.03370    0.00850      0.10516      0.05742      0.00793      0.10615      0.05512      
188700  0.16842    0.01560    0.03370    0.00796      0.10544      0.05732      0.00785      0.10618      0.05515      
188800  0.17035    0.01559    0.03369    0.00898      0.10608      0.06004      0.00788      0.10617      0.05506      
188900  0.16866    0.01559    0.03369    0.00850      0.10514      0.05732      0.00791      0.10612      0.05497      
189000  0.16841    0.01559    0.03369    0.00799      0.10542      0.05728      0.00788      0.10615      0.05511      
189100  0.17034    0.01558    0.03368    0.00900      0.10607      0.06016      0.00788      0.10615      0.05512      
189200  0.16866    0.01558    0.03368    0.00848      0.10517      0.05742      0.00789      0.10619      0.05515      
189300  0.16840    0.01558    0.03368    0.00797      0.10544      0.05730      0.00788      0.10617      0.05516      
189400  0.17033    0.01558    0.03368    0.00899      0.10607      0.06007      0.00789      0.10618      0.05511      
189500  0.16863    0.01558    0.03368    0.00848      0.10517      0.05726      0.00789      0.10615      0.05503      
189600  0.16838    0.01557    0.03368    0.00794      0.10548      0.05709      0.00784      0.10617      0.05495      
189700  0.17031    0.01557    0.03368    0.00899      0.10604      0.06029      0.00790      0.10612      0.05524      
189800  0.16864    0.01556    0.03368    0.00849      0.10516      0.05750      0.00788      0.10614      0.05523      
189900  0.16836    0.01556    0.03367    0.00793      0.10547      0.05727      0.00783      0.10619      0.05520      
190000  0.17030    0.01556    0.03367    0.00898      0.10607      0.06020      0.00789      0.10613      0.05518      
190100  0.16860    0.01556    0.03367    0.00846      0.10517      0.05735      0.00787      0.10615      0.05509      
190200  0.16835    0.01556    0.03367    0.00795      0.10545      0.05715      0.00786      0.10617      0.05512      
190300  0.17030    0.01556    0.03367    0.00895      0.10610      0.06017      0.00782      0.10618      0.05510      
190400  0.16860    0.01556    0.03367    0.00846      0.10518      0.05735      0.00785      0.10617      0.05509      
190500  0.16833    0.01555    0.03366    0.00796      0.10544      0.05718      0.00786      0.10616      0.05507      
190600  0.17027    0.01555    0.03366    0.00897      0.10608      0.06020      0.00787      0.10618      0.05516      
190700  0.16856    0.01555    0.03366    0.00846      0.10516      0.05733      0.00789      0.10617      0.05502      
190800  0.16831    0.01555    0.03365    0.00795      0.10543      0.05722      0.00786      0.10616      0.05507      
190900  0.17024    0.01555    0.03365    0.00899      0.10603      0.06013      0.00789      0.10614      0.05510      
191000  0.16856    0.01555    0.03365    0.00848      0.10514      0.05746      0.00789      0.10612      0.05521      
191100  0.16828    0.01555    0.03365    0.00794      0.10542      0.05724      0.00786      0.10617      0.05514      
191200  0.17025    0.01554    0.03365    0.00900      0.10604      0.06022      0.00788      0.10611      0.05520      
191300  0.16852    0.01555    0.03364    0.00846      0.10512      0.05738      0.00785      0.10612      0.05508      
191400  0.16827    0.01554    0.03364    0.00794      0.10540      0.05745      0.00785      0.10612      0.05528      
191500  0.17021    0.01554    0.03364    0.00897      0.10606      0.06008      0.00785      0.10612      0.05502      
191600  0.16851    0.01554    0.03364    0.00844      0.10516      0.05733      0.00786      0.10615      0.05503      
191700  0.16826    0.01553    0.03364    0.00796      0.10541      0.05727      0.00786      0.10612      0.05507      
191800  0.17019    0.01553    0.03364    0.00897      0.10606      0.06004      0.00787      0.10613      0.05501      
191900  0.16849    0.01552    0.03363    0.00844      0.10516      0.05733      0.00784      0.10615      0.05507      
192000  0.16822    0.01553    0.03363    0.00794      0.10540      0.05726      0.00786      0.10614      0.05507      
192100  0.17016    0.01552    0.03363    0.00898      0.10602      0.06013      0.00788      0.10613      0.05510      
192200  0.16846    0.01551    0.03363    0.00848      0.10509      0.05746      0.00787      0.10609      0.05518      
192300  0.16820    0.01552    0.03363    0.00793      0.10541      0.05726      0.00782      0.10615      0.05510      
192400  0.17016    0.01551    0.03362    0.00894      0.10604      0.06043      0.00780      0.10613      0.05542      
192500  0.16843    0.01552    0.03362    0.00845      0.10509      0.05743      0.00784      0.10608      0.05514      
192600  0.16820    0.01552    0.03362    0.00794      0.10540      0.05725      0.00783      0.10609      0.05509      
192700  0.17013    0.01551    0.03362    0.00900      0.10599      0.06016      0.00787      0.10606      0.05513      
192800  0.16843    0.01551    0.03362    0.00848      0.10506      0.05756      0.00788      0.10603      0.05532      
192900  0.16818    0.01551    0.03361    0.00796      0.10537      0.05728      0.00786      0.10607      0.05513      
193000  0.17012    0.01551    0.03361    0.00898      0.10601      0.06012      0.00785      0.10606      0.05512      
193100  0.16842    0.01551    0.03361    0.00848      0.10508      0.05740      0.00790      0.10604      0.05509      
193200  0.16816    0.01551    0.03361    0.00793      0.10537      0.05736      0.00783      0.10606      0.05522      
193300  0.17011    0.01550    0.03361    0.00895      0.10603      0.06013      0.00782      0.10608      0.05512      
193400  0.16840    0.01549    0.03360    0.00846      0.10510      0.05741      0.00784      0.10609      0.05510      
193500  0.16814    0.01550    0.03361    0.00792      0.10538      0.05736      0.00781      0.10608      0.05529      
193600  0.17011    0.01550    0.03360    0.00897      0.10602      0.06023      0.00784      0.10607      0.05525      
193700  0.16838    0.01549    0.03360    0.00843      0.10511      0.05745      0.00784      0.10611      0.05521      
193800  0.16812    0.01549    0.03360    0.00796      0.10535      0.05721      0.00786      0.10609      0.05508      
193900  0.17010    0.01548    0.03360    0.00899      0.10601      0.06014      0.00785      0.10606      0.05513      
194000  0.16835    0.01548    0.03360    0.00847      0.10505      0.05753      0.00789      0.10604      0.05523      
194100  0.16811    0.01547    0.03359    0.00793      0.10539      0.05727      0.00786      0.10608      0.05506      
194200  0.17007    0.01547    0.03359    0.00897      0.10601      0.06022      0.00787      0.10607      0.05511      
194300  0.16832    0.01547    0.03359    0.00846      0.10505      0.05762      0.00785      0.10605      0.05531      
194400  0.16807    0.01547    0.03359    0.00797      0.10531      0.05733      0.00788      0.10600      0.05527      
194500  0.17003    0.01547    0.03359    0.00901      0.10595      0.06015      0.00791      0.10601      0.05517      
194600  0.16832    0.01547    0.03359    0.00847      0.10506      0.05742      0.00791      0.10604      0.05515      
194700  0.16807    0.01547    0.03359    0.00794      0.10533      0.05735      0.00783      0.10606      0.05530      
194800  0.17001    0.01547    0.03358    0.00897      0.10598      0.06010      0.00786      0.10604      0.05515      
194900  0.16830    0.01546    0.03358    0.00845      0.10507      0.05740      0.00783      0.10606      0.05517      
195000  0.16805    0.01547    0.03358    0.00794      0.10533      0.05734      0.00782      0.10603      0.05535      
195100  0.17000    0.01546    0.03358    0.00895      0.10600      0.06014      0.00784      0.10605      0.05526      
195200  0.16828    0.01545    0.03357    0.00845      0.10506      0.05747      0.00785      0.10605      0.05530      
195300  0.16803    0.01545    0.03357    0.00793      0.10536      0.05713      0.00785      0.10610      0.05511      
195400  0.17000    0.01546    0.03357    0.00897      0.10598      0.06014      0.00788      0.10604      0.05525      
195500  0.16826    0.01546    0.03357    0.00846      0.10504      0.05737      0.00785      0.10602      0.05512      
195600  0.16801    0.01545    0.03357    0.00791      0.10536      0.05722      0.00783      0.10605      0.05516      
195700  0.16997    0.01545    0.03357    0.00898      0.10597      0.06012      0.00787      0.10599      0.05517      
195800  0.16825    0.01544    0.03357    0.00846      0.10504      0.05742      0.00783      0.10602      0.05520      
195900  0.16799    0.01544    0.03356    0.00790      0.10535      0.05729      0.00778      0.10607      0.05526      
196000  0.16995    0.01544    0.03356    0.00896      0.10599      0.06005      0.00783      0.10603      0.05525      
196100  0.16822    0.01544    0.03356    0.00845      0.10503      0.05747      0.00784      0.10600      0.05521      
196200  0.16799    0.01544    0.03356    0.00792      0.10535      0.05722      0.00781      0.10606      0.05516      
196300  0.16994    0.01544    0.03356    0.00896      0.10597      0.06008      0.00782      0.10606      0.05522      
196400  0.16821    0.01544    0.03356    0.00846      0.10502      0.05737      0.00786      0.10601      0.05512      
196500  0.16799    0.01544    0.03356    0.00790      0.10536      0.05731      0.00779      0.10602      0.05517      
196600  0.16993    0.01543    0.03356    0.00898      0.10595      0.06013      0.00787      0.10598      0.05521      
196700  0.16818    0.01543    0.03355    0.00846      0.10500      0.05730      0.00788      0.10598      0.05507      
196800  0.16794    0.01543    0.03355    0.00794      0.10530      0.05719      0.00782      0.10601      0.05521      
196900  0.16991    0.01543    0.03355    0.00896      0.10596      0.06008      0.00784      0.10603      0.05514      
197000  0.16818    0.01543    0.03355    0.00849      0.10498      0.05726      0.00787      0.10597      0.05510      
197100  0.16796    0.01542    0.03355    0.00792      0.10535      0.05716      0.00781      0.10602      0.05509      
197200  0.16991    0.01543    0.03355    0.00896      0.10597      0.05999      0.00786      0.10601      0.05505      
197300  0.16819    0.01542    0.03354    0.00850      0.10500      0.05730      0.00792      0.10595      0.05513      
197400  0.16796    0.01542    0.03354    0.00796      0.10533      0.05715      0.00785      0.10600      0.05519      
197500  0.16991    0.01541    0.03354    0.00899      0.10596      0.06003      0.00789      0.10598      0.05509      
197600  0.16817    0.01541    0.03354    0.00850      0.10499      0.05742      0.00790      0.10595      0.05520      
197700  0.16794    0.01541    0.03353    0.00797      0.10531      0.05716      0.00786      0.10597      0.05509      
197800  0.16987    0.01541    0.03353    0.00900      0.10591      0.06015      0.00789      0.10596      0.05510      
197900  0.16817    0.01541    0.03353    0.00846      0.10501      0.05749      0.00784      0.10596      0.05515      
198000  0.16792    0.01541    0.03353    0.00795      0.10531      0.05730      0.00784      0.10597      0.05509      
198100  0.16987    0.01540    0.03353    0.00897      0.10596      0.06010      0.00787      0.10598      0.05507      
198200  0.16813    0.01540    0.03353    0.00846      0.10501      0.05730      0.00787      0.10595      0.05498      
198300  0.16789    0.01540    0.03353    0.00795      0.10529      0.05719      0.00785      0.10597      0.05507      
198400  0.16985    0.01540    0.03353    0.00898      0.10594      0.06002      0.00786      0.10596      0.05497      
198500  0.16813    0.01539    0.03353    0.00847      0.10502      0.05733      0.00785      0.10598      0.05508      
198600  0.16788    0.01539    0.03353    0.00795      0.10529      0.05727      0.00785      0.10597      0.05511      
198700  0.16985    0.01539    0.03353    0.00896      0.10596      0.06012      0.00784      0.10597      0.05503      
198800  0.16813    0.01539    0.03353    0.00848      0.10499      0.05739      0.00787      0.10592      0.05507      
198900  0.16787    0.01538    0.03352    0.00793      0.10531      0.05722      0.00782      0.10598      0.05509      
199000  0.16983    0.01538    0.03352    0.00894      0.10596      0.06024      0.00782      0.10597      0.05523      
199100  0.16814    0.01539    0.03352    0.00849      0.10501      0.05733      0.00791      0.10597      0.05507      
199200  0.16788    0.01538    0.03352    0.00795      0.10531      0.05729      0.00783      0.10599      0.05512      
199300  0.16983    0.01538    0.03352    0.00896      0.10596      0.06013      0.00783      0.10601      0.05513      
199400  0.16811    0.01538    0.03351    0.00846      0.10502      0.05737      0.00784      0.10600      0.05509      
199500  0.16786    0.01538    0.03351    0.00793      0.10532      0.05717      0.00781      0.10598      0.05497      
199600  0.16983    0.01537    0.03351    0.00893      0.10599      0.06017      0.00781      0.10602      0.05516      
199700  0.16810    0.01538    0.03351    0.00847      0.10501      0.05728      0.00786      0.10598      0.05501      
199800  0.16785    0.01538    0.03351    0.00795      0.10531      0.05715      0.00786      0.10599      0.05513      
199900  0.16982    0.01537    0.03350    0.00894      0.10599      0.06013      0.00781      0.10599      0.05514      
200000  0.16807    0.01537    0.03350    0.00846      0.10498      0.05750      0.00786      0.10597      0.05522      
200100  0.16784    0.01537    0.03350    0.00797      0.10526      0.05742      0.00786      0.10592      0.05531      
200200  0.16980    0.01538    0.03350    0.00895      0.10596      0.06014      0.00785      0.10596      0.05518      
200300  0.16807    0.01537    0.03350    0.00850      0.10495      0.05744      0.00789      0.10588      0.05518      
200400  0.16781    0.01536    0.03350    0.00796      0.10527      0.05728      0.00786      0.10590      0.05523      
200500  0.16978    0.01536    0.03349    0.00899      0.10592      0.06018      0.00789      0.10590      0.05517      
200600  0.16804    0.01537    0.03349    0.00850      0.10493      0.05744      0.00790      0.10589      0.05517      
200700  0.16781    0.01536    0.03349    0.00793      0.10530      0.05723      0.00784      0.10597      0.05514      
200800  0.16977    0.01536    0.03349    0.00898      0.10591      0.06024      0.00787      0.10591      0.05530      
200900  0.16803    0.01536    0.03349    0.00848      0.10497      0.05729      0.00789      0.10590      0.05507      
201000  0.16778    0.01536    0.03348    0.00798      0.10524      0.05720      0.00788      0.10592      0.05510      
201100  0.16975    0.01535    0.03348    0.00900      0.10591      0.06003      0.00791      0.10590      0.05503      
201200  0.16800    0.01535    0.03348    0.00850      0.10494      0.05729      0.00790      0.10591      0.05511      
201300  0.16777    0.01535    0.03348    0.00795      0.10527      0.05723      0.00782      0.10597      0.05514      
201400  0.16973    0.01535    0.03348    0.00897      0.10592      0.06020      0.00785      0.10592      0.05522      
201500  0.16800    0.01534    0.03348    0.00846      0.10498      0.05738      0.00786      0.10592      0.05514      
201600  0.16776    0.01535    0.03348    0.00799      0.10524      0.05712      0.00788      0.10591      0.05501      
201700  0.16973    0.01534    0.03348    0.00898      0.10592      0.06009      0.00786      0.10592      0.05515      
201800  0.16799    0.01534    0.03347    0.00854      0.10490      0.05736      0.00793      0.10587      0.05516      
201900  0.16773    0.01533    0.03347    0.00799      0.10522      0.05718      0.00791      0.10590      0.05517      
202000  0.16971    0.01533    0.03347    0.00896      0.10593      0.06018      0.00786      0.10592      0.05519      
202100  0.16798    0.01533    0.03347    0.00852      0.10493      0.05740      0.00789      0.10590      0.05512      
202200  0.16772    0.01533    0.03347    0.00796      0.10524      0.05718      0.00787      0.10590      0.05512      
202300  0.16970    0.01532    0.03346    0.00896      0.10595      0.06012      0.00783      0.10593      0.05522      
202400  0.16799    0.01532    0.03346    0.00849      0.10499      0.05725      0.00787      0.10595      0.05503      
202500  0.16770    0.01532    0.03346    0.00793      0.10527      0.05723      0.00782      0.10594      0.05513      
202600  0.16969    0.01532    0.03345    0.00896      0.10594      0.06012      0.00785      0.10594      0.05514      
202700  0.16795    0.01532    0.03345    0.00849      0.10497      0.05726      0.00786      0.10590      0.05503      
202800  0.16768    0.01531    0.03345    0.00796      0.10524      0.05709      0.00785      0.10590      0.05507      
202900  0.16965    0.01531    0.03345    0.00896      0.10593      0.06010      0.00785      0.10590      0.05515      
203000  0.16795    0.01531    0.03345    0.00848      0.10498      0.05733      0.00786      0.10591      0.05510      
203100  0.16767    0.01530    0.03344    0.00795      0.10525      0.05718      0.00785      0.10589      0.05515      
203200  0.16964    0.01530    0.03344    0.00895      0.10593      0.06017      0.00783      0.10592      0.05521      
203300  0.16791    0.01530    0.03344    0.00845      0.10498      0.05734      0.00785      0.10592      0.05511      
203400  0.16765    0.01530    0.03344    0.00792      0.10527      0.05724      0.00781      0.10596      0.05513      
203500  0.16964    0.01530    0.03344    0.00895      0.10595      0.05999      0.00783      0.10594      0.05492      
203600  0.16790    0.01530    0.03344    0.00848      0.10495      0.05741      0.00785      0.10587      0.05516      
203700  0.16764    0.01529    0.03344    0.00795      0.10525      0.05717      0.00783      0.10591      0.05513      
203800  0.16963    0.01529    0.03343    0.00898      0.10591      0.06018      0.00786      0.10587      0.05508      
203900  0.16788    0.01530    0.03343    0.00846      0.10497      0.05727      0.00785      0.10589      0.05501      
204000  0.16765    0.01529    0.03343    0.00797      0.10523      0.05720      0.00788      0.10585      0.05508      
204100  0.16963    0.01529    0.03343    0.00896      0.10592      0.06018      0.00784      0.10587      0.05512      
204200  0.16788    0.01529    0.03343    0.00846      0.10496      0.05734      0.00783      0.10589      0.05513      
204300  0.16762    0.01528    0.03343    0.00793      0.10526      0.05713      0.00784      0.10591      0.05504      
204400  0.16960    0.01528    0.03343    0.00893      0.10594      0.06024      0.00780      0.10592      0.05513      
204500  0.16786    0.01528    0.03343    0.00844      0.10497      0.05734      0.00785      0.10591      0.05505      
204600  0.16762    0.01528    0.03343    0.00794      0.10524      0.05737      0.00786      0.10589      0.05519      
204700  0.16959    0.01528    0.03342    0.00897      0.10589      0.06020      0.00788      0.10587      0.05511      
204800  0.16783    0.01529    0.03342    0.00848      0.10491      0.05738      0.00789      0.10587      0.05505      
204900  0.16759    0.01528    0.03342    0.00793      0.10524      0.05724      0.00782      0.10592      0.05502      
205000  0.16956    0.01527    0.03342    0.00895      0.10590      0.06017      0.00784      0.10591      0.05511      
205100  0.16783    0.01527    0.03342    0.00846      0.10496      0.05724      0.00788      0.10592      0.05499      
205200  0.16758    0.01527    0.03342    0.00794      0.10523      0.05727      0.00784      0.10589      0.05512      
205300  0.16956    0.01528    0.03341    0.00896      0.10589      0.06016      0.00785      0.10587      0.05512      
205400  0.16784    0.01527    0.03341    0.00846      0.10496      0.05737      0.00784      0.10588      0.05515      
205500  0.16758    0.01527    0.03341    0.00793      0.10523      0.05739      0.00782      0.10589      0.05529      
205600  0.16955    0.01527    0.03341    0.00894      0.10591      0.06025      0.00781      0.10588      0.05521      
205700  0.16781    0.01527    0.03341    0.00846      0.10493      0.05742      0.00783      0.10586      0.05518      
205800  0.16757    0.01526    0.03340    0.00792      0.10525      0.05732      0.00782      0.10589      0.05510      
205900  0.16953    0.01526    0.03340    0.00894      0.10591      0.06026      0.00780      0.10588      0.05518      
206000  0.16780    0.01526    0.03340    0.00846      0.10495      0.05737      0.00786      0.10587      0.05505      
206100  0.16755    0.01525    0.03340    0.00792      0.10524      0.05737      0.00781      0.10591      0.05510      
206200  0.16953    0.01525    0.03340    0.00897      0.10591      0.06015      0.00784      0.10587      0.05512      
206300  0.16778    0.01525    0.03339    0.00846      0.10493      0.05742      0.00785      0.10588      0.05512      
206400  0.16752    0.01525    0.03339    0.00794      0.10521      0.05734      0.00785      0.10589      0.05513      
206500  0.16951    0.01524    0.03339    0.00897      0.10588      0.06023      0.00786      0.10585      0.05516      
206600  0.16777    0.01525    0.03339    0.00846      0.10493      0.05745      0.00785      0.10585      0.05509      
206700  0.16753    0.01524    0.03339    0.00797      0.10521      0.05734      0.00785      0.10585      0.05512      
206800  0.16949    0.01524    0.03339    0.00895      0.10589      0.06017      0.00783      0.10588      0.05518      
206900  0.16776    0.01524    0.03339    0.00846      0.10493      0.05749      0.00785      0.10586      0.05521      
207000  0.16749    0.01524    0.03339    0.00794      0.10520      0.05724      0.00783      0.10587      0.05514      
207100  0.16947    0.01524    0.03339    0.00894      0.10589      0.06016      0.00785      0.10587      0.05520      
207200  0.16774    0.01524    0.03338    0.00849      0.10491      0.05719      0.00791      0.10583      0.05492      
207300  0.16750    0.01523    0.03338    0.00797      0.10519      0.05727      0.00784      0.10585      0.05506      
207400  0.16947    0.01524    0.03338    0.00900      0.10584      0.06011      0.00787      0.10582      0.05504      
207500  0.16772    0.01523    0.03338    0.00849      0.10489      0.05726      0.00790      0.10582      0.05495      
207600  0.16748    0.01523    0.03338    0.00792      0.10522      0.05728      0.00779      0.10591      0.05508      
207700  0.16946    0.01524    0.03338    0.00897      0.10587      0.06011      0.00784      0.10584      0.05498      
207800  0.16770    0.01523    0.03338    0.00844      0.10492      0.05725      0.00786      0.10588      0.05494      
207900  0.16748    0.01523    0.03338    0.00792      0.10522      0.05729      0.00782      0.10588      0.05507      
208000  0.16944    0.01523    0.03338    0.00893      0.10588      0.06018      0.00781      0.10587      0.05514      
208100  0.16770    0.01522    0.03338    0.00843      0.10494      0.05736      0.00780      0.10589      0.05511      
208200  0.16746    0.01523    0.03337    0.00790      0.10521      0.05744      0.00777      0.10589      0.05513      
208300  0.16944    0.01522    0.03337    0.00896      0.10586      0.06019      0.00782      0.10588      0.05516      
208400  0.16770    0.01523    0.03337    0.00844      0.10493      0.05731      0.00784      0.10589      0.05500      
208500  0.16746    0.01522    0.03337    0.00793      0.10520      0.05738      0.00781      0.10587      0.05519      
208600  0.16942    0.01522    0.03337    0.00898      0.10583      0.06016      0.00789      0.10584      0.05504      
208700  0.16769    0.01522    0.03337    0.00846      0.10491      0.05729      0.00786      0.10585      0.05503      
208800  0.16745    0.01522    0.03336    0.00796      0.10517      0.05736      0.00786      0.10584      0.05516      
208900  0.16939    0.01522    0.03336    0.00891      0.10587      0.06017      0.00779      0.10589      0.05511      
209000  0.16767    0.01521    0.03336    0.00846      0.10490      0.05733      0.00784      0.10581      0.05505      
209100  0.16743    0.01521    0.03336    0.00794      0.10519      0.05738      0.00782      0.10587      0.05520      
209200  0.16937    0.01521    0.03336    0.00894      0.10583      0.06018      0.00784      0.10585      0.05515      
209300  0.16768    0.01521    0.03336    0.00846      0.10490      0.05742      0.00784      0.10581      0.05516      
209400  0.16743    0.01521    0.03336    0.00794      0.10517      0.05744      0.00783      0.10586      0.05523      
209500  0.16936    0.01521    0.03335    0.00896      0.10583      0.06011      0.00784      0.10585      0.05508      
209600  0.16764    0.01521    0.03335    0.00846      0.10489      0.05740      0.00786      0.10582      0.05514      
209700  0.16741    0.01521    0.03335    0.00794      0.10517      0.05739      0.00783      0.10581      0.05512      
209800  0.16937    0.01520    0.03335    0.00897      0.10583      0.06017      0.00785      0.10584      0.05510      
209900  0.16763    0.01520    0.03335    0.00840      0.10495      0.05725      0.00780      0.10589      0.05501      
210000  0.16740    0.01520    0.03335    0.00791      0.10520      0.05738      0.00780      0.10587      0.05508      
210100  0.16935    0.01519    0.03335    0.00892      0.10587      0.06010      0.00778      0.10590      0.05501      
210200  0.16763    0.01520    0.03335    0.00842      0.10493      0.05727      0.00781      0.10586      0.05497      
210300  0.16739    0.01519    0.03335    0.00791      0.10520      0.05733      0.00778      0.10588      0.05509      
210400  0.16933    0.01519    0.03335    0.00893      0.10588      0.05989      0.00780      0.10588      0.05486      
210500  0.16762    0.01518    0.03334    0.00844      0.10491      0.05732      0.00784      0.10583      0.05504      
210600  0.16737    0.01518    0.03334    0.00791      0.10521      0.05721      0.00779      0.10588      0.05502      
210700  0.16932    0.01519    0.03334    0.00891      0.10588      0.06002      0.00779      0.10589      0.05496      
210800  0.16759    0.01518    0.03334    0.00841      0.10493      0.05722      0.00781      0.10586      0.05494      
210900  0.16735    0.01518    0.03334    0.00791      0.10521      0.05718      0.00778      0.10589      0.05493      
211000  0.16931    0.01518    0.03334    0.00893      0.10586      0.06011      0.00777      0.10587      0.05507      
211100  0.16758    0.01518    0.03334    0.00842      0.10492      0.05728      0.00780      0.10586      0.05499      
211200  0.16735    0.01517    0.03333    0.00792      0.10519      0.05727      0.00781      0.10587      0.05510      
211300  0.16928    0.01517    0.03333    0.00891      0.10586      0.06012      0.00777      0.10589      0.05502      
211400  0.16757    0.01517    0.03333    0.00838      0.10496      0.05730      0.00778      0.10590      0.05506      
211500  0.16734    0.01517    0.03333    0.00787      0.10524      0.05728      0.00776      0.10593      0.05510      
211600  0.16928    0.01517    0.03333    0.00893      0.10584      0.06013      0.00779      0.10587      0.05503      
211700  0.16754    0.01517    0.03333    0.00838      0.10493      0.05729      0.00777      0.10589      0.05505      
211800  0.16732    0.01517    0.03333    0.00789      0.10521      0.05725      0.00776      0.10589      0.05509      
211900  0.16927    0.01517    0.03332    0.00889      0.10588      0.06007      0.00776      0.10590      0.05503      
212000  0.16753    0.01517    0.03332    0.00840      0.10491      0.05730      0.00780      0.10585      0.05507      
212100  0.16732    0.01517    0.03332    0.00792      0.10517      0.05732      0.00778      0.10583      0.05507      
212200  0.16924    0.01516    0.03332    0.00892      0.10584      0.06004      0.00780      0.10585      0.05494      
212300  0.16752    0.01516    0.03332    0.00841      0.10490      0.05739      0.00782      0.10582      0.05515      
212400  0.16729    0.01515    0.03331    0.00789      0.10520      0.05735      0.00778      0.10586      0.05509      
212500  0.16924    0.01516    0.03331    0.00893      0.10582      0.06024      0.00778      0.10586      0.05515      
212600  0.16751    0.01516    0.03331    0.00840      0.10491      0.05733      0.00778      0.10586      0.05500      
212700  0.16730    0.01516    0.03331    0.00790      0.10519      0.05737      0.00781      0.10585      0.05504      
212800  0.16922    0.01515    0.03331    0.00893      0.10582      0.06013      0.00781      0.10584      0.05501      
212900  0.16750    0.01514    0.03331    0.00842      0.10491      0.05726      0.00781      0.10587      0.05498      
213000  0.16727    0.01515    0.03331    0.00792      0.10517      0.05728      0.00779      0.10586      0.05501      
213100  0.16921    0.01514    0.03330    0.00892      0.10584      0.06001      0.00777      0.10588      0.05493      
213200  0.16747    0.01514    0.03331    0.00838      0.10493      0.05720      0.00775      0.10586      0.05491      
213300  0.16726    0.01514    0.03331    0.00792      0.10518      0.05720      0.00780      0.10583      0.05489      
213400  0.16919    0.01514    0.03330    0.00891      0.10582      0.06019      0.00776      0.10583      0.05509      
213500  0.16746    0.01513    0.03330    0.00837      0.10492      0.05731      0.00774      0.10584      0.05498      
213600  0.16725    0.01514    0.03330    0.00789      0.10520      0.05726      0.00775      0.10585      0.05497      
213700  0.16918    0.01514    0.03330    0.00891      0.10582      0.06010      0.00775      0.10582      0.05500      
213800  0.16746    0.01513    0.03330    0.00840      0.10490      0.05729      0.00778      0.10581      0.05500      
213900  0.16723    0.01514    0.03330    0.00787      0.10521      0.05714      0.00775      0.10584      0.05493      
214000  0.16915    0.01513    0.03330    0.00890      0.10582      0.06001      0.00778      0.10580      0.05491      
214100  0.16745    0.01513    0.03330    0.00839      0.10490      0.05734      0.00776      0.10582      0.05505      
214200  0.16722    0.01512    0.03329    0.00792      0.10517      0.05723      0.00778      0.10578      0.05509      
214300  0.16916    0.01512    0.03329    0.00888      0.10584      0.06019      0.00776      0.10584      0.05513      
214400  0.16745    0.01512    0.03329    0.00840      0.10491      0.05733      0.00780      0.10580      0.05509      
214500  0.16722    0.01512    0.03329    0.00791      0.10517      0.05728      0.00780      0.10580      0.05503      
214600  0.16916    0.01512    0.03329    0.00890      0.10583      0.06018      0.00776      0.10582      0.05509      
214700  0.16744    0.01512    0.03329    0.00841      0.10488      0.05742      0.00779      0.10581      0.05519      
214800  0.16722    0.01512    0.03329    0.00790      0.10519      0.05729      0.00777      0.10583      0.05513      
214900  0.16915    0.01512    0.03328    0.00894      0.10579      0.06016      0.00783      0.10578      0.05509      
215000  0.16740    0.01511    0.03328    0.00842      0.10485      0.05740      0.00783      0.10580      0.05514      
215100  0.16719    0.01511    0.03328    0.00789      0.10517      0.05738      0.00776      0.10581      0.05515      
215200  0.16913    0.01511    0.03328    0.00892      0.10581      0.06020      0.00778      0.10582      0.05513      
215300  0.16742    0.01511    0.03328    0.00840      0.10490      0.05735      0.00779      0.10581      0.05509      
215400  0.16720    0.01511    0.03327    0.00789      0.10519      0.05731      0.00775      0.10582      0.05514      
215500  0.16913    0.01511    0.03327    0.00890      0.10583      0.06015      0.00775      0.10580      0.05509      
215600  0.16739    0.01511    0.03327    0.00838      0.10491      0.05735      0.00774      0.10580      0.05510      
215700  0.16717    0.01510    0.03327    0.00791      0.10516      0.05732      0.00780      0.10578      0.05515      
215800  0.16910    0.01510    0.03327    0.00890      0.10582      0.06011      0.00777      0.10579      0.05510      
215900  0.16738    0.01510    0.03327    0.00838      0.10490      0.05734      0.00777      0.10580      0.05507      
216000  0.16715    0.01510    0.03327    0.00788      0.10519      0.05717      0.00777      0.10582      0.05502      
216100  0.16908    0.01510    0.03327    0.00888      0.10580      0.06027      0.00776      0.10581      0.05524      
216200  0.16734    0.01509    0.03327    0.00837      0.10487      0.05732      0.00775      0.10579      0.05501      
216300  0.16713    0.01509    0.03327    0.00790      0.10515      0.05725      0.00779      0.10575      0.05504      
216400  0.16906    0.01509    0.03327    0.00892      0.10578      0.06005      0.00780      0.10576      0.05497      
216500  0.16733    0.01509    0.03326    0.00840      0.10484      0.05739      0.00780      0.10573      0.05512      
216600  0.16712    0.01509    0.03326    0.00786      0.10518      0.05723      0.00774      0.10578      0.05501      
216700  0.16907    0.01509    0.03326    0.00890      0.10581      0.06010      0.00778      0.10579      0.05498      
216800  0.16731    0.01509    0.03326    0.00838      0.10485      0.05727      0.00780      0.10576      0.05495      
216900  0.16711    0.01508    0.03326    0.00789      0.10517      0.05713      0.00777      0.10576      0.05489      
217000  0.16904    0.01508    0.03326    0.00889      0.10580      0.06013      0.00777      0.10578      0.05500      
217100  0.16730    0.01508    0.03326    0.00837      0.10487      0.05731      0.00777      0.10575      0.05501      
217200  0.16711    0.01507    0.03325    0.00787      0.10517      0.05734      0.00773      0.10577      0.05504      
217300  0.16904    0.01507    0.03325    0.00892      0.10577      0.06021      0.00779      0.10574      0.05507      
217400  0.16730    0.01507    0.03325    0.00838      0.10486      0.05738      0.00778      0.10575      0.05504      
217500  0.16708    0.01507    0.03325    0.00792      0.10512      0.05731      0.00781      0.10573      0.05501      
217600  0.16902    0.01507    0.03325    0.00891      0.10578      0.06014      0.00778      0.10577      0.05497      
217700  0.16729    0.01507    0.03324    0.00840      0.10484      0.05738      0.00780      0.10574      0.05505      
217800  0.16706    0.01507    0.03324    0.00790      0.10512      0.05731      0.00780      0.10575      0.05492      
217900  0.16900    0.01506    0.03324    0.00891      0.10576      0.06020      0.00779      0.10572      0.05506      
218000  0.16728    0.01506    0.03324    0.00839      0.10486      0.05732      0.00777      0.10577      0.05500      
218100  0.16706    0.01506    0.03324    0.00785      0.10518      0.05731      0.00772      0.10580      0.05505      
218200  0.16898    0.01506    0.03324    0.00890      0.10576      0.06014      0.00779      0.10575      0.05501      
218300  0.16727    0.01506    0.03324    0.00838      0.10485      0.05734      0.00774      0.10573      0.05498      
218400  0.16705    0.01506    0.03324    0.00786      0.10516      0.05726      0.00773      0.10577      0.05500      
218500  0.16898    0.01506    0.03323    0.00891      0.10576      0.06010      0.00777      0.10574      0.05498      
218600  0.16725    0.01505    0.03323    0.00840      0.10484      0.05730      0.00776      0.10572      0.05498      
218700  0.16702    0.01505    0.03323    0.00788      0.10513      0.05732      0.00775      0.10575      0.05501      
218800  0.16895    0.01505    0.03323    0.00890      0.10576      0.06009      0.00777      0.10574      0.05499      
218900  0.16722    0.01505    0.03323    0.00840      0.10481      0.05727      0.00779      0.10572      0.05491      
219000  0.16701    0.01505    0.03323    0.00790      0.10511      0.05724      0.00779      0.10574      0.05493      
219100  0.16895    0.01506    0.03323    0.00889      0.10577      0.06010      0.00773      0.10577      0.05499      
219200  0.16722    0.01505    0.03322    0.00840      0.10482      0.05726      0.00778      0.10573      0.05491      
219300  0.16701    0.01505    0.03322    0.00787      0.10515      0.05715      0.00774      0.10576      0.05485      
219400  0.16894    0.01505    0.03322    0.00890      0.10576      0.06001      0.00777      0.10574      0.05481      
219500  0.16720    0.01505    0.03322    0.00837      0.10482      0.05733      0.00776      0.10574      0.05496      
219600  0.16700    0.01505    0.03322    0.00789      0.10512      0.05729      0.00778      0.10573      0.05493      
219700  0.16892    0.01505    0.03322    0.00889      0.10576      0.05997      0.00777      0.10574      0.05480      
219800  0.16720    0.01505    0.03322    0.00835      0.10487      0.05717      0.00773      0.10577      0.05487      
219900  0.16699    0.01505    0.03322    0.00786      0.10514      0.05718      0.00774      0.10576      0.05486      
220000  0.16891    0.01504    0.03322    0.00888      0.10577      0.05997      0.00774      0.10574      0.05489      
220100  0.16718    0.01505    0.03321    0.00836      0.10485      0.05711      0.00774      0.10574      0.05483      
220200  0.16697    0.01504    0.03321    0.00785      0.10515      0.05710      0.00774      0.10575      0.05488      
220300  0.16890    0.01504    0.03321    0.00887      0.10578      0.05994      0.00772      0.10576      0.05484      
220400  0.16717    0.01504    0.03321    0.00832      0.10488      0.05716      0.00770      0.10578      0.05489      
220500  0.16695    0.01504    0.03321    0.00783      0.10515      0.05726      0.00773      0.10576      0.05493      
220600  0.16887    0.01504    0.03321    0.00890      0.10572      0.06002      0.00777      0.10571      0.05487      
220700  0.16715    0.01504    0.03321    0.00838      0.10481      0.05721      0.00775      0.10571      0.05489      
220800  0.16694    0.01504    0.03321    0.00785      0.10513      0.05711      0.00774      0.10574      0.05492      
220900  0.16885    0.01504    0.03321    0.00889      0.10572      0.05998      0.00774      0.10571      0.05493      
221000  0.16714    0.01504    0.03321    0.00838      0.10480      0.05714      0.00775      0.10571      0.05487      
221100  0.16692    0.01503    0.03320    0.00785      0.10512      0.05712      0.00775      0.10573      0.05492      
221200  0.16884    0.01503    0.03320    0.00887      0.10574      0.05993      0.00772      0.10574      0.05492      
221300  0.16712    0.01503    0.03320    0.00836      0.10480      0.05719      0.00775      0.10570      0.05494      
221400  0.16690    0.01503    0.03320    0.00786      0.10511      0.05711      0.00774      0.10573      0.05495      
221500  0.16882    0.01502    0.03320    0.00888      0.10571      0.06004      0.00774      0.10572      0.05501      
221600  0.16711    0.01502    0.03320    0.00836      0.10482      0.05716      0.00772      0.10574      0.05490      
221700  0.16688    0.01502    0.03319    0.00787      0.10509      0.05708      0.00776      0.10571      0.05492      
221800  0.16880    0.01502    0.03319    0.00890      0.10568      0.06001      0.00776      0.10567      0.05493      
221900  0.16709    0.01502    0.03319    0.00836      0.10480      0.05717      0.00776      0.10569      0.05484      
222000  0.16687    0.01502    0.03319    0.00784      0.10510      0.05722      0.00771      0.10571      0.05482      
222100  0.16879    0.01501    0.03319    0.00888      0.10571      0.05990      0.00773      0.10571      0.05480      
222200  0.16708    0.01501    0.03319    0.00839      0.10478      0.05714      0.00777      0.10568      0.05475      
222300  0.16685    0.01501    0.03318    0.00785      0.10509      0.05713      0.00774      0.10570      0.05479      
222400  0.16877    0.01501    0.03318    0.00890      0.10570      0.05981      0.00777      0.10568      0.05469      
222500  0.16707    0.01501    0.03318    0.00837      0.10481      0.05711      0.00773      0.10571      0.05476      
222600  0.16684    0.01501    0.03318    0.00788      0.10507      0.05711      0.00776      0.10568      0.05474      
222700  0.16876    0.01501    0.03318    0.00888      0.10570      0.05990      0.00774      0.10569      0.05481      
222800  0.16707    0.01501    0.03318    0.00837      0.10479      0.05724      0.00774      0.10570      0.05481      
222900  0.16683    0.01501    0.03318    0.00784      0.10509      0.05718      0.00771      0.10571      0.05480      
223000  0.16873    0.01500    0.03318    0.00887      0.10569      0.05993      0.00774      0.10569      0.05485      
223100  0.16705    0.01500    0.03318    0.00837      0.10479      0.05718      0.00775      0.10570      0.05482      
223200  0.16684    0.01501    0.03318    0.00786      0.10508      0.05708      0.00774      0.10570      0.05480      
223300  0.16874    0.01501    0.03317    0.00890      0.10568      0.05982      0.00773      0.10570      0.05477      
223400  0.16706    0.01501    0.03317    0.00837      0.10479      0.05718      0.00776      0.10571      0.05483      
223500  0.16681    0.01501    0.03317    0.00787      0.10505      0.05715      0.00775      0.10567      0.05481      
223600  0.16873    0.01500    0.03317    0.00887      0.10570      0.05985      0.00774      0.10571      0.05483      
223700  0.16705    0.01500    0.03317    0.00838      0.10479      0.05715      0.00775      0.10570      0.05480      
223800  0.16679    0.01499    0.03317    0.00784      0.10508      0.05710      0.00774      0.10572      0.05479      
223900  0.16873    0.01499    0.03316    0.00888      0.10569      0.05998      0.00774      0.10571      0.05493      
224000  0.16702    0.01499    0.03316    0.00836      0.10478      0.05724      0.00773      0.10571      0.05486      
224100  0.16679    0.01499    0.03316    0.00785      0.10506      0.05721      0.00773      0.10569      0.05490      
224200  0.16872    0.01499    0.03316    0.00890      0.10568      0.05983      0.00774      0.10569      0.05474      
224300  0.16702    0.01499    0.03316    0.00841      0.10473      0.05725      0.00781      0.10564      0.05486      
224400  0.16678    0.01499    0.03316    0.00788      0.10505      0.05712      0.00777      0.10567      0.05490      
224500  0.16870    0.01499    0.03316    0.00888      0.10569      0.05979      0.00774      0.10570      0.05482      
224600  0.16699    0.01499    0.03315    0.00836      0.10477      0.05715      0.00772      0.10568      0.05481      
224700  0.16676    0.01498    0.03315    0.00784      0.10507      0.05710      0.00773      0.10569      0.05482      
224800  0.16870    0.01498    0.03315    0.00889      0.10569      0.05998      0.00774      0.10568      0.05494      
224900  0.16699    0.01498    0.03315    0.00838      0.10477      0.05708      0.00780      0.10567      0.05476      
225000  0.16675    0.01498    0.03315    0.00784      0.10506      0.05709      0.00773      0.10571      0.05484      
225100  0.16869    0.01498    0.03315    0.00891      0.10567      0.05982      0.00778      0.10567      0.05477      
225200  0.16697    0.01497    0.03315    0.00837      0.10476      0.05715      0.00777      0.10568      0.05476      
225300  0.16673    0.01497    0.03315    0.00786      0.10504      0.05701      0.00774      0.10570      0.05477      
225400  0.16868    0.01497    0.03315    0.00891      0.10568      0.05975      0.00775      0.10568      0.05474      
225500  0.16696    0.01497    0.03315    0.00838      0.10476      0.05711      0.00776      0.10568      0.05478      
225600  0.16672    0.01497    0.03314    0.00787      0.10503      0.05696      0.00775      0.10566      0.05480      
225700  0.16867    0.01496    0.03314    0.00889      0.10569      0.05985      0.00776      0.10568      0.05483      
225800  0.16694    0.01496    0.03314    0.00834      0.10477      0.05725      0.00773      0.10569      0.05486      
225900  0.16672    0.01496    0.03314    0.00784      0.10506      0.05710      0.00773      0.10571      0.05480      
226000  0.16867    0.01496    0.03314    0.00888      0.10569      0.05989      0.00772      0.10570      0.05487      
226100  0.16695    0.01496    0.03314    0.00838      0.10475      0.05712      0.00777      0.10567      0.05477      
226200  0.16671    0.01496    0.03314    0.00788      0.10502      0.05700      0.00777      0.10568      0.05469      
226300  0.16866    0.01496    0.03314    0.00889      0.10568      0.05987      0.00776      0.10567      0.05479      
226400  0.16694    0.01496    0.03314    0.00836      0.10476      0.05717      0.00775      0.10568      0.05477      
226500  0.16671    0.01496    0.03314    0.00784      0.10506      0.05704      0.00773      0.10568      0.05474      
226600  0.16864    0.01496    0.03313    0.00888      0.10568      0.05992      0.00774      0.10568      0.05487      
226700  0.16692    0.01496    0.03313    0.00836      0.10475      0.05714      0.00773      0.10568      0.05477      
226800  0.16670    0.01496    0.03313    0.00784      0.10506      0.05709      0.00771      0.10567      0.05477      
226900  0.16863    0.01495    0.03313    0.00885      0.10570      0.05996      0.00770      0.10568      0.05490      
227000  0.16691    0.01495    0.03313    0.00834      0.10478      0.05715      0.00770      0.10568      0.05477      
227100  0.16668    0.01495    0.03313    0.00783      0.10505      0.05717      0.00771      0.10568      0.05487      
227200  0.16863    0.01495    0.03313    0.00885      0.10572      0.05991      0.00770      0.10571      0.05482      
227300  0.16690    0.01495    0.03313    0.00834      0.10477      0.05710      0.00771      0.10570      0.05481      
227400  0.16668    0.01494    0.03312    0.00783      0.10507      0.05716      0.00772      0.10568      0.05487      
227500  0.16862    0.01494    0.03312    0.00886      0.10570      0.05986      0.00772      0.10569      0.05475      
227600  0.16690    0.01494    0.03312    0.00836      0.10477      0.05714      0.00774      0.10569      0.05477      
227700  0.16667    0.01493    0.03312    0.00784      0.10506      0.05715      0.00771      0.10571      0.05484      
227800  0.16860    0.01494    0.03312    0.00891      0.10565      0.05987      0.00776      0.10566      0.05479      
227900  0.16690    0.01493    0.03312    0.00836      0.10477      0.05724      0.00773      0.10568      0.05489      
228000  0.16666    0.01493    0.03311    0.00783      0.10505      0.05725      0.00770      0.10570      0.05488      
228100  0.16861    0.01493    0.03311    0.00889      0.10568      0.05990      0.00777      0.10568      0.05478      
228200  0.16690    0.01493    0.03311    0.00836      0.10478      0.05715      0.00774      0.10568      0.05478      
228300  0.16665    0.01493    0.03311    0.00783      0.10506      0.05719      0.00772      0.10570      0.05489      
228400  0.16860    0.01493    0.03311    0.00888      0.10569      0.05993      0.00772      0.10569      0.05490      
228500  0.16692    0.01493    0.03311    0.00838      0.10478      0.05720      0.00776      0.10568      0.05486      
228600  0.16663    0.01492    0.03310    0.00782      0.10505      0.05723      0.00770      0.10571      0.05494      
228700  0.16859    0.01492    0.03310    0.00890      0.10567      0.05987      0.00777      0.10568      0.05483      
228800  0.16690    0.01492    0.03310    0.00836      0.10479      0.05730      0.00773      0.10569      0.05493      
228900  0.16663    0.01492    0.03310    0.00783      0.10506      0.05717      0.00773      0.10570      0.05483      
229000  0.16857    0.01493    0.03310    0.00886      0.10571      0.05982      0.00772      0.10573      0.05481      
229100  0.16689    0.01492    0.03310    0.00836      0.10479      0.05730      0.00773      0.10570      0.05496      
229200  0.16662    0.01492    0.03310    0.00785      0.10504      0.05713      0.00774      0.10570      0.05491      
229300  0.16857    0.01492    0.03310    0.00886      0.10570      0.05996      0.00771      0.10573      0.05496      
229400  0.16688    0.01492    0.03309    0.00834      0.10481      0.05719      0.00771      0.10573      0.05487      
229500  0.16660    0.01491    0.03309    0.00785      0.10504      0.05706      0.00774      0.10569      0.05480      
229600  0.16855    0.01491    0.03309    0.00888      0.10568      0.05991      0.00773      0.10569      0.05491      
229700  0.16685    0.01491    0.03309    0.00838      0.10475      0.05719      0.00777      0.10568      0.05486      
229800  0.16658    0.01491    0.03309    0.00784      0.10503      0.05711      0.00773      0.10570      0.05479      
229900  0.16853    0.01491    0.03309    0.00890      0.10566      0.05982      0.00775      0.10568      0.05484      
230000  0.16684    0.01491    0.03309    0.00836      0.10476      0.05720      0.00775      0.10568      0.05493      
230100  0.16658    0.01491    0.03308    0.00785      0.10501      0.05724      0.00773      0.10567      0.05495      
230200  0.16852    0.01491    0.03308    0.00888      0.10567      0.05981      0.00774      0.10568      0.05483      
230300  0.16682    0.01491    0.03308    0.00835      0.10476      0.05726      0.00774      0.10567      0.05497      
230400  0.16655    0.01490    0.03308    0.00781      0.10504      0.05719      0.00771      0.10572      0.05498      
230500  0.16850    0.01490    0.03308    0.00887      0.10566      0.05989      0.00772      0.10568      0.05491      
230600  0.16681    0.01490    0.03308    0.00836      0.10475      0.05724      0.00775      0.10565      0.05493      
230700  0.16656    0.01490    0.03308    0.00786      0.10501      0.05715      0.00775      0.10564      0.05491      
230800  0.16849    0.01490    0.03308    0.00887      0.10564      0.05999      0.00774      0.10567      0.05493      
230900  0.16680    0.01490    0.03308    0.00834      0.10476      0.05729      0.00773      0.10566      0.05500      
231000  0.16654    0.01490    0.03307    0.00782      0.10502      0.05727      0.00769      0.10567      0.05508      
231100  0.16848    0.01490    0.03307    0.00886      0.10566      0.05996      0.00770      0.10568      0.05498      
231200  0.16682    0.01490    0.03307    0.00836      0.10477      0.05727      0.00773      0.10566      0.05496      
231300  0.16653    0.01490    0.03307    0.00785      0.10499      0.05720      0.00774      0.10566      0.05500      
231400  0.16847    0.01490    0.03307    0.00889      0.10562      0.05996      0.00772      0.10565      0.05496      
231500  0.16679    0.01490    0.03307    0.00835      0.10476      0.05727      0.00775      0.10568      0.05496      
231600  0.16652    0.01489    0.03307    0.00785      0.10500      0.05714      0.00774      0.10566      0.05493      
231700  0.16847    0.01489    0.03307    0.00887      0.10565      0.05994      0.00773      0.10568      0.05493      
231800  0.16679    0.01489    0.03307    0.00835      0.10475      0.05733      0.00773      0.10568      0.05497      
231900  0.16653    0.01489    0.03307    0.00785      0.10499      0.05734      0.00773      0.10566      0.05508      
232000  0.16846    0.01489    0.03307    0.00888      0.10564      0.05986      0.00775      0.10568      0.05491      
232100  0.16679    0.01489    0.03307    0.00837      0.10475      0.05717      0.00776      0.10567      0.05486      
232200  0.16650    0.01489    0.03307    0.00784      0.10499      0.05709      0.00773      0.10567      0.05497      
232300  0.16845    0.01489    0.03306    0.00886      0.10564      0.05989      0.00772      0.10566      0.05488      
232400  0.16676    0.01489    0.03306    0.00835      0.10474      0.05718      0.00772      0.10567      0.05495      
232500  0.16649    0.01489    0.03306    0.00784      0.10500      0.05709      0.00772      0.10566      0.05495      
232600  0.16844    0.01488    0.03306    0.00888      0.10562      0.05995      0.00777      0.10566      0.05499      
232700  0.16675    0.01488    0.03306    0.00833      0.10475      0.05730      0.00772      0.10568      0.05499      
232800  0.16648    0.01488    0.03306    0.00784      0.10498      0.05720      0.00773      0.10565      0.05503      
232900  0.16843    0.01488    0.03305    0.00887      0.10564      0.05985      0.00773      0.10566      0.05487      
233000  0.16674    0.01488    0.03305    0.00834      0.10473      0.05728      0.00772      0.10565      0.05496      
233100  0.16647    0.01488    0.03305    0.00784      0.10497      0.05721      0.00772      0.10564      0.05502      
233200  0.16844    0.01488    0.03305    0.00887      0.10563      0.06003      0.00772      0.10565      0.05504      
233300  0.16673    0.01488    0.03305    0.00836      0.10472      0.05725      0.00773      0.10565      0.05493      
233400  0.16647    0.01488    0.03305    0.00782      0.10501      0.05721      0.00771      0.10569      0.05501      
233500  0.16842    0.01488    0.03305    0.00888      0.10562      0.05995      0.00773      0.10565      0.05497      
233600  0.16674    0.01488    0.03305    0.00836      0.10474      0.05723      0.00772      0.10568      0.05490      
233700  0.16646    0.01487    0.03305    0.00783      0.10500      0.05713      0.00771      0.10566      0.05495      
233800  0.16840    0.01487    0.03305    0.00885      0.10564      0.06004      0.00769      0.10566      0.05504      
233900  0.16672    0.01487    0.03305    0.00835      0.10472      0.05732      0.00776      0.10565      0.05500      
234000  0.16645    0.01487    0.03304    0.00782      0.10499      0.05728      0.00770      0.10567      0.05513      
234100  0.16840    0.01487    0.03304    0.00885      0.10564      0.06000      0.00772      0.10566      0.05505      
234200  0.16671    0.01487    0.03304    0.00837      0.10469      0.05740      0.00775      0.10562      0.05511      
234300  0.16643    0.01487    0.03304    0.00781      0.10499      0.05722      0.00770      0.10565      0.05506      
234400  0.16839    0.01487    0.03304    0.00885      0.10561      0.06006      0.00773      0.10561      0.05504      
234500  0.16670    0.01487    0.03304    0.00835      0.10471      0.05729      0.00775      0.10562      0.05500      
234600  0.16642    0.01487    0.03304    0.00783      0.10495      0.05723      0.00772      0.10562      0.05504      
234700  0.16839    0.01487    0.03304    0.00886      0.10562      0.06012      0.00772      0.10561      0.05515      
234800  0.16670    0.01487    0.03304    0.00835      0.10472      0.05730      0.00772      0.10564      0.05508      
234900  0.16641    0.01487    0.03304    0.00782      0.10496      0.05719      0.00772      0.10563      0.05510      
235000  0.16839    0.01487    0.03304    0.00886      0.10561      0.06003      0.00773      0.10562      0.05508      
235100  0.16669    0.01486    0.03303    0.00833      0.10472      0.05734      0.00770      0.10566      0.05506      
235200  0.16639    0.01486    0.03303    0.00783      0.10494      0.05726      0.00771      0.10563      0.05507      
235300  0.16837    0.01486    0.03303    0.00887      0.10560      0.06001      0.00773      0.10562      0.05509      
235400  0.16665    0.01486    0.03303    0.00835      0.10469      0.05728      0.00774      0.10564      0.05505      
235500  0.16638    0.01486    0.03303    0.00781      0.10497      0.05721      0.00773      0.10569      0.05508      
235600  0.16837    0.01486    0.03303    0.00886      0.10563      0.05995      0.00773      0.10566      0.05501      
235700  0.16666    0.01486    0.03303    0.00836      0.10470      0.05726      0.00773      0.10564      0.05502      
235800  0.16638    0.01485    0.03302    0.00782      0.10497      0.05716      0.00772      0.10567      0.05503      
235900  0.16835    0.01485    0.03302    0.00885      0.10564      0.05998      0.00771      0.10567      0.05505      
236000  0.16664    0.01485    0.03302    0.00832      0.10472      0.05732      0.00770      0.10567      0.05510      
236100  0.16637    0.01485    0.03302    0.00779      0.10498      0.05729      0.00769      0.10566      0.05515      
236200  0.16834    0.01484    0.03302    0.00883      0.10564      0.06010      0.00769      0.10567      0.05516      
236300  0.16664    0.01485    0.03302    0.00834      0.10471      0.05730      0.00775      0.10564      0.05510      
236400  0.16635    0.01484    0.03301    0.00780      0.10498      0.05714      0.00769      0.10566      0.05501      
236500  0.16832    0.01484    0.03301    0.00884      0.10562      0.06007      0.00770      0.10565      0.05517      
236600  0.16663    0.01484    0.03301    0.00832      0.10473      0.05728      0.00769      0.10566      0.05505      
236700  0.16635    0.01484    0.03301    0.00780      0.10497      0.05726      0.00770      0.10564      0.05514      
236800  0.16831    0.01484    0.03301    0.00885      0.10560      0.06009      0.00771      0.10563      0.05512      
236900  0.16662    0.01484    0.03301    0.00833      0.10470      0.05734      0.00771      0.10563      0.05514      
237000  0.16633    0.01484    0.03301    0.00781      0.10496      0.05716      0.00771      0.10564      0.05507      
237100  0.16830    0.01484    0.03301    0.00884      0.10562      0.06000      0.00770      0.10565      0.05506      
237200  0.16662    0.01483    0.03301    0.00834      0.10471      0.05727      0.00773      0.10563      0.05502      
237300  0.16632    0.01483    0.03301    0.00782      0.10495      0.05716      0.00771      0.10565      0.05506      
237400  0.16829    0.01483    0.03300    0.00883      0.10562      0.06005      0.00769      0.10566      0.05507      
237500  0.16661    0.01483    0.03300    0.00834      0.10469      0.05730      0.00773      0.10564      0.05513      
237600  0.16631    0.01483    0.03300    0.00783      0.10493      0.05714      0.00772      0.10564      0.05514      
237700  0.16829    0.01483    0.03300    0.00887      0.10558      0.05997      0.00775      0.10562      0.05507      
237800  0.16659    0.01483    0.03300    0.00835      0.10468      0.05726      0.00773      0.10563      0.05504      
237900  0.16630    0.01483    0.03300    0.00782      0.10493      0.05709      0.00772      0.10562      0.05506      
238000  0.16827    0.01483    0.03300    0.00887      0.10558      0.05995      0.00775      0.10562      0.05505      
238100  0.16659    0.01483    0.03300    0.00836      0.10467      0.05728      0.00776      0.10561      0.05509      
238200  0.16630    0.01483    0.03300    0.00781      0.10494      0.05715      0.00770      0.10562      0.05509      
238300  0.16826    0.01482    0.03300    0.00885      0.10559      0.06002      0.00770      0.10564      0.05508      
238400  0.16659    0.01482    0.03299    0.00834      0.10470      0.05732      0.00772      0.10563      0.05510      
238500  0.16628    0.01482    0.03299    0.00780      0.10494      0.05720      0.00769      0.10562      0.05516      
238600  0.16826    0.01483    0.03299    0.00883      0.10560      0.06004      0.00768      0.10563      0.05520      
238700  0.16659    0.01483    0.03299    0.00836      0.10469      0.05725      0.00775      0.10559      0.05505      
238800  0.16629    0.01483    0.03299    0.00781      0.10495      0.05714      0.00769      0.10562      0.05508      
238900  0.16825    0.01482    0.03299    0.00884      0.10561      0.05992      0.00770      0.10563      0.05497      
239000  0.16657    0.01482    0.03299    0.00837      0.10467      0.05728      0.00776      0.10557      0.05503      
239100  0.16627    0.01482    0.03299    0.00779      0.10495      0.05715      0.00769      0.10563      0.05504      
239200  0.16823    0.01482    0.03299    0.00885      0.10558      0.05998      0.00772      0.10560      0.05509      
239300  0.16656    0.01482    0.03299    0.00833      0.10469      0.05739      0.00770      0.10561      0.05512      
239400  0.16627    0.01482    0.03298    0.00781      0.10494      0.05714      0.00771      0.10562      0.05497      
239500  0.16823    0.01482    0.03298    0.00884      0.10559      0.05993      0.00772      0.10564      0.05497      
239600  0.16657    0.01482    0.03298    0.00834      0.10470      0.05730      0.00772      0.10562      0.05501      
239700  0.16627    0.01482    0.03298    0.00779      0.10495      0.05726      0.00768      0.10563      0.05508      
239800  0.16822    0.01481    0.03298    0.00885      0.10559      0.05995      0.00772      0.10561      0.05500      
239900  0.16656    0.01481    0.03298    0.00835      0.10469      0.05731      0.00771      0.10561      0.05500      
240000  0.16625    0.01481    0.03297    0.00781      0.10494      0.05721      0.00770      0.10561      0.05501      
240100  0.16821    0.01481    0.03297    0.00885      0.10559      0.05986      0.00772      0.10562      0.05490      
240200  0.16655    0.01481    0.03297    0.00834      0.10470      0.05726      0.00772      0.10562      0.05497      
240300  0.16624    0.01480    0.03297    0.00783      0.10493      0.05716      0.00773      0.10560      0.05500      
240400  0.16821    0.01480    0.03297    0.00884      0.10562      0.05993      0.00770      0.10563      0.05504      
240500  0.16653    0.01479    0.03296    0.00834      0.10470      0.05728      0.00773      0.10563      0.05497      
240600  0.16623    0.01479    0.03296    0.00780      0.10495      0.05715      0.00771      0.10563      0.05504      
240700  0.16820    0.01479    0.03296    0.00884      0.10560      0.05996      0.00771      0.10563      0.05507      
240800  0.16654    0.01479    0.03296    0.00833      0.10472      0.05735      0.00769      0.10563      0.05507      
240900  0.16623    0.01480    0.03296    0.00781      0.10495      0.05716      0.00770      0.10564      0.05505      
241000  0.16819    0.01479    0.03296    0.00884      0.10561      0.05999      0.00769      0.10562      0.05510      
241100  0.16653    0.01479    0.03296    0.00836      0.10469      0.05728      0.00775      0.10560      0.05499      
241200  0.16622    0.01479    0.03296    0.00779      0.10496      0.05718      0.00766      0.10563      0.05513      
241300  0.16819    0.01479    0.03296    0.00883      0.10561      0.06001      0.00767      0.10562      0.05515      
241400  0.16653    0.01479    0.03296    0.00832      0.10472      0.05733      0.00769      0.10563      0.05512      
241500  0.16622    0.01479    0.03296    0.00779      0.10497      0.05711      0.00768      0.10563      0.05502      
241600  0.16817    0.01479    0.03296    0.00885      0.10558      0.05999      0.00773      0.10558      0.05503      
241700  0.16653    0.01479    0.03295    0.00835      0.10471      0.05730      0.00774      0.10560      0.05500      
241800  0.16620    0.01479    0.03295    0.00780      0.10494      0.05727      0.00768      0.10561      0.05515      
241900  0.16817    0.01478    0.03295    0.00882      0.10561      0.06002      0.00766      0.10562      0.05509      
242000  0.16652    0.01478    0.03295    0.00832      0.10472      0.05740      0.00770      0.10561      0.05517      
242100  0.16619    0.01478    0.03295    0.00781      0.10492      0.05723      0.00770      0.10559      0.05513      
242200  0.16816    0.01478    0.03295    0.00883      0.10560      0.06005      0.00769      0.10563      0.05517      
242300  0.16649    0.01478    0.03295    0.00834      0.10469      0.05731      0.00774      0.10559      0.05503      
242400  0.16619    0.01478    0.03295    0.00778      0.10494      0.05736      0.00767      0.10563      0.05523      
242500  0.16815    0.01478    0.03295    0.00882      0.10559      0.06022      0.00771      0.10565      0.05524      
242600  0.16649    0.01477    0.03294    0.00833      0.10470      0.05742      0.00772      0.10563      0.05509      
242700  0.16619    0.01477    0.03294    0.00781      0.10494      0.05723      0.00771      0.10563      0.05507      
242800  0.16815    0.01478    0.03294    0.00884      0.10559      0.06009      0.00769      0.10562      0.05514      
242900  0.16646    0.01477    0.03294    0.00835      0.10465      0.05739      0.00772      0.10557      0.05515      
243000  0.16617    0.01477    0.03294    0.00779      0.10493      0.05733      0.00769      0.10561      0.05517      
243100  0.16814    0.01477    0.03294    0.00882      0.10560      0.06013      0.00768      0.10562      0.05515      
243200  0.16646    0.01477    0.03294    0.00830      0.10471      0.05741      0.00768      0.10561      0.05514      
243300  0.16616    0.01477    0.03294    0.00780      0.10493      0.05726      0.00771      0.10560      0.05508      
243400  0.16813    0.01477    0.03294    0.00885      0.10558      0.06003      0.00771      0.10561      0.05501      
243500  0.16644    0.01477    0.03293    0.00832      0.10469      0.05740      0.00771      0.10561      0.05511      
243600  0.16615    0.01477    0.03293    0.00779      0.10495      0.05717      0.00768      0.10564      0.05502      
243700  0.16812    0.01477    0.03293    0.00881      0.10559      0.06009      0.00769      0.10564      0.05513      
243800  0.16644    0.01476    0.03293    0.00831      0.10470      0.05733      0.00770      0.10563      0.05505      
243900  0.16615    0.01476    0.03293    0.00779      0.10495      0.05717      0.00768      0.10563      0.05506      
244000  0.16811    0.01476    0.03293    0.00882      0.10559      0.06005      0.00770      0.10562      0.05506      
244100  0.16644    0.01476    0.03293    0.00832      0.10469      0.05734      0.00773      0.10558      0.05505      
244200  0.16614    0.01476    0.03293    0.00778      0.10494      0.05723      0.00769      0.10562      0.05499      
244300  0.16811    0.01476    0.03292    0.00885      0.10557      0.06004      0.00770      0.10559      0.05501      
244400  0.16643    0.01476    0.03292    0.00832      0.10470      0.05730      0.00770      0.10560      0.05503      
244500  0.16613    0.01476    0.03292    0.00778      0.10494      0.05731      0.00768      0.10561      0.05507      
244600  0.16809    0.01476    0.03292    0.00882      0.10558      0.06008      0.00769      0.10563      0.05506      
244700  0.16643    0.01476    0.03292    0.00833      0.10469      0.05734      0.00772      0.10560      0.05505      
244800  0.16612    0.01476    0.03292    0.00779      0.10494      0.05725      0.00769      0.10561      0.05505      
244900  0.16809    0.01475    0.03292    0.00882      0.10559      0.06013      0.00768      0.10563      0.05512      
245000  0.16642    0.01475    0.03291    0.00832      0.10468      0.05744      0.00770      0.10561      0.05516      
245100  0.16612    0.01475    0.03291    0.00777      0.10497      0.05722      0.00768      0.10563      0.05502      
245200  0.16808    0.01475    0.03291    0.00881      0.10560      0.06001      0.00767      0.10565      0.05502      
245300  0.16641    0.01475    0.03291    0.00831      0.10470      0.05741      0.00769      0.10562      0.05505      
245400  0.16609    0.01474    0.03291    0.00777      0.10495      0.05724      0.00766      0.10561      0.05515      
245500  0.16806    0.01474    0.03291    0.00884      0.10558      0.05995      0.00769      0.10562      0.05501      
245600  0.16640    0.01474    0.03290    0.00833      0.10469      0.05731      0.00769      0.10561      0.05503      
245700  0.16610    0.01474    0.03290    0.00778      0.10495      0.05717      0.00768      0.10564      0.05508      
245800  0.16805    0.01474    0.03290    0.00882      0.10559      0.06006      0.00770      0.10562      0.05514      
245900  0.16639    0.01474    0.03290    0.00833      0.10469      0.05742      0.00769      0.10559      0.05516      
246000  0.16609    0.01474    0.03290    0.00779      0.10493      0.05727      0.00770      0.10561      0.05516      
246100  0.16805    0.01474    0.03290    0.00883      0.10559      0.06002      0.00770      0.10561      0.05501      
246200  0.16636    0.01473    0.03289    0.00829      0.10470      0.05743      0.00767      0.10562      0.05512      
246300  0.16608    0.01473    0.03289    0.00779      0.10495      0.05719      0.00768      0.10560      0.05509      
246400  0.16804    0.01473    0.03289    0.00882      0.10559      0.06006      0.00767      0.10561      0.05512      
246500  0.16636    0.01473    0.03289    0.00834      0.10467      0.05731      0.00772      0.10558      0.05504      
246600  0.16606    0.01473    0.03289    0.00779      0.10493      0.05723      0.00769      0.10560      0.05518      
246700  0.16802    0.01473    0.03289    0.00883      0.10557      0.06002      0.00769      0.10561      0.05506      
246800  0.16636    0.01473    0.03289    0.00831      0.10470      0.05730      0.00769      0.10560      0.05508      
246900  0.16607    0.01473    0.03289    0.00782      0.10492      0.05713      0.00772      0.10559      0.05511      
247000  0.16801    0.01473    0.03289    0.00886      0.10553      0.06003      0.00773      0.10557      0.05509      
247100  0.16634    0.01473    0.03289    0.00833      0.10466      0.05736      0.00774      0.10558      0.05508      
247200  0.16603    0.01473    0.03288    0.00780      0.10491      0.05716      0.00772      0.10559      0.05504      
247300  0.16799    0.01472    0.03288    0.00884      0.10553      0.06009      0.00771      0.10559      0.05515      
247400  0.16633    0.01473    0.03288    0.00834      0.10464      0.05737      0.00772      0.10560      0.05509      
247500  0.16603    0.01473    0.03288    0.00777      0.10494      0.05715      0.00766      0.10563      0.05511      
247600  0.16800    0.01472    0.03288    0.00882      0.10556      0.06004      0.00768      0.10563      0.05508      
247700  0.16632    0.01472    0.03288    0.00830      0.10467      0.05741      0.00769      0.10561      0.05513      
247800  0.16601    0.01472    0.03288    0.00777      0.10493      0.05713      0.00768      0.10560      0.05513      
247900  0.16799    0.01472    0.03288    0.00881      0.10557      0.05997      0.00766      0.10560      0.05503      
248000  0.16631    0.01472    0.03288    0.00829      0.10469      0.05732      0.00767      0.10560      0.05513      
248100  0.16600    0.01472    0.03288    0.00774      0.10495      0.05712      0.00766      0.10562      0.05513      
248200  0.16798    0.01472    0.03288    0.00878      0.10561      0.05997      0.00764      0.10563      0.05506      
248300  0.16630    0.01472    0.03288    0.00831      0.10466      0.05733      0.00770      0.10557      0.05511      
248400  0.16599    0.01471    0.03287    0.00774      0.10496      0.05712      0.00766      0.10563      0.05502      
248500  0.16798    0.01472    0.03287    0.00879      0.10559      0.06004      0.00764      0.10562      0.05509      
248600  0.16629    0.01471    0.03287    0.00831      0.10467      0.05724      0.00768      0.10558      0.05505      
248700  0.16599    0.01471    0.03287    0.00777      0.10492      0.05721      0.00766      0.10559      0.05506      
248800  0.16796    0.01471    0.03287    0.00882      0.10556      0.05993      0.00768      0.10560      0.05500      
248900  0.16628    0.01471    0.03287    0.00832      0.10466      0.05729      0.00769      0.10558      0.05500      
249000  0.16598    0.01471    0.03287    0.00774      0.10495      0.05719      0.00763      0.10561      0.05505      
249100  0.16795    0.01471    0.03287    0.00881      0.10556      0.06005      0.00766      0.10559      0.05507      
249200  0.16629    0.01471    0.03287    0.00828      0.10470      0.05732      0.00767      0.10558      0.05509      
249300  0.16599    0.01471    0.03287    0.00779      0.10491      0.05716      0.00769      0.10556      0.05509      
249400  0.16795    0.01471    0.03287    0.00881      0.10556      0.06009      0.00766      0.10558      0.05511      
249500  0.16628    0.01471    0.03287    0.00828      0.10470      0.05730      0.00765      0.10560      0.05503      
249600  0.16599    0.01471    0.03287    0.00775      0.10494      0.05718      0.00765      0.10560      0.05509      
249700  0.16794    0.01470    0.03287    0.00881      0.10556      0.06001      0.00765      0.10558      0.05507      
249800  0.16628    0.01471    0.03286    0.00829      0.10468      0.05739      0.00765      0.10557      0.05511      
249900  0.16599    0.01470    0.03286    0.00779      0.10491      0.05727      0.00768      0.10555      0.05513      
250000  0.16793    0.01470    0.03286    0.00880      0.10555      0.06008      0.00764      0.10559      0.05512      
250100  0.16627    0.01470    0.03286    0.00828      0.10468      0.05738      0.00767      0.10557      0.05509      
250200  0.16597    0.01470    0.03286    0.00776      0.10492      0.05727      0.00766      0.10557      0.05518      
250300  0.16792    0.01470    0.03286    0.00883      0.10553      0.05998      0.00770      0.10555      0.05504      
250400  0.16626    0.01470    0.03286    0.00830      0.10465      0.05737      0.00767      0.10555      0.05513      
250500  0.16598    0.01470    0.03286    0.00777      0.10492      0.05727      0.00766      0.10556      0.05515      
250600  0.16792    0.01470    0.03286    0.00882      0.10554      0.06003      0.00766      0.10555      0.05511      
250700  0.16625    0.01470    0.03286    0.00830      0.10467      0.05734      0.00768      0.10556      0.05510      
250800  0.16597    0.01470    0.03286    0.00776      0.10494      0.05718      0.00767      0.10558      0.05502      
250900  0.16792    0.01470    0.03286    0.00881      0.10556      0.05994      0.00766      0.10558      0.05504      
251000  0.16623    0.01470    0.03286    0.00830      0.10465      0.05728      0.00766      0.10555      0.05499      
251100  0.16596    0.01470    0.03285    0.00775      0.10494      0.05717      0.00766      0.10558      0.05504      
251200  0.16791    0.01470    0.03285    0.00882      0.10555      0.06001      0.00766      0.10556      0.05500      
251300  0.16623    0.01469    0.03285    0.00832      0.10464      0.05733      0.00768      0.10554      0.05505      
251400  0.16596    0.01469    0.03285    0.00777      0.10491      0.05729      0.00765      0.10556      0.05510      
251500  0.16791    0.01469    0.03285    0.00881      0.10556      0.06006      0.00766      0.10557      0.05501      
251600  0.16623    0.01469    0.03285    0.00831      0.10465      0.05730      0.00767      0.10556      0.05499      
251700  0.16595    0.01469    0.03285    0.00775      0.10494      0.05727      0.00766      0.10558      0.05501      
251800  0.16791    0.01469    0.03285    0.00885      0.10552      0.06001      0.00771      0.10553      0.05497      
251900  0.16623    0.01469    0.03285    0.00830      0.10466      0.05731      0.00765      0.10557      0.05504      
252000  0.16596    0.01469    0.03285    0.00776      0.10494      0.05727      0.00764      0.10558      0.05509      
252100  0.16790    0.01469    0.03285    0.00883      0.10552      0.06012      0.00768      0.10555      0.05514      
252200  0.16623    0.01468    0.03284    0.00833      0.10463      0.05735      0.00770      0.10553      0.05514      
252300  0.16595    0.01468    0.03284    0.00777      0.10492      0.05723      0.00765      0.10556      0.05507      
252400  0.16790    0.01468    0.03284    0.00882      0.10555      0.06005      0.00767      0.10557      0.05506      
252500  0.16623    0.01469    0.03284    0.00830      0.10466      0.05738      0.00766      0.10554      0.05507      
252600  0.16594    0.01469    0.03284    0.00778      0.10491      0.05733      0.00767      0.10553      0.05511      
252700  0.16789    0.01468    0.03284    0.00881      0.10555      0.06012      0.00764      0.10555      0.05518      
252800  0.16622    0.01468    0.03284    0.00830      0.10467      0.05729      0.00766      0.10556      0.05507      
252900  0.16594    0.01468    0.03284    0.00779      0.10491      0.05721      0.00766      0.10554      0.05505      
253000  0.16789    0.01468    0.03284    0.00885      0.10552      0.06003      0.00769      0.10552      0.05510      
253100  0.16621    0.01469    0.03284    0.00834      0.10460      0.05739      0.00768      0.10550      0.05508      
253200  0.16594    0.01468    0.03284    0.00775      0.10494      0.05730      0.00764      0.10557      0.05507      
253300  0.16789    0.01468    0.03284    0.00881      0.10555      0.06007      0.00764      0.10557      0.05511      
253400  0.16621    0.01468    0.03283    0.00830      0.10465      0.05743      0.00769      0.10553      0.05512      
253500  0.16593    0.01468    0.03283    0.00777      0.10491      0.05738      0.00767      0.10554      0.05518      
253600  0.16787    0.01468    0.03283    0.00883      0.10552      0.06013      0.00767      0.10555      0.05507      
253700  0.16619    0.01468    0.03283    0.00831      0.10463      0.05744      0.00768      0.10554      0.05516      
253800  0.16592    0.01468    0.03283    0.00776      0.10492      0.05736      0.00767      0.10554      0.05520      
253900  0.16789    0.01468    0.03283    0.00882      0.10555      0.06012      0.00764      0.10556      0.05514      
254000  0.16620    0.01468    0.03283    0.00830      0.10465      0.05740      0.00767      0.10555      0.05518      
254100  0.16592    0.01468    0.03283    0.00775      0.10494      0.05727      0.00764      0.10556      0.05516      
254200  0.16789    0.01468    0.03283    0.00883      0.10554      0.06013      0.00766      0.10554      0.05517      
254300  0.16618    0.01468    0.03283    0.00830      0.10464      0.05746      0.00768      0.10554      0.05521      
254400  0.16591    0.01468    0.03282    0.00775      0.10492      0.05740      0.00765      0.10555      0.05527      
254500  0.16788    0.01467    0.03282    0.00881      0.10555      0.06017      0.00763      0.10558      0.05515      
254600  0.16617    0.01467    0.03282    0.00829      0.10463      0.05748      0.00766      0.10556      0.05522      
254700  0.16590    0.01467    0.03282    0.00773      0.10494      0.05736      0.00762      0.10557      0.05519      
254800  0.16787    0.01467    0.03282    0.00880      0.10555      0.06015      0.00763      0.10559      0.05515      
254900  0.16616    0.01467    0.03282    0.00832      0.10461      0.05732      0.00768      0.10554      0.05506      
255000  0.16589    0.01467    0.03282    0.00777      0.10489      0.05736      0.00766      0.10553      0.05515      
255100  0.16786    0.01467    0.03282    0.00885      0.10551      0.06011      0.00771      0.10552      0.05513      
255200  0.16615    0.01467    0.03282    0.00830      0.10461      0.05744      0.00767      0.10554      0.05516      
255300  0.16589    0.01466    0.03281    0.00777      0.10490      0.05746      0.00766      0.10553      0.05523      
255400  0.16785    0.01467    0.03281    0.00882      0.10553      0.06015      0.00766      0.10554      0.05516      
255500  0.16616    0.01467    0.03281    0.00831      0.10462      0.05741      0.00769      0.10554      0.05515      
255600  0.16589    0.01466    0.03281    0.00776      0.10492      0.05731      0.00765      0.10557      0.05516      
255700  0.16784    0.01466    0.03281    0.00882      0.10554      0.06007      0.00765      0.10557      0.05510      
255800  0.16615    0.01466    0.03281    0.00831      0.10462      0.05746      0.00768      0.10556      0.05516      
255900  0.16589    0.01466    0.03281    0.00779      0.10489      0.05733      0.00767      0.10555      0.05516      
256000  0.16783    0.01466    0.03281    0.00882      0.10551      0.06021      0.00768      0.10553      0.05522      
256100  0.16614    0.01466    0.03281    0.00832      0.10461      0.05746      0.00771      0.10553      0.05516      
256200  0.16588    0.01466    0.03281    0.00776      0.10492      0.05744      0.00764      0.10556      0.05527      
256300  0.16784    0.01465    0.03281    0.00881      0.10555      0.06015      0.00764      0.10557      0.05520      
256400  0.16613    0.01465    0.03281    0.00827      0.10466      0.05742      0.00763      0.10557      0.05518      
256500  0.16587    0.01465    0.03281    0.00778      0.10490      0.05732      0.00766      0.10554      0.05512      
256600  0.16783    0.01466    0.03281    0.00880      0.10556      0.06013      0.00765      0.10559      0.05517      
256700  0.16613    0.01465    0.03280    0.00829      0.10463      0.05745      0.00764      0.10556      0.05520      
256800  0.16585    0.01465    0.03280    0.00773      0.10492      0.05741      0.00762      0.10558      0.05530      
256900  0.16782    0.01465    0.03280    0.00880      0.10554      0.06024      0.00764      0.10554      0.05521      
257000  0.16611    0.01465    0.03280    0.00831      0.10461      0.05745      0.00768      0.10554      0.05519      
257100  0.16584    0.01465    0.03280    0.00775      0.10491      0.05731      0.00764      0.10555      0.05514      
257200  0.16783    0.01465    0.03280    0.00881      0.10555      0.06021      0.00763      0.10556      0.05517      
257300  0.16611    0.01465    0.03280    0.00829      0.10463      0.05744      0.00766      0.10556      0.05514      
257400  0.16584    0.01465    0.03280    0.00776      0.10490      0.05731      0.00764      0.10558      0.05513      
257500  0.16781    0.01465    0.03280    0.00884      0.10553      0.06001      0.00767      0.10555      0.05503      
257600  0.16611    0.01465    0.03280    0.00828      0.10464      0.05741      0.00765      0.10556      0.05510      
257700  0.16584    0.01465    0.03280    0.00779      0.10487      0.05737      0.00768      0.10553      0.05511      
257800  0.16781    0.01465    0.03280    0.00883      0.10553      0.06014      0.00767      0.10553      0.05513      
257900  0.16612    0.01464    0.03280    0.00833      0.10461      0.05741      0.00769      0.10552      0.05508      
258000  0.16584    0.01464    0.03280    0.00775      0.10491      0.05736      0.00763      0.10558      0.05510      
258100  0.16781    0.01464    0.03279    0.00881      0.10555      0.06019      0.00764      0.10556      0.05511      
258200  0.16612    0.01464    0.03279    0.00829      0.10466      0.05748      0.00765      0.10555      0.05516      
258300  0.16585    0.01464    0.03279    0.00772      0.10495      0.05741      0.00762      0.10558      0.05519      
258400  0.16780    0.01464    0.03279    0.00882      0.10552      0.06016      0.00766      0.10554      0.05512      
258500  0.16612    0.01464    0.03279    0.00832      0.10462      0.05743      0.00768      0.10553      0.05504      
258600  0.16585    0.01464    0.03279    0.00775      0.10493      0.05744      0.00763      0.10557      0.05509      
258700  0.16780    0.01464    0.03279    0.00882      0.10554      0.06009      0.00769      0.10556      0.05508      
258800  0.16611    0.01464    0.03279    0.00831      0.10462      0.05754      0.00767      0.10554      0.05518      
258900  0.16585    0.01464    0.03279    0.00776      0.10492      0.05744      0.00763      0.10557      0.05521      
259000  0.16780    0.01464    0.03279    0.00884      0.10553      0.06017      0.00768      0.10555      0.05511      
259100  0.16612    0.01464    0.03278    0.00831      0.10465      0.05743      0.00767      0.10556      0.05510      
259200  0.16584    0.01464    0.03278    0.00775      0.10494      0.05732      0.00764      0.10559      0.05514      
259300  0.16780    0.01463    0.03278    0.00882      0.10555      0.06018      0.00766      0.10557      0.05515      
259400  0.16610    0.01464    0.03278    0.00834      0.10461      0.05735      0.00770      0.10555      0.05501      
259500  0.16583    0.01464    0.03278    0.00777      0.10490      0.05735      0.00769      0.10556      0.05511      
259600  0.16779    0.01463    0.03278    0.00882      0.10554      0.06018      0.00769      0.10556      0.05510      
259700  0.16608    0.01463    0.03278    0.00830      0.10463      0.05739      0.00768      0.10557      0.05509      
259800  0.16582    0.01463    0.03278    0.00775      0.10493      0.05732      0.00765      0.10558      0.05510      
259900  0.16780    0.01463    0.03278    0.00883      0.10553      0.06029      0.00765      0.10555      0.05520      
260000  0.16608    0.01463    0.03278    0.00831      0.10462      0.05743      0.00771      0.10556      0.05508      
260100  0.16582    0.01463    0.03278    0.00777      0.10490      0.05735      0.00767      0.10556      0.05506      
260200  0.16780    0.01463    0.03278    0.00881      0.10556      0.06017      0.00764      0.10559      0.05511      
260300  0.16609    0.01463    0.03278    0.00829      0.10464      0.05746      0.00768      0.10556      0.05511      
260400  0.16582    0.01463    0.03277    0.00775      0.10494      0.05733      0.00764      0.10557      0.05505      
260500  0.16779    0.01463    0.03277    0.00883      0.10553      0.06022      0.00768      0.10554      0.05512      
260600  0.16608    0.01463    0.03277    0.00832      0.10462      0.05739      0.00772      0.10552      0.05507      
260700  0.16582    0.01463    0.03277    0.00778      0.10490      0.05736      0.00766      0.10554      0.05508      
260800  0.16779    0.01463    0.03277    0.00881      0.10556      0.06017      0.00763      0.10557      0.05507      
260900  0.16607    0.01463    0.03277    0.00831      0.10461      0.05744      0.00771      0.10551      0.05505      
261000  0.16581    0.01463    0.03277    0.00777      0.10490      0.05743      0.00766      0.10553      0.05501      
261100  0.16777    0.01463    0.03277    0.00884      0.10551      0.06016      0.00770      0.10554      0.05503      
261200  0.16608    0.01463    0.03277    0.00830      0.10462      0.05752      0.00769      0.10553      0.05510      
261300  0.16581    0.01463    0.03277    0.00776      0.10491      0.05734      0.00766      0.10556      0.05500      
261400  0.16776    0.01463    0.03277    0.00884      0.10551      0.06012      0.00771      0.10553      0.05499      
261500  0.16607    0.01463    0.03277    0.00830      0.10464      0.05734      0.00769      0.10557      0.05498      
261600  0.16580    0.01463    0.03277    0.00775      0.10492      0.05732      0.00765      0.10558      0.05502      
261700  0.16777    0.01462    0.03277    0.00880      0.10556      0.06017      0.00764      0.10558      0.05504      
261800  0.16608    0.01462    0.03277    0.00831      0.10465      0.05739      0.00768      0.10556      0.05503      
261900  0.16580    0.01462    0.03276    0.00777      0.10490      0.05732      0.00767      0.10555      0.05496      
262000  0.16776    0.01463    0.03276    0.00882      0.10554      0.06007      0.00765      0.10557      0.05494      
262100  0.16608    0.01462    0.03276    0.00829      0.10466      0.05731      0.00766      0.10556      0.05493      
262200  0.16579    0.01462    0.03276    0.00775      0.10492      0.05735      0.00764      0.10558      0.05503      
262300  0.16775    0.01462    0.03276    0.00878      0.10556      0.06020      0.00763      0.10559      0.05506      
262400  0.16605    0.01462    0.03276    0.00832      0.10461      0.05736      0.00771      0.10552      0.05491      
262500  0.16579    0.01462    0.03276    0.00775      0.10493      0.05730      0.00766      0.10559      0.05496      
262600  0.16773    0.01462    0.03276    0.00881      0.10553      0.06007      0.00766      0.10557      0.05496      
262700  0.16605    0.01462    0.03276    0.00830      0.10463      0.05741      0.00767      0.10555      0.05500      
262800  0.16579    0.01462    0.03276    0.00774      0.10493      0.05737      0.00762      0.10557      0.05504      
262900  0.16773    0.01462    0.03276    0.00880      0.10554      0.06010      0.00764      0.10558      0.05499      
263000  0.16605    0.01462    0.03276    0.00829      0.10465      0.05742      0.00767      0.10556      0.05505      
263100  0.16577    0.01462    0.03276    0.00777      0.10489      0.05730      0.00768      0.10555      0.05507      
263200  0.16774    0.01462    0.03276    0.00882      0.10554      0.06013      0.00765      0.10556      0.05505      
263300  0.16605    0.01462    0.03275    0.00831      0.10464      0.05736      0.00768      0.10553      0.05500      
263400  0.16576    0.01462    0.03275    0.00774      0.10491      0.05737      0.00763      0.10557      0.05508      
263500  0.16772    0.01462    0.03275    0.00881      0.10553      0.06011      0.00766      0.10556      0.05502      
263600  0.16604    0.01461    0.03275    0.00830      0.10463      0.05741      0.00768      0.10554      0.05502      
263700  0.16576    0.01462    0.03275    0.00777      0.10489      0.05742      0.00765      0.10554      0.05504      
263800  0.16772    0.01462    0.03275    0.00881      0.10552      0.06021      0.00764      0.10558      0.05512      
263900  0.16601    0.01461    0.03275    0.00829      0.10462      0.05744      0.00767      0.10555      0.05503      
264000  0.16575    0.01461    0.03275    0.00774      0.10491      0.05736      0.00761      0.10557      0.05512      
264100  0.16770    0.01461    0.03275    0.00880      0.10552      0.06016      0.00764      0.10558      0.05511      
264200  0.16602    0.01461    0.03275    0.00832      0.10460      0.05736      0.00773      0.10553      0.05494      
264300  0.16574    0.01461    0.03275    0.00776      0.10490      0.05731      0.00767      0.10555      0.05505      
264400  0.16770    0.01461    0.03275    0.00880      0.10553      0.06011      0.00764      0.10558      0.05506      
264500  0.16602    0.01461    0.03275    0.00828      0.10465      0.05741      0.00763      0.10558      0.05509      
264600  0.16574    0.01461    0.03275    0.00776      0.10489      0.05729      0.00766      0.10554      0.05506      
264700  0.16770    0.01460    0.03274    0.00881      0.10553      0.06006      0.00763      0.10556      0.05499      
264800  0.16600    0.01460    0.03274    0.00831      0.10462      0.05739      0.00770      0.10553      0.05499      
264900  0.16574    0.01460    0.03274    0.00777      0.10490      0.05727      0.00767      0.10554      0.05504      
265000  0.16768    0.01460    0.03274    0.00881      0.10552      0.06018      0.00765      0.10556      0.05510      
265100  0.16600    0.01460    0.03274    0.00828      0.10464      0.05742      0.00766      0.10558      0.05507      
265200  0.16574    0.01460    0.03274    0.00774      0.10493      0.05733      0.00763      0.10559      0.05508      
265300  0.16769    0.01460    0.03274    0.00880      0.10554      0.06012      0.00765      0.10558      0.05508      
265400  0.16600    0.01460    0.03274    0.00833      0.10460      0.05736      0.00771      0.10553      0.05496      
265500  0.16574    0.01460    0.03274    0.00773      0.10495      0.05724      0.00762      0.10562      0.05504      
265600  0.16769    0.01460    0.03273    0.00882      0.10552      0.06006      0.00769      0.10555      0.05503      
265700  0.16601    0.01460    0.03273    0.00831      0.10463      0.05733      0.00769      0.10554      0.05504      
265800  0.16574    0.01460    0.03273    0.00776      0.10492      0.05726      0.00766      0.10555      0.05506      
265900  0.16769    0.01460    0.03273    0.00884      0.10551      0.06006      0.00770      0.10553      0.05503      
266000  0.16601    0.01460    0.03273    0.00832      0.10463      0.05731      0.00770      0.10554      0.05503      
266100  0.16574    0.01460    0.03273    0.00777      0.10492      0.05724      0.00766      0.10557      0.05499      
266200  0.16768    0.01460    0.03273    0.00880      0.10553      0.06017      0.00764      0.10557      0.05510      
266300  0.16599    0.01460    0.03273    0.00832      0.10460      0.05739      0.00767      0.10552      0.05503      
266400  0.16573    0.01460    0.03273    0.00775      0.10491      0.05744      0.00764      0.10556      0.05519      
266500  0.16766    0.01460    0.03273    0.00880      0.10553      0.06012      0.00764      0.10556      0.05500      
266600  0.16599    0.01460    0.03273    0.00829      0.10463      0.05743      0.00767      0.10554      0.05510      
266700  0.16572    0.01459    0.03272    0.00771      0.10495      0.05738      0.00759      0.10559      0.05514      
266800  0.16766    0.01459    0.03272    0.00880      0.10552      0.06021      0.00762      0.10557      0.05512      
266900  0.16599    0.01459    0.03272    0.00829      0.10464      0.05744      0.00767      0.10555      0.05509      
267000  0.16572    0.01459    0.03272    0.00776      0.10492      0.05734      0.00765      0.10557      0.05507      
267100  0.16765    0.01459    0.03272    0.00879      0.10553      0.06016      0.00762      0.10558      0.05507      
267200  0.16598    0.01459    0.03272    0.00828      0.10464      0.05740      0.00763      0.10556      0.05507      
267300  0.16570    0.01459    0.03272    0.00774      0.10492      0.05723      0.00763      0.10557      0.05505      
267400  0.16764    0.01459    0.03272    0.00882      0.10549      0.06015      0.00767      0.10554      0.05512      
267500  0.16597    0.01459    0.03272    0.00831      0.10462      0.05737      0.00767      0.10553      0.05504      
267600  0.16569    0.01459    0.03272    0.00777      0.10489      0.05728      0.00766      0.10554      0.05505      
267700  0.16763    0.01458    0.03271    0.00882      0.10550      0.06016      0.00767      0.10554      0.05509      
267800  0.16596    0.01458    0.03271    0.00830      0.10462      0.05743      0.00767      0.10553      0.05511      
267900  0.16569    0.01459    0.03271    0.00778      0.10486      0.05742      0.00768      0.10550      0.05521      
268000  0.16762    0.01459    0.03271    0.00881      0.10550      0.06016      0.00765      0.10553      0.05513      
268100  0.16596    0.01459    0.03271    0.00827      0.10465      0.05743      0.00763      0.10554      0.05515      
268200  0.16569    0.01459    0.03271    0.00775      0.10490      0.05737      0.00764      0.10553      0.05509      
268300  0.16762    0.01459    0.03271    0.00879      0.10551      0.06016      0.00765      0.10552      0.05514      
268400  0.16595    0.01458    0.03271    0.00829      0.10462      0.05745      0.00765      0.10550      0.05513      
268500  0.16567    0.01459    0.03271    0.00775      0.10489      0.05731      0.00764      0.10551      0.05515      
268600  0.16760    0.01458    0.03271    0.00880      0.10551      0.06009      0.00764      0.10552      0.05505      
268700  0.16596    0.01458    0.03271    0.00832      0.10460      0.05742      0.00768      0.10548      0.05504      
268800  0.16569    0.01458    0.03271    0.00777      0.10489      0.05740      0.00766      0.10550      0.05518      
268900  0.16762    0.01458    0.03271    0.00878      0.10552      0.06027      0.00762      0.10552      0.05522      
269000  0.16594    0.01458    0.03271    0.00829      0.10462      0.05750      0.00766      0.10553      0.05520      
269100  0.16567    0.01458    0.03271    0.00775      0.10490      0.05734      0.00765      0.10554      0.05512      
269200  0.16761    0.01457    0.03270    0.00881      0.10549      0.06033      0.00763      0.10552      0.05530      
269300  0.16593    0.01458    0.03270    0.00828      0.10462      0.05761      0.00762      0.10551      0.05532      
269400  0.16567    0.01457    0.03270    0.00774      0.10490      0.05748      0.00762      0.10553      0.05523      
269500  0.16761    0.01457    0.03270    0.00879      0.10551      0.06029      0.00763      0.10553      0.05521      
269600  0.16592    0.01458    0.03270    0.00831      0.10458      0.05750      0.00767      0.10549      0.05519      
269700  0.16566    0.01457    0.03270    0.00775      0.10489      0.05748      0.00763      0.10551      0.05526      
269800  0.16760    0.01457    0.03270    0.00880      0.10550      0.06028      0.00764      0.10550      0.05526      
269900  0.16593    0.01457    0.03270    0.00828      0.10461      0.05762      0.00765      0.10551      0.05533      
270000  0.16566    0.01457    0.03270    0.00774      0.10490      0.05749      0.00762      0.10554      0.05533      
270100  0.16760    0.01457    0.03270    0.00879      0.10550      0.06031      0.00762      0.10553      0.05524      
270200  0.16592    0.01457    0.03270    0.00829      0.10461      0.05753      0.00766      0.10551      0.05519      
270300  0.16565    0.01457    0.03270    0.00775      0.10489      0.05741      0.00765      0.10551      0.05516      
270400  0.16759    0.01457    0.03270    0.00880      0.10550      0.06022      0.00764      0.10552      0.05513      
270500  0.16590    0.01457    0.03270    0.00830      0.10459      0.05749      0.00767      0.10549      0.05510      
270600  0.16564    0.01457    0.03270    0.00772      0.10492      0.05743      0.00762      0.10554      0.05512      
270700  0.16758    0.01456    0.03269    0.00880      0.10550      0.06021      0.00765      0.10552      0.05508      
270800  0.16590    0.01457    0.03269    0.00828      0.10461      0.05749      0.00765      0.10550      0.05511      
270900  0.16564    0.01457    0.03269    0.00773      0.10491      0.05743      0.00762      0.10553      0.05516      
271000  0.16757    0.01456    0.03269    0.00878      0.10551      0.06026      0.00763      0.10553      0.05514      
271100  0.16590    0.01456    0.03269    0.00828      0.10461      0.05748      0.00764      0.10551      0.05510      
271200  0.16564    0.01457    0.03269    0.00773      0.10490      0.05749      0.00761      0.10553      0.05519      
271300  0.16759    0.01457    0.03269    0.00881      0.10550      0.06024      0.00763      0.10552      0.05512      
271400  0.16590    0.01456    0.03269    0.00829      0.10460      0.05751      0.00770      0.10550      0.05513      
271500  0.16563    0.01457    0.03269    0.00774      0.10490      0.05738      0.00763      0.10553      0.05511      
271600  0.16758    0.01456    0.03269    0.00881      0.10551      0.06020      0.00764      0.10553      0.05506      
271700  0.16590    0.01456    0.03269    0.00830      0.10462      0.05746      0.00767      0.10552      0.05507      
271800  0.16563    0.01456    0.03269    0.00774      0.10490      0.05735      0.00764      0.10554      0.05504      
271900  0.16756    0.01456    0.03269    0.00880      0.10550      0.06019      0.00766      0.10554      0.05508      
272000  0.16589    0.01456    0.03269    0.00829      0.10462      0.05737      0.00764      0.10553      0.05498      
272100  0.16563    0.01456    0.03269    0.00774      0.10490      0.05742      0.00763      0.10555      0.05511      
272200  0.16756    0.01456    0.03269    0.00881      0.10548      0.06025      0.00764      0.10554      0.05513      
272300  0.16589    0.01456    0.03268    0.00830      0.10460      0.05749      0.00768      0.10550      0.05510      
272400  0.16563    0.01455    0.03268    0.00772      0.10493      0.05742      0.00761      0.10557      0.05519      
272500  0.16756    0.01456    0.03268    0.00879      0.10551      0.06022      0.00762      0.10557      0.05514      
272600  0.16589    0.01455    0.03268    0.00829      0.10462      0.05746      0.00767      0.10553      0.05507      
272700  0.16562    0.01455    0.03268    0.00772      0.10493      0.05734      0.00763      0.10555      0.05509      
272800  0.16755    0.01455    0.03268    0.00875      0.10554      0.06025      0.00757      0.10560      0.05510      
272900  0.16589    0.01456    0.03268    0.00827      0.10465      0.05739      0.00765      0.10555      0.05500      
273000  0.16562    0.01456    0.03268    0.00772      0.10493      0.05731      0.00762      0.10556      0.05504      
273100  0.16755    0.01455    0.03268    0.00880      0.10550      0.06017      0.00764      0.10554      0.05500      
273200  0.16588    0.01456    0.03268    0.00828      0.10464      0.05738      0.00765      0.10552      0.05501      
273300  0.16562    0.01455    0.03268    0.00773      0.10493      0.05732      0.00764      0.10555      0.05505      
273400  0.16754    0.01455    0.03268    0.00878      0.10551      0.06019      0.00762      0.10556      0.05507      
273500  0.16588    0.01455    0.03268    0.00829      0.10462      0.05737      0.00767      0.10550      0.05503      
273600  0.16562    0.01455    0.03268    0.00774      0.10492      0.05732      0.00764      0.10553      0.05508      
273700  0.16753    0.01456    0.03267    0.00881      0.10547      0.06018      0.00766      0.10553      0.05507      
273800  0.16586    0.01456    0.03268    0.00831      0.10459      0.05734      0.00770      0.10550      0.05495      
273900  0.16562    0.01456    0.03267    0.00773      0.10493      0.05732      0.00762      0.10555      0.05502      
274000  0.16753    0.01455    0.03267    0.00882      0.10547      0.06017      0.00767      0.10550      0.05503      
274100  0.16588    0.01455    0.03267    0.00830      0.10460      0.05747      0.00769      0.10550      0.05508      
274200  0.16561    0.01455    0.03267    0.00770      0.10494      0.05735      0.00760      0.10557      0.05512      
274300  0.16754    0.01455    0.03267    0.00882      0.10549      0.06010      0.00764      0.10553      0.05503      
274400  0.16587    0.01455    0.03267    0.00829      0.10461      0.05748      0.00767      0.10550      0.05507      
274500  0.16560    0.01455    0.03267    0.00772      0.10491      0.05742      0.00759      0.10554      0.05516      
274600  0.16752    0.01455    0.03267    0.00881      0.10548      0.06012      0.00766      0.10551      0.05505      
274700  0.16586    0.01455    0.03267    0.00825      0.10464      0.05744      0.00762      0.10553      0.05507      
274800  0.16559    0.01455    0.03267    0.00774      0.10490      0.05735      0.00764      0.10550      0.05511      
274900  0.16752    0.01455    0.03267    0.00880      0.10549      0.06014      0.00765      0.10552      0.05503      
275000  0.16585    0.01454    0.03267    0.00826      0.10463      0.05743      0.00763      0.10553      0.05507      
275100  0.16558    0.01454    0.03267    0.00774      0.10490      0.05734      0.00764      0.10551      0.05507      
275200  0.16751    0.01455    0.03267    0.00880      0.10548      0.06017      0.00764      0.10551      0.05509      
275300  0.16585    0.01455    0.03267    0.00829      0.10459      0.05750      0.00768      0.10549      0.05514      
275400  0.16559    0.01454    0.03267    0.00772      0.10492      0.05741      0.00762      0.10552      0.05510      
275500  0.16750    0.01455    0.03267    0.00877      0.10549      0.06020      0.00761      0.10553      0.05507      
275600  0.16585    0.01454    0.03267    0.00828      0.10461      0.05740      0.00764      0.10550      0.05498      
275700  0.16560    0.01454    0.03267    0.00774      0.10490      0.05742      0.00763      0.10550      0.05500      
275800  0.16750    0.01454    0.03267    0.00879      0.10548      0.06021      0.00763      0.10552      0.05504      
275900  0.16584    0.01454    0.03267    0.00829      0.10459      0.05757      0.00768      0.10548      0.05513      
276000  0.16559    0.01454    0.03267    0.00771      0.10493      0.05753      0.00761      0.10554      0.05509      
276100  0.16750    0.01454    0.03267    0.00880      0.10548      0.06025      0.00762      0.10552      0.05508      
276200  0.16584    0.01454    0.03267    0.00827      0.10461      0.05762      0.00765      0.10547      0.05518      
276300  0.16558    0.01453    0.03266    0.00774      0.10490      0.05741      0.00763      0.10548      0.05510      
276400  0.16749    0.01453    0.03266    0.00880      0.10547      0.06026      0.00764      0.10549      0.05513      
276500  0.16583    0.01453    0.03266    0.00828      0.10461      0.05749      0.00767      0.10549      0.05510      
276600  0.16557    0.01453    0.03266    0.00772      0.10492      0.05744      0.00762      0.10553      0.05514      
276700  0.16750    0.01453    0.03266    0.00881      0.10549      0.06019      0.00764      0.10553      0.05508      
276800  0.16582    0.01452    0.03266    0.00829      0.10460      0.05749      0.00769      0.10550      0.05509      
276900  0.16556    0.01452    0.03266    0.00775      0.10489      0.05741      0.00764      0.10550      0.05507      
277000  0.16749    0.01452    0.03266    0.00878      0.10549      0.06036      0.00760      0.10554      0.05519      
277100  0.16582    0.01452    0.03266    0.00828      0.10461      0.05751      0.00765      0.10551      0.05515      
277200  0.16556    0.01453    0.03266    0.00774      0.10489      0.05753      0.00764      0.10549      0.05520      
277300  0.16749    0.01453    0.03266    0.00881      0.10547      0.06028      0.00765      0.10551      0.05518      
277400  0.16582    0.01453    0.03266    0.00826      0.10462      0.05753      0.00763      0.10552      0.05512      
277500  0.16556    0.01453    0.03266    0.00775      0.10488      0.05749      0.00766      0.10552      0.05512      
277600  0.16749    0.01452    0.03266    0.00879      0.10550      0.06025      0.00763      0.10554      0.05513      
277700  0.16581    0.01452    0.03266    0.00827      0.10461      0.05753      0.00765      0.10550      0.05509      
277800  0.16555    0.01452    0.03265    0.00773      0.10490      0.05746      0.00762      0.10551      0.05509      
277900  0.16748    0.01452    0.03265    0.00878      0.10550      0.06021      0.00761      0.10552      0.05505      
278000  0.16582    0.01452    0.03265    0.00828      0.10461      0.05748      0.00767      0.10549      0.05508      
278100  0.16555    0.01452    0.03265    0.00770      0.10493      0.05741      0.00760      0.10553      0.05520      
278200  0.16749    0.01452    0.03265    0.00879      0.10550      0.06033      0.00762      0.10551      0.05519      
278300  0.16581    0.01452    0.03265    0.00826      0.10462      0.05753      0.00766      0.10551      0.05510      
278400  0.16555    0.01452    0.03265    0.00771      0.10492      0.05747      0.00760      0.10553      0.05519      
278500  0.16748    0.01452    0.03265    0.00877      0.10551      0.06024      0.00760      0.10555      0.05507      
278600  0.16581    0.01452    0.03265    0.00830      0.10459      0.05753      0.00770      0.10547      0.05512      
278700  0.16554    0.01452    0.03265    0.00776      0.10487      0.05745      0.00766      0.10548      0.05517      
278800  0.16747    0.01452    0.03265    0.00880      0.10547      0.06030      0.00764      0.10548      0.05518      
278900  0.16581    0.01452    0.03265    0.00829      0.10460      0.05748      0.00766      0.10548      0.05512      
279000  0.16554    0.01452    0.03265    0.00771      0.10491      0.05742      0.00761      0.10550      0.05517      
279100  0.16748    0.01452    0.03265    0.00878      0.10549      0.06029      0.00760      0.10550      0.05513      
279200  0.16579    0.01452    0.03265    0.00828      0.10460      0.05745      0.00765      0.10549      0.05506      
279300  0.16553    0.01452    0.03265    0.00773      0.10489      0.05745      0.00764      0.10551      0.05509      
279400  0.16746    0.01452    0.03265    0.00882      0.10546      0.06022      0.00766      0.10549      0.05504      
279500  0.16580    0.01452    0.03265    0.00830      0.10458      0.05754      0.00769      0.10546      0.05506      
279600  0.16553    0.01452    0.03265    0.00772      0.10490      0.05738      0.00762      0.10551      0.05510      
279700  0.16745    0.01452    0.03265    0.00878      0.10549      0.06027      0.00761      0.10554      0.05517      
279800  0.16579    0.01451    0.03265    0.00826      0.10462      0.05750      0.00762      0.10552      0.05509      
279900  0.16552    0.01451    0.03265    0.00771      0.10491      0.05737      0.00761      0.10554      0.05512      
280000  0.16746    0.01451    0.03265    0.00879      0.10549      0.06029      0.00759      0.10555      0.05511      
280100  0.16578    0.01451    0.03265    0.00828      0.10460      0.05755      0.00765      0.10550      0.05518      
280200  0.16551    0.01451    0.03265    0.00771      0.10490      0.05742      0.00760      0.10552      0.05519      
280300  0.16745    0.01451    0.03264    0.00881      0.10546      0.06024      0.00765      0.10551      0.05511      
280400  0.16578    0.01451    0.03264    0.00825      0.10462      0.05753      0.00761      0.10551      0.05513      
280500  0.16551    0.01451    0.03264    0.00772      0.10490      0.05735      0.00761      0.10552      0.05502      
280600  0.16745    0.01451    0.03264    0.00879      0.10548      0.06023      0.00762      0.10552      0.05509      
280700  0.16578    0.01452    0.03264    0.00829      0.10459      0.05743      0.00768      0.10549      0.05507      
280800  0.16551    0.01452    0.03265    0.00773      0.10489      0.05732      0.00763      0.10552      0.05513      
280900  0.16745    0.01451    0.03264    0.00881      0.10546      0.06018      0.00764      0.10551      0.05511      
281000  0.16581    0.01451    0.03264    0.00828      0.10463      0.05744      0.00767      0.10551      0.05509      
281100  0.16551    0.01451    0.03264    0.00772      0.10490      0.05739      0.00761      0.10554      0.05516      
281200  0.16744    0.01451    0.03264    0.00879      0.10548      0.06029      0.00762      0.10555      0.05520      
281300  0.16580    0.01451    0.03264    0.00828      0.10461      0.05751      0.00766      0.10550      0.05514      
281400  0.16550    0.01451    0.03264    0.00772      0.10488      0.05739      0.00763      0.10553      0.05518      
281500  0.16745    0.01451    0.03264    0.00881      0.10546      0.06027      0.00765      0.10550      0.05511      
281600  0.16580    0.01451    0.03264    0.00828      0.10462      0.05745      0.00765      0.10549      0.05507      
281700  0.16551    0.01451    0.03264    0.00771      0.10491      0.05738      0.00761      0.10551      0.05512      
281800  0.16743    0.01451    0.03264    0.00877      0.10548      0.06028      0.00760      0.10553      0.05511      
281900  0.16580    0.01451    0.03264    0.00829      0.10461      0.05748      0.00766      0.10550      0.05514      
282000  0.16550    0.01451    0.03264    0.00772      0.10488      0.05749      0.00761      0.10552      0.05526      
282100  0.16744    0.01451    0.03264    0.00877      0.10548      0.06040      0.00759      0.10554      0.05526      
282200  0.16579    0.01451    0.03264    0.00828      0.10461      0.05754      0.00768      0.10549      0.05513      
282300  0.16550    0.01451    0.03264    0.00774      0.10488      0.05746      0.00765      0.10551      0.05526      
282400  0.16744    0.01451    0.03264    0.00880      0.10546      0.06035      0.00762      0.10552      0.05524      
282500  0.16578    0.01451    0.03264    0.00826      0.10462      0.05758      0.00765      0.10550      0.05521      
282600  0.16549    0.01451    0.03264    0.00771      0.10489      0.05755      0.00761      0.10550      0.05528      
282700  0.16744    0.01451    0.03264    0.00877      0.10550      0.06027      0.00760      0.10551      0.05520      
282800  0.16578    0.01451    0.03264    0.00826      0.10463      0.05755      0.00761      0.10551      0.05516      
282900  0.16550    0.01451    0.03264    0.00769      0.10491      0.05754      0.00759      0.10554      0.05520      
283000  0.16742    0.01451    0.03263    0.00876      0.10548      0.06036      0.00760      0.10552      0.05518      
283100  0.16579    0.01451    0.03263    0.00826      0.10464      0.05756      0.00764      0.10549      0.05521      
283200  0.16549    0.01451    0.03263    0.00772      0.10489      0.05744      0.00762      0.10550      0.05512      
283300  0.16741    0.01450    0.03263    0.00877      0.10547      0.06035      0.00760      0.10551      0.05520      
283400  0.16578    0.01450    0.03263    0.00829      0.10460      0.05754      0.00769      0.10546      0.05516      
283500  0.16548    0.01450    0.03263    0.00773      0.10487      0.05745      0.00764      0.10549      0.05523      
283600  0.16741    0.01450    0.03263    0.00879      0.10545      0.06042      0.00761      0.10549      0.05525      
283700  0.16576    0.01450    0.03263    0.00827      0.10460      0.05758      0.00764      0.10548      0.05520      
283800  0.16548    0.01450    0.03263    0.00771      0.10489      0.05746      0.00760      0.10550      0.05523      
283900  0.16742    0.01450    0.03263    0.00877      0.10549      0.06029      0.00761      0.10553      0.05524      
284000  0.16577    0.01450    0.03263    0.00826      0.10461      0.05765      0.00763      0.10549      0.05521      
284100  0.16547    0.01450    0.03263    0.00771      0.10489      0.05743      0.00760      0.10551      0.05515      
284200  0.16741    0.01450    0.03263    0.00880      0.10545      0.06026      0.00763      0.10550      0.05511      
284300  0.16578    0.01450    0.03263    0.00828      0.10461      0.05752      0.00765      0.10549      0.05510      
284400  0.16547    0.01450    0.03263    0.00771      0.10488      0.05741      0.00761      0.10552      0.05516      
284500  0.16741    0.01450    0.03263    0.00881      0.10543      0.06035      0.00766      0.10548      0.05523      
284600  0.16579    0.01450    0.03263    0.00830      0.10460      0.05759      0.00767      0.10547      0.05520      
284700  0.16547    0.01450    0.03263    0.00774      0.10487      0.05742      0.00765      0.10549      0.05514      
284800  0.16741    0.01450    0.03263    0.00880      0.10546      0.06032      0.00764      0.10551      0.05510      
284900  0.16579    0.01451    0.03263    0.00827      0.10462      0.05759      0.00765      0.10550      0.05515      
285000  0.16549    0.01450    0.03263    0.00773      0.10487      0.05753      0.00763      0.10550      0.05519      
285100  0.16741    0.01451    0.03263    0.00880      0.10545      0.06033      0.00763      0.10551      0.05518      
285200  0.16578    0.01450    0.03263    0.00832      0.10458      0.05760      0.00772      0.10544      0.05511      
285300  0.16547    0.01450    0.03263    0.00774      0.10487      0.05738      0.00765      0.10548      0.05516      
285400  0.16740    0.01450    0.03263    0.00881      0.10543      0.06035      0.00765      0.10548      0.05515      
285500  0.16578    0.01450    0.03263    0.00830      0.10460      0.05754      0.00767      0.10547      0.05514      
285600  0.16547    0.01450    0.03263    0.00775      0.10485      0.05745      0.00766      0.10547      0.05521      
285700  0.16741    0.01450    0.03263    0.00881      0.10545      0.06023      0.00765      0.10549      0.05509      
285800  0.16577    0.01450    0.03262    0.00828      0.10461      0.05754      0.00768      0.10547      0.05513      
285900  0.16546    0.01450    0.03262    0.00774      0.10487      0.05731      0.00765      0.10549      0.05511      
286000  0.16741    0.01450    0.03262    0.00883      0.10543      0.06032      0.00769      0.10545      0.05515      
286100  0.16577    0.01450    0.03262    0.00831      0.10458      0.05757      0.00770      0.10546      0.05516      
286200  0.16546    0.01450    0.03262    0.00774      0.10485      0.05751      0.00764      0.10547      0.05520      
286300  0.16740    0.01450    0.03262    0.00881      0.10543      0.06036      0.00765      0.10548      0.05516      
286400  0.16577    0.01450    0.03262    0.00832      0.10458      0.05754      0.00771      0.10545      0.05518      
286500  0.16547    0.01450    0.03262    0.00772      0.10488      0.05749      0.00763      0.10549      0.05523      
286600  0.16739    0.01450    0.03262    0.00879      0.10544      0.06033      0.00764      0.10550      0.05524      
286700  0.16577    0.01450    0.03262    0.00829      0.10460      0.05756      0.00768      0.10546      0.05517      
286800  0.16547    0.01450    0.03262    0.00776      0.10485      0.05740      0.00769      0.10545      0.05522      
286900  0.16740    0.01450    0.03262    0.00882      0.10541      0.06047      0.00768      0.10545      0.05539      
287000  0.16577    0.01450    0.03262    0.00833      0.10456      0.05758      0.00772      0.10542      0.05524      
287100  0.16547    0.01450    0.03262    0.00774      0.10486      0.05751      0.00767      0.10547      0.05527      
287200  0.16739    0.01450    0.03262    0.00881      0.10542      0.06045      0.00767      0.10548      0.05533      
287300  0.16575    0.01450    0.03262    0.00831      0.10456      0.05769      0.00769      0.10544      0.05528      
287400  0.16545    0.01450    0.03262    0.00775      0.10484      0.05753      0.00766      0.10546      0.05525      
287500  0.16738    0.01450    0.03261    0.00882      0.10542      0.06036      0.00769      0.10547      0.05527      
287600  0.16577    0.01449    0.03261    0.00833      0.10457      0.05760      0.00773      0.10545      0.05524      
287700  0.16546    0.01449    0.03261    0.00774      0.10486      0.05755      0.00767      0.10546      0.05529      
287800  0.16739    0.01450    0.03261    0.00881      0.10543      0.06043      0.00766      0.10546      0.05531      
287900  0.16576    0.01449    0.03262    0.00830      0.10459      0.05764      0.00768      0.10546      0.05524      
288000  0.16545    0.01449    0.03261    0.00773      0.10486      0.05752      0.00766      0.10548      0.05535      
288100  0.16737    0.01449    0.03261    0.00883      0.10539      0.06040      0.00773      0.10543      0.05526      
288200  0.16575    0.01449    0.03261    0.00830      0.10459      0.05761      0.00768      0.10544      0.05515      
288300  0.16545    0.01449    0.03261    0.00775      0.10484      0.05757      0.00768      0.10543      0.05523      
288400  0.16737    0.01449    0.03261    0.00882      0.10541      0.06042      0.00765      0.10543      0.05526      
288500  0.16576    0.01449    0.03261    0.00833      0.10457      0.05765      0.00772      0.10540      0.05522      
288600  0.16545    0.01449    0.03261    0.00776      0.10484      0.05759      0.00767      0.10542      0.05528      
288700  0.16738    0.01449    0.03261    0.00884      0.10540      0.06041      0.00770      0.10542      0.05522      
288800  0.16575    0.01449    0.03261    0.00833      0.10457      0.05761      0.00773      0.10540      0.05516      
288900  0.16545    0.01449    0.03261    0.00776      0.10483      0.05765      0.00769      0.10542      0.05531      
289000  0.16737    0.01449    0.03261    0.00884      0.10538      0.06046      0.00770      0.10541      0.05529      
289100  0.16575    0.01449    0.03261    0.00832      0.10456      0.05768      0.00773      0.10541      0.05527      
289200  0.16545    0.01449    0.03261    0.00775      0.10485      0.05754      0.00768      0.10544      0.05532      
289300  0.16736    0.01449    0.03261    0.00882      0.10540      0.06050      0.00768      0.10543      0.05537      
289400  0.16574    0.01449    0.03261    0.00831      0.10457      0.05768      0.00770      0.10543      0.05530      
289500  0.16546    0.01449    0.03261    0.00775      0.10485      0.05759      0.00767      0.10544      0.05532      
289600  0.16737    0.01449    0.03261    0.00882      0.10540      0.06052      0.00767      0.10543      0.05532      
289700  0.16575    0.01449    0.03261    0.00832      0.10457      0.05771      0.00772      0.10541      0.05530      
289800  0.16545    0.01449    0.03261    0.00777      0.10483      0.05768      0.00771      0.10541      0.05537      
289900  0.16737    0.01449    0.03261    0.00883      0.10540      0.06054      0.00769      0.10543      0.05538      
290000  0.16574    0.01449    0.03261    0.00829      0.10458      0.05773      0.00769      0.10543      0.05527      
290100  0.16545    0.01449    0.03261    0.00774      0.10485      0.05764      0.00768      0.10543      0.05529      
290200  0.16737    0.01449    0.03261    0.00882      0.10540      0.06054      0.00767      0.10544      0.05532      
290300  0.16573    0.01449    0.03260    0.00832      0.10454      0.05776      0.00773      0.10539      0.05536      
290400  0.16545    0.01448    0.03260    0.00776      0.10484      0.05766      0.00768      0.10543      0.05535      
290500  0.16736    0.01448    0.03260    0.00884      0.10538      0.06055      0.00768      0.10541      0.05536      
290600  0.16573    0.01448    0.03260    0.00833      0.10454      0.05770      0.00773      0.10538      0.05523      
290700  0.16545    0.01448    0.03260    0.00775      0.10485      0.05776      0.00768      0.10542      0.05532      
290800  0.16735    0.01448    0.03260    0.00882      0.10540      0.06048      0.00768      0.10543      0.05531      
290900  0.16573    0.01448    0.03260    0.00831      0.10457      0.05766      0.00771      0.10542      0.05525      
291000  0.16544    0.01448    0.03260    0.00775      0.10485      0.05760      0.00768      0.10542      0.05525      
291100  0.16736    0.01448    0.03260    0.00881      0.10543      0.06045      0.00766      0.10544      0.05521      
291200  0.16573    0.01448    0.03260    0.00828      0.10462      0.05766      0.00766      0.10546      0.05521      
291300  0.16544    0.01448    0.03260    0.00772      0.10489      0.05757      0.00763      0.10546      0.05525      
291400  0.16734    0.01448    0.03260    0.00881      0.10541      0.06048      0.00766      0.10543      0.05530      
291500  0.16574    0.01448    0.03260    0.00828      0.10461      0.05775      0.00766      0.10546      0.05525      
291600  0.16544    0.01448    0.03259    0.00772      0.10488      0.05766      0.00763      0.10548      0.05533      
291700  0.16735    0.01448    0.03259    0.00879      0.10544      0.06042      0.00765      0.10546      0.05525      
291800  0.16574    0.01448    0.03259    0.00829      0.10461      0.05766      0.00770      0.10544      0.05523      
291900  0.16544    0.01447    0.03259    0.00773      0.10488      0.05756      0.00765      0.10546      0.05525      
292000  0.16734    0.01448    0.03259    0.00881      0.10542      0.06042      0.00766      0.10545      0.05522      
292100  0.16572    0.01448    0.03259    0.00830      0.10459      0.05765      0.00768      0.10544      0.05520      
292200  0.16542    0.01448    0.03259    0.00773      0.10487      0.05750      0.00764      0.10548      0.05524      
292300  0.16734    0.01448    0.03259    0.00881      0.10542      0.06038      0.00765      0.10545      0.05518      
292400  0.16571    0.01448    0.03259    0.00828      0.10459      0.05774      0.00769      0.10544      0.05524      
292500  0.16540    0.01448    0.03259    0.00774      0.10484      0.05755      0.00768      0.10544      0.05527      
292600  0.16734    0.01448    0.03259    0.00880      0.10542      0.06043      0.00764      0.10546      0.05527      
292700  0.16571    0.01448    0.03259    0.00831      0.10457      0.05764      0.00770      0.10542      0.05524      
292800  0.16540    0.01448    0.03259    0.00774      0.10483      0.05753      0.00767      0.10543      0.05525      
292900  0.16733    0.01448    0.03259    0.00883      0.10540      0.06040      0.00768      0.10542      0.05526      
293000  0.16571    0.01447    0.03259    0.00827      0.10461      0.05770      0.00767      0.10544      0.05531      
293100  0.16540    0.01447    0.03259    0.00774      0.10485      0.05749      0.00769      0.10543      0.05528      
293200  0.16732    0.01447    0.03259    0.00877      0.10545      0.06040      0.00761      0.10547      0.05525      
293300  0.16571    0.01447    0.03259    0.00831      0.10458      0.05760      0.00769      0.10541      0.05518      
293400  0.16540    0.01447    0.03259    0.00771      0.10488      0.05750      0.00762      0.10547      0.05522      
293500  0.16731    0.01447    0.03259    0.00880      0.10541      0.06038      0.00766      0.10542      0.05530      
293600  0.16572    0.01447    0.03259    0.00832      0.10457      0.05766      0.00771      0.10540      0.05521      
293700  0.16539    0.01447    0.03259    0.00775      0.10484      0.05755      0.00769      0.10542      0.05529      
293800  0.16732    0.01447    0.03258    0.00882      0.10541      0.06037      0.00768      0.10544      0.05525      
293900  0.16571    0.01447    0.03259    0.00829      0.10458      0.05773      0.00766      0.10543      0.05526      
294000  0.16540    0.01447    0.03259    0.00772      0.10487      0.05751      0.00765      0.10545      0.05531      
294100  0.16732    0.01447    0.03259    0.00881      0.10540      0.06053      0.00768      0.10542      0.05536      
294200  0.16573    0.01448    0.03259    0.00830      0.10459      0.05768      0.00771      0.10542      0.05520      
294300  0.16540    0.01448    0.03259    0.00775      0.10484      0.05748      0.00767      0.10543      0.05525      
294400  0.16731    0.01447    0.03258    0.00880      0.10542      0.06032      0.00767      0.10546      0.05530      
294500  0.16573    0.01448    0.03259    0.00830      0.10460      0.05772      0.00767      0.10544      0.05523      
294600  0.16541    0.01448    0.03258    0.00773      0.10487      0.05744      0.00768      0.10546      0.05528      
294700  0.16732    0.01448    0.03258    0.00880      0.10542      0.06037      0.00769      0.10547      0.05537      
294800  0.16575    0.01448    0.03258    0.00830      0.10461      0.05773      0.00769      0.10543      0.05527      
294900  0.16541    0.01448    0.03258    0.00775      0.10485      0.05751      0.00769      0.10544      0.05533      
295000  0.16733    0.01449    0.03258    0.00881      0.10541      0.06035      0.00769      0.10545      0.05527      
295100  0.16575    0.01449    0.03259    0.00830      0.10462      0.05763      0.00769      0.10545      0.05516      
295200  0.16542    0.01448    0.03258    0.00774      0.10488      0.05726      0.00769      0.10547      0.05526      
295300  0.16733    0.01449    0.03259    0.00883      0.10541      0.06027      0.00770      0.10545      0.05522      
295400  0.16576    0.01449    0.03259    0.00830      0.10462      0.05766      0.00769      0.10546      0.05515      
295500  0.16541    0.01448    0.03258    0.00777      0.10485      0.05724      0.00772      0.10545      0.05528      
295600  0.16733    0.01448    0.03259    0.00881      0.10541      0.06039      0.00768      0.10546      0.05528      
295700  0.16577    0.01448    0.03259    0.00830      0.10462      0.05775      0.00768      0.10545      0.05530      
295800  0.16542    0.01448    0.03258    0.00778      0.10483      0.05741      0.00773      0.10543      0.05528      
295900  0.16732    0.01448    0.03258    0.00881      0.10542      0.06035      0.00768      0.10547      0.05525      
296000  0.16576    0.01448    0.03259    0.00831      0.10461      0.05767      0.00770      0.10544      0.05522      
296100  0.16541    0.01448    0.03258    0.00777      0.10484      0.05736      0.00772      0.10543      0.05529      
296200  0.16733    0.01448    0.03258    0.00883      0.10540      0.06035      0.00773      0.10544      0.05526      
296300  0.16578    0.01448    0.03258    0.00833      0.10461      0.05770      0.00772      0.10543      0.05524      
296400  0.16543    0.01448    0.03258    0.00774      0.10488      0.05744      0.00768      0.10548      0.05531      
296500  0.16733    0.01448    0.03258    0.00881      0.10542      0.06038      0.00768      0.10546      0.05534      
296600  0.16579    0.01448    0.03258    0.00833      0.10462      0.05772      0.00771      0.10545      0.05528      
296700  0.16542    0.01448    0.03258    0.00778      0.10486      0.05728      0.00773      0.10546      0.05529      
296800  0.16733    0.01448    0.03258    0.00882      0.10542      0.06037      0.00768      0.10548      0.05530      
296900  0.16578    0.01448    0.03258    0.00833      0.10464      0.05757      0.00770      0.10546      0.05515      
297000  0.16541    0.01448    0.03258    0.00773      0.10489      0.05729      0.00767      0.10549      0.05522      
297100  0.16733    0.01448    0.03258    0.00882      0.10542      0.06029      0.00770      0.10545      0.05517      
297200  0.16578    0.01448    0.03258    0.00835      0.10461      0.05758      0.00774      0.10544      0.05517      
297300  0.16542    0.01448    0.03258    0.00778      0.10485      0.05732      0.00774      0.10544      0.05535      
297400  0.16734    0.01448    0.03258    0.00884      0.10541      0.06032      0.00772      0.10546      0.05528      
297500  0.16579    0.01448    0.03258    0.00834      0.10463      0.05757      0.00771      0.10543      0.05523      
297600  0.16543    0.01448    0.03258    0.00778      0.10487      0.05727      0.00773      0.10546      0.05534      
297700  0.16733    0.01447    0.03258    0.00884      0.10541      0.06025      0.00773      0.10545      0.05522      
297800  0.16578    0.01448    0.03258    0.00834      0.10461      0.05773      0.00773      0.10542      0.05531      
297900  0.16542    0.01448    0.03258    0.00780      0.10484      0.05731      0.00774      0.10544      0.05538      
298000  0.16734    0.01447    0.03258    0.00885      0.10541      0.06036      0.00773      0.10544      0.05535      
298100  0.16580    0.01447    0.03258    0.00836      0.10463      0.05756      0.00773      0.10544      0.05525      
298200  0.16542    0.01447    0.03258    0.00777      0.10486      0.05734      0.00770      0.10545      0.05527      
298300  0.16733    0.01447    0.03258    0.00884      0.10541      0.06034      0.00773      0.10545      0.05532      
298400  0.16578    0.01447    0.03258    0.00836      0.10460      0.05766      0.00773      0.10542      0.05523      
298500  0.16542    0.01447    0.03258    0.00778      0.10485      0.05738      0.00771      0.10545      0.05536      
298600  0.16733    0.01447    0.03258    0.00884      0.10541      0.06033      0.00771      0.10545      0.05542      
298700  0.16577    0.01447    0.03258    0.00835      0.10461      0.05757      0.00773      0.10540      0.05515      
298800  0.16541    0.01447    0.03258    0.00781      0.10483      0.05725      0.00777      0.10540      0.05529      
298900  0.16732    0.01447    0.03258    0.00886      0.10539      0.06031      0.00774      0.10542      0.05536      
299000  0.16579    0.01447    0.03258    0.00835      0.10463      0.05766      0.00774      0.10542      0.05527      
299100  0.16541    0.01447    0.03258    0.00779      0.10485      0.05726      0.00774      0.10545      0.05545      
299200  0.16733    0.01447    0.03258    0.00887      0.10538      0.06035      0.00775      0.10542      0.05545      
299300  0.16580    0.01447    0.03258    0.00837      0.10462      0.05767      0.00775      0.10542      0.05536      
299400  0.16540    0.01447    0.03257    0.00779      0.10484      0.05734      0.00775      0.10544      0.05547      
299500  0.16734    0.01447    0.03258    0.00886      0.10538      0.06046      0.00774      0.10540      0.05540      
299600  0.16581    0.01447    0.03258    0.00835      0.10463      0.05771      0.00773      0.10543      0.05526      
299700  0.16541    0.01447    0.03258    0.00780      0.10484      0.05725      0.00776      0.10545      0.05534      
299800  0.16733    0.01447    0.03258    0.00886      0.10539      0.06040      0.00775      0.10543      0.05534      
299900  0.16579    0.01447    0.03258    0.00836      0.10461      0.05772      0.00772      0.10542      0.05528      
300000  0.16542    0.01447    0.03258    0.00781      0.10483      0.05733      0.00776      0.10542      0.05532      
300100  0.16733    0.01447    0.03258    0.00886      0.10540      0.06030      0.00776      0.10544      0.05536      
300200  0.16580    0.01447    0.03258    0.00835      0.10463      0.05772      0.00772      0.10544      0.05536      
300300  0.16542    0.01447    0.03258    0.00780      0.10482      0.05747      0.00774      0.10543      0.05539      
300400  0.16734    0.01447    0.03258    0.00888      0.10538      0.06040      0.00777      0.10541      0.05544      
300500  0.16579    0.01448    0.03258    0.00836      0.10459      0.05778      0.00775      0.10541      0.05536      
300600  0.16543    0.01447    0.03258    0.00779      0.10486      0.05726      0.00775      0.10547      0.05553      
300700  0.16735    0.01447    0.03258    0.00884      0.10542      0.06045      0.00772      0.10546      0.05541      
300800  0.16581    0.01448    0.03258    0.00837      0.10461      0.05779      0.00775      0.10543      0.05532      
300900  0.16543    0.01448    0.03258    0.00781      0.10482      0.05747      0.00775      0.10544      0.05541      
301000  0.16736    0.01448    0.03258    0.00885      0.10540      0.06046      0.00773      0.10545      0.05538      
301100  0.16581    0.01448    0.03258    0.00836      0.10462      0.05775      0.00773      0.10544      0.05531      
301200  0.16543    0.01448    0.03258    0.00781      0.10482      0.05735      0.00776      0.10543      0.05542      
301300  0.16735    0.01448    0.03258    0.00886      0.10539      0.06038      0.00776      0.10545      0.05535      
301400  0.16582    0.01448    0.03258    0.00837      0.10462      0.05774      0.00773      0.10543      0.05539      
301500  0.16544    0.01447    0.03258    0.00779      0.10485      0.05739      0.00774      0.10548      0.05558      
301600  0.16735    0.01448    0.03258    0.00886      0.10541      0.06032      0.00776      0.10544      0.05539      
301700  0.16582    0.01447    0.03258    0.00837      0.10462      0.05778      0.00775      0.10542      0.05539      
301800  0.16542    0.01447    0.03258    0.00781      0.10483      0.05741      0.00774      0.10544      0.05546      
301900  0.16735    0.01447    0.03258    0.00884      0.10543      0.06038      0.00772      0.10546      0.05538      
302000  0.16581    0.01447    0.03258    0.00836      0.10463      0.05776      0.00770      0.10543      0.05534      
302100  0.16543    0.01447    0.03258    0.00779      0.10485      0.05747      0.00773      0.10545      0.05546      
302200  0.16735    0.01447    0.03258    0.00886      0.10540      0.06035      0.00777      0.10544      0.05537      
302300  0.16582    0.01447    0.03257    0.00838      0.10462      0.05774      0.00775      0.10545      0.05528      
302400  0.16544    0.01447    0.03257    0.00781      0.10485      0.05731      0.00774      0.10546      0.05543      
302500  0.16735    0.01447    0.03257    0.00887      0.10540      0.06029      0.00775      0.10546      0.05538      
302600  0.16584    0.01448    0.03257    0.00837      0.10465      0.05764      0.00774      0.10545      0.05531      
302700  0.16543    0.01447    0.03257    0.00779      0.10486      0.05733      0.00771      0.10548      0.05542      
302800  0.16735    0.01447    0.03257    0.00887      0.10539      0.06040      0.00774      0.10544      0.05543      
302900  0.16582    0.01448    0.03257    0.00835      0.10464      0.05772      0.00772      0.10544      0.05532      
303000  0.16543    0.01448    0.03257    0.00781      0.10484      0.05730      0.00775      0.10546      0.05536      
303100  0.16734    0.01447    0.03257    0.00887      0.10539      0.06033      0.00776      0.10545      0.05541      
303200  0.16581    0.01447    0.03257    0.00836      0.10463      0.05774      0.00774      0.10544      0.05537      
303300  0.16543    0.01447    0.03257    0.00780      0.10485      0.05733      0.00775      0.10546      0.05541      
303400  0.16734    0.01447    0.03257    0.00886      0.10540      0.06038      0.00774      0.10544      0.05541      
303500  0.16581    0.01447    0.03257    0.00836      0.10463      0.05773      0.00774      0.10543      0.05532      
303600  0.16542    0.01447    0.03257    0.00783      0.10483      0.05729      0.00776      0.10543      0.05536      
303700  0.16735    0.01447    0.03257    0.00886      0.10541      0.06045      0.00774      0.10544      0.05541      
303800  0.16582    0.01447    0.03257    0.00836      0.10464      0.05779      0.00771      0.10544      0.05533      
303900  0.16543    0.01447    0.03257    0.00780      0.10486      0.05731      0.00774      0.10545      0.05545      
304000  0.16735    0.01447    0.03257    0.00885      0.10541      0.06049      0.00771      0.10545      0.05547      
304100  0.16582    0.01447    0.03257    0.00837      0.10464      0.05781      0.00774      0.10543      0.05531      
304200  0.16542    0.01447    0.03257    0.00780      0.10485      0.05737      0.00775      0.10544      0.05553      
304300  0.16734    0.01447    0.03257    0.00886      0.10539      0.06050      0.00772      0.10544      0.05553      
304400  0.16583    0.01447    0.03257    0.00838      0.10464      0.05773      0.00775      0.10543      0.05533      
304500  0.16542    0.01447    0.03257    0.00784      0.10483      0.05720      0.00779      0.10543      0.05541      
304600  0.16734    0.01447    0.03257    0.00890      0.10538      0.06036      0.00779      0.10541      0.05537      
304700  0.16585    0.01447    0.03257    0.00840      0.10464      0.05769      0.00776      0.10542      0.05536      
304800  0.16544    0.01446    0.03257    0.00784      0.10483      0.05729      0.00777      0.10542      0.05542      
304900  0.16734    0.01446    0.03257    0.00890      0.10537      0.06043      0.00782      0.10540      0.05541      
305000  0.16585    0.01447    0.03257    0.00837      0.10466      0.05780      0.00775      0.10543      0.05532      
305100  0.16543    0.01446    0.03257    0.00785      0.10481      0.05741      0.00781      0.10540      0.05543      
305200  0.16734    0.01446    0.03257    0.00888      0.10540      0.06038      0.00779      0.10543      0.05536      
305300  0.16586    0.01447    0.03257    0.00838      0.10466      0.05786      0.00775      0.10543      0.05541      
305400  0.16544    0.01446    0.03257    0.00784      0.10483      0.05734      0.00779      0.10543      0.05545      
305500  0.16734    0.01446    0.03257    0.00886      0.10539      0.06054      0.00773      0.10543      0.05544      
305600  0.16584    0.01446    0.03257    0.00838      0.10466      0.05782      0.00775      0.10543      0.05538      
305700  0.16544    0.01446    0.03257    0.00782      0.10484      0.05752      0.00776      0.10545      0.05546      
305800  0.16734    0.01446    0.03257    0.00889      0.10540      0.06024      0.00780      0.10548      0.05539      
305900  0.16584    0.01446    0.03257    0.00836      0.10466      0.05791      0.00774      0.10545      0.05541      
306000  0.16544    0.01446    0.03256    0.00783      0.10485      0.05733      0.00776      0.10547      0.05547      
306100  0.16733    0.01446    0.03256    0.00886      0.10540      0.06035      0.00775      0.10548      0.05544      
306200  0.16585    0.01446    0.03257    0.00840      0.10465      0.05781      0.00778      0.10543      0.05544      
306300  0.16544    0.01446    0.03257    0.00784      0.10483      0.05746      0.00777      0.10543      0.05537      
306400  0.16733    0.01446    0.03256    0.00886      0.10542      0.06033      0.00776      0.10546      0.05543      
306500  0.16584    0.01446    0.03256    0.00837      0.10467      0.05779      0.00775      0.10544      0.05534      
306600  0.16542    0.01446    0.03256    0.00782      0.10485      0.05738      0.00775      0.10546      0.05545      
306700  0.16732    0.01446    0.03256    0.00888      0.10539      0.06032      0.00777      0.10547      0.05544      
306800  0.16584    0.01446    0.03256    0.00839      0.10465      0.05784      0.00777      0.10546      0.05539      
306900  0.16544    0.01446    0.03256    0.00783      0.10486      0.05740      0.00776      0.10547      0.05543      
307000  0.16733    0.01445    0.03256    0.00888      0.10539      0.06037      0.00778      0.10545      0.05538      
307100  0.16584    0.01445    0.03256    0.00839      0.10465      0.05783      0.00778      0.10545      0.05541      
307200  0.16544    0.01445    0.03256    0.00783      0.10486      0.05743      0.00776      0.10546      0.05542      
307300  0.16733    0.01445    0.03256    0.00887      0.10541      0.06039      0.00776      0.10548      0.05546      
307400  0.16586    0.01445    0.03256    0.00839      0.10467      0.05784      0.00774      0.10546      0.05536      
307500  0.16544    0.01445    0.03256    0.00783      0.10486      0.05742      0.00777      0.10545      0.05538      
307600  0.16732    0.01445    0.03256    0.00886      0.10541      0.06042      0.00777      0.10547      0.05534      
307700  0.16583    0.01445    0.03256    0.00840      0.10465      0.05782      0.00777      0.10544      0.05543      
307800  0.16545    0.01445    0.03256    0.00784      0.10486      0.05741      0.00777      0.10546      0.05546      
307900  0.16732    0.01445    0.03256    0.00885      0.10543      0.06036      0.00773      0.10550      0.05544      
308000  0.16584    0.01445    0.03256    0.00838      0.10467      0.05789      0.00773      0.10545      0.05537      
308100  0.16545    0.01445    0.03256    0.00783      0.10488      0.05733      0.00778      0.10547      0.05543      
308200  0.16732    0.01445    0.03256    0.00887      0.10541      0.06040      0.00777      0.10544      0.05540      
308300  0.16584    0.01445    0.03256    0.00839      0.10466      0.05781      0.00775      0.10544      0.05539      
308400  0.16543    0.01445    0.03256    0.00781      0.10486      0.05744      0.00774      0.10545      0.05553      
308500  0.16732    0.01445    0.03256    0.00887      0.10540      0.06046      0.00776      0.10544      0.05544      
308600  0.16585    0.01445    0.03256    0.00839      0.10468      0.05781      0.00774      0.10544      0.05533      
308700  0.16543    0.01445    0.03256    0.00781      0.10487      0.05750      0.00774      0.10544      0.05542      
308800  0.16733    0.01445    0.03256    0.00886      0.10542      0.06041      0.00774      0.10545      0.05538      
308900  0.16584    0.01445    0.03256    0.00838      0.10467      0.05791      0.00775      0.10545      0.05543      
309000  0.16544    0.01445    0.03255    0.00783      0.10486      0.05745      0.00778      0.10544      0.05545      
309100  0.16734    0.01445    0.03256    0.00888      0.10542      0.06037      0.00776      0.10546      0.05549      
309200  0.16585    0.01445    0.03256    0.00839      0.10467      0.05787      0.00775      0.10545      0.05538      
309300  0.16544    0.01445    0.03255    0.00782      0.10488      0.05735      0.00775      0.10547      0.05554      
309400  0.16734    0.01445    0.03255    0.00886      0.10542      0.06049      0.00775      0.10545      0.05546      
309500  0.16586    0.01445    0.03255    0.00841      0.10466      0.05791      0.00776      0.10545      0.05555      
309600  0.16545    0.01445    0.03255    0.00783      0.10486      0.05748      0.00776      0.10544      0.05555      
309700  0.16733    0.01445    0.03255    0.00887      0.10542      0.06044      0.00775      0.10547      0.05554      
309800  0.16586    0.01445    0.03256    0.00838      0.10467      0.05795      0.00773      0.10546      0.05550      
309900  0.16545    0.01445    0.03255    0.00782      0.10487      0.05754      0.00775      0.10547      0.05551      
310000  0.16733    0.01445    0.03255    0.00886      0.10542      0.06051      0.00775      0.10548      0.05556      
310100  0.16585    0.01445    0.03255    0.00840      0.10466      0.05792      0.00776      0.10544      0.05548      
310200  0.16545    0.01445    0.03255    0.00782      0.10488      0.05751      0.00775      0.10546      0.05555      
310300  0.16734    0.01445    0.03255    0.00887      0.10542      0.06045      0.00775      0.10546      0.05541      
310400  0.16585    0.01445    0.03255    0.00840      0.10466      0.05793      0.00778      0.10544      0.05546      
310500  0.16546    0.01445    0.03255    0.00781      0.10490      0.05743      0.00776      0.10549      0.05554      
310600  0.16734    0.01445    0.03255    0.00888      0.10542      0.06044      0.00777      0.10546      0.05547      
310700  0.16587    0.01445    0.03255    0.00839      0.10470      0.05781      0.00776      0.10547      0.05540      
310800  0.16544    0.01445    0.03255    0.00784      0.10487      0.05736      0.00778      0.10547      0.05552      
310900  0.16734    0.01445    0.03255    0.00888      0.10542      0.06044      0.00777      0.10546      0.05540      
311000  0.16587    0.01445    0.03255    0.00839      0.10468      0.05796      0.00776      0.10546      0.05545      
311100  0.16545    0.01445    0.03255    0.00784      0.10487      0.05748      0.00779      0.10547      0.05540      
311200  0.16734    0.01445    0.03255    0.00888      0.10542      0.06042      0.00777      0.10546      0.05552      
311300  0.16587    0.01445    0.03255    0.00840      0.10469      0.05785      0.00777      0.10544      0.05545      
311400  0.16544    0.01445    0.03255    0.00785      0.10486      0.05738      0.00780      0.10545      0.05563      
311500  0.16734    0.01445    0.03255    0.00888      0.10541      0.06047      0.00779      0.10545      0.05556      
311600  0.16585    0.01445    0.03255    0.00839      0.10467      0.05803      0.00773      0.10545      0.05548      
311700  0.16544    0.01444    0.03255    0.00785      0.10485      0.05750      0.00778      0.10545      0.05551      
311800  0.16734    0.01444    0.03255    0.00888      0.10543      0.06049      0.00775      0.10546      0.05560      
311900  0.16587    0.01444    0.03255    0.00842      0.10467      0.05794      0.00776      0.10544      0.05552      
312000  0.16544    0.01444    0.03254    0.00782      0.10489      0.05750      0.00775      0.10547      0.05561      
312100  0.16732    0.01444    0.03254    0.00887      0.10542      0.06051      0.00776      0.10546      0.05559      
312200  0.16587    0.01444    0.03254    0.00839      0.10470      0.05800      0.00775      0.10545      0.05563      
312300  0.16543    0.01444    0.03254    0.00784      0.10487      0.05739      0.00778      0.10546      0.05559      
312400  0.16733    0.01444    0.03254    0.00888      0.10543      0.06047      0.00777      0.10545      0.05557      
312500  0.16584    0.01444    0.03254    0.00839      0.10468      0.05797      0.00774      0.10546      0.05554      
312600  0.16543    0.01444    0.03254    0.00784      0.10487      0.05743      0.00779      0.10547      0.05559      
312700  0.16733    0.01444    0.03254    0.00888      0.10542      0.06056      0.00777      0.10544      0.05556      
312800  0.16584    0.01444    0.03254    0.00839      0.10468      0.05800      0.00775      0.10545      0.05557      
312900  0.16542    0.01444    0.03254    0.00783      0.10487      0.05748      0.00775      0.10545      0.05562      
313000  0.16732    0.01444    0.03254    0.00888      0.10542      0.06051      0.00775      0.10547      0.05563      
313100  0.16583    0.01444    0.03254    0.00837      0.10468      0.05805      0.00772      0.10548      0.05555      
313200  0.16542    0.01443    0.03254    0.00782      0.10489      0.05738      0.00775      0.10550      0.05557      
313300  0.16733    0.01443    0.03254    0.00888      0.10543      0.06046      0.00774      0.10548      0.05553      
313400  0.16585    0.01443    0.03254    0.00837      0.10471      0.05802      0.00772      0.10547      0.05560      
313500  0.16541    0.01444    0.03254    0.00782      0.10487      0.05748      0.00773      0.10547      0.05567      
313600  0.16732    0.01444    0.03254    0.00886      0.10543      0.06055      0.00774      0.10547      0.05555      
313700  0.16583    0.01444    0.03254    0.00838      0.10467      0.05806      0.00773      0.10547      0.05559      
313800  0.16541    0.01444    0.03254    0.00782      0.10487      0.05745      0.00773      0.10547      0.05558      
313900  0.16732    0.01444    0.03254    0.00888      0.10541      0.06050      0.00776      0.10546      0.05558      
314000  0.16583    0.01444    0.03254    0.00839      0.10467      0.05793      0.00775      0.10546      0.05543      
314100  0.16541    0.01443    0.03254    0.00782      0.10487      0.05754      0.00774      0.10546      0.05558      
314200  0.16732    0.01443    0.03254    0.00886      0.10543      0.06055      0.00774      0.10547      0.05548      
314300  0.16583    0.01443    0.03254    0.00840      0.10466      0.05791      0.00777      0.10545      0.05552      
314400  0.16542    0.01443    0.03254    0.00782      0.10489      0.05742      0.00774      0.10548      0.05551      
314500  0.16731    0.01443    0.03254    0.00887      0.10543      0.06045      0.00776      0.10546      0.05557      
314600  0.16583    0.01443    0.03254    0.00839      0.10466      0.05802      0.00774      0.10543      0.05553      
314700  0.16541    0.01443    0.03254    0.00783      0.10488      0.05738      0.00774      0.10545      0.05547      
314800  0.16731    0.01443    0.03254    0.00885      0.10544      0.06049      0.00775      0.10548      0.05552      
314900  0.16582    0.01443    0.03254    0.00837      0.10468      0.05800      0.00772      0.10545      0.05550      
315000  0.16541    0.01443    0.03254    0.00784      0.10486      0.05744      0.00777      0.10545      0.05556      
315100  0.16733    0.01443    0.03254    0.00888      0.10543      0.06051      0.00777      0.10547      0.05563      
315200  0.16582    0.01443    0.03254    0.00838      0.10467      0.05804      0.00773      0.10545      0.05556      
315300  0.16541    0.01443    0.03254    0.00783      0.10486      0.05742      0.00776      0.10545      0.05559      
315400  0.16732    0.01443    0.03254    0.00887      0.10543      0.06060      0.00776      0.10546      0.05557      
315500  0.16583    0.01444    0.03254    0.00840      0.10465      0.05805      0.00777      0.10544      0.05561      
315600  0.16541    0.01444    0.03254    0.00782      0.10486      0.05745      0.00776      0.10546      0.05559      
315700  0.16733    0.01443    0.03254    0.00888      0.10542      0.06059      0.00778      0.10545      0.05557      
315800  0.16582    0.01443    0.03254    0.00839      0.10466      0.05802      0.00775      0.10544      0.05562      
315900  0.16541    0.01443    0.03254    0.00785      0.10485      0.05740      0.00780      0.10545      0.05555      
316000  0.16733    0.01443    0.03254    0.00887      0.10544      0.06056      0.00774      0.10548      0.05557      
316100  0.16582    0.01443    0.03254    0.00841      0.10465      0.05794      0.00778      0.10544      0.05547      
316200  0.16540    0.01443    0.03254    0.00783      0.10487      0.05734      0.00776      0.10547      0.05564      
316300  0.16732    0.01443    0.03254    0.00888      0.10542      0.06050      0.00775      0.10544      0.05550      
316400  0.16582    0.01443    0.03254    0.00839      0.10466      0.05796      0.00774      0.10544      0.05551      
316500  0.16540    0.01443    0.03254    0.00785      0.10485      0.05742      0.00778      0.10545      0.05555      
316600  0.16732    0.01443    0.03254    0.00889      0.10540      0.06057      0.00780      0.10545      0.05563      
316700  0.16582    0.01443    0.03254    0.00838      0.10467      0.05800      0.00774      0.10545      0.05549      
316800  0.16540    0.01443    0.03254    0.00783      0.10485      0.05755      0.00775      0.10545      0.05563      
316900  0.16732    0.01443    0.03254    0.00889      0.10541      0.06051      0.00781      0.10545      0.05553      
317000  0.16582    0.01443    0.03254    0.00840      0.10466      0.05797      0.00777      0.10545      0.05546      
317100  0.16540    0.01443    0.03254    0.00784      0.10484      0.05760      0.00777      0.10546      0.05555      
317200  0.16732    0.01443    0.03254    0.00889      0.10541      0.06055      0.00777      0.10547      0.05559      
317300  0.16582    0.01443    0.03254    0.00840      0.10465      0.05805      0.00774      0.10545      0.05552      
317400  0.16541    0.01443    0.03254    0.00783      0.10486      0.05749      0.00776      0.10548      0.05558      
317500  0.16731    0.01443    0.03254    0.00888      0.10541      0.06054      0.00777      0.10548      0.05559      
317600  0.16581    0.01443    0.03254    0.00838      0.10467      0.05794      0.00776      0.10547      0.05543      
317700  0.16540    0.01443    0.03254    0.00783      0.10487      0.05744      0.00776      0.10548      0.05564      
317800  0.16730    0.01443    0.03254    0.00888      0.10540      0.06059      0.00775      0.10546      0.05561      
317900  0.16582    0.01443    0.03254    0.00840      0.10465      0.05802      0.00775      0.10545      0.05559      
318000  0.16540    0.01443    0.03254    0.00784      0.10484      0.05748      0.00778      0.10545      0.05559      
318100  0.16731    0.01443    0.03254    0.00888      0.10540      0.06058      0.00776      0.10546      0.05554      
318200  0.16581    0.01443    0.03254    0.00838      0.10465      0.05813      0.00775      0.10546      0.05570      
318300  0.16539    0.01443    0.03254    0.00785      0.10483      0.05743      0.00779      0.10546      0.05566      
318400  0.16731    0.01443    0.03254    0.00887      0.10541      0.06058      0.00773      0.10548      0.05561      
318500  0.16583    0.01443    0.03254    0.00838      0.10467      0.05805      0.00772      0.10547      0.05562      
318600  0.16540    0.01443    0.03254    0.00782      0.10486      0.05750      0.00775      0.10548      0.05572      
318700  0.16732    0.01443    0.03254    0.00888      0.10541      0.06056      0.00775      0.10548      0.05563      
318800  0.16583    0.01443    0.03254    0.00839      0.10466      0.05807      0.00774      0.10547      0.05564      
318900  0.16540    0.01443    0.03254    0.00784      0.10485      0.05740      0.00777      0.10548      0.05568      
319000  0.16730    0.01443    0.03254    0.00885      0.10542      0.06058      0.00773      0.10550      0.05563      
319100  0.16582    0.01444    0.03254    0.00840      0.10465      0.05793      0.00777      0.10546      0.05555      
319200  0.16539    0.01443    0.03254    0.00783      0.10485      0.05737      0.00776      0.10549      0.05564      
319300  0.16730    0.01443    0.03254    0.00889      0.10539      0.06048      0.00778      0.10548      0.05560      
319400  0.16582    0.01444    0.03254    0.00840      0.10465      0.05791      0.00778      0.10546      0.05555      
319500  0.16539    0.01443    0.03254    0.00783      0.10484      0.05750      0.00776      0.10546      0.05556      
319600  0.16730    0.01443    0.03254    0.00887      0.10541      0.06054      0.00776      0.10547      0.05563      
319700  0.16584    0.01444    0.03254    0.00841      0.10466      0.05803      0.00776      0.10543      0.05563      
319800  0.16540    0.01443    0.03254    0.00783      0.10485      0.05754      0.00776      0.10547      0.05561      
319900  0.16730    0.01443    0.03254    0.00886      0.10542      0.06055      0.00775      0.10547      0.05564      
320000  0.16585    0.01443    0.03253    0.00840      0.10468      0.05805      0.00776      0.10546      0.05561      
320100  0.16541    0.01443    0.03253    0.00782      0.10488      0.05746      0.00774      0.10549      0.05571      
320200  0.16730    0.01443    0.03253    0.00888      0.10541      0.06048      0.00777      0.10546      0.05558      
320300  0.16583    0.01443    0.03253    0.00841      0.10466      0.05795      0.00774      0.10545      0.05556      
320400  0.16540    0.01443    0.03253    0.00783      0.10486      0.05747      0.00775      0.10545      0.05554      
320500  0.16731    0.01443    0.03253    0.00890      0.10539      0.06049      0.00778      0.10543      0.05560      
320600  0.16583    0.01443    0.03254    0.00841      0.10466      0.05791      0.00776      0.10544      0.05548      
320700  0.16541    0.01443    0.03253    0.00785      0.10485      0.05747      0.00778      0.10547      0.05550      
320800  0.16730    0.01443    0.03253    0.00889      0.10541      0.06040      0.00779      0.10547      0.05548      
320900  0.16584    0.01443    0.03253    0.00841      0.10467      0.05796      0.00777      0.10544      0.05551      
321000  0.16540    0.01443    0.03253    0.00783      0.10486      0.05751      0.00775      0.10546      0.05562      
321100  0.16731    0.01443    0.03253    0.00890      0.10540      0.06044      0.00778      0.10548      0.05553      
321200  0.16584    0.01443    0.03253    0.00841      0.10467      0.05794      0.00777      0.10545      0.05556      
321300  0.16541    0.01443    0.03253    0.00785      0.10486      0.05731      0.00780      0.10547      0.05570      
321400  0.16731    0.01443    0.03253    0.00888      0.10539      0.06065      0.00776      0.10545      0.05564      
321500  0.16583    0.01443    0.03253    0.00843      0.10465      0.05788      0.00781      0.10542      0.05550      
321600  0.16540    0.01443    0.03253    0.00784      0.10485      0.05747      0.00777      0.10545      0.05559      
321700  0.16730    0.01443    0.03253    0.00889      0.10539      0.06053      0.00778      0.10544      0.05560      
321800  0.16583    0.01443    0.03253    0.00844      0.10463      0.05807      0.00779      0.10540      0.05566      
321900  0.16540    0.01443    0.03253    0.00784      0.10486      0.05745      0.00777      0.10547      0.05571      
322000  0.16730    0.01443    0.03253    0.00890      0.10538      0.06056      0.00779      0.10544      0.05562      
322100  0.16583    0.01443    0.03253    0.00844      0.10462      0.05804      0.00781      0.10541      0.05558      
322200  0.16540    0.01443    0.03253    0.00786      0.10484      0.05738      0.00780      0.10544      0.05563      
322300  0.16730    0.01442    0.03253    0.00890      0.10538      0.06057      0.00780      0.10544      0.05570      
322400  0.16581    0.01443    0.03253    0.00843      0.10462      0.05805      0.00776      0.10542      0.05561      
322500  0.16540    0.01443    0.03253    0.00786      0.10483      0.05753      0.00779      0.10544      0.05564      
322600  0.16728    0.01443    0.03253    0.00891      0.10536      0.06057      0.00780      0.10542      0.05573      
322700  0.16582    0.01443    0.03253    0.00842      0.10464      0.05799      0.00776      0.10543      0.05563      
322800  0.16539    0.01443    0.03253    0.00785      0.10484      0.05738      0.00778      0.10545      0.05566      
322900  0.16729    0.01443    0.03253    0.00890      0.10539      0.06053      0.00778      0.10545      0.05569      
323000  0.16582    0.01443    0.03253    0.00843      0.10463      0.05803      0.00778      0.10543      0.05558      
323100  0.16539    0.01442    0.03253    0.00784      0.10485      0.05745      0.00777      0.10548      0.05566      
323200  0.16729    0.01443    0.03253    0.00889      0.10538      0.06065      0.00776      0.10545      0.05566      
323300  0.16583    0.01443    0.03253    0.00843      0.10464      0.05800      0.00779      0.10545      0.05561      
323400  0.16540    0.01443    0.03253    0.00786      0.10484      0.05751      0.00779      0.10546      0.05566      
323500  0.16730    0.01443    0.03253    0.00889      0.10540      0.06053      0.00777      0.10547      0.05570      
323600  0.16581    0.01443    0.03253    0.00843      0.10462      0.05797      0.00780      0.10541      0.05553      
323700  0.16540    0.01442    0.03253    0.00785      0.10487      0.05733      0.00778      0.10547      0.05561      
323800  0.16729    0.01443    0.03253    0.00890      0.10538      0.06056      0.00779      0.10543      0.05565      
323900  0.16583    0.01443    0.03253    0.00842      0.10465      0.05802      0.00780      0.10543      0.05562      
324000  0.16541    0.01443    0.03253    0.00786      0.10484      0.05743      0.00780      0.10543      0.05568      
324100  0.16729    0.01443    0.03253    0.00888      0.10540      0.06056      0.00778      0.10545      0.05560      
324200  0.16583    0.01443    0.03253    0.00842      0.10465      0.05796      0.00779      0.10543      0.05554      
324300  0.16540    0.01443    0.03253    0.00787      0.10483      0.05755      0.00781      0.10543      0.05568      
324400  0.16730    0.01443    0.03253    0.00890      0.10539      0.06054      0.00780      0.10544      0.05558      
324500  0.16583    0.01443    0.03253    0.00841      0.10466      0.05802      0.00777      0.10544      0.05556      
324600  0.16540    0.01443    0.03253    0.00785      0.10483      0.05759      0.00778      0.10543      0.05573      
324700  0.16730    0.01443    0.03253    0.00889      0.10540      0.06056      0.00778      0.10545      0.05563      
324800  0.16582    0.01443    0.03253    0.00841      0.10466      0.05800      0.00778      0.10545      0.05557      
324900  0.16540    0.01443    0.03253    0.00785      0.10485      0.05745      0.00778      0.10544      0.05553      
325000  0.16730    0.01443    0.03253    0.00887      0.10541      0.06056      0.00776      0.10547      0.05564      
325100  0.16582    0.01443    0.03253    0.00839      0.10468      0.05795      0.00774      0.10547      0.05547      
325200  0.16540    0.01443    0.03253    0.00784      0.10486      0.05737      0.00778      0.10546      0.05557      
325300  0.16729    0.01443    0.03253    0.00889      0.10540      0.06049      0.00777      0.10545      0.05560      
325400  0.16582    0.01443    0.03253    0.00840      0.10466      0.05800      0.00775      0.10543      0.05553      
325500  0.16540    0.01443    0.03253    0.00784      0.10486      0.05750      0.00776      0.10546      0.05558      
325600  0.16729    0.01443    0.03253    0.00888      0.10540      0.06057      0.00777      0.10545      0.05558      
325700  0.16580    0.01443    0.03253    0.00842      0.10462      0.05798      0.00780      0.10543      0.05553      
325800  0.16540    0.01443    0.03253    0.00786      0.10483      0.05763      0.00778      0.10544      0.05562      
325900  0.16729    0.01443    0.03253    0.00887      0.10540      0.06062      0.00776      0.10546      0.05565      
326000  0.16581    0.01443    0.03253    0.00839      0.10465      0.05813      0.00775      0.10546      0.05562      
326100  0.16541    0.01443    0.03253    0.00783      0.10488      0.05745      0.00776      0.10550      0.05573      
326200  0.16730    0.01442    0.03253    0.00885      0.10543      0.06066      0.00772      0.10551      0.05565      
326300  0.16582    0.01442    0.03253    0.00840      0.10465      0.05811      0.00775      0.10547      0.05563      
326400  0.16540    0.01442    0.03253    0.00785      0.10485      0.05746      0.00779      0.10547      0.05568      
326500  0.16732    0.01442    0.03253    0.00888      0.10541      0.06071      0.00776      0.10547      0.05559      
326600  0.16581    0.01442    0.03253    0.00838      0.10467      0.05809      0.00773      0.10549      0.05563      
326700  0.16541    0.01442    0.03253    0.00782      0.10488      0.05753      0.00774      0.10548      0.05567      
326800  0.16731    0.01442    0.03253    0.00887      0.10542      0.06069      0.00776      0.10546      0.05560      
326900  0.16581    0.01442    0.03253    0.00839      0.10467      0.05802      0.00775      0.10547      0.05561      
327000  0.16540    0.01442    0.03253    0.00785      0.10484      0.05760      0.00778      0.10543      0.05563      
327100  0.16730    0.01442    0.03253    0.00888      0.10540      0.06066      0.00778      0.10543      0.05565      
327200  0.16581    0.01442    0.03253    0.00842      0.10463      0.05809      0.00778      0.10542      0.05555      
327300  0.16541    0.01442    0.03253    0.00787      0.10485      0.05743      0.00780      0.10547      0.05559      
327400  0.16731    0.01442    0.03253    0.00889      0.10540      0.06061      0.00778      0.10546      0.05565      
327500  0.16583    0.01442    0.03253    0.00842      0.10465      0.05811      0.00777      0.10544      0.05566      
327600  0.16539    0.01442    0.03253    0.00786      0.10485      0.05740      0.00780      0.10546      0.05565      
327700  0.16731    0.01442    0.03253    0.00888      0.10541      0.06069      0.00777      0.10546      0.05575      
327800  0.16583    0.01442    0.03253    0.00840      0.10467      0.05817      0.00775      0.10544      0.05571      
327900  0.16541    0.01442    0.03253    0.00785      0.10485      0.05758      0.00777      0.10543      0.05569      
328000  0.16731    0.01442    0.03253    0.00891      0.10538      0.06072      0.00780      0.10543      0.05573      
328100  0.16583    0.01442    0.03253    0.00841      0.10466      0.05809      0.00776      0.10545      0.05565      
328200  0.16541    0.01442    0.03253    0.00788      0.10484      0.05748      0.00782      0.10544      0.05568      
328300  0.16731    0.01442    0.03253    0.00890      0.10541      0.06061      0.00778      0.10548      0.05575      
328400  0.16581    0.01442    0.03253    0.00840      0.10466      0.05816      0.00774      0.10547      0.05571      
328500  0.16542    0.01442    0.03253    0.00787      0.10485      0.05750      0.00780      0.10546      0.05578      
328600  0.16732    0.01441    0.03252    0.00890      0.10540      0.06075      0.00779      0.10546      0.05581      
328700  0.16582    0.01442    0.03253    0.00840      0.10465      0.05825      0.00774      0.10546      0.05569      
328800  0.16542    0.01442    0.03253    0.00786      0.10487      0.05752      0.00779      0.10547      0.05576      
328900  0.16731    0.01442    0.03253    0.00892      0.10539      0.06063      0.00782      0.10544      0.05569      
329000  0.16582    0.01442    0.03253    0.00841      0.10465      0.05813      0.00777      0.10544      0.05566      
329100  0.16542    0.01442    0.03253    0.00785      0.10486      0.05765      0.00777      0.10547      0.05573      
329200  0.16731    0.01442    0.03253    0.00891      0.10540      0.06063      0.00782      0.10545      0.05571      
329300  0.16583    0.01442    0.03253    0.00841      0.10467      0.05802      0.00776      0.10547      0.05551      
329400  0.16542    0.01442    0.03252    0.00785      0.10486      0.05760      0.00779      0.10546      0.05573      
329500  0.16732    0.01442    0.03252    0.00890      0.10541      0.06073      0.00778      0.10545      0.05571      
329600  0.16581    0.01442    0.03253    0.00839      0.10467      0.05813      0.00775      0.10547      0.05561      
329700  0.16542    0.01442    0.03253    0.00786      0.10487      0.05749      0.00778      0.10547      0.05562      
329800  0.16732    0.01442    0.03253    0.00888      0.10542      0.06078      0.00775      0.10547      0.05570      
329900  0.16582    0.01442    0.03253    0.00842      0.10464      0.05814      0.00777      0.10545      0.05575      
330000  0.16543    0.01442    0.03252    0.00786      0.10486      0.05765      0.00778      0.10545      0.05572      
330100  0.16733    0.01442    0.03252    0.00889      0.10542      0.06071      0.00777      0.10547      0.05574      
330200  0.16584    0.01442    0.03252    0.00842      0.10467      0.05814      0.00779      0.10546      0.05573      
330300  0.16543    0.01442    0.03252    0.00788      0.10485      0.05760      0.00780      0.10545      0.05582      
330400  0.16732    0.01442    0.03252    0.00890      0.10541      0.06076      0.00776      0.10546      0.05573      
330500  0.16584    0.01442    0.03252    0.00842      0.10466      0.05820      0.00778      0.10546      0.05560      
330600  0.16543    0.01441    0.03252    0.00788      0.10486      0.05755      0.00781      0.10546      0.05574      
330700  0.16732    0.01441    0.03252    0.00890      0.10542      0.06063      0.00780      0.10547      0.05565      
330800  0.16584    0.01441    0.03252    0.00845      0.10464      0.05815      0.00779      0.10543      0.05576      
330900  0.16544    0.01441    0.03252    0.00789      0.10487      0.05749      0.00782      0.10546      0.05575      
331000  0.16732    0.01441    0.03252    0.00891      0.10541      0.06072      0.00780      0.10546      0.05580      
331100  0.16584    0.01441    0.03252    0.00842      0.10467      0.05815      0.00775      0.10546      0.05566      
331200  0.16544    0.01441    0.03252    0.00791      0.10484      0.05761      0.00782      0.10542      0.05571      
331300  0.16732    0.01441    0.03252    0.00892      0.10540      0.06066      0.00784      0.10545      0.05575      
331400  0.16584    0.01441    0.03252    0.00842      0.10466      0.05820      0.00778      0.10543      0.05578      
331500  0.16544    0.01441    0.03252    0.00789      0.10485      0.05765      0.00782      0.10543      0.05582      
331600  0.16731    0.01441    0.03252    0.00892      0.10539      0.06079      0.00781      0.10544      0.05573      
331700  0.16586    0.01441    0.03252    0.00847      0.10465      0.05806      0.00782      0.10541      0.05569      
331800  0.16544    0.01441    0.03252    0.00787      0.10487      0.05767      0.00780      0.10545      0.05581      
331900  0.16731    0.01441    0.03252    0.00891      0.10540      0.06074      0.00780      0.10544      0.05578      
332000  0.16587    0.01442    0.03252    0.00844      0.10468      0.05814      0.00780      0.10543      0.05577      
332100  0.16543    0.01441    0.03252    0.00786      0.10489      0.05756      0.00777      0.10545      0.05583      
332200  0.16732    0.01441    0.03252    0.00891      0.10540      0.06077      0.00780      0.10544      0.05582      
332300  0.16586    0.01441    0.03252    0.00842      0.10468      0.05823      0.00775      0.10543      0.05576      
332400  0.16543    0.01441    0.03252    0.00785      0.10488      0.05763      0.00778      0.10543      0.05585      
332500  0.16732    0.01441    0.03252    0.00891      0.10541      0.06075      0.00780      0.10542      0.05581      
332600  0.16586    0.01441    0.03252    0.00844      0.10468      0.05817      0.00779      0.10542      0.05568      
332700  0.16544    0.01441    0.03252    0.00787      0.10487      0.05770      0.00780      0.10542      0.05567      
332800  0.16732    0.01441    0.03252    0.00890      0.10541      0.06077      0.00779      0.10545      0.05579      
332900  0.16587    0.01441    0.03252    0.00845      0.10468      0.05815      0.00782      0.10543      0.05569      
333000  0.16544    0.01441    0.03252    0.00788      0.10487      0.05767      0.00780      0.10544      0.05589      
333100  0.16733    0.01441    0.03252    0.00891      0.10541      0.06086      0.00779      0.10544      0.05586      
333200  0.16587    0.01441    0.03252    0.00845      0.10468      0.05818      0.00779      0.10542      0.05571      
333300  0.16546    0.01441    0.03252    0.00791      0.10486      0.05761      0.00786      0.10541      0.05581      
333400  0.16734    0.01441    0.03252    0.00892      0.10541      0.06082      0.00780      0.10544      0.05581      
333500  0.16588    0.01441    0.03252    0.00846      0.10467      0.05819      0.00781      0.10542      0.05576      
333600  0.16546    0.01441    0.03252    0.00786      0.10490      0.05767      0.00777      0.10547      0.05594      
333700  0.16733    0.01441    0.03252    0.00892      0.10540      0.06089      0.00780      0.10541      0.05589      
333800  0.16589    0.01441    0.03252    0.00847      0.10466      0.05827      0.00781      0.10541      0.05580      
333900  0.16546    0.01441    0.03252    0.00788      0.10487      0.05783      0.00780      0.10543      0.05584      
334000  0.16733    0.01441    0.03251    0.00893      0.10538      0.06094      0.00784      0.10540      0.05592      
334100  0.16588    0.01441    0.03251    0.00847      0.10467      0.05825      0.00782      0.10542      0.05584      
334200  0.16544    0.01441    0.03252    0.00791      0.10484      0.05771      0.00785      0.10541      0.05594      
334300  0.16732    0.01441    0.03252    0.00892      0.10538      0.06103      0.00781      0.10540      0.05598      
334400  0.16587    0.01441    0.03252    0.00848      0.10464      0.05828      0.00786      0.10540      0.05580      
334500  0.16545    0.01441    0.03252    0.00788      0.10486      0.05781      0.00780      0.10542      0.05596      
334600  0.16733    0.01441    0.03252    0.00893      0.10538      0.06096      0.00783      0.10539      0.05585      
334700  0.16588    0.01441    0.03252    0.00845      0.10466      0.05843      0.00780      0.10540      0.05594      
334800  0.16545    0.01441    0.03252    0.00788      0.10485      0.05788      0.00780      0.10540      0.05590      
334900  0.16733    0.01441    0.03252    0.00893      0.10537      0.06105      0.00783      0.10538      0.05590      
335000  0.16587    0.01441    0.03252    0.00846      0.10466      0.05829      0.00779      0.10543      0.05590      
335100  0.16546    0.01441    0.03251    0.00789      0.10487      0.05773      0.00781      0.10542      0.05596      
335200  0.16734    0.01441    0.03251    0.00894      0.10538      0.06092      0.00784      0.10542      0.05593      
335300  0.16586    0.01441    0.03251    0.00847      0.10464      0.05833      0.00781      0.10541      0.05586      
335400  0.16545    0.01441    0.03251    0.00789      0.10487      0.05774      0.00781      0.10542      0.05590      
335500  0.16733    0.01441    0.03251    0.00894      0.10539      0.06086      0.00784      0.10541      0.05588      
335600  0.16587    0.01441    0.03251    0.00847      0.10465      0.05826      0.00782      0.10540      0.05578      
335700  0.16546    0.01441    0.03251    0.00790      0.10485      0.05780      0.00782      0.10540      0.05587      
335800  0.16733    0.01441    0.03251    0.00894      0.10539      0.06089      0.00781      0.10542      0.05585      
335900  0.16587    0.01441    0.03251    0.00849      0.10462      0.05837      0.00783      0.10538      0.05587      
336000  0.16544    0.01441    0.03251    0.00788      0.10486      0.05784      0.00779      0.10542      0.05592      
336100  0.16733    0.01441    0.03251    0.00892      0.10539      0.06101      0.00780      0.10542      0.05596      
336200  0.16587    0.01441    0.03251    0.00847      0.10464      0.05841      0.00780      0.10540      0.05594      
336300  0.16545    0.01441    0.03251    0.00791      0.10485      0.05773      0.00783      0.10541      0.05596      
336400  0.16733    0.01441    0.03251    0.00892      0.10539      0.06095      0.00782      0.10542      0.05584      
336500  0.16587    0.01441    0.03251    0.00846      0.10466      0.05829      0.00779      0.10541      0.05583      
336600  0.16546    0.01441    0.03252    0.00791      0.10484      0.05784      0.00784      0.10540      0.05582      
336700  0.16735    0.01441    0.03252    0.00893      0.10539      0.06097      0.00782      0.10542      0.05594      
336800  0.16587    0.01441    0.03252    0.00847      0.10463      0.05836      0.00781      0.10541      0.05588      
336900  0.16546    0.01441    0.03252    0.00792      0.10483      0.05784      0.00783      0.10539      0.05583      
337000  0.16734    0.01441    0.03252    0.00894      0.10538      0.06090      0.00784      0.10541      0.05586      
337100  0.16587    0.01441    0.03252    0.00848      0.10463      0.05836      0.00783      0.10539      0.05588      
337200  0.16546    0.01441    0.03251    0.00793      0.10483      0.05780      0.00783      0.10537      0.05590      
337300  0.16734    0.01441    0.03252    0.00895      0.10536      0.06104      0.00785      0.10536      0.05589      
337400  0.16589    0.01441    0.03252    0.00848      0.10464      0.05836      0.00783      0.10539      0.05592      
337500  0.16547    0.01441    0.03252    0.00791      0.10485      0.05785      0.00784      0.10540      0.05599      
337600  0.16735    0.01441    0.03252    0.00895      0.10538      0.06097      0.00783      0.10538      0.05599      
337700  0.16588    0.01441    0.03252    0.00849      0.10462      0.05838      0.00783      0.10536      0.05587      
337800  0.16547    0.01441    0.03252    0.00789      0.10487      0.05786      0.00780      0.10540      0.05598      
337900  0.16735    0.01441    0.03252    0.00894      0.10538      0.06098      0.00783      0.10541      0.05586      
338000  0.16587    0.01441    0.03252    0.00849      0.10463      0.05837      0.00782      0.10539      0.05588      
338100  0.16547    0.01441    0.03251    0.00794      0.10482      0.05785      0.00787      0.10538      0.05590      
338200  0.16735    0.01441    0.03251    0.00894      0.10538      0.06102      0.00782      0.10539      0.05593      
338300  0.16587    0.01441    0.03252    0.00847      0.10463      0.05847      0.00782      0.10539      0.05593      
338400  0.16548    0.01441    0.03251    0.00789      0.10487      0.05791      0.00780      0.10541      0.05598      
338500  0.16736    0.01441    0.03251    0.00894      0.10539      0.06103      0.00783      0.10538      0.05595      
338600  0.16588    0.01440    0.03251    0.00850      0.10461      0.05844      0.00782      0.10537      0.05590      
338700  0.16547    0.01441    0.03251    0.00791      0.10485      0.05795      0.00782      0.10539      0.05590      
338800  0.16737    0.01441    0.03251    0.00893      0.10540      0.06115      0.00780      0.10541      0.05598      
338900  0.16588    0.01440    0.03251    0.00850      0.10462      0.05844      0.00784      0.10537      0.05587      
339000  0.16549    0.01440    0.03251    0.00791      0.10487      0.05793      0.00783      0.10541      0.05596      
339100  0.16738    0.01440    0.03251    0.00894      0.10542      0.06099      0.00783      0.10542      0.05598      
339200  0.16589    0.01441    0.03252    0.00846      0.10466      0.05851      0.00781      0.10539      0.05587      
339300  0.16549    0.01440    0.03251    0.00790      0.10489      0.05789      0.00781      0.10541      0.05595      
339400  0.16736    0.01440    0.03251    0.00894      0.10541      0.06096      0.00782      0.10541      0.05594      
339500  0.16589    0.01441    0.03251    0.00846      0.10466      0.05840      0.00778      0.10541      0.05589      
339600  0.16547    0.01440    0.03251    0.00791      0.10487      0.05787      0.00782      0.10540      0.05597      
339700  0.16735    0.01440    0.03251    0.00892      0.10542      0.06102      0.00781      0.10542      0.05594      
339800  0.16588    0.01440    0.03251    0.00844      0.10468      0.05841      0.00780      0.10542      0.05592      
339900  0.16548    0.01440    0.03251    0.00787      0.10490      0.05791      0.00779      0.10543      0.05596      
340000  0.16735    0.01440    0.03251    0.00891      0.10542      0.06105      0.00778      0.10542      0.05597      
340100  0.16588    0.01440    0.03251    0.00845      0.10466      0.05843      0.00778      0.10540      0.05592      
340200  0.16548    0.01440    0.03251    0.00790      0.10488      0.05789      0.00779      0.10540      0.05593      
340300  0.16735    0.01440    0.03251    0.00890      0.10543      0.06106      0.00778      0.10541      0.05588      
340400  0.16588    0.01440    0.03251    0.00846      0.10466      0.05836      0.00778      0.10539      0.05591      
340500  0.16548    0.01440    0.03251    0.00792      0.10485      0.05790      0.00783      0.10537      0.05591      
340600  0.16735    0.01441    0.03251    0.00893      0.10540      0.06104      0.00781      0.10542      0.05598      
340700  0.16588    0.01440    0.03251    0.00846      0.10467      0.05836      0.00781      0.10540      0.05589      
340800  0.16547    0.01440    0.03251    0.00788      0.10489      0.05790      0.00778      0.10543      0.05600      
340900  0.16735    0.01440    0.03251    0.00891      0.10541      0.06109      0.00780      0.10544      0.05608      
341000  0.16586    0.01440    0.03251    0.00844      0.10467      0.05842      0.00778      0.10543      0.05596      
341100  0.16546    0.01440    0.03251    0.00790      0.10488      0.05785      0.00781      0.10543      0.05608      
341200  0.16735    0.01440    0.03251    0.00894      0.10540      0.06100      0.00785      0.10543      0.05605      
341300  0.16588    0.01440    0.03251    0.00848      0.10464      0.05852      0.00784      0.10538      0.05602      
341400  0.16546    0.01440    0.03251    0.00791      0.10486      0.05785      0.00782      0.10541      0.05610      
341500  0.16734    0.01440    0.03251    0.00892      0.10540      0.06108      0.00781      0.10542      0.05606      
341600  0.16588    0.01440    0.03251    0.00847      0.10467      0.05833      0.00780      0.10539      0.05590      
341700  0.16547    0.01440    0.03251    0.00791      0.10488      0.05781      0.00783      0.10542      0.05598      
341800  0.16736    0.01440    0.03251    0.00894      0.10541      0.06102      0.00781      0.10541      0.05608      
341900  0.16587    0.01440    0.03251    0.00848      0.10464      0.05839      0.00783      0.10539      0.05589      
342000  0.16548    0.01440    0.03251    0.00790      0.10489      0.05781      0.00782      0.10544      0.05605      
342100  0.16736    0.01440    0.03251    0.00894      0.10540      0.06100      0.00783      0.10541      0.05598      
342200  0.16588    0.01440    0.03251    0.00848      0.10466      0.05834      0.00784      0.10541      0.05594      
342300  0.16548    0.01440    0.03251    0.00789      0.10489      0.05783      0.00781      0.10543      0.05604      
342400  0.16735    0.01440    0.03251    0.00892      0.10542      0.06105      0.00782      0.10542      0.05597      
342500  0.16587    0.01440    0.03251    0.00846      0.10465      0.05843      0.00782      0.10540      0.05591      
342600  0.16548    0.01440    0.03251    0.00792      0.10488      0.05777      0.00784      0.10542      0.05597      
342700  0.16735    0.01440    0.03251    0.00894      0.10540      0.06106      0.00784      0.10541      0.05599      
342800  0.16589    0.01440    0.03251    0.00850      0.10464      0.05838      0.00783      0.10538      0.05601      
342900  0.16549    0.01440    0.03251    0.00793      0.10487      0.05778      0.00786      0.10542      0.05596      
343000  0.16736    0.01440    0.03251    0.00892      0.10543      0.06107      0.00781      0.10543      0.05605      
343100  0.16589    0.01440    0.03251    0.00847      0.10466      0.05846      0.00782      0.10542      0.05596      
343200  0.16549    0.01440    0.03251    0.00791      0.10489      0.05784      0.00782      0.10543      0.05604      
343300  0.16737    0.01440    0.03251    0.00893      0.10543      0.06098      0.00781      0.10544      0.05599      
343400  0.16590    0.01440    0.03251    0.00845      0.10470      0.05848      0.00778      0.10546      0.05599      
343500  0.16550    0.01440    0.03250    0.00791      0.10489      0.05788      0.00784      0.10544      0.05607      
343600  0.16736    0.01440    0.03250    0.00895      0.10541      0.06099      0.00785      0.10543      0.05602      
343700  0.16590    0.01440    0.03250    0.00846      0.10470      0.05839      0.00781      0.10544      0.05590      
343800  0.16549    0.01440    0.03250    0.00791      0.10489      0.05787      0.00782      0.10544      0.05596      
343900  0.16736    0.01440    0.03250    0.00896      0.10541      0.06094      0.00785      0.10542      0.05587      
344000  0.16588    0.01440    0.03250    0.00847      0.10466      0.05842      0.00784      0.10541      0.05594      
344100  0.16548    0.01440    0.03250    0.00793      0.10487      0.05789      0.00786      0.10541      0.05604      
344200  0.16736    0.01440    0.03250    0.00896      0.10538      0.06117      0.00785      0.10540      0.05604      
344300  0.16588    0.01440    0.03250    0.00848      0.10464      0.05850      0.00782      0.10540      0.05597      
344400  0.16548    0.01440    0.03250    0.00792      0.10487      0.05792      0.00783      0.10542      0.05598      
344500  0.16736    0.01440    0.03250    0.00895      0.10541      0.06102      0.00785      0.10540      0.05587      
344600  0.16587    0.01440    0.03250    0.00847      0.10465      0.05847      0.00782      0.10541      0.05589      
344700  0.16547    0.01440    0.03250    0.00793      0.10485      0.05790      0.00785      0.10542      0.05597      
344800  0.16736    0.01439    0.03250    0.00894      0.10541      0.06109      0.00784      0.10541      0.05601      
344900  0.16587    0.01440    0.03250    0.00847      0.10466      0.05840      0.00782      0.10543      0.05587      
345000  0.16548    0.01439    0.03250    0.00795      0.10486      0.05775      0.00787      0.10542      0.05595      
345100  0.16736    0.01439    0.03250    0.00894      0.10542      0.06103      0.00782      0.10543      0.05596      
345200  0.16589    0.01440    0.03250    0.00850      0.10466      0.05839      0.00783      0.10541      0.05590      
345300  0.16548    0.01439    0.03250    0.00791      0.10489      0.05783      0.00783      0.10544      0.05599      
345400  0.16736    0.01440    0.03250    0.00895      0.10541      0.06096      0.00786      0.10543      0.05608      
345500  0.16590    0.01439    0.03250    0.00848      0.10467      0.05852      0.00784      0.10542      0.05607      
345600  0.16550    0.01439    0.03250    0.00793      0.10490      0.05781      0.00785      0.10544      0.05605      
345700  0.16736    0.01440    0.03250    0.00896      0.10541      0.06099      0.00786      0.10542      0.05592      
345800  0.16590    0.01439    0.03250    0.00849      0.10469      0.05838      0.00782      0.10545      0.05588      
345900  0.16549    0.01439    0.03250    0.00789      0.10492      0.05786      0.00780      0.10549      0.05605      
346000  0.16736    0.01439    0.03250    0.00893      0.10543      0.06103      0.00781      0.10545      0.05609      
346100  0.16590    0.01439    0.03250    0.00847      0.10471      0.05833      0.00782      0.10545      0.05592      
346200  0.16549    0.01439    0.03250    0.00790      0.10492      0.05782      0.00781      0.10548      0.05598      
346300  0.16737    0.01439    0.03250    0.00892      0.10545      0.06107      0.00779      0.10545      0.05594      
346400  0.16589    0.01439    0.03250    0.00847      0.10469      0.05833      0.00781      0.10545      0.05589      
346500  0.16548    0.01439    0.03250    0.00792      0.10489      0.05788      0.00783      0.10544      0.05598      
346600  0.16735    0.01439    0.03250    0.00892      0.10544      0.06097      0.00782      0.10546      0.05596      
346700  0.16589    0.01439    0.03250    0.00847      0.10469      0.05836      0.00780      0.10544      0.05598      
346800  0.16549    0.01439    0.03249    0.00791      0.10491      0.05781      0.00783      0.10545      0.05597      
346900  0.16734    0.01439    0.03249    0.00892      0.10544      0.06096      0.00781      0.10544      0.05597      
347000  0.16588    0.01439    0.03249    0.00847      0.10470      0.05828      0.00780      0.10543      0.05580      
347100  0.16549    0.01439    0.03249    0.00791      0.10490      0.05792      0.00781      0.10546      0.05593      
347200  0.16735    0.01439    0.03249    0.00895      0.10543      0.06092      0.00784      0.10545      0.05595      
347300  0.16589    0.01439    0.03249    0.00846      0.10471      0.05840      0.00781      0.10545      0.05581      
347400  0.16548    0.01439    0.03249    0.00791      0.10490      0.05794      0.00783      0.10545      0.05593      
347500  0.16735    0.01439    0.03249    0.00894      0.10543      0.06097      0.00784      0.10547      0.05596      
347600  0.16590    0.01439    0.03249    0.00848      0.10471      0.05832      0.00783      0.10544      0.05587      
347700  0.16548    0.01439    0.03249    0.00792      0.10491      0.05775      0.00783      0.10546      0.05586      
347800  0.16734    0.01439    0.03249    0.00896      0.10542      0.06092      0.00785      0.10543      0.05592      
347900  0.16589    0.01439    0.03249    0.00849      0.10469      0.05831      0.00784      0.10541      0.05584      
348000  0.16548    0.01438    0.03249    0.00793      0.10489      0.05783      0.00784      0.10543      0.05597      
348100  0.16734    0.01439    0.03249    0.00894      0.10543      0.06092      0.00782      0.10545      0.05587      
348200  0.16589    0.01439    0.03249    0.00848      0.10471      0.05837      0.00778      0.10546      0.05593      
348300  0.16548    0.01439    0.03249    0.00793      0.10489      0.05788      0.00784      0.10545      0.05599      
348400  0.16734    0.01439    0.03249    0.00894      0.10542      0.06096      0.00784      0.10545      0.05585      
348500  0.16588    0.01439    0.03249    0.00848      0.10468      0.05842      0.00782      0.10542      0.05590      
348600  0.16549    0.01439    0.03249    0.00792      0.10489      0.05800      0.00782      0.10543      0.05598      
348700  0.16734    0.01439    0.03249    0.00895      0.10541      0.06099      0.00783      0.10544      0.05598      
348800  0.16589    0.01439    0.03249    0.00847      0.10470      0.05839      0.00781      0.10544      0.05584      
348900  0.16550    0.01439    0.03249    0.00794      0.10489      0.05793      0.00784      0.10543      0.05608      
349000  0.16733    0.01439    0.03249    0.00894      0.10540      0.06109      0.00782      0.10542      0.05599      
349100  0.16589    0.01439    0.03249    0.00849      0.10467      0.05847      0.00782      0.10542      0.05587      
349200  0.16550    0.01439    0.03249    0.00794      0.10489      0.05787      0.00785      0.10543      0.05596      
349300  0.16734    0.01439    0.03249    0.00896      0.10541      0.06099      0.00784      0.10545      0.05599      
349400  0.16589    0.01439    0.03249    0.00849      0.10467      0.05836      0.00782      0.10542      0.05586      
349500  0.16550    0.01439    0.03249    0.00792      0.10491      0.05785      0.00782      0.10546      0.05595      
349600  0.16734    0.01439    0.03249    0.00893      0.10544      0.06094      0.00781      0.10547      0.05590      
349700  0.16589    0.01439    0.03249    0.00845      0.10472      0.05841      0.00780      0.10545      0.05588      
349800  0.16549    0.01439    0.03249    0.00790      0.10493      0.05790      0.00779      0.10545      0.05594      
349900  0.16734    0.01439    0.03249    0.00895      0.10541      0.06097      0.00782      0.10542      0.05590      
350000  0.16588    0.01439    0.03249    0.00846      0.10470      0.05848      0.00778      0.10542      0.05587      
350100  0.16550    0.01439    0.03249    0.00791      0.10492      0.05789      0.00783      0.10545      0.05592      
350200  0.16733    0.01439    0.03249    0.00895      0.10540      0.06111      0.00783      0.10542      0.05605      
350300  0.16589    0.01439    0.03249    0.00844      0.10472      0.05854      0.00779      0.10546      0.05593      
350400  0.16548    0.01439    0.03249    0.00792      0.10491      0.05777      0.00785      0.10545      0.05588      
350500  0.16733    0.01439    0.03249    0.00895      0.10540      0.06101      0.00783      0.10543      0.05586      
350600  0.16588    0.01439    0.03249    0.00849      0.10468      0.05845      0.00780      0.10540      0.05590      
350700  0.16547    0.01438    0.03249    0.00790      0.10490      0.05797      0.00781      0.10544      0.05596      
350800  0.16733    0.01438    0.03249    0.00894      0.10542      0.06105      0.00783      0.10544      0.05592      
350900  0.16589    0.01439    0.03249    0.00845      0.10472      0.05850      0.00779      0.10544      0.05592      
351000  0.16549    0.01438    0.03249    0.00791      0.10491      0.05797      0.00781      0.10544      0.05593      
351100  0.16734    0.01438    0.03248    0.00894      0.10544      0.06098      0.00782      0.10545      0.05592      
351200  0.16590    0.01438    0.03248    0.00848      0.10472      0.05840      0.00782      0.10544      0.05594      
351300  0.16549    0.01438    0.03248    0.00791      0.10492      0.05795      0.00781      0.10546      0.05589      
351400  0.16733    0.01438    0.03248    0.00893      0.10543      0.06108      0.00781      0.10545      0.05594      
351500  0.16589    0.01438    0.03248    0.00845      0.10472      0.05850      0.00779      0.10545      0.05583      
351600  0.16548    0.01438    0.03248    0.00792      0.10490      0.05802      0.00781      0.10543      0.05590      
351700  0.16732    0.01438    0.03248    0.00894      0.10542      0.06102      0.00782      0.10547      0.05595      
351800  0.16589    0.01438    0.03248    0.00847      0.10471      0.05845      0.00781      0.10543      0.05581      
351900  0.16548    0.01438    0.03248    0.00792      0.10489      0.05800      0.00782      0.10542      0.05599      
352000  0.16732    0.01438    0.03248    0.00893      0.10542      0.06105      0.00781      0.10544      0.05591      
352100  0.16587    0.01438    0.03248    0.00846      0.10470      0.05846      0.00782      0.10543      0.05585      
352200  0.16547    0.01438    0.03248    0.00789      0.10492      0.05796      0.00779      0.10544      0.05589      
352300  0.16732    0.01438    0.03248    0.00893      0.10542      0.06102      0.00782      0.10543      0.05588      
352400  0.16587    0.01438    0.03248    0.00846      0.10471      0.05833      0.00780      0.10544      0.05571      
352500  0.16548    0.01438    0.03248    0.00790      0.10493      0.05788      0.00779      0.10545      0.05592      
352600  0.16732    0.01438    0.03248    0.00893      0.10543      0.06103      0.00780      0.10545      0.05590      
352700  0.16586    0.01438    0.03248    0.00846      0.10470      0.05837      0.00782      0.10544      0.05584      
352800  0.16548    0.01438    0.03248    0.00791      0.10491      0.05798      0.00782      0.10544      0.05590      
352900  0.16731    0.01438    0.03248    0.00894      0.10541      0.06104      0.00782      0.10544      0.05599      
353000  0.16588    0.01438    0.03248    0.00848      0.10471      0.05827      0.00781      0.10542      0.05582      
353100  0.16547    0.01438    0.03248    0.00792      0.10491      0.05780      0.00783      0.10543      0.05597      
353200  0.16731    0.01438    0.03248    0.00893      0.10543      0.06096      0.00781      0.10543      0.05586      
