nep4_zbl 2 Ti Mo 
zbl 1.25 2.5
cutoff 8 4 208 29
n_max 8 8
basis_size 12 12
l_max 4 2 0
ANN 70 0
 -7.9713964e-01
  1.9994231e-01
 -8.9837062e-01
  2.0632801e+00
 -2.7554412e+00
  5.2789837e-01
  2.2091474e-01
  1.7002548e+00
  1.9255532e+00
 -6.1480153e-01
  1.9245772e-02
 -4.8215359e-01
  3.6355308e-01
  9.7670108e-01
  4.0359437e-01
  8.6846203e-03
  9.5772099e-01
  1.7118638e+00
 -2.0489709e-02
  2.5941467e-01
 -3.8623348e-01
  1.3618708e+00
 -6.8577135e-01
  8.7727614e-02
  1.4171964e-03
  3.3469313e-01
  2.7738529e-01
 -3.7546363e-01
  7.5188577e-02
  2.6166803e-01
 -7.6543950e-02
 -7.0859820e-01
  3.2586399e-01
  2.4511227e-02
 -5.7536846e-01
 -1.0680901e-01
 -1.4192564e+00
  3.8425344e-01
 -1.0829666e+00
  3.8759339e-01
 -1.1015875e+00
 -3.7422964e-01
 -7.8287803e-02
  6.1781728e-01
  7.4016727e-03
  2.9087367e-03
 -1.1122228e-02
 -1.4846289e-02
 -1.2762822e-02
 -2.4390584e-01
 -2.8652963e-01
  6.3211811e-03
  7.6399934e-03
 -5.5284188e-03
  5.9573162e-01
  1.5991565e+00
 -9.9676472e-01
  1.2353829e+00
 -1.8460920e+00
 -1.2590338e+00
 -1.7103286e-01
  8.3158427e-01
  1.5664758e-01
  3.5189059e-01
  4.2013451e-04
 -3.9760926e-01
  6.0787326e-01
 -4.6975422e-01
  8.9451879e-02
 -2.7618071e-02
  3.4735152e-01
 -4.4120172e-01
  2.9869735e-01
  2.1146029e-02
  4.0326390e-01
  5.3463399e-01
 -3.7434438e-01
  5.8590662e-01
  4.4708315e-01
 -1.1960058e-02
 -5.3145313e-01
  1.8731819e-01
  1.6554641e-03
  9.8308153e-02
  6.0784483e-01
 -1.3450639e+00
  7.8261828e-01
  5.4062530e-03
  2.2585700e-01
  6.5866858e-02
  4.2982957e-01
  4.9647540e-03
  1.1180172e+00
  6.6741876e-02
 -3.3889997e-01
  1.8717343e-01
  2.5551540e-01
 -1.1485388e-02
  7.5274491e-01
 -4.0278569e-01
 -4.4190473e-04
  4.7118329e-03
  1.0568365e-01
  3.4972031e-02
 -7.7026200e-01
  1.6428068e-02
 -3.5922647e-02
  4.0542257e-01
 -1.2489013e-01
  2.7013088e-02
  5.3410949e-03
 -4.3882821e-03
  5.8063548e-02
 -1.2001869e-02
  7.4870805e-03
  1.8675191e-02
  6.8778233e-03
 -1.8651300e-03
 -4.5527467e-03
 -9.6805999e-03
 -1.2483441e-02
  6.0855532e-03
  7.8935651e-03
 -1.7060418e-02
 -1.6038671e-02
  2.1272577e-02
 -7.6269908e-03
  8.4829740e-03
 -5.3909619e-04
  2.6068483e-02
 -5.9069193e-04
  1.4742048e-02
  4.0851319e-03
 -1.4025290e-02
 -6.1885095e-03
 -7.6625282e-03
  9.1341899e-05
 -3.8287141e-03
  1.1895928e-02
  1.1815539e-02
  5.4783216e-03
 -5.7704290e-03
  1.4121919e-02
  2.2994105e-02
 -2.5720443e-03
 -8.8731600e-03
  6.0200822e-02
  6.8505667e-03
 -1.1145681e-02
  8.4041228e-04
  3.4331642e-03
  9.8761229e-04
 -8.3038257e-03
  1.5495681e-02
  2.1970342e-03
  4.8542023e-03
 -2.9157945e-03
 -8.0197066e-04
 -1.9919821e-03
 -1.5936340e-03
 -9.6277473e-03
 -2.9195188e-02
  3.2551160e-01
 -1.9914940e-01
  1.4057563e-01
  2.4060929e+00
  1.6659549e+00
  3.4777528e-01
  7.4029356e-01
  1.2210570e-01
  7.6443949e-03
  1.3035727e-01
 -1.7489705e-02
  1.4191437e-01
 -1.4567676e-01
 -6.9619572e-01
  1.7001890e-01
  1.4298990e-01
  7.1810083e-03
  1.1651411e+00
 -1.5879640e-02
  4.0914949e-02
  1.9653577e-02
 -2.6290658e-01
  3.7013862e-02
  3.6769617e-01
 -4.7500870e-01
 -3.7895099e-03
 -4.6210971e-02
 -2.5925634e-02
 -3.4800966e-03
  2.4068775e-02
 -3.5079166e-02
 -6.1593652e-01
  7.6273255e-02
 -9.7307995e-02
 -1.3298546e-02
 -4.2226234e-01
 -8.4504014e-01
  3.3666589e-03
 -8.6986828e-01
  2.6481515e-02
 -3.9240667e-03
 -1.3011377e-01
  1.7272606e-02
  1.1946339e-03
  4.8030224e-02
 -1.7045736e-02
  1.0721472e-02
 -6.4054094e-02
 -1.0268008e-02
 -3.2931082e-02
  3.0582234e-02
  1.6657335e-03
  9.8330760e-03
  2.0295927e-02
 -1.5569271e+00
  1.5888441e-02
  1.0490667e-01
 -7.3567092e-01
 -1.9939089e-01
  3.6404964e-02
  4.7850475e-02
 -1.4630634e-02
  5.7269833e-03
  4.8250245e-04
 -2.4723180e-02
  3.3258572e-02
  4.3562911e-02
 -8.1033908e-02
  7.5122654e-02
  1.1687234e-02
  2.2632798e-02
 -1.2708489e+00
  1.2436931e-02
 -2.9346833e-02
  5.6187557e-03
  1.5682889e-02
  3.1668801e-02
  4.2076927e-02
  3.8853094e-03
  1.6850946e-02
 -2.1169409e-02
  7.5630024e-02
  7.1328636e-03
 -1.3910888e-02
 -7.0537399e-03
  2.1370171e-02
  8.9740520e-03
 -6.9288104e-03
 -2.0739664e-03
  4.1900579e-02
 -6.5314285e-03
 -1.9726546e-03
 -1.5482250e-02
 -3.6944139e-01
 -2.1494083e-01
  1.3639978e-02
 -1.3034453e-02
 -1.4391879e-02
  3.5403278e-03
  4.0451623e-03
 -7.3560495e-03
  1.4660629e-02
 -2.0189848e-02
 -7.2394968e-03
 -1.2938614e-02
  4.1831542e-02
 -2.5460230e-02
  5.9253212e-02
 -4.3487106e-02
  4.4705064e-04
 -4.3170834e-03
 -9.1119595e-03
  1.5595633e-01
  5.7099150e-03
 -8.4830252e-03
  7.4805794e-03
 -4.6564457e-03
 -1.4915341e-03
  2.5334885e-02
  8.8634454e-03
  1.1684591e-02
  1.1851676e-02
 -1.9149675e-03
 -7.9191877e-03
 -8.3158817e-04
  3.2010979e-03
 -6.6549662e-03
  3.3011567e-02
 -3.2774010e-03
 -2.3440517e-02
  4.2865276e-03
  1.1381797e-02
  2.0836075e-03
  3.2243751e-02
  6.3898712e-03
  3.1168275e-03
 -6.6810916e-04
 -1.9644007e-02
 -3.1826850e-03
  1.0096225e-02
 -4.2463164e-03
  5.8959960e-04
  1.6800966e-02
 -1.0474219e-02
  5.7196221e-03
  6.4079305e-03
  1.7506246e-03
 -2.0189828e-03
  8.6194100e-03
  3.8456492e-02
 -6.4534214e-03
  4.7475029e-02
 -3.8255940e-04
  4.6670135e-02
  4.3342737e-03
  8.7745153e-05
  2.1347390e-03
  1.9110238e-02
 -2.9524829e-04
  1.7876426e-02
 -5.8772825e-03
 -3.9413222e-03
  2.3850650e-02
  9.9229545e-04
  1.3151144e-02
 -1.6652521e-02
 -4.5163739e-01
  3.0236223e-03
  1.9590264e-02
 -6.2449537e-03
 -1.3429208e-03
 -1.6555363e-02
  2.2080611e-02
  9.1566164e-03
  2.8135842e-02
  2.6401728e-02
 -7.7523320e-04
 -9.8551123e-04
 -1.4392279e-02
  9.7328564e-03
  1.1713422e-02
 -6.2847356e-03
  3.1519921e-03
  4.8081751e-04
 -4.0513510e-03
  1.8616014e-03
  1.1183823e-02
  1.0050576e-02
 -4.0647415e-03
  8.4101531e-04
  8.9445384e-03
  2.6118157e-03
  4.1227750e-03
  2.5103569e-03
 -9.1289012e-03
 -3.8909666e-02
 -3.5947710e-02
  2.6123283e-02
  2.0896425e-03
 -6.2401430e-03
  1.3360457e-03
 -1.2712788e-02
 -2.5828341e-02
  7.3743104e-03
  1.1460989e-02
  3.9696046e-03
 -2.9855670e-02
 -1.5011999e-01
  6.3805766e-03
  1.2040133e-02
 -4.0324749e-03
 -1.7465556e-02
  6.6795354e-03
  2.4564415e-03
 -4.7099940e-03
  7.1393074e-03
 -9.3712229e-03
 -1.3621054e-03
 -1.7533582e-03
 -1.4167120e-02
  4.0603185e-01
 -2.5458938e-02
  7.4507990e-03
  2.3651386e-02
 -5.3037992e-03
 -3.1482324e-02
  2.6346524e-03
  8.6049624e-03
 -1.0538990e-02
 -3.4383510e-03
  2.5225036e-02
  4.2934483e-03
  4.4409768e-03
 -1.0025700e-03
 -1.3746637e-02
  1.1747456e-02
  4.9787895e-03
 -7.7224255e-04
  2.4689555e-03
 -7.2743623e-03
 -4.2176843e-02
  4.0219985e-03
  1.8210626e-03
  8.4938630e-03
  1.8946685e-02
 -1.9888671e-03
  1.0968052e-03
 -2.1405712e-02
 -2.2854216e-03
  1.8785616e-02
 -4.4806607e-02
 -2.0622818e-03
 -3.4461680e-04
 -3.7220083e-03
  9.2421398e-03
  4.7134812e-04
  9.1448482e-03
 -1.1569299e-02
  6.8394159e-04
 -1.7740574e-03
 -1.6025495e-05
  2.7356320e-03
 -1.5780771e-02
 -9.2177382e-03
 -1.1227033e-02
 -1.1048436e-03
 -1.0749618e-02
  1.6865952e-02
 -6.8673221e-03
 -4.0142369e-03
  1.8340462e+00
 -2.7249175e-01
 -1.0220993e-01
 -1.0930516e+00
 -2.6552472e-02
  3.7578705e-01
  2.1131766e+00
 -7.2965741e-01
  1.5167021e+00
  3.8440320e-01
 -1.5685026e-02
 -4.1392544e-01
  1.6289219e-02
 -2.9252923e-01
 -5.5043644e-01
  1.2001635e-01
  2.5731647e-02
  1.3629580e-01
 -1.0817806e-01
 -2.1975966e-02
 -9.4187045e-01
 -5.4926187e-01
  1.4341085e-01
 -1.1792316e-01
 -4.5101666e-01
 -3.5160288e-01
 -4.4381142e-01
  2.1099430e-02
 -1.0743606e+00
  3.8267756e-01
 -7.3889846e-01
  3.3567467e-01
 -7.5701691e-02
 -1.1076328e-01
 -5.6017828e-01
 -1.5298711e-01
 -2.0467539e-01
 -5.8009654e-01
 -4.7601154e-01
 -1.2025210e+00
  5.7557195e-02
 -6.7499590e-01
 -1.1216114e-01
 -2.1125657e-02
 -3.6953202e-01
 -2.5718370e-03
  1.5014271e-03
 -3.4974180e-02
  1.4767087e-01
  2.5010146e-02
  1.5146744e-01
 -1.6158231e-01
 -1.4220844e-01
  1.5729098e-03
  1.2166709e-01
  5.3455997e-03
 -5.2946038e-04
 -2.3184425e-01
  1.9592971e-01
  4.6169195e-02
  1.1908139e-01
 -1.3633062e-02
  1.4484174e-02
  5.8811840e-02
  2.3652958e-02
  1.6967380e-02
  4.7893935e-01
  2.2790690e-03
  6.8329265e-03
  9.8896593e-01
  1.0875682e-02
 -1.1196611e+00
 -1.7121737e-03
 -2.3120986e-03
  1.1549588e-01
 -2.1823833e-05
 -7.9051396e-03
 -1.8565716e-01
 -3.3920082e-01
 -7.3823606e-04
 -2.0423976e-01
  5.4081501e-03
  4.2338273e-03
 -5.6578456e-03
  3.0156955e-01
 -1.7373798e-02
  2.5158832e-02
  6.1977399e-04
  1.7502205e-02
 -7.4642646e-01
 -2.9762635e-02
  8.1568277e-03
 -2.6054960e-01
  2.1860685e+00
 -9.6305870e-02
 -1.5912819e+00
 -5.1098508e-03
  1.1065091e-03
  6.6253343e-03
 -8.7350616e-03
  2.4076195e-02
  2.5976848e-02
 -2.9886237e-01
 -1.5240399e-02
 -6.8756478e-04
 -1.8217026e-03
 -4.7158259e-03
 -6.3888025e-03
  3.5841784e-01
 -2.8010750e-01
  1.7922817e-02
 -1.3289744e-01
  5.4308414e-01
 -1.0368434e+00
  2.6651785e+00
  2.8927386e-01
 -6.3515380e-02
 -3.8779959e-02
  8.1920410e-03
 -7.3424131e-02
  6.6099467e-04
 -1.4874697e-02
  9.2983611e-02
 -2.4709389e-02
 -2.4178511e-02
 -1.7445384e-01
 -5.1475023e-03
  3.9901724e-04
  4.5585388e-01
 -3.3685688e-03
  2.2226842e-03
 -3.0568833e-02
 -1.9089838e-02
  1.9372037e-03
 -1.3343246e-02
 -1.8646001e-03
  6.3864188e-03
  9.2751272e-03
 -5.4643564e-02
 -1.3591352e-01
 -2.0335281e-01
  4.6065822e-03
  1.3052732e-01
 -5.5349525e-03
  2.5352253e-02
 -1.8583514e-03
  8.5539576e-03
  9.5049245e-03
  5.5141095e-02
  4.3711395e-04
  3.6958415e-02
  1.0688795e-02
 -8.2471687e-04
 -1.1258555e-04
 -1.1243287e-02
  5.9967684e-03
  8.8186059e-03
 -1.0064526e-02
  1.0171900e-01
 -3.6744904e-03
  3.6643118e-02
 -5.9380301e-04
 -1.8375708e+00
  1.6446424e-01
 -3.9893115e-01
 -7.8452498e-02
  1.4756489e+00
 -3.5248229e-01
  7.8251612e-01
  6.3553774e-01
 -1.7784766e+00
 -2.5866559e-01
  3.8599539e-01
 -1.5994386e-01
 -1.3542777e-01
  6.2293971e-01
 -4.8975322e-01
  1.0308464e-01
 -1.6828327e-04
 -3.9645505e-01
 -1.1199422e-01
  3.1598738e-01
  4.4452287e-03
  2.4021100e-01
  3.2603011e-01
  6.5687485e-04
  2.1346049e-02
  7.8024513e-01
 -2.7369477e-03
 -2.2556481e-01
  5.7050355e-02
  2.3524519e-03
 -6.2041438e-01
  1.9177285e+00
  1.7506979e+00
  1.0346894e+00
  1.6172166e-01
 -7.8199878e-02
 -1.8423106e-01
 -1.6919650e-02
 -6.3604102e-03
 -1.1515089e+00
  3.9408930e-02
  6.4539629e-01
  9.5871848e-01
  6.7465931e-01
  5.0138634e-01
  1.7248197e-02
  9.9750124e-03
  8.8457771e-02
  1.5272569e-02
  1.7903136e-02
  2.4113932e-01
 -4.1333612e-02
 -9.5055834e-04
 -1.8102725e-01
  2.1320358e-02
 -8.7423678e-03
  2.1694440e-02
 -4.0878169e-03
 -6.2823439e-01
  1.6819574e-02
 -1.8682152e-02
 -8.0048246e-03
 -1.9032804e-02
  2.5887236e-02
 -1.7500939e-02
 -6.5005757e-04
  6.5152370e-03
 -1.1198895e-02
  6.1554294e-03
  9.0421373e-03
  1.8429030e-02
 -5.2797874e-03
  7.6796776e-03
 -4.4871285e-03
  2.3041338e-02
  2.9305206e-03
  5.6796838e-03
  2.0867836e-02
 -2.7515707e-03
  1.5382343e-03
  2.2774104e-03
  9.1329543e-03
 -3.6809014e-03
  5.1296586e-03
 -6.5667760e-03
  8.9027680e-02
 -2.0587668e-02
  2.7504601e-03
 -4.6942062e-03
  1.0401865e-02
  2.6361095e-02
 -6.7549216e-04
  2.1686861e-03
 -1.6158959e-02
 -8.3463276e-03
 -1.8360062e-02
 -8.2173143e-03
 -3.6992060e-03
 -6.5572979e-03
  1.0751934e-02
 -2.1786252e-02
  2.2318971e-03
  2.4683999e-03
 -1.8018138e-02
  1.4736234e-03
  1.1460532e-02
  2.2451549e-03
  7.1235490e-03
 -7.0874341e-02
  1.0499164e-04
  2.4601297e-02
 -8.3892755e-03
  4.8073530e-01
 -3.1723626e-02
  1.1272741e-02
 -1.0603552e-02
  2.4747437e-02
  7.4231536e-03
 -1.3248940e-02
  1.4202541e-02
 -1.2769535e-02
  3.8586820e-03
  9.2333425e-03
 -1.4227588e-02
  8.1923846e-03
 -8.2725929e-03
 -3.6839510e-03
 -2.4196440e-03
 -2.5794886e-02
 -1.2450894e-02
  1.1349469e-03
  6.0965735e-03
  2.0028140e-02
  1.8292578e-02
  5.7568215e-02
  2.0588322e-03
 -1.0210141e-03
 -3.8624159e-04
 -1.4200503e-03
  1.3492147e-02
 -1.0777829e-02
  3.2231901e-03
  1.3454653e-03
  1.2188479e-03
 -1.3929746e-02
 -9.1228988e-03
 -5.1635853e-03
  1.2699106e-02
 -6.0966536e-03
  3.6766814e-04
 -8.5762488e-03
 -1.5317509e-02
 -9.9300724e-03
  1.3785494e-02
 -4.9103643e-03
 -4.9326462e-03
  6.9001503e-03
 -2.2918977e-02
  3.4508793e-04
  1.1363897e-02
 -3.0823352e-03
  3.3251578e-03
 -3.8244319e-01
  1.1023434e-02
 -1.6622835e+00
 -1.8279674e+00
 -2.7888864e-02
 -1.6810512e-02
  7.6735073e-01
  1.0444351e-02
 -5.6640054e-03
 -3.5780665e-02
  9.5008155e-03
  1.5696459e-02
  3.1410553e-02
  5.3381238e-02
  8.3148004e-03
 -7.9002112e-02
  2.1062583e-02
 -1.1849359e-02
  1.0996343e-02
  2.2077844e-02
 -3.6891997e-02
  1.0857830e-02
  1.3010782e-02
  2.3368657e-02
  1.5820093e-02
 -2.6495631e-03
 -1.8588137e-02
 -7.1921102e-03
  1.1535143e-02
  1.5380395e-02
 -2.9785473e-02
 -1.2487456e-02
 -1.5347502e-02
  4.1674720e-03
  2.6871432e-02
  6.1254362e-03
  6.8259384e-03
 -1.1984665e-02
  8.6200731e-03
  1.4558064e-02
  3.6491492e-01
  2.1976502e-05
 -5.0060404e-03
  2.3838454e-03
  1.5419074e-02
  6.8318518e-03
  1.5718258e-03
 -3.5917675e-03
 -7.2363485e-03
 -1.3454253e-02
 -1.6883409e-02
  1.6232796e-02
  2.8220643e-03
  1.6268278e-02
 -1.4765582e+00
 -1.8720613e-01
 -6.2439418e-01
  3.9223033e-01
  3.5711970e-02
 -1.1088763e-01
 -1.3382523e+00
  1.9410091e-03
  1.1013753e-02
 -9.0770032e-03
 -5.2265856e-02
  1.7048340e-02
 -2.3351207e-01
  3.7907353e-01
 -1.4544546e-02
 -3.4232266e-02
  1.8449992e-02
  4.6196803e-02
  1.5062081e-02
  6.4816992e-03
 -1.6892541e-02
 -1.2774734e-02
 -9.4065825e-03
 -1.2945664e-01
 -7.6511945e-03
  6.7648557e-03
  7.3346747e-03
 -5.9643982e-04
  1.3232202e-02
 -5.4132100e-03
 -1.0175812e-01
  8.9598102e-03
 -1.2986504e-02
  2.6522703e-02
  3.5601202e-03
 -1.5374987e-03
  2.2827459e-03
  5.1441387e-04
  5.6327652e-02
 -3.6281174e-01
  6.9963539e-01
 -1.2932123e-01
  2.2468070e-02
  1.8703921e-02
 -5.4818215e-03
 -5.7407776e-03
  1.4481070e-03
 -2.8196547e-02
  2.2801631e-03
  3.6202860e-03
 -3.8929547e-03
 -1.4671828e-02
 -1.2508153e-02
  1.5753083e-02
  2.1923757e-01
  2.2400070e-02
 -7.3763944e-04
  8.9991908e-04
 -4.3648544e-01
 -1.4546245e-03
 -2.1561277e-03
  6.3005881e-04
  5.8714894e-04
  1.2791049e-02
 -6.7620347e-03
 -4.3572285e-03
  4.3207649e-03
  6.1084679e-03
  8.2385708e-03
  1.6630553e-02
 -2.8142135e-03
 -2.6031023e-02
 -3.5330304e-03
  9.5788455e-03
  3.3406042e-03
  1.9953072e-03
  9.0740900e-03
  3.7473503e-03
  5.9786583e-03
  2.9444068e-03
  2.1253848e-03
 -7.4810456e-03
 -3.1450703e-03
  4.8617544e-03
 -5.1236963e-03
  3.5250045e-02
 -2.8302486e-03
 -3.7427249e-03
  1.1962725e-02
  3.6109646e-03
  8.4833670e-03
  3.8151054e-03
  2.2147277e-02
 -3.6403255e-03
  1.0662224e-02
  3.3789385e-02
  2.6750879e-03
 -5.8207298e-03
  2.6258957e-02
 -3.3026251e-03
 -1.3036359e-02
  1.2814085e-02
 -1.4342673e-03
 -1.1726606e-02
 -3.7370117e-03
 -8.2050646e-03
  1.3978321e-02
 -8.5055372e-03
 -1.6157712e-01
 -2.0556417e-01
 -7.5061065e-01
  1.8585768e-01
  1.5307178e-01
 -6.6407764e-01
  1.6336654e+00
 -2.6907104e-01
 -3.2222590e-01
 -1.0923384e+00
  7.4795638e-03
 -5.9928697e-02
  2.6488203e-01
 -1.0554439e+00
 -3.8279185e-01
 -1.8264323e-01
 -5.0518114e-02
  2.1463616e-01
 -3.4384581e-01
 -3.1559795e-01
 -5.0665057e-01
 -1.1052054e-01
 -5.8748191e-03
 -1.6412121e-01
  4.5659825e-02
  2.8356463e-02
 -2.1756238e-01
 -8.2950532e-02
  7.3215991e-02
 -4.7749276e-03
 -9.0520168e-03
 -4.3307027e-01
 -1.0507341e-01
 -1.1050512e-01
  3.8176867e-01
 -4.5821887e-01
  2.9269314e-01
  7.2897530e-01
 -4.5072699e-01
 -5.3640419e-01
  2.5882092e-01
  4.2656966e-02
 -1.8253484e-01
  2.6019254e-01
 -1.9073706e+00
 -2.5148405e-02
  6.0059421e-04
 -4.6661211e-04
  2.9830590e-01
  2.2018157e-01
  3.5742603e-02
  2.0096855e-02
  6.2620795e-01
  1.9249495e-02
 -9.0217264e-03
 -1.6269563e-02
  2.9175939e-02
  1.3518736e-03
  3.2049707e-01
  1.6883114e-02
  3.5067345e-04
  5.6943656e-03
 -9.7345380e-04
 -1.2841609e-02
 -4.2720448e-02
 -5.6291069e-03
  3.2143995e-02
  1.1368013e-02
  5.5847829e-03
  2.6218959e-03
  1.1137629e-02
 -4.4061504e-03
  4.6178726e-03
  1.2159215e-02
 -3.9626355e-03
 -1.3606514e-02
  1.3796123e-02
  2.0041338e-03
  7.3173926e-03
 -1.6279200e-02
  3.2459828e-03
  3.7787145e-03
  3.9481767e-02
  1.7481307e-02
 -5.0285673e-03
  1.6061997e-02
  1.5835701e-02
  8.9503862e-03
 -2.9994359e-02
  7.6908013e-03
 -2.0756649e-02
  3.5847202e-02
 -3.3669542e-03
 -9.3355604e-02
  3.5573097e-03
 -2.2658298e-03
 -4.8053581e-03
 -1.0721275e-02
  2.9035933e-02
 -6.8665895e-04
  5.8396640e-03
 -1.2132790e-02
 -7.7180201e-03
 -1.4111167e-02
  6.7210849e-03
  7.0034442e-03
 -1.3550834e-02
 -1.5739968e-02
  2.3521697e-02
 -1.3245543e-03
 -1.8638417e-02
  1.3802708e-03
 -1.5200619e+00
  8.4749676e-02
 -9.8818809e-02
  3.9146733e-03
 -4.5544211e-02
 -9.6239109e-04
 -1.2922208e-03
 -1.5253583e-03
  1.5861260e-02
  2.3404248e-02
  1.1510327e-02
  6.6752082e-01
 -3.0571753e-02
  5.2751588e-05
 -1.1465200e-02
 -1.5561415e-02
  3.3968326e-02
 -1.0990679e-02
  3.9417271e-02
  9.8858289e-03
  2.8143551e-02
 -1.1180539e-04
 -4.4554938e-04
 -1.0506968e-02
 -1.3311185e-03
  4.5427419e-02
  3.7866470e-03
  1.9352101e-03
 -4.1945446e-03
  1.0391028e-02
  3.9275452e-03
 -1.8534103e-03
 -1.2419134e-03
  7.5771107e-04
  1.5468907e-02
  2.0565456e-03
  4.0352633e-03
  1.2108831e-02
 -2.7264338e-03
  7.4543306e-05
  5.5652773e-03
 -3.5797454e-02
  2.7394253e-03
  5.3729075e-03
  8.5208556e-03
  6.4915265e-03
  1.4448406e-03
 -1.8313674e-02
 -2.6684506e-02
  1.8356528e-02
 -1.7262024e-01
  1.8762333e-02
  2.1359901e-04
 -9.3236472e-03
  5.1713355e-02
  7.7438094e-03
  2.8902483e-03
 -1.3951922e-02
 -2.5197272e-03
 -5.2564628e-03
  8.9651933e-03
  4.7210426e-04
  5.9464988e-03
 -6.5441066e-03
  4.1248882e-03
  3.7848593e-03
  5.9172507e-02
 -5.6058536e-03
 -1.2542300e-02
 -9.9167991e-03
 -6.6247708e-03
 -2.0956481e-03
  1.1365340e-03
 -1.3523874e-03
  2.6020238e-03
  8.1571359e-03
  1.5754381e-03
  1.6766202e-02
 -6.8376986e-03
  1.3356934e-02
 -6.2772874e-03
 -2.9972696e-03
  2.5193039e-02
 -1.0285106e-02
  1.0494117e-02
 -1.1530257e-03
  4.5969286e-03
 -3.4441003e-03
  8.7274592e-03
  8.0633359e-03
 -1.5412793e-02
 -6.9976267e-03
 -3.7127840e-03
 -6.2446664e-03
  2.3761541e-03
  2.5060463e-03
  6.9923718e-03
 -4.8174872e-03
 -1.2963301e-02
  4.4252020e-03
 -8.5820127e-03
 -6.0285795e-03
 -7.1985577e-03
 -1.8210940e-02
 -1.9596756e-02
 -1.0478034e+00
 -9.2347432e-03
 -5.1655374e-03
  4.3571895e-01
 -9.6033532e-03
 -4.2232173e-04
  3.4545481e-03
 -1.8236612e-03
 -1.9953013e-03
 -1.6660774e-02
 -3.9679036e-04
 -1.0999885e-03
 -5.1150224e-03
  5.8318176e-03
  6.1520883e-03
 -4.9040944e-04
 -1.0231532e-03
 -1.4761300e-03
 -2.2090157e-02
  1.9221135e-03
 -1.6825254e-03
 -3.4315772e-03
 -1.0072883e-02
 -2.0865055e-02
 -7.1457312e-03
 -5.1117159e-02
  1.5680077e-02
 -3.3153319e-03
  2.5429486e-03
 -2.7296192e-03
  1.1537552e-02
 -2.6750956e-03
 -4.4978289e-03
  1.0555092e-04
 -1.1564278e-03
 -6.0273842e-03
  9.4000082e-03
  1.3604130e-03
  5.1749703e-03
 -7.2144810e-03
  6.1900550e-03
  7.8218611e-05
 -1.0392589e-03
  2.5116550e-02
  4.2996830e-03
  1.6153309e-02
 -1.1041751e-02
  1.4737686e-02
  9.5327030e-04
 -6.0595539e-05
  1.5459173e-02
 -2.4297390e-02
  2.3614932e-03
  9.0147421e-02
 -1.1341680e-02
 -3.9219148e-02
  1.2824151e-02
 -1.8761716e+00
  3.3526513e-01
  4.3484591e-02
 -2.8440803e-02
  1.0038360e-02
  7.2541093e-03
  6.2587084e-03
 -1.0230424e-01
 -1.1854382e+00
 -5.3802913e-01
  3.1824834e-03
  1.9078171e-01
 -5.7770375e-02
 -1.9677156e-01
  2.5391320e-03
 -1.1132889e-02
 -7.6717027e-02
 -1.5603658e-02
  6.8445712e-02
 -7.0619029e-01
 -2.4477091e-02
 -5.0680311e-03
  7.1761454e-03
  1.0445730e-02
  7.1221128e-02
  2.1352364e-02
 -4.7113565e-01
  6.9303703e-03
 -1.5980497e-01
 -4.3148124e-03
  2.0599589e-02
 -1.1205622e-03
  1.5665520e-02
 -5.5804566e-02
 -9.1734761e-03
  2.2572625e+00
  8.3277196e-02
 -6.2087983e-02
 -2.6905784e-02
 -1.6965425e-03
  7.0934735e-02
  4.7554031e-02
  9.1595566e-03
  1.5598853e-02
 -1.7496129e-02
 -2.7326110e-01
 -7.2580623e-03
 -8.0937585e-03
  9.2923979e-04
 -3.2866742e-02
  1.9783533e-01
 -1.8833303e-03
  6.2987008e-03
  8.4258886e-03
 -2.0634551e+00
  2.1146707e-01
 -7.3120636e-01
 -1.4136288e-01
 -7.3897995e-02
 -7.4852258e-03
  2.3080905e-03
  1.0187791e-03
  2.0057008e-02
  5.9381202e-03
 -1.4166173e-02
  2.4899279e-03
  4.4249333e-03
  1.9865181e-02
 -1.9340042e-02
  3.4858520e-05
  3.6342990e-02
 -4.4105228e-02
  7.0590205e-02
 -3.5464671e-02
 -1.6920620e-03
  7.0661940e-03
  7.2062733e-03
  1.6356065e-03
  6.0083568e-03
 -2.9366332e-01
 -4.5104522e-01
  8.2645975e-03
 -3.6013143e-03
 -8.8060349e-03
  1.0365990e-02
  7.0462595e-03
 -1.0207460e-02
  4.1189133e-03
  2.0534325e-02
 -5.5268512e-04
 -3.0451993e-02
  2.2759300e-03
  5.5008093e-03
 -4.9873046e-03
 -1.5902843e-02
  4.6620620e-03
  1.4811642e-02
 -7.4088755e-03
  1.4048186e-03
  3.2959457e-02
  1.3225692e-02
 -5.9104552e-03
  2.2676678e-03
  8.3914427e-03
 -5.0935501e-01
 -3.9517263e-01
 -2.2030488e-02
  5.3325963e-01
  7.1909004e-01
 -1.8767226e-01
 -8.5143006e-01
  4.4130500e-02
  3.6472192e-01
 -5.6514955e-01
 -2.8692034e-01
  3.6272153e-02
  6.6641295e-01
  8.7247960e-02
  2.4568872e-03
 -2.9354196e-02
 -5.2808914e-02
  8.3430791e-01
  4.0246311e-01
 -2.8432411e-01
 -1.5833531e-01
  7.0121002e-01
 -2.2590677e-01
 -4.9020571e-01
 -5.0347494e-03
  1.6425911e-03
  2.0472828e-01
 -9.1808019e-03
  1.1495987e+00
 -1.0365227e+00
  3.4424096e-01
 -8.9223683e-01
 -5.5874187e-01
  3.3267561e-01
 -3.4152150e-01
 -1.8749159e-02
 -3.0116129e-01
 -3.1230213e-02
 -9.4345547e-03
 -2.6751176e-01
 -2.0749159e+00
  3.5981873e-01
  7.8672238e-02
 -1.3689238e+00
 -5.3123909e-01
 -6.8425208e-02
  2.2533698e-02
  2.3465347e-05
 -2.9632982e-03
  1.4055920e-01
  1.8086247e-01
  1.0863318e-02
 -5.0322469e-03
  2.5687449e-02
 -1.0435520e+00
 -3.2751894e-01
 -1.1943294e+00
  1.3706943e-01
 -9.3606579e-01
 -8.5834515e-01
  2.5319904e-01
  6.6218793e-02
  1.9585426e-01
  1.7893060e-01
  1.9859718e-02
  9.9746421e-02
  1.5476985e-01
  3.0246992e-02
  1.3003550e-01
  4.1945023e-03
  5.8520351e-02
 -3.2016274e-01
  1.5783226e-01
  5.5844355e-02
  1.4433107e-01
 -4.6205324e-01
  5.6702787e-01
  3.1024968e-02
  9.4651023e-04
 -3.1642389e-01
 -1.4777353e-01
 -9.6221045e-02
  3.2270770e-03
 -3.1536933e-02
 -4.4585806e-01
  1.7749387e-01
  2.6250945e-03
 -5.0472207e-02
  7.8152390e-03
 -4.3190695e-02
 -1.2818943e-01
 -9.2656836e-03
 -4.6190000e-01
 -8.8279212e-01
 -1.4319998e+00
 -6.1757553e-01
 -3.7735006e-01
 -2.3241043e-03
  1.2738504e+00
  1.1504705e-02
 -2.9236687e-02
 -7.8590190e-01
 -7.4773230e-02
  1.5993394e-02
 -2.7712438e-01
  6.7565236e-03
  9.2763016e-03
  1.7041413e-01
  9.2665337e-02
  2.8758097e-02
  9.5123379e-03
 -1.8205152e-04
 -1.3854190e+00
  2.5577454e-02
 -3.6441535e-02
  7.4996887e-04
  1.4343112e-03
  1.9144089e-03
 -1.0842691e-03
 -1.1829822e-02
  2.3494439e-01
  1.1936960e-02
  8.8948273e-04
  6.6101057e-03
  1.1041861e-02
 -1.0443848e+00
 -2.6435215e-02
  3.2049662e-03
  1.9480633e-03
 -3.6626377e-03
 -1.2220147e-01
 -6.5383911e-03
  3.1406393e-03
  3.0462865e-02
 -5.7129510e-04
  1.4540944e-02
 -3.0542923e-02
 -9.2163766e-03
 -1.2764187e-01
  1.5521601e-02
 -2.2092178e-03
 -1.3451146e-02
 -6.1713401e-03
  6.7774705e-03
  1.4012062e-02
  7.5091603e-03
  1.3147115e-02
  3.3134357e-03
  9.0530775e-03
 -5.6341925e-04
  1.3112005e-02
 -1.3035123e-02
 -2.2275059e-02
 -3.9837803e-03
  1.9204420e-04
  3.6871666e-03
 -4.2047487e-03
 -2.9029472e-02
  3.5127334e-04
  3.1393091e-03
 -3.4492163e-03
 -9.4386918e-04
  4.1560993e+00
  2.3128934e-01
 -5.4425466e-01
  1.2142539e+00
  2.5051515e+00
 -5.9057126e-04
  2.1477301e-01
 -5.6525343e-03
 -7.6329690e-01
 -4.5770356e-01
 -8.5277355e-01
 -5.2330799e-02
 -2.1432175e-01
  5.7820970e-01
 -8.6235918e-02
 -4.3139860e-02
 -1.6596040e-01
  3.1443074e-02
  1.8467073e-01
 -3.7519764e-02
  4.4167861e-03
  1.0688255e+00
  2.8098208e-01
 -3.4647386e-03
  6.7522847e-03
 -4.2484035e-03
  9.8339504e-01
  2.3225185e-03
 -9.0139899e-03
  1.7083783e-01
  7.3163259e-01
 -4.6920022e-01
  4.9557021e-01
 -1.4820133e-01
  4.6739057e-03
 -2.4249807e-02
 -4.3131858e-01
 -3.4827045e-01
  1.0868511e-02
  1.5445267e-01
 -2.9675463e-01
  3.9929503e-01
  6.2910222e-02
  1.5908143e-02
 -2.4408834e-01
  6.1251707e-02
  6.1228845e-02
 -9.4535481e-03
 -2.6038483e-01
  3.8540028e-03
  7.4632436e-02
  7.3006200e-03
 -3.4988918e-03
  5.7103429e-03
  2.0233463e-01
 -3.0015414e-03
  5.5020772e-02
 -4.7288062e-03
 -9.6450692e-01
  7.5682434e-03
 -2.6175335e-01
 -1.1962536e-02
 -2.1490715e-02
  5.0659957e-03
 -6.9628586e-04
 -8.5509317e-03
  1.1613018e-02
  1.7452072e-02
  1.8191611e-03
  3.2303813e-03
 -4.0594824e-03
 -9.8452633e-03
 -5.4399176e-03
  1.8374560e-02
 -1.9984212e-02
 -1.1529095e-02
  7.2999806e-03
  5.2254554e-03
 -1.0966696e-03
  8.0528762e-03
  6.7920047e-03
 -1.4633924e-02
 -2.9818669e-02
  1.3232098e-02
  1.8917480e-03
  2.7080031e-02
  1.5950110e-02
  2.8465772e-02
  3.2958870e-03
  4.1031610e-02
  5.7299356e-03
  4.7679027e-03
  1.1546124e-02
 -1.7407568e-02
  5.7672374e-03
  2.9705428e-02
  8.6217374e-03
  3.5886691e-04
  1.5559104e-02
  2.0938739e-03
 -9.7927742e-04
  5.4978100e-03
 -3.7207059e-03
  8.0746962e-03
  2.5595836e-02
  1.5651754e-03
 -9.6114475e-04
  1.4850743e-04
  3.0698013e-01
 -1.0595769e+00
 -9.3670529e-01
 -2.5486484e-01
 -3.3086857e-01
 -1.5090479e-03
  9.8322380e-01
 -5.8783942e-01
  7.0501459e-01
 -1.3741624e+00
 -1.4594337e-02
 -1.6952452e-01
 -1.0479432e-01
  4.1792631e-01
  4.6437967e-01
 -1.6236518e-02
  1.2367960e-01
 -5.5353266e-01
 -1.1471410e-04
  1.6108890e-01
  1.3095628e-01
  5.4996783e-01
 -1.4167080e-02
  1.8795472e-01
  4.2556059e-01
  1.3356645e-01
  3.0452254e-01
  9.6267555e-03
  1.6277517e-01
  5.6258321e-01
  3.8597530e-01
  7.1562183e-01
  7.7292794e-01
  1.5864254e+00
  4.7647543e-03
  7.4129122e-01
  4.1006207e-01
  1.2861337e-01
  4.2939770e-01
  5.8820777e-05
  4.9119425e-01
 -1.3628436e-02
  1.9868994e-03
 -7.0533352e-03
  2.6721544e+00
 -9.8611396e-03
 -1.2299158e-02
  4.7976151e-04
  7.4680697e-04
 -9.7612534e-03
  1.8431695e-02
  7.7161463e-03
  5.9010312e-03
 -1.0199186e-01
 -1.8129871e+00
  8.3318934e-02
  2.7314312e+00
 -4.9943772e-01
  4.6309406e-01
 -8.2676254e-02
  1.1672604e+00
 -1.7281959e-02
 -1.3730867e-01
  3.4793254e-03
  1.6647521e-02
 -1.1103518e+00
 -1.0577961e+00
  1.3796333e+00
 -2.4706456e-01
 -1.0092821e+00
 -1.6898638e-01
 -9.9391264e-01
 -2.8000784e-01
  2.2286935e-02
  1.4204938e-02
  8.7137125e-02
 -1.4901223e-02
 -7.6080989e-03
 -7.8738764e-02
 -1.5664969e-03
 -3.9751720e-01
 -7.5050157e-01
  3.6759416e-03
  1.0144448e-01
 -2.0335242e-01
 -1.7569406e+00
 -2.4811449e-02
  1.7094058e-01
 -1.3372138e-02
 -3.6864358e-01
  3.6318156e-01
  6.5845024e-04
  4.6440250e-01
  2.4331450e+00
  8.6244905e-01
 -2.9972550e-01
  2.7188563e-03
 -7.1195774e-03
  4.3292180e-01
  1.9601850e-02
  1.2238891e-02
 -1.1331381e-02
  5.9947267e-04
 -6.8186946e-02
 -6.9644973e-03
 -1.3807446e-02
  7.3728352e-03
 -4.2738248e-02
  6.5761246e-02
  9.6572423e-03
  2.4338366e-05
 -8.0454499e-03
 -4.6879745e-01
 -1.6997267e-03
  1.4053741e-03
 -1.2789643e-02
 -4.2913533e-03
 -2.1928484e-03
 -4.2623323e-03
  9.6644275e-03
  1.3091010e-03
  2.3361789e-02
 -4.4655791e-03
 -1.4912248e-02
  2.8232911e-03
  9.1676228e-03
  9.3005406e-04
 -9.3446914e-03
 -1.1856150e-04
 -1.8815701e-04
 -2.6963228e-02
 -6.7699710e-03
  1.7475488e-02
  5.8555219e-04
 -2.3924714e-02
  3.2792413e-03
 -4.7190264e-03
  1.9899474e-03
  3.4064734e-03
 -4.7365418e-03
  3.0651118e-03
 -1.5325681e-03
  1.5129800e-03
  1.7162465e-02
  1.1006086e-02
  1.9502267e-02
 -8.6179664e-03
 -5.9414399e-03
  3.1931077e-03
  1.3838718e-03
 -4.4577452e-03
 -4.1732327e-03
 -9.8610697e-03
 -1.9358838e-03
 -2.3968909e-02
 -3.2896546e-04
 -1.8456539e-02
 -1.6891643e-02
 -6.3276407e-03
  9.4773257e-03
  3.6007680e-03
  2.3020688e-02
 -1.9140713e-02
  1.1310112e-03
  2.0631969e-02
 -1.5394853e-02
  1.4567861e-01
  1.5724957e-02
  9.5067741e-03
  2.4977064e-02
 -1.3506478e-02
 -7.8140032e-03
 -6.0900819e-02
  1.0087677e-02
  2.0021899e-03
  9.9271082e-04
  1.1606826e-02
  1.9818293e-02
  5.2837376e-03
 -4.3559037e-03
  9.7408062e-03
  4.9334574e-03
 -7.0988276e-04
 -2.0535586e-03
 -1.3624881e-02
 -3.1509169e-04
 -1.2354736e-02
  2.4674907e-02
 -1.5707567e-02
  1.5778549e-02
 -2.1079392e-03
 -1.3248770e-02
 -3.3731679e-03
 -9.5093949e-03
  4.6357936e-06
 -1.3960999e-02
 -1.5906621e-02
 -6.9010872e-03
 -1.4600530e-03
  2.8573178e-02
 -5.0760512e-03
 -1.4869092e-02
 -8.2252352e-03
 -3.5334320e-03
  4.9869452e-02
 -1.9103361e-02
 -7.8213206e-03
 -6.0427724e-03
 -2.5299810e-02
 -4.4312319e-03
  1.0277550e-02
  1.6957493e-03
 -9.2662638e-04
  1.7190102e-02
 -3.0229564e-03
  2.6397167e-02
 -6.7038655e-01
 -3.7465662e-02
  1.0474907e-01
  8.9363444e-01
  1.4908677e+00
 -1.8223150e-02
  3.6394578e-01
  5.5640083e-02
  1.1216813e-01
 -5.3456284e-02
  1.0565442e-02
 -2.4919240e-03
 -2.3560515e-01
 -6.4022303e-02
  1.1522812e-02
 -7.0325270e-02
  1.6089076e-02
 -2.9789773e-01
 -3.4502493e-03
  4.2991540e-03
 -2.3076040e-01
  7.6563614e-03
 -7.8261609e-04
 -1.2862343e-02
 -3.9172885e-03
  7.7754362e-03
 -3.5007535e-03
 -1.3964684e-02
  1.8963326e-02
 -2.6572883e-01
 -2.7526559e-02
  1.4031489e-01
 -1.8877890e-03
  1.4779500e-02
  3.8664418e-04
 -1.1372067e-02
 -2.7480032e-03
 -1.9463245e-03
  1.1433831e+00
 -1.8230577e-01
  4.4606193e-03
  8.8680042e-03
 -1.8766413e-02
 -1.6707139e-02
 -7.1842251e-03
  4.6362053e-03
  1.5667902e-02
 -1.7358692e-03
  1.0207593e-02
  9.7573112e-04
 -4.3277112e-03
  2.3834132e-02
 -6.8267407e-05
 -1.7691696e-02
 -7.2034115e-01
  3.7645194e-01
  2.7741754e+00
 -1.6448743e+00
 -7.5832272e-01
  1.1147130e+00
  8.6737491e-02
  8.9792556e-01
  2.5910702e-01
  3.5255066e-01
  2.0717325e-02
 -4.8925641e-01
 -1.0935928e+00
  1.7165599e+00
  3.3281010e-01
  6.2100995e-01
  1.0822312e+00
 -4.3911082e-01
 -9.8382728e-04
  2.0866928e-01
 -1.0432559e-01
  1.1338977e+00
  1.0135723e+00
  4.0723968e-01
  4.5716617e-02
 -1.4683142e-01
 -2.5285527e-01
 -5.3626347e-01
  1.7939828e-02
  2.9319718e-01
 -3.6005029e-01
 -4.2644199e-03
  1.0714403e+00
 -5.5190623e-02
 -1.0479068e-02
 -4.2467196e-02
 -1.6338593e+00
 -4.2447932e-02
  3.3497715e-01
 -1.0352898e+00
  8.4280008e-01
  2.4266843e-02
 -1.6002403e-01
  3.9469082e-02
  6.0116595e-01
  4.8362152e-03
 -8.9510577e-03
 -8.3984534e-04
  2.0865475e-01
 -5.1709586e-01
 -4.3868291e-01
  5.3725362e-02
 -9.3362033e-03
 -4.5133107e-03
  7.9176212e-03
  4.4704854e-04
  2.5073851e-03
  1.0088009e-02
 -4.4420457e-01
  3.6207449e-02
 -3.3764243e-02
  2.8769299e-03
  1.3175814e-03
 -1.7696656e-02
 -6.7885336e-03
  1.2155949e-03
 -2.4099720e-03
  3.1002662e-03
 -3.5808925e-03
 -1.2355433e-03
  2.1951465e-02
  1.4647705e-02
  1.9082986e-03
  5.4370328e-03
  4.5456383e-03
 -3.6004285e-04
  3.8020793e-02
  5.0738156e-03
 -4.5104292e-03
  1.4503774e-02
 -9.3270149e-03
  2.2186474e-03
  1.2988180e-02
 -6.4904350e-03
  1.7570617e-03
  1.5593506e-02
 -8.5598305e-03
 -1.4615726e-03
 -1.6567674e-01
  5.9592891e-03
  1.3636189e-03
 -2.1757637e-03
 -1.4779614e-02
  2.2407777e-03
  8.2757574e-04
  1.0493265e-02
 -6.3334301e-02
  6.7889644e-03
  1.5682202e-02
 -3.5142730e-04
 -6.4409859e-03
 -4.0457430e-03
  2.1019874e-02
 -5.8618197e-03
  1.6816774e-02
  3.8358853e-03
  4.0804105e-05
  5.9449754e-04
 -1.3480271e-01
 -2.0687731e-03
 -1.6439008e-02
 -8.1602084e-03
  2.9999864e-01
  5.1927646e-03
  3.9062761e-02
 -6.8995915e-03
  1.0302593e-03
  4.5802095e-03
  1.4617457e-02
  6.8683322e-03
 -2.7556389e-03
  9.3711345e-03
  2.0056341e-03
 -5.0350223e-03
  1.0711050e-03
  2.0058464e-02
  1.1960924e-02
  2.3201695e-02
  3.0607291e-02
  3.5725262e-03
  3.2983374e-02
 -1.4794224e-03
 -2.4622736e-02
 -1.7023849e+00
 -1.1363296e-02
  2.5185084e-02
 -5.6773657e-03
  5.0682679e-04
  1.1190459e-02
 -6.0575772e-03
 -6.9425823e-03
 -3.4524638e-02
  3.9816853e-03
 -6.7106420e-03
 -1.6265363e-03
 -1.0554167e-02
  7.5132563e-03
 -2.4662290e-03
  1.8679200e-02
 -2.1085400e-02
  1.9249083e-03
  1.3661068e-02
  2.9265794e-03
 -1.1106890e-03
  5.5368064e-04
  9.1831731e-03
 -9.1108875e-03
 -4.4107619e-03
  9.8303761e-03
 -1.2440360e-02
  4.1262950e-03
 -5.6272498e-03
  1.1534218e-01
 -1.0179163e-01
 -1.6292435e+00
 -7.5989342e-01
  1.6810021e+00
  4.1044468e-01
 -2.0654786e-01
  3.3240162e-02
  6.6742730e-01
  8.3025557e-01
  5.9694769e-03
  6.6063714e-01
 -1.2770458e+00
  6.1438918e-01
  2.7888665e-01
  1.7309609e-01
  5.7697175e-03
  1.0212012e-01
  2.7116597e-01
  6.3000889e-03
 -1.8463390e-03
  1.7183608e+00
 -1.5158252e-01
  5.1183140e-01
  8.0194669e-03
 -1.4882397e-02
  9.2866170e-01
  5.0489191e-02
  6.0101147e-03
 -4.4812143e-01
 -1.4383022e-02
 -1.1187596e-01
  5.5021602e-01
 -3.8908640e-01
  9.3163311e-02
 -1.3594225e-01
 -6.0594118e-01
  6.5113015e-02
 -3.0111688e-01
 -5.8818305e-01
 -2.1241822e+00
 -1.2202870e-01
 -5.9302144e-02
 -1.2580480e-02
 -3.3415711e-01
  1.2033809e-02
 -4.8177280e-03
 -7.1560731e-03
 -5.1991069e-03
  1.5909820e-03
 -3.6372714e-02
 -8.9345453e-03
 -5.5688922e-03
  1.5075572e-01
 -9.7080553e-03
  1.1324311e-03
 -9.8095166e-05
 -2.0320246e-02
 -8.4424162e-01
  1.4244805e-02
 -5.1271588e-02
 -1.8548518e-02
  1.1639903e-02
 -3.0031180e-01
 -4.1782456e-03
  2.2648044e-03
  1.1369437e-01
  1.5575156e-03
  5.9178569e-03
  6.6578627e-02
 -2.5737232e-01
  1.0537772e-02
 -6.6502029e-01
  4.2892408e-04
  4.7314409e-03
  3.1190813e-02
  4.7722973e-02
 -1.9283183e-02
 -3.2286032e-03
 -1.5781274e+00
  1.3950409e-02
 -4.5079818e-01
 -6.5663415e-03
  7.2439425e-03
  2.4649382e-02
 -5.9188798e-02
 -9.2931986e-03
  3.6660612e-02
 -2.6670641e-01
  1.5083519e-02
 -1.1541461e-01
  9.4083566e-03
 -7.1723506e-02
 -2.9295520e-03
  1.5914587e-04
  7.7922330e-03
  2.5071237e-02
 -6.6101793e-03
  4.9277577e-03
 -6.1179247e-02
 -2.5363166e-03
 -1.1307828e-03
  9.7075999e-03
  9.0678148e-03
  8.9598875e-03
 -4.2500370e-03
 -1.0488612e-01
  1.4674623e-02
  9.4991529e-01
 -9.5045054e-01
 -3.7132995e+00
  2.0850179e+00
  1.0197936e+00
  1.5285373e+00
 -2.1793982e-01
  2.1211673e-02
  9.5975018e-01
  2.0711342e-01
  3.6811430e-03
  4.1492084e-01
 -3.2923082e-01
 -7.1628600e-01
 -7.3322640e-03
  6.9271642e-01
  3.3188462e-02
 -1.3771252e-01
  2.9577562e-01
  8.3922129e-03
  6.2590075e-01
 -3.9039823e-01
 -1.0235997e-01
  7.3295820e-01
 -1.8960813e-02
 -1.0301117e-01
  7.6797381e-02
  7.2640419e-02
 -9.0056490e-03
  9.5164627e-01
  1.0953287e+00
  9.8711299e-03
  3.3596548e-01
 -1.1910317e-02
 -2.6116624e-01
  5.8924323e-01
 -9.6350855e-01
 -1.8854629e-01
 -4.8925129e-01
  1.2505183e-01
 -2.2341719e-01
 -5.4762965e-01
 -8.9675671e-01
  4.9847415e-01
  5.2993470e-01
 -4.9449308e-03
  4.9774244e-02
 -3.3299160e-01
  1.9573577e-02
  2.1097707e-03
 -4.6612272e-01
 -4.2204605e-03
  6.7987530e-03
 -2.5483283e-01
 -1.3701264e-02
 -2.5803796e-03
 -1.4644918e-02
 -4.1653900e-03
  2.3956454e-01
  1.1298726e-03
  5.3099836e-03
 -1.0611791e-03
 -2.9796610e-02
 -5.0662314e-03
 -2.4857123e-03
 -1.9287063e-02
 -5.4071071e-03
  4.0247175e-03
 -4.5563397e-03
 -8.3426787e-03
 -7.9309079e-04
  7.9388730e-03
 -4.3701581e-03
  3.5287287e-02
  2.0335793e-02
 -9.3581359e-04
 -1.5597364e-02
 -2.8804527e-03
  6.8732258e-03
 -1.7028771e-04
  3.8179178e-02
 -1.3105597e-02
 -4.2002294e-03
 -1.3523460e-02
 -1.9297960e-04
 -7.6516037e-04
 -2.0567082e-02
 -1.6394617e-03
  3.8920055e-04
 -2.7187923e-02
  8.3338972e-03
  1.1231642e-02
  2.6487533e-02
 -9.7046839e-04
 -5.2418509e-03
 -6.2217372e-03
  2.3013821e-03
  4.4171778e-03
 -6.4683273e-03
 -7.9386041e-02
  3.1121070e-03
  1.4926944e-03
  3.5782447e-03
  1.0528640e-02
 -1.3999718e-03
  7.2529139e-03
 -9.7357295e-03
  7.3203398e-03
 -1.0546833e+00
 -5.0212449e-01
  1.1241674e+00
  2.0582746e-01
 -2.8878504e-01
  2.6807275e-01
 -1.2963766e+00
  2.5302989e-02
  3.6919913e-01
 -1.1155326e+00
 -1.5457558e-02
  2.1932578e-01
  2.2761320e-01
 -2.6285741e-01
  5.7854319e-01
  9.1275379e-02
  6.7165331e-04
  1.1626881e+00
 -5.7045007e-03
 -8.9182351e-03
  8.4211500e-03
 -4.3704834e-02
  1.2133539e-01
  8.6215854e-02
 -3.9985451e-01
 -7.6693869e-03
  1.2166840e+00
  1.9979997e-01
 -1.4763992e-02
 -4.6016940e-01
  1.7549108e-01
  3.8135753e-03
  7.1783067e-04
 -4.2370215e-04
 -3.0863346e-03
 -5.0896113e-03
 -2.8327343e-01
 -7.9263588e-03
 -7.2917175e-01
 -5.6482977e-01
  8.3321255e-01
 -4.3117371e-01
 -2.6278233e-02
  3.5954482e-04
  1.6132167e-02
  2.8745672e-02
 -1.2052368e-01
  1.8037816e-03
 -1.8029440e-02
 -4.9606558e-02
 -2.8048705e-02
 -2.7728952e-03
 -1.6424453e-02
  8.9336755e-03
 -1.4625952e-02
 -2.1736225e-02
  1.3978357e-03
 -9.2121903e-03
  4.4688675e-01
  1.6348949e-02
  2.4909567e-02
 -1.3532318e-02
 -1.1152782e-02
  2.7268788e-02
 -5.5124196e-03
 -3.9240680e-07
 -2.1953061e-03
  2.9221633e-03
  4.4789753e-04
  2.3209091e-02
 -1.4462983e-02
  6.3529034e-04
 -1.9701279e-03
  3.9623227e-02
  3.8619882e-03
  1.5550116e-02
 -2.9919941e-03
 -9.0311570e-03
 -2.8748296e-02
  3.8404509e-02
  3.9129551e-03
  9.0479376e-03
  9.3502237e-04
  4.5632678e-03
  1.2928143e-04
  1.1955804e-02
 -1.0638626e-02
  2.3885027e-02
 -9.3919663e-03
  8.7895347e-03
 -3.4719447e-04
 -8.7128049e-03
  2.5124090e-02
  2.5458497e-03
  7.3219636e-03
 -1.8604849e-03
 -3.3185050e-02
 -1.5424322e-02
  1.5018007e-02
 -3.9855968e-03
 -9.0813357e-03
  2.2956597e-02
  3.0571441e-03
 -1.2702608e-03
 -2.7073061e-03
 -5.9830886e-03
 -2.9520525e-03
 -3.2430144e-03
 -3.8848553e-02
  8.2835862e-03
  3.4863967e-03
 -2.6845546e-03
  1.2491195e+00
 -2.3439042e-03
 -3.2334162e-03
  2.9924335e-03
 -3.7835706e-03
  4.8889578e-03
  5.9315804e-02
 -4.4520185e-03
 -3.3820953e-04
 -1.5309370e-03
  2.2901367e-02
 -3.4271232e-03
 -1.7925097e-02
  4.4687861e-03
  2.8234359e-03
 -2.6535748e-03
  8.0116559e-03
 -1.1236016e-02
 -3.3563829e-03
 -1.9778598e-02
  6.7147082e-03
 -8.1038950e-03
 -3.0360930e-03
  5.8936165e-03
 -1.8053660e-02
 -3.8302818e-03
  1.3053865e-02
  9.0589318e-03
 -3.0199790e-03
  1.3341796e-02
  9.0270294e-03
  1.6605877e-03
 -4.0108033e-02
 -4.0148981e-03
 -1.3893828e-03
  2.1374403e-03
  2.6997389e-02
 -4.5502256e-03
  3.1699153e-04
 -4.2872964e-03
 -3.2163154e-02
  1.0091799e-02
  8.9227082e-03
  3.8143629e-03
  9.5763020e-03
 -1.7074319e-02
  1.1866238e-02
  3.6111489e-04
  7.9603363e-03
 -9.5585901e-03
 -3.1731777e-02
 -7.3801829e-03
 -6.4689899e-03
 -1.4546900e-02
  3.6451280e-01
 -2.5773359e-02
 -7.8845829e-02
 -5.5860579e-03
 -3.1996304e-03
  2.4314970e-02
  5.0053662e-03
 -1.2480433e-02
  3.3113894e-03
  6.5653767e-03
 -4.1720916e-02
 -7.1099233e-03
  3.3762457e-04
  6.2804329e-03
 -5.2842259e-04
 -3.2166513e-03
  1.4696381e-02
 -2.6316146e-04
 -1.5974434e-02
  2.3145578e-03
  5.6109153e-04
 -1.7625336e-02
  1.5905750e-03
 -1.2624482e-02
 -3.5687340e-03
  1.5834541e-03
 -9.7823339e-03
  4.8508821e-03
  7.8100371e-03
  1.0329690e-02
 -1.1409329e-02
  1.8874464e-03
 -2.7907554e-02
  1.5429043e-02
  9.2711430e-03
 -1.7690734e-03
 -9.8019820e-03
 -1.1397260e-03
  3.6644615e-02
 -2.4924558e-03
 -3.3653360e-03
 -8.2177836e-03
 -1.3044075e-03
  1.6443531e-03
  6.8389429e-03
 -1.8778075e-02
  3.1689037e-02
  1.3556858e-03
  4.3685467e-04
  2.0352716e-02
  1.4172874e-02
 -6.3845236e-03
 -1.0254974e-02
 -8.5716313e-03
 -5.2172595e-01
  4.1661061e-02
 -3.3431474e-02
 -1.9873265e-02
  9.6977188e-04
  3.2615643e-03
 -1.5512680e-02
  2.6493655e-03
 -9.3635507e-03
 -9.8911421e-03
  3.8473867e-04
 -9.2452596e-04
  2.9567624e-02
  6.9922028e-04
  1.7435296e-03
 -1.1392580e-03
  1.2701870e-02
  1.6776420e-02
 -2.2461297e-02
  5.7753841e-03
 -2.3591758e-03
 -1.6393486e-02
  1.5640106e-02
 -1.0806918e-02
 -6.7179609e-04
 -1.9180277e-02
 -8.7073017e-03
 -1.8597737e-02
  6.4155492e-03
 -1.3216383e-02
  1.2326751e-02
 -8.8258967e-04
  2.1862384e-02
  7.6975049e-03
 -9.1101499e-03
  2.0464652e-03
  4.8070168e-04
 -1.6289372e-02
 -1.8092353e-03
  1.3063861e-02
 -4.6420074e-04
  1.3976528e-02
 -8.7387441e-03
 -1.8801288e-03
  7.1788933e-03
 -1.2995442e-02
 -1.1737000e-03
 -4.6935081e-03
  1.7566003e-02
 -6.7104404e-03
 -2.3875269e-03
 -9.0962630e-03
 -2.2779053e-02
  1.7059736e-02
 -2.9588443e-01
  1.5668856e-02
 -1.0777385e-01
 -1.4933218e-02
  8.8715256e-04
 -9.0641798e-03
 -1.4778507e-02
  2.9523880e-03
 -2.2568078e+00
 -1.2140424e-03
  3.8644888e-02
  1.3430602e-02
  3.4433369e-02
  2.7040800e-01
  8.3607901e-03
 -2.5703604e-04
  2.9191393e-03
 -5.7222802e-02
 -4.0759396e-02
  4.4187790e-04
 -1.7076150e-02
 -1.5347570e-02
 -4.9700784e-03
  1.7864163e-03
 -1.6047530e-02
 -1.0763828e-02
  1.7379555e-04
 -1.4236965e-02
  9.4989146e-04
 -4.2374288e-03
  1.2219194e-02
 -2.5733812e-02
  1.2806164e-02
 -4.1351020e-03
 -5.1229476e-05
 -5.0938441e-03
 -3.1668742e-03
  1.1095120e-02
  3.2569680e-02
  1.5310687e-03
  6.6425234e-02
 -1.0977044e-02
  1.3353597e-02
  9.5377751e-03
  1.8054464e-04
 -7.9219574e-03
  2.2329283e-03
  7.4240165e-03
 -1.5636999e-02
 -4.8025264e-03
  4.4150427e-03
  5.1558926e-04
  1.9462919e-02
 -2.3909651e-03
 -3.0772072e-01
 -3.3458769e-03
  2.3322285e-03
  7.4076565e-04
  9.0086972e-03
  2.6113593e-03
 -5.7427855e-03
  7.5759511e-03
 -4.8670149e-03
  9.5052402e-03
  1.3297656e-02
  1.9633964e-02
  1.4612476e-03
  9.6507166e-03
 -5.4954407e-03
 -1.3928255e-03
 -1.0541064e-02
  1.4504769e-03
 -1.6938349e-02
 -7.7576144e-03
  5.4774933e-02
 -3.1770725e-04
  8.6651985e-03
  1.1428475e-02
  1.5386370e-02
 -1.7331978e-02
  9.7303055e-03
 -1.5552515e-03
  5.8077034e-03
 -1.5804408e-02
 -1.5857490e-02
  1.9803911e-02
  1.7342530e-02
 -3.7837729e-02
  1.9282306e-03
 -1.6425974e-03
  2.3194334e-02
 -6.9633876e-05
  7.0361425e-03
  7.5159041e-04
  2.5019197e-02
 -3.7272524e-03
 -7.9192733e-03
  7.7118445e-03
  1.2196711e-02
 -3.4967533e-03
 -3.0757941e-02
  2.3534723e-02
  9.9647343e-03
  4.0238301e-04
  8.1562372e-03
  1.0638017e-02
  2.0318292e-03
 -3.2957569e-03
 -5.0621951e-01
  1.8059166e-02
 -2.6851727e-03
 -1.3945717e-02
 -1.9965770e-02
  5.8067413e-03
 -6.4814794e-03
 -5.7377443e-03
 -6.8871500e-03
 -3.6946461e-03
  2.3043038e-02
 -6.2731989e-03
 -6.4274156e-03
  5.0250936e-04
  9.8959673e-03
 -2.8173474e-03
  2.0430807e-02
 -7.4350266e-03
 -3.8126891e-03
  9.3191033e-03
 -1.0107390e-02
  2.9256139e-02
  9.2589995e-03
  1.7565444e-02
 -2.6411764e-02
  3.0648331e-03
 -1.0339408e-02
  3.7380261e-03
 -1.3425192e-02
  4.2142989e-03
 -1.8781748e-02
  1.7571545e-03
  2.5206350e-03
  9.5678447e-03
  1.8344367e-02
  1.5346809e-02
 -9.8542906e-03
  7.5870194e-03
 -2.3311845e-03
 -4.1171508e-03
 -5.4837973e-03
 -4.3702789e-02
 -1.2882472e-02
 -5.0263456e-03
  3.1404444e-03
 -1.6503483e-02
  8.2770213e-03
  3.5237323e-03
 -1.2194147e-02
  2.1423852e-02
  1.9849782e-01
  4.8683747e-03
 -8.8028545e-03
  4.6828687e-02
 -1.5898569e+00
  3.9566144e-02
 -4.3712789e-01
 -2.3356760e-02
 -4.5349840e-02
 -6.6164872e-03
  1.8273410e-03
  1.5979175e-02
 -8.8373730e-03
  6.3709244e-02
  2.8091550e-03
  4.0523168e-03
 -3.3759810e-02
  3.7017554e-02
  2.0488963e-04
 -8.6627863e-03
 -5.1989695e-03
  1.9762728e-02
  3.9466745e-03
 -2.5874671e-02
  9.8471018e-03
  7.9399878e-03
  1.6406758e-02
  1.6140809e-02
 -9.0302518e-03
  2.9109519e-03
 -5.9050075e-03
  1.8642008e-02
 -1.0063298e-02
 -2.6106935e-02
 -5.1231780e-03
  5.9221718e-03
 -1.7985229e-03
 -1.7535612e-03
 -5.5129076e-03
  1.9782880e-02
  7.0165084e-03
  1.5576914e-02
 -4.7184485e-03
  2.2927239e-03
  1.8273959e-04
  3.2865971e-02
  1.0508753e-02
  6.0399235e-03
  1.4307041e-02
 -5.0895298e-03
 -2.8841479e-03
 -9.6041681e-03
  7.8710988e-03
 -1.0380596e-02
 -7.3019177e-01
  9.9600321e-01
  2.7891725e-01
 -2.8837511e-01
 -2.3414474e+00
 -6.1598420e-01
 -8.6807233e-01
  1.3948819e-01
 -1.4827900e-01
  1.3891228e-02
 -4.6156803e-03
  3.8497259e-03
 -6.8797749e-03
 -3.7907217e-02
 -2.5032657e-01
 -6.4564147e-03
  1.2799227e-02
  5.7115322e-01
  3.1992075e-01
 -1.2691163e-02
 -7.2666528e-03
 -2.4836479e-02
  1.0917459e-01
 -8.8154334e-01
  1.7831881e-01
  5.0828489e-03
  2.8673157e-01
  3.4591410e-01
 -7.6524250e-04
  2.0174230e-02
  2.6388358e-02
  2.4432379e-01
 -4.0152494e-02
 -1.5626187e-02
  1.7991454e-04
  4.7696628e-02
 -7.8274403e-03
  6.5740190e-02
  1.0515251e-02
 -2.0208901e-01
  2.3311568e-02
 -1.0628456e-02
 -1.1309393e-01
  1.3537614e-02
 -5.4389298e-01
 -1.3984581e-02
 -1.5712576e-02
  1.1155062e-02
  3.6405124e-02
  1.7172385e-02
 -3.9064333e-02
  1.0509049e-02
 -3.9870877e-02
  2.5509559e-02
  2.5428295e-01
  4.1748337e-02
 -2.1809103e-02
  1.9498701e-01
 -1.9860438e+00
  1.6767225e-01
 -2.0893914e-01
 -1.5247828e-01
 -2.3813576e-04
 -3.3545040e-02
  1.1081092e-04
  1.9399530e-01
 -5.9445500e-02
  1.1179637e-03
  1.2012841e-03
  6.3512116e-03
  1.2947187e-03
 -2.1442816e-02
  7.6768803e-03
 -3.2288709e-03
 -1.5031434e-02
  2.4065943e-01
  5.8360365e-03
 -1.1553137e-02
 -7.8289479e-04
 -2.0182066e-02
  1.4544674e-02
  8.6128619e-03
  3.4358722e-04
  4.7473624e-02
  2.1260288e-01
 -2.0280637e-02
  2.8736141e-01
  2.0346646e-03
 -2.2191500e-02
  2.3170086e-02
  8.7450355e-02
  1.6808556e-02
 -1.2239815e-01
 -4.7250534e-03
 -2.1283044e-03
  8.6883657e-02
  6.4388583e-03
  7.1452684e-03
  6.0701728e-02
 -1.7049141e-03
 -2.6426615e-02
 -3.1111144e-02
 -3.4059286e-02
  1.9395496e-03
 -1.8036291e-02
  3.2540208e-03
 -1.7446404e-02
  3.2566143e-03
  4.2230221e-03
  2.5253605e-02
 -6.1136549e-03
 -3.4686960e-02
 -2.4418156e-01
 -1.0710941e-02
 -1.6615409e-03
 -6.4414777e-03
 -3.7634578e-03
 -2.2302430e-02
 -6.8217413e-03
 -1.8400704e-02
  7.7102650e-03
 -2.0456348e-02
 -6.8854913e-04
 -2.8318506e-02
  8.2408404e-03
  1.8245596e-01
  1.8825416e-02
  8.7409830e-03
  4.5223115e-03
  1.4792600e-02
  1.8597562e-02
  1.0764276e-02
  9.1147888e-03
 -7.6473271e-03
 -1.9918312e-03
 -1.5555504e-02
 -3.5902313e-03
 -1.9059095e-03
 -1.6909409e-03
 -5.1523312e-03
 -2.4807101e-04
 -1.0519508e-02
  9.7406469e-03
  3.2998757e-03
 -6.3652446e-04
  1.3167155e-03
  1.0636932e-02
 -1.2903346e-02
  6.2061036e-03
  2.0583132e-03
 -1.5490508e-03
  1.2220960e-02
 -6.7418544e-03
 -3.2770911e-03
  5.7368124e-01
  1.4055964e-03
  2.2421421e-03
  2.0897815e-02
 -7.0732404e-03
  4.1703754e-03
 -8.2034264e-03
 -7.2929589e-03
 -1.0383844e+00
 -8.5942525e-01
 -1.8124605e+00
  1.9340168e+00
  2.8939980e-01
 -9.2645562e-01
 -7.9392350e-01
 -1.7805542e+00
 -4.3218243e-01
 -8.0110198e-01
 -9.9198699e-01
 -8.0413008e-01
  1.4717989e+00
  3.9630434e-01
  6.4336933e-02
  9.6405055e-03
 -1.3842047e+00
  5.3169799e-01
 -5.9464709e-03
 -7.1842390e-01
 -9.7068214e-01
  8.3974129e-01
 -4.8737273e-01
 -2.7951140e-02
  1.0636955e+00
 -2.5628977e-03
  2.7753335e-01
  4.8035386e-01
 -1.2518555e-01
  5.7471937e-01
  1.8969132e-01
  4.0342230e-01
  1.1753149e+00
 -2.1985856e-01
  7.1873981e-01
 -7.2004664e-01
  3.7884030e-03
 -1.1717886e+00
 -8.9747137e-01
  1.1501980e+00
  5.1708812e-01
 -3.2850975e-04
  2.6671562e-02
 -4.7555987e-02
 -1.3456841e-01
 -4.4268843e-02
 -7.9384185e-03
 -1.5760876e-02
  3.1292688e-03
  1.1078113e-01
  6.1733467e-03
 -5.7051177e-03
  9.4996288e-04
  5.5670303e-01
  2.7254860e+00
 -5.9475964e-01
 -5.2117145e-01
 -5.0672340e-01
  1.0948274e+00
 -1.6949530e-01
 -2.9046023e+00
  1.4875290e-01
  3.6297774e-01
  8.4670316e-03
 -7.2196857e-03
  9.3189061e-02
 -3.0897957e-01
 -2.3806085e-01
 -4.7657333e-02
  3.6318710e-01
 -1.0077181e-02
 -5.0492346e-01
  6.7976266e-02
 -8.1185931e-03
  6.8673217e-01
  6.2853342e-01
  6.3099027e-02
  4.1767288e-02
 -9.8749744e-03
  1.9784020e-02
  3.8927376e-02
  1.2686103e-02
 -9.0417434e-03
 -1.6768403e-01
 -2.3526986e-01
 -1.5779231e-02
  2.9111868e-02
 -1.8105777e-01
  1.1143939e-02
 -4.5135889e-02
 -3.7511066e-01
 -1.7117951e-02
 -7.2352868e-01
 -4.6568307e-01
 -1.3703833e+00
 -1.8158731e-01
 -1.8205650e-02
 -3.3314074e-03
 -1.0139570e+00
  1.1956775e-02
 -2.1964291e-03
  8.2114671e-04
 -7.2034434e-03
 -9.0784326e-02
 -4.9712951e-03
  4.6603530e-04
 -1.0118890e-03
  5.8045406e-03
  9.3042038e-02
  1.3136861e-02
  4.0746111e-02
  1.2058322e-02
  9.9799204e-01
  3.8463520e-03
 -4.8701826e-01
  5.6610140e-03
  1.3259988e-03
 -8.3304616e-03
  1.1504946e-03
  3.9908057e-03
  2.9481873e-03
  3.7346743e-02
 -5.0334018e-03
  5.9045653e-04
  2.4139713e-03
  3.4139905e-02
 -4.9954003e-01
 -4.4626002e-03
  3.5267353e-01
  6.6247722e-03
 -5.0044823e-03
  4.3985387e-04
  8.7260487e-05
 -1.6272388e-02
  2.7535309e-03
 -2.9669174e-03
 -4.0290326e-02
 -9.4225269e-04
  4.9739484e-02
  3.6375655e-03
 -3.1184508e-03
 -1.6303152e-02
  7.2510247e-03
 -6.8476271e-05
  6.9549483e-01
  6.6002202e-03
 -2.4721642e-01
  1.0620137e-02
  7.4319728e-04
  1.4091901e-02
 -2.7787769e-02
  1.0702671e-02
 -1.2953546e-02
 -2.2187946e-02
  8.6712651e-03
 -1.1908988e-02
  5.2948226e-03
 -5.1989872e-03
 -1.6517008e-02
 -7.9638953e-04
 -8.0914516e-03
  6.5316604e-03
  6.4091307e-01
  1.8057175e+00
  1.2226333e-01
 -6.5747455e-02
  1.6508124e+00
  5.9789491e-01
  1.1936555e+00
  9.4562078e-01
  3.4425509e-01
  6.2266457e-01
  4.2980112e-02
  4.2713678e-01
 -4.3240723e-01
 -9.8816913e-01
 -4.2343460e-02
  1.2543450e-02
  7.0141333e-01
 -9.9696279e-01
  4.4464716e-01
  2.9039869e-01
  9.0837643e-02
  9.6621014e-02
 -7.8775227e-02
  1.4476948e-02
  7.7188939e-02
 -8.8332535e-04
  3.0596039e-01
  2.0828122e-01
  3.3467609e-01
  2.2361176e-03
 -1.9497842e-01
  2.6759467e-01
 -2.4768589e-01
 -5.5018859e-03
 -9.1708712e-03
  3.0936066e-03
  8.1407315e-01
  2.3136182e-01
 -4.9699935e-01
  1.7660852e-01
  6.9120312e-01
 -7.9644859e-02
 -2.0496116e-05
 -3.8056045e-03
 -9.5158600e-04
 -1.0303985e-03
 -3.1248275e-03
  1.3374245e-02
 -1.4013492e-01
 -9.8987073e-02
 -4.0477277e-03
  1.3385845e-02
  1.2742188e-02
  8.1529114e-03
  1.0429988e+00
  8.1281215e-02
  7.3246497e-01
  2.1283243e+00
  3.3545935e-01
 -2.2944920e+00
  1.9858967e-01
  1.3868301e+00
 -6.1338168e-01
  2.2705954e-01
  2.7890602e-01
  1.0182982e-01
 -5.7975060e-01
  5.2178097e-01
 -2.4621691e-01
  1.5358995e+00
  2.8600037e-01
  3.2528025e-01
  2.6386452e-01
  2.2751495e-02
 -7.8014977e-02
  8.8024759e-01
 -2.6546568e-01
  1.3751853e+00
  4.0701345e-01
  1.9827541e-03
  5.5693543e-01
 -4.0198308e-01
  3.9383465e-01
  5.5263825e-02
  3.0239597e-01
  1.5199919e-01
 -4.8367560e-01
  1.5567416e-01
 -4.7292961e-03
 -8.3875008e-02
 -1.6295978e+00
  1.4654040e-01
 -5.8482802e-01
 -1.8381175e-02
 -8.1784183e-01
 -1.2510651e-01
  1.4747263e-02
  7.4297458e-01
 -2.8918785e-01
 -4.4420417e-03
 -9.3298731e-03
  3.1710124e-01
  9.9805035e-03
  5.1676017e-01
  1.1226837e-02
 -3.7233952e-02
  3.8363069e-02
  3.7294544e-02
  1.1384833e+00
 -3.3193577e-02
  2.0509030e-01
  6.0092020e-01
  4.4356674e-01
  1.8989277e+00
  1.6768143e-01
 -1.0369451e+00
 -1.3759142e+00
  9.4435167e-01
  1.2828046e-01
  8.6763942e-01
  1.2258573e+00
  9.4882309e-01
 -3.7769008e-01
  5.6324177e-04
  1.7253935e-03
  9.0049553e-01
  9.9659580e-01
 -7.4953702e-03
  6.5541273e-01
  7.5752896e-01
 -2.8836188e-01
  5.8480119e-03
  9.4839036e-03
  3.4824260e-02
 -1.4937763e-01
  2.4027431e-03
 -7.0311949e-03
  4.5320028e-01
  6.0629594e-01
 -4.5831785e-02
  3.6316231e-01
 -2.7327219e-02
 -1.5685145e-02
 -5.7529414e-01
  1.6338301e+00
  1.9252993e-03
 -3.2482898e-01
  6.9362618e-02
  5.3129518e-01
 -7.9642773e-02
 -2.0372460e-03
  4.6770525e-04
  1.5830597e-01
 -2.1577610e-02
 -1.9498672e-02
 -1.3937207e-01
 -6.1032386e-03
 -1.0756284e-03
 -2.7052895e-03
 -9.8789688e-03
 -1.8194336e-02
  5.8096981e-01
 -3.9450158e-03
 -5.0891126e-03
  1.3906685e-02
  6.6786432e-03
  4.8310775e-01
  1.3481745e-02
 -2.3086613e-02
 -2.0501134e-03
  1.5345075e-02
 -1.3914056e-02
 -4.8242165e-03
 -2.4770150e-02
 -1.7255697e-02
  1.4352317e-02
 -5.7117529e-02
 -2.1540573e-02
 -4.6903314e-03
 -6.8698050e-03
 -1.1151255e-03
 -1.0273427e-02
 -2.7772237e-03
  3.6133640e-02
  1.2080285e-02
 -1.5339471e-02
  3.9677001e-03
  5.3467371e-02
 -1.2204374e-02
 -2.0102737e-03
  1.8541988e-02
 -2.9823929e-03
 -1.3012602e-03
  3.5595350e-04
  2.3408694e-02
 -7.9532340e-03
 -7.9688514e-03
  4.5432178e-03
  4.9307295e-03
 -7.4864738e-03
 -1.8064433e-03
 -9.8784745e-04
 -4.9014823e-03
 -2.6576244e-03
  1.8372466e-03
  6.4916345e-03
  8.4078731e-03
  5.1498250e-03
  1.3511044e-04
 -1.7115721e-02
  1.3433705e-02
  8.5633947e-04
 -3.0944627e-03
 -4.2307759e-03
  1.3417778e-02
 -1.3394937e-02
  7.0463574e-01
  1.4259329e+00
  1.6788844e+00
 -9.3141633e-01
 -3.3448539e+00
 -4.8429888e-01
  2.3014683e-01
  2.6871624e+00
 -7.9009570e-02
 -2.1622987e-01
  2.2943307e-02
  1.2298679e-02
 -6.6871238e-01
  3.2783094e-01
 -1.2872772e-01
 -1.8372935e-01
  3.1810862e-03
 -2.1362595e-01
  6.0012311e-02
  4.2653428e-03
  6.6463216e-03
  2.3620190e-02
  4.1306978e-03
 -1.6656574e-02
  2.0386649e-02
 -1.3760725e-02
 -2.7622720e-02
  3.9115176e-03
  2.0437967e-02
 -2.9158581e-03
  5.8551729e-02
 -9.9718180e-03
 -6.2175649e-03
  1.1665694e-02
 -7.2017708e-03
  1.0477233e-02
  4.6621826e-03
  3.0120693e-02
  3.5924485e-01
 -1.6938014e-01
  4.3560985e-01
 -1.5529238e-03
  8.3740531e-03
  4.5936336e-03
  3.6075719e-02
 -4.2130626e-03
  6.9301194e-03
 -4.9889069e-03
 -6.6712494e-03
  7.1555071e-02
  2.0417194e-03
 -6.0502952e-03
  1.0612037e-03
 -3.0851358e-04
 -1.0575354e-01
 -6.7458249e-04
 -5.7074768e-03
  5.6258962e-03
  7.9558903e-01
  1.5891068e-02
  4.7526628e-02
  1.1750882e-02
 -5.4499558e-03
  7.0375303e-04
  3.4272647e-03
  1.7054591e-02
  1.8958673e-02
  1.9112319e-03
 -9.5916986e-03
  8.1313541e-03
 -8.3399576e-04
 -2.7556259e-02
  5.2759987e-03
  1.9608717e-02
 -2.3811690e-03
 -1.9392588e-03
 -1.4946866e-02
 -5.9479224e-03
  5.8289355e-04
  8.1011076e-03
  6.4539438e-04
  5.9188187e-01
 -1.8845104e-02
 -1.1149968e-03
  1.6424650e-02
 -6.6726436e-03
  9.2147458e-03
 -2.5996896e-03
 -2.5470371e-03
 -4.6674176e-03
 -1.4752613e-03
 -1.2478103e-02
  3.4508361e-03
  9.1236143e-05
 -1.3670194e-02
  2.8848730e-03
  3.5147420e-03
  3.3834215e-02
  9.6218912e-03
 -2.5962407e-02
 -1.4715221e-02
  8.0633229e-03
 -1.3550833e-02
  7.7701043e-03
 -7.3924270e-03
  2.0197585e-02
 -9.2004379e-03
  1.4401925e-02
  1.0239711e-03
  1.0492307e-02
  4.2274268e-03
 -9.9752948e-02
 -8.9619726e-02
  5.4595447e-03
 -6.5609410e-02
 -2.6333790e-02
 -2.3475299e-02
 -6.4163054e-03
  2.5040924e-04
  2.0573929e-02
  2.6516854e-03
 -3.1965613e-02
 -7.6578530e-03
  2.0598352e-02
 -9.7702444e-03
  9.0484793e-04
 -1.0234822e-02
  5.5603310e-03
 -3.3652806e-05
  7.5173876e-03
  8.0825659e-03
 -7.2270137e-04
 -7.4928366e-02
  5.1094517e-03
 -1.2822104e-02
  1.3814459e-03
  3.3100937e-03
 -5.4749334e-04
 -4.3409402e-03
  1.2556468e-02
 -4.2739096e-03
 -5.1242352e-04
  2.4108000e-03
  2.2494953e-02
 -1.1244667e-03
 -7.7423090e-03
  9.7716805e-03
 -4.1383687e-02
 -1.9550886e-02
 -3.5026178e-02
 -1.7570430e-02
  2.0518262e-02
  1.4982034e-02
  2.1529261e-02
  2.4504527e-02
  2.8003403e-03
 -2.0974741e-04
 -7.7400315e-03
  3.6221212e-03
 -2.2700975e-02
  5.5805156e-03
 -2.8165851e-03
  5.8429748e-01
  1.9556751e-02
  1.6355038e-01
 -5.6228423e-03
  1.2481768e+00
  5.4897290e-02
 -1.7124532e-01
 -2.1559184e-03
 -8.1853633e-04
  2.7544521e-02
  1.4567041e-02
  5.3449702e-02
  5.3821169e-03
 -2.6153221e-03
  2.2054189e-03
  3.8202640e-02
  3.8284778e-03
 -5.9081479e-03
  2.7474742e-03
  3.3605075e-03
 -2.7264301e-03
 -2.9011844e-03
 -5.8675517e-04
  1.1686244e-02
 -3.2075472e-02
 -8.2083652e-03
 -1.1400538e-02
  7.1127005e-03
 -8.6099189e-03
  3.1910106e-04
  2.2362823e-02
 -8.3706947e-03
 -7.8682723e-03
  1.5947747e-03
 -1.4021610e-02
  5.6149443e-03
 -8.3240913e-03
 -2.0429524e-02
 -3.1181837e-02
  6.3644610e-03
 -2.5024458e-03
 -7.0107412e-03
  5.5766781e-03
 -1.3879994e-02
 -5.4957210e-03
  1.6706132e-03
 -2.3353540e-03
  2.6461786e-02
 -5.0462796e-03
  4.3782182e-02
 -8.1707081e-03
 -9.8960078e-04
 -1.5858345e-02
  1.6180465e-02
  1.1002136e-02
  1.4479745e-02
 -3.1230003e-03
 -8.7191835e-03
 -1.4322981e-01
  3.2098766e-03
 -3.8153462e-02
  1.3577016e-03
  4.9972534e-03
  1.9368917e-02
  6.5051899e-03
 -1.4213583e-02
  1.4597885e-02
 -3.4289852e-02
  1.0224571e-02
  1.0573074e-02
  2.1338215e-02
 -9.2488825e-03
  4.1280584e-03
 -1.5779752e-02
  2.0743480e-03
 -3.5561144e-03
  2.2019271e-03
  8.1753042e-03
  4.0430063e-03
 -9.1760550e-03
  1.7472565e-02
 -4.6147695e-03
 -5.1320228e-03
 -1.1210156e-03
  1.5142231e-04
  2.4616425e-03
 -5.8316826e-03
 -1.1754924e-02
 -5.3609121e-03
 -1.1176743e-02
  7.0133018e-03
  5.1068123e-03
  6.4647114e-03
  1.6056794e-03
  1.2501489e-02
  2.6039016e-03
 -3.1441716e-03
  8.3047450e-03
 -2.3664408e-03
 -4.6196920e-03
  5.4505467e-03
 -6.3102953e-03
 -3.8813392e-03
 -1.2265196e-03
  4.3036304e-02
 -4.8170867e-03
  8.0949599e-03
 -2.8702788e-02
 -5.9924561e-01
 -3.2353100e-01
 -2.1462658e-02
 -1.7007677e-02
 -6.1013997e-01
 -2.3259184e-01
 -1.9649637e-03
  1.1429131e-02
  1.3960280e-01
 -1.3493421e+00
 -1.1568725e-01
 -2.1698708e-02
 -1.7573550e-01
 -8.3416943e-03
  4.6039227e-02
 -3.8324021e-02
 -8.4200019e-01
  5.7563230e-02
 -1.0666726e+00
 -7.0126390e-01
 -1.8266520e-02
 -2.5762167e-02
  5.8086779e-02
  1.9943471e-01
 -6.3585359e-01
 -1.1560212e-01
 -8.0823265e-02
 -6.3107306e-01
 -7.0394635e-01
  3.5841085e-03
 -5.9742411e-03
 -1.1251315e-01
 -4.7787321e-03
 -1.6359961e-01
 -2.7152565e-01
  1.8635808e-03
 -3.5069153e-01
 -3.8355035e-01
  8.2664648e-03
  7.6588094e-02
 -2.7643460e-01
  3.1936440e-01
 -1.8556833e-03
 -2.3021121e-02
  2.4776969e-03
 -5.9882931e-02
 -2.2854827e-01
  1.2398724e-02
 -3.4762286e-02
 -1.1891539e-02
 -3.5846352e-03
 -1.9757439e-01
 -1.4635678e-01
  3.0246986e-02
 -5.2305317e-01
 -6.7582309e-02
  2.6958403e-03
  4.3473868e-03
 -1.5432491e+00
 -5.1087644e-03
  8.8464722e-02
  3.0635402e-02
 -3.9631636e-03
  3.4212847e-03
 -1.6363787e-02
 -2.4191217e-02
 -2.3805290e-03
  9.8264432e-03
 -3.7238412e-03
 -6.2347576e-04
  9.8792082e-03
  1.4575742e-02
 -3.0350583e-02
  1.6176289e-02
 -1.8622020e-02
  1.5593711e-02
  3.4172442e-02
  2.0011284e-03
  1.9761065e-03
  1.3930765e-03
  9.1399616e-03
 -2.7811071e-03
 -4.0071588e-03
  2.3719613e-02
 -1.1178252e-02
 -6.8918290e-03
 -5.6271121e-02
  1.1089615e-02
  2.6364406e-03
 -1.3072426e-02
 -2.9621753e-03
  1.2528180e-02
  2.8659299e-02
  8.3807642e-03
  2.9653753e-03
 -4.4994401e-03
 -1.2615126e-03
  4.0753339e-03
  3.5705457e-03
  1.4553228e-02
 -2.8101804e-03
  1.5768779e-02
 -1.6862999e-03
 -8.4393611e-03
  1.9139199e-02
 -1.3949845e-03
  9.9624991e-03
 -1.2291273e-02
  1.5465868e-01
  4.9603458e-02
  6.7792080e-02
 -1.0240919e-02
  4.5075351e-01
  3.7700508e-03
  1.8635219e-03
  5.1296316e-03
 -4.4956673e-03
 -5.4548506e-04
  1.0265168e-02
  2.8038492e-02
 -7.7524101e-03
 -8.8897413e-03
  1.7789481e-02
  1.9724949e-03
 -8.3446903e-03
  1.0471329e-02
  1.5826009e-02
 -1.4051590e-02
  5.1563899e-03
 -3.6477699e-04
 -3.4497851e-03
 -2.0618183e-03
 -6.6915696e-04
  1.0917241e-02
  1.4414368e-02
  7.4131591e-03
 -1.5293807e-02
  3.0229867e-03
  3.5865097e-03
  3.5457063e-02
 -3.8816235e-03
  1.5984653e-02
 -1.7692436e-02
  1.7523788e-02
  5.2048853e-03
  9.0469429e-03
 -1.0102874e-02
 -1.4157396e-02
  2.1681523e-02
  2.8216461e-02
 -6.1148005e-03
 -4.8542507e-03
  1.9321172e-02
  2.9099671e-02
  1.4206043e-03
 -5.4261005e-03
 -8.5109954e-05
 -1.7313166e-02
 -3.1695768e-04
  7.6338783e-04
  8.7055843e-04
 -2.7105359e-03
 -7.7095903e-02
  3.0364606e-01
 -2.5795883e-01
 -1.5617132e-01
 -9.8423094e-01
 -4.7137341e-01
 -5.6584720e-02
  6.8555005e-02
  2.0612195e-02
 -9.7912110e-02
  1.9799182e-02
 -1.7898875e-01
 -8.7092333e-02
  5.7322062e-03
 -9.5911426e-03
  1.0799909e-01
  1.7450034e-03
 -3.6626619e-01
 -1.3825156e-02
  2.5596142e-02
 -6.5729553e-03
 -1.7855758e-02
  5.1576290e-03
 -4.2361861e-01
  5.2516747e-02
 -4.6475190e-03
  4.2070551e-03
 -2.7979927e-02
  1.7534511e-02
  5.6943309e-02
 -6.6382904e-03
 -3.3960372e-04
 -3.3223592e-02
  5.2060872e-02
 -1.3642909e-02
 -4.8806453e-03
 -2.9294202e-02
  1.4108794e-02
  2.0198474e-02
  9.3903579e-03
 -1.7224014e-01
 -5.6089921e-04
 -6.1685080e-03
 -2.5482611e-03
  1.2538318e-01
 -4.8503107e-03
  7.5758654e-03
 -1.4234063e-02
  8.5969102e-03
 -1.0188277e-03
  5.2322084e-03
  1.5487631e-02
 -4.6741855e-03
 -4.7206008e-03
  4.4947177e-02
 -5.3625344e-03
  8.3900103e-03
 -1.9484928e-03
 -1.6374016e-01
  2.4879560e-02
 -1.9704087e-02
 -2.7060763e-03
 -1.7069446e-02
 -3.6457147e-02
  2.0778435e-03
 -1.4190092e-03
  2.7067637e-02
  2.1034133e-02
  3.4020861e-04
  8.6091710e-03
  1.6752328e-03
  2.6456991e-02
 -2.3103764e-02
 -2.1722686e-02
 -1.7245121e-02
  1.8049863e-03
 -3.8203657e-02
 -3.8841122e-03
  1.3094215e-03
 -2.1476501e-03
 -3.6520376e-03
 -3.4336194e-02
 -1.4785545e-02
 -3.6268430e-05
  1.1264818e-02
  2.8049514e-02
  1.9188814e-03
 -1.2096995e-02
  7.0175662e-04
  1.1949197e-02
  2.6317561e-04
  1.2482377e-02
  9.9955136e-03
  4.5296704e-04
  6.5415106e-06
  1.0825693e-02
  1.1066177e-02
  3.8581185e-02
 -1.9290548e-02
  1.0880413e-02
  5.5689760e-03
 -2.6776199e-03
 -1.1155841e-02
 -1.0911973e-02
 -2.5683452e-04
 -2.7292934e-03
  5.8269012e-03
 -5.5860844e-04
  5.1352471e-01
  2.0444350e-01
  1.7699901e+00
 -9.9629056e-01
 -8.6196536e-01
  1.8743347e+00
 -1.5385333e+00
  2.0351567e+00
 -1.3075547e+00
 -2.1985955e+00
 -2.2088873e+00
 -2.5894704e+00
 -1.2115076e+00
  2.7527969e+00
  3.4098130e-02
  3.0898681e-01
 -2.4894118e+00
 -1.8386983e+00
  2.0807531e+00
 -1.8711905e+00
  1.8319881e+00
  1.4544400e+00
 -1.1525823e+00
 -6.3544500e-01
 -2.5184753e+00
 -1.0114115e+00
 -1.9688430e+00
  2.3101220e-01
 -8.9174008e-01
 -3.2576868e-01
 -1.6122279e-01
 -2.4544585e+00
  1.9744122e+00
  2.7256620e-01
  1.4828001e+00
 -5.9633553e-01
  1.9054842e+00
 -1.2825525e+00
 -2.1057324e+00
 -6.0739662e-02
  2.2766695e+00
  6.4360696e-01
  1.9119301e+00
  2.4151053e+00
  1.8254148e+00
 -2.3162649e+00
 -1.8340316e+00
 -2.1652932e+00
 -1.2000040e+00
 -1.8847362e+00
  1.2188509e+00
  2.6278100e+00
 -2.0672050e+00
 -2.3135548e+00
  3.5997647e-01
 -1.9977316e+00
  3.9238551e-01
 -4.6690223e-01
 -9.8083973e-01
  2.6458468e+00
  9.5573157e-01
  2.2884388e+00
 -1.6793264e+00
 -9.3603885e-01
 -2.2955348e+00
 -1.8645856e+00
  1.3193489e+00
 -2.0139036e+00
  6.5129536e-01
 -1.7997000e+00
 -7.7715451e-01
 -7.5192910e-01
 -4.0065587e-01
  4.4294247e-01
  2.5825346e-01
 -2.8426972e-01
  2.0872696e-01
 -4.8487172e-01
  1.2881662e+00
  2.3894808e+00
 -4.6742958e-01
 -6.4620268e-01
  1.8666768e-01
 -2.6398413e+00
 -1.5535809e-01
 -1.9106777e-01
  1.5180274e+00
 -1.2720596e+00
 -4.4517249e-01
  1.8520018e+00
 -3.3339700e-01
 -2.7346164e-01
  1.7176231e+00
  5.4703832e-01
  3.0518153e+00
 -1.4907794e+00
  6.3579649e-01
  4.2588368e-01
  4.3860587e-01
 -3.6078888e-01
  3.7042221e-01
  1.6627676e+00
 -2.9383951e-01
 -3.7544391e-01
 -6.4545274e-01
  4.5396790e-02
 -2.9769385e-01
  4.0279204e-01
  2.3518574e+00
  5.8401477e-01
 -6.9210911e-01
  2.4095523e-01
 -5.7764137e-01
 -1.9908878e+00
 -3.6860007e-01
  1.0750099e+00
  4.4981694e-01
  8.2126874e-01
  1.4283282e-01
  2.8883231e+00
 -4.4024453e-01
  3.0270168e-01
  4.7079533e-01
  2.9502647e+00
  3.1752384e-01
  4.6667734e-01
 -1.0130037e+00
 -8.3110875e-01
  1.1006514e+00
 -2.1027262e+00
 -3.4259352e-01
 -2.1530449e+00
  1.9941622e-01
  2.2034892e-01
  7.8546953e-01
  1.9148704e+00
 -1.5087672e-01
  3.1621504e-01
 -3.1568649e-01
  2.2063871e-01
  7.1025312e-02
 -1.5722085e-02
  9.3423657e-02
 -9.7698092e-02
 -7.7694762e-03
 -1.8479722e-03
  3.6833498e-01
 -1.1044669e-02
  1.0172986e-02
 -5.9471797e-04
 -1.7019272e-02
  6.2254039e-03
  2.6283316e-02
  5.6114341e-03
 -3.6713516e-03
  8.9237159e-03
 -2.4185238e-02
  8.0771809e-03
  1.4566241e-02
  2.8628938e-02
  1.8068126e-03
 -2.6466746e-03
 -4.0539607e-02
 -5.7610250e-03
 -8.3209807e-03
  4.8214109e-03
 -4.0755388e-03
  1.1621526e-02
 -2.0017754e-02
  2.0555131e-02
  6.5662488e-03
 -2.6230335e-03
 -2.9813860e-02
 -1.5514130e-02
 -1.8297129e-03
  1.0815927e-02
 -1.3488254e-02
 -9.3655623e-03
  2.6628389e-03
 -5.3169983e-03
 -3.5072567e-03
  1.3278404e-03
  1.5256283e-02
  1.6421916e-02
  1.0362564e-02
 -6.2505892e-03
  3.7045137e-04
  6.7290617e-03
  1.6313244e-02
 -1.3395603e-02
 -5.3849076e-03
 -1.4776914e-02
 -3.0782570e-03
 -3.1740721e-02
 -1.3613322e+00
 -7.6917768e-04
 -9.7265370e-02
  2.8241945e-03
  5.7713375e-03
 -2.1355406e-03
 -3.4938064e-01
 -1.2608792e-02
  2.0215716e-03
  6.0825823e-03
 -1.8206931e-03
 -2.7974125e-03
  1.3895969e-04
  6.1955531e-03
  1.8550234e-02
 -2.1117628e-03
  2.4535753e-02
 -3.4922522e-03
  6.2163058e-04
 -2.7725275e-03
  2.5952212e-03
  1.7335933e-03
  3.3331614e-03
  7.8409500e-03
 -2.1616733e-02
  6.5080053e-03
 -5.1849643e-03
  1.3980404e-02
  6.9400305e-03
  9.5708305e-03
  1.2453170e-02
  2.6397491e-03
  6.8756077e-04
 -9.4192295e-04
  1.0771586e-02
  8.2645740e-04
  3.6020502e-02
  2.5664996e-02
  1.0253908e-02
  1.8749661e-03
  2.3585802e-02
  2.3002680e-03
  2.7924266e-02
 -3.6226471e-03
  1.6376661e-02
 -2.4429524e-02
 -6.4925253e-03
 -1.4970193e-02
  6.9896653e-03
  9.7052529e-03
 -2.0234953e-03
 -1.5210614e-03
 -2.4187491e-04
  1.7779401e-02
  1.8748647e-02
 -9.7206817e-04
 -3.8864065e-03
 -8.4365904e-03
  4.4644703e-03
  1.2434619e-03
 -8.6171590e-03
 -2.6584763e-02
 -2.0233861e-03
  9.7693913e-03
 -2.8335797e-03
  6.8027540e-03
 -2.5727164e-03
 -2.5458171e-03
  5.6755180e-03
  1.6242469e-02
 -6.0596708e-03
 -8.1137298e-03
  1.8605417e-02
  1.2120271e-02
 -2.6322940e-02
 -2.1984887e-03
  2.6419207e-03
  7.8928489e-03
 -4.3642875e-03
 -2.6914228e-03
  6.0499562e-03
  5.0813034e-03
  1.2908502e-02
 -3.5822585e-02
  4.7060899e-03
  7.9667908e-01
 -1.5060271e-02
 -2.5487818e-02
  5.0780354e-03
 -1.5124507e-02
  3.0918284e-03
  5.5106813e-03
 -1.9605306e-03
  6.0552410e-03
 -7.0855790e-03
  8.8619990e-03
  3.3210369e-03
  4.8652128e-03
  6.3597402e-03
  2.2398871e-03
  8.9593278e-03
  2.9665290e-03
  4.3724310e-02
 -1.3291396e-02
 -3.1478947e-04
 -6.0369279e-02
  2.3659183e-02
  4.4016458e-02
  7.1659392e-01
  1.5542638e-01
 -8.4728472e-02
  7.3895651e-01
  3.3859980e-01
  3.4922314e+00
 -3.0499879e-01
  6.4016443e-01
 -6.6650718e-01
 -1.1595443e-01
 -2.4470040e-01
  3.6581451e-01
 -7.7492082e-01
  3.7888384e-01
 -1.9341905e-01
 -6.3154316e-01
  3.2098708e-01
  9.9194974e-02
 -3.0433353e-02
  6.7964825e-04
  3.3339876e-01
  5.4427418e-03
  3.0061915e-03
  3.0998325e-02
 -2.4306799e-01
 -3.9339253e-01
 -2.5100075e-02
 -3.9837000e-01
  2.9295364e-01
  8.1962876e-02
  6.0062975e-02
 -9.9626160e-01
  1.4005221e-01
 -2.6060294e-02
 -5.3024608e-01
  5.4987025e-01
 -6.1645567e-01
  8.4287721e-01
  4.2468321e-01
  1.1167528e-01
 -2.7603307e-01
 -1.2858142e-01
 -5.0090355e-01
  6.0957838e-03
 -1.9093014e-01
 -1.6164569e-02
 -2.4500098e-02
  3.8061835e-02
 -4.4836929e-01
  1.1425028e-01
  7.3248646e-03
  4.3458778e-01
 -2.7284812e-02
  9.4374623e-03
 -3.1457253e+00
  8.4280320e-02
 -3.7556526e-01
 -2.6926890e-01
 -6.8930216e-02
  1.9997709e+00
 -3.5904345e-01
  2.4326715e+00
 -1.7876617e+00
  3.6236349e-01
  4.6439815e-01
  4.5009326e-02
  3.3933061e-01
  5.0135374e-01
 -3.5047922e-01
  2.7581830e-02
  1.0979732e-01
  1.8602332e-01
  2.0465337e-02
  1.0162154e-02
  1.2457093e-01
  1.2360455e-02
  4.7512311e-01
  9.0010919e-02
  3.3904085e-01
 -1.0567702e-01
 -8.1344306e-02
  8.1066536e-03
  8.4680416e-02
  1.3743854e-01
 -1.8724949e-03
  5.3172380e-01
 -1.3264330e-02
 -7.1959788e-01
 -2.7252322e-03
  1.9833615e-01
  1.6130074e+00
 -3.3086526e-01
  2.2942867e-02
  1.5524247e-01
 -1.4877464e+00
 -1.0410664e-02
 -3.6966947e-01
 -2.6414907e-02
  9.7701944e-05
 -1.9738780e-01
 -1.3276316e-01
 -2.1370818e-01
 -2.4896744e-03
  2.8530750e-01
  2.7931640e-02
  3.3984140e-02
  9.5788697e-03
  9.7630123e-05
 -5.3072155e-01
 -9.7607467e-03
 -4.8268119e-01
  1.2964663e-03
 -4.7169346e-03
  1.1374512e+00
 -7.4562216e-01
 -6.5824660e-03
 -3.6575988e-02
 -9.1218579e-05
  1.5352872e-02
  1.5908504e-02
 -8.4733656e-03
  3.0661959e-02
  3.2406870e-02
  4.5589055e-03
 -1.8003077e-03
  2.7532225e-02
  7.9569044e-03
  1.6743370e-03
 -1.8179303e-03
 -3.1769812e-02
 -5.4996596e-03
 -3.2441672e-03
  4.8333914e-03
  2.3005113e-02
  2.8899175e-01
  9.3696294e-03
 -9.1228465e-04
  6.3102292e-03
  1.1098651e-02
 -3.1348569e-03
 -1.8474597e-02
 -1.1447084e-02
  1.9924538e-02
 -8.2532391e-03
  5.5278880e-03
  3.0298021e-02
  4.6585235e-03
  2.4725031e-02
  2.4741700e-02
  5.9647921e-02
  2.7509954e-02
  1.0780630e-03
 -1.0517384e-02
  3.1325157e-04
 -8.2742544e-03
 -2.4195820e-02
  6.8063457e-03
  4.7712824e-03
  1.7475174e-03
 -1.6658880e-03
  9.4409958e-03
 -5.1349113e-03
  4.9245203e-01
  2.8980590e-04
  6.0409745e-03
 -3.4634671e-03
 -1.3005641e-02
  9.2381082e-04
  6.0596941e-03
  9.4788643e-03
  2.9573219e-02
 -3.3514123e-02
 -8.8355346e-03
  4.0791426e-02
  1.5451961e-02
  1.7401520e-02
 -1.7829385e+00
 -6.5081788e-04
  2.1144155e-02
 -1.4766525e-02
 -4.4133863e-03
 -7.9577900e-03
 -8.2293870e-03
 -1.7097319e-02
  3.8576284e-03
  1.0756412e-02
  1.1917178e-02
  1.2488810e-02
  1.0410106e-02
 -2.0232317e-03
 -1.6088622e-02
 -1.2280654e-02
 -2.5891250e-03
 -6.6344459e-05
 -7.1101678e-03
 -1.3094718e-03
 -4.7886302e-03
  2.3854093e-03
 -2.5875220e-02
 -4.9219085e-03
  1.7268948e-02
 -1.9771408e-02
 -1.8103944e-02
 -6.4565395e-03
  3.3356636e-03
 -1.6399989e-02
  6.6811475e-03
 -1.5470281e-02
 -3.0468747e-03
 -4.9668839e-03
  6.2503018e-03
 -3.1823770e-03
  7.7129840e-03
  1.1969594e-02
  5.0575780e-03
 -2.2995433e-04
  3.6990666e-01
 -1.8146046e-03
 -5.6438869e-01
  4.8164311e-03
  1.2872797e-02
 -1.0629375e-03
 -1.7668227e+00
 -3.3627928e-04
 -1.1903658e+00
 -1.9593697e-02
  1.0509893e-02
 -1.4468407e-02
 -1.2066657e-02
  1.3480289e-02
 -6.3366736e-03
 -2.3993988e-04
 -5.0975475e-03
  1.6596569e-02
 -1.3505595e+00
  4.8773829e-04
 -9.8419659e-06
  1.0679247e-03
  3.3587031e-03
  3.8951752e-03
 -2.9753022e-02
  5.7741313e-04
  1.5510861e-02
 -1.1398948e-02
  2.3533998e-02
 -1.4326444e-02
  2.8807348e-02
  3.5493195e-03
  1.1467231e-02
 -6.7085479e-03
 -1.3922257e-02
  2.7569966e-02
  5.8854152e-03
  7.0008621e-02
  2.9712287e-03
  1.4674344e-02
  1.6157693e-01
  5.8723158e-01
  1.3318724e-02
  1.3520535e-02
 -1.9447535e-03
  1.4322166e-02
  2.8660174e-03
 -3.5587810e-03
 -1.4729693e-05
  2.1161789e-02
 -2.0566001e-03
 -1.4828922e-03
  1.4379540e-02
  8.9991959e-03
 -1.6149876e-01
  9.9199275e-03
 -2.6560831e-01
 -1.6727053e-02
 -3.8245698e-03
  5.2372948e-03
 -3.1925073e-01
 -2.8506463e-02
 -2.7152054e-02
 -1.6259920e-02
 -1.5746824e-02
 -1.8596957e-02
  2.0248286e-02
  4.6584990e-02
 -6.1605209e-03
 -2.1642537e-03
  1.4417484e-02
  5.2983533e-03
 -5.2012719e-02
  1.4344357e-02
  1.0152814e-03
 -9.8719476e-03
  6.5271877e-02
  1.1577359e-02
  9.9133570e-03
  5.2542325e-02
  4.1873220e-04
 -4.5318077e-03
  3.3452112e-02
  1.1569354e-02
 -1.3676639e-02
 -2.7986381e-02
 -8.2141545e-05
 -7.3876278e-03
  1.1383344e-03
  9.8051119e-04
  2.5256949e-03
 -5.7801715e-04
 -2.0231904e-02
 -5.3267856e-03
  1.1991914e-02
 -1.8248351e-02
  1.7206533e-02
  4.6948208e-03
 -4.4929157e-03
  2.2841073e-03
  7.6821225e-04
 -4.2619635e-03
  6.4768363e-03
  9.0524316e-04
  6.8349466e-03
 -6.1812825e-03
  2.2520886e-03
 -9.2142778e-05
  1.1231164e+00
  4.2635236e-02
  3.9751738e-01
 -3.4725357e-02
  7.5793475e-02
 -2.3097533e-03
  1.3936714e+00
 -1.7005287e-03
  1.4713596e-01
 -1.6337376e-03
  1.9146815e-02
 -8.7101586e-02
 -1.2134264e-02
 -3.8694626e-01
  3.4356164e-03
  1.0934436e-02
 -5.2727028e-03
  6.6716730e-04
 -2.4949228e-02
 -2.3234097e-04
 -1.4417365e-02
 -5.9170048e-03
  1.4885613e-02
 -1.5963336e-02
 -1.6685134e-03
  7.6009543e-04
 -1.9864550e-02
  6.6975066e-03
 -2.2849692e-03
  3.6924374e-03
  5.5492353e-03
 -2.8829491e-02
  3.4808360e-02
  2.2074042e-03
 -1.4114918e-02
 -4.2045929e-02
 -5.3254878e-03
 -1.1032974e-02
 -1.7561220e-02
 -7.0809154e-04
 -5.9079550e-02
 -4.7335522e-03
 -8.5811922e-03
 -4.0906956e-03
 -1.7640392e-01
 -2.8626064e-03
 -4.2458894e-03
 -2.4654347e-02
  5.6465087e-04
 -2.5631307e-02
  1.2114326e-02
  4.6267337e-03
 -1.4685378e-03
  1.2038628e-02
  9.0653658e-01
  1.2514405e-01
 -6.1362267e-01
  5.0571966e-01
  1.2305570e+00
  2.1971828e-01
  7.6060951e-02
  2.1490930e-01
  1.4652251e+00
  1.1651592e+00
 -5.7018075e-02
  5.2035288e-03
  9.6885800e-05
  2.4767816e-01
 -4.9477071e-02
 -5.1205158e-02
 -3.3023953e-02
 -5.7384919e-02
 -1.3932251e-02
 -8.4256809e-03
  2.4234118e-02
  4.6429196e-03
  8.2423277e-03
 -1.7923396e-02
 -6.5845614e-03
 -4.3009415e-02
 -1.3858749e-01
 -7.4650861e-02
  5.7816021e-03
 -1.6966578e-02
  4.7872947e-03
 -4.5682760e-03
  3.6702210e-03
 -8.3981408e-03
 -1.8682720e-01
  1.5941967e-03
 -2.0085566e-01
 -1.2926507e-02
 -4.8619425e-03
 -7.8824041e-03
 -4.0034685e-02
 -4.3718693e-01
 -1.2572320e-02
  3.1317922e-03
 -1.0610734e-02
  6.4752256e-03
  1.4356776e-04
  5.6495653e-03
 -2.2754004e-02
 -1.7080113e-03
 -1.9181659e-02
 -1.4440285e-03
 -6.7466320e-03
  9.1884006e-03
  9.4799541e-02
 -7.0121050e-01
  1.4029656e-01
  2.7757782e-01
  6.7295140e-04
 -8.0990523e-01
  2.1799110e-02
  5.2093156e-02
 -5.4985189e-01
  2.6605782e-01
 -1.1836798e-01
  3.1332570e-01
  4.8398925e-03
 -1.8554293e+00
 -3.8762733e-01
  1.3088803e-01
 -1.8721074e-01
 -3.2762706e-01
  4.2386033e-02
  4.1214186e-03
 -1.8041669e-01
 -4.3858076e-03
 -1.6805536e-01
 -4.1479576e-01
  2.7028148e-03
 -2.3739830e-01
  1.2170905e-01
  2.0461532e-01
 -2.2040989e-01
  8.1330342e-03
 -1.1935306e-02
 -1.7108561e-02
  7.1010500e-02
 -4.0794097e-02
 -4.0466815e-01
 -1.1471359e-01
  5.5791909e-01
  5.4342753e-01
  3.5548225e-01
  2.3272452e-03
  1.6547209e-01
  3.6060771e-01
 -3.7649844e-03
 -1.0867684e-02
  9.0601370e-02
 -4.5592939e-03
 -1.1544311e-01
  6.2077129e-01
 -9.2046253e-02
  1.3758302e-01
 -6.9598425e-03
  1.5593589e-02
  8.3055440e-03
  2.6115749e-02
 -1.0236238e-01
 -5.5577233e-03
 -2.4609362e-01
  3.1383913e-03
  4.5940219e-03
  2.4772337e-02
 -1.2472155e-01
  7.9786424e-03
 -7.1882337e-02
  8.4617324e-03
  1.1280757e-02
 -7.6535349e-03
  7.6612146e-03
  5.2005462e-03
  3.8694326e-02
  5.5688355e-02
  1.2352492e-02
  1.1123155e-02
 -2.1150185e-02
 -1.5873153e-02
  1.8136168e-04
 -4.7185351e-03
  8.8815549e-03
  1.9466942e-02
  2.4492790e-03
  1.1318730e-02
  5.5475071e-02
 -1.7576433e-03
 -1.2876649e-03
 -9.9323057e-03
  3.3586394e-02
  7.3324107e-03
  1.9928363e-04
  4.1364930e-03
  5.0867238e-04
  2.1050915e-02
  2.3931095e-02
  3.8813984e-03
 -1.3204781e-02
  1.9716866e-02
  2.7088535e-03
  2.8602384e-02
 -5.6453343e-03
 -7.1978564e-03
  5.3588967e-03
  3.8486905e-03
 -8.5939104e-03
 -2.4626781e-03
  1.9563805e-02
  5.5180077e-04
  4.5609633e-03
  1.2019394e-02
 -1.9398639e-02
  8.4339716e-03
 -2.0455067e-01
 -1.5272916e-02
 -1.5090473e-01
 -4.6644169e-03
 -3.2318618e-02
 -6.2912414e-03
 -4.7915983e-01
  5.9619796e-04
 -4.8451442e-02
  1.4746984e-02
  1.3320950e-02
 -8.4686847e-03
  9.9526485e-03
  3.0895385e-03
 -1.3001874e-03
  8.2906215e-03
  1.0058160e-02
  1.0287911e-02
  9.2766257e-03
 -9.0742772e-03
  1.4105025e-03
 -1.4990247e-02
  7.2912760e-03
  4.3615485e-03
 -1.3420044e-04
  8.2117682e-03
  1.7136658e-02
  8.0759183e-04
 -4.5689594e-04
  1.6027219e-03
  4.8219420e-02
 -5.2235997e-03
 -2.1579720e-02
  4.5914273e-03
 -3.3035988e-03
 -8.9141615e-03
  6.2171025e-03
 -3.8517236e-03
 -3.0691348e-02
  1.1998376e-02
  1.7249569e-02
  1.9893192e-02
  7.8079109e-03
  2.2034826e-02
  1.5984066e-02
  1.0032742e-01
 -2.4860164e-03
  9.8546781e-03
  1.5291160e-02
  8.7817591e-03
  2.0550275e-02
  5.1391958e-03
 -4.3640882e-01
  8.1144273e-04
 -7.7156005e-03
  2.7483361e-02
 -2.9192183e-02
  1.1140790e-02
  2.8223528e-03
 -5.9959659e-04
 -1.9745821e-02
  1.6767846e-02
 -1.1459529e+00
 -6.4464193e-03
 -2.2601166e-04
 -1.4512192e-02
  3.4453291e-02
  1.9517088e-02
 -1.5425906e-02
 -8.9619244e-03
 -4.0818192e-04
 -7.4452749e-03
  7.1654678e-03
 -1.1935318e-02
  6.4281090e-03
 -8.5790893e-03
 -1.0130558e-02
  9.3537802e-03
  1.1036403e-02
  2.7505064e-02
 -1.3263218e-02
  6.6446597e-03
 -5.7163201e-03
 -7.3174969e-03
  1.6694242e-02
  2.3960963e-02
  3.9164601e-03
  5.3122966e-03
 -1.5259686e-02
 -2.0432556e-02
 -3.2537509e-02
  2.6756267e-03
  5.6486963e-03
  1.4914156e-02
 -1.2298761e-02
  2.4243977e-02
 -8.0666076e-03
  4.4774408e-03
 -5.5312626e-03
 -3.3802588e-03
 -3.2830513e-03
  4.8748958e-03
 -5.6876004e-04
 -1.0944717e-02
  1.2633051e-02
  2.7633430e-02
  5.4190108e-03
  5.4241158e-04
 -6.8850839e-01
 -1.5594335e+00
 -8.1522495e-01
 -1.0790902e+00
 -1.4964015e+00
 -9.0848655e-01
  2.0978719e-01
  2.3102687e-01
  2.7942467e-01
  2.0993298e-01
 -3.5493982e-01
  1.4927715e-01
  5.7949412e-01
 -4.1904107e-01
  2.1356642e-01
  3.3988029e-01
 -2.9508913e-01
  2.3216395e-01
 -1.1030699e-02
 -4.7327746e-02
  4.3381330e-01
  1.1923345e-01
 -4.0594661e-01
  5.2677327e-01
  2.2325342e+00
 -4.0193224e-01
 -1.0774828e-01
  7.7685136e-01
  3.1780249e-01
  8.7794703e-01
  1.4156252e-01
 -1.4447768e+00
  1.5062348e+00
  2.2066724e-01
 -3.4788454e-01
  6.9768086e-02
 -1.5622608e-02
  1.8584703e+00
  5.6953538e-02
  3.6647376e-01
  1.0506303e+00
  1.5635434e+00
  5.0063735e-01
 -1.0223487e-02
 -1.3106061e+00
  4.4929653e-01
 -5.7580233e-02
  5.1695943e-01
  5.0726718e-01
  4.5943265e-03
 -1.1138098e-02
  7.0667982e-02
 -1.1240484e-01
  7.4462392e-03
 -2.9676869e+00
 -4.4643562e-02
  2.4561808e+00
 -1.0542111e+00
  6.9741458e-01
  2.5372869e-01
 -3.5513636e-01
  1.1313713e+00
 -2.1410539e+00
  4.3555513e-01
 -8.6180650e-02
  5.4759961e-01
  5.2140766e-01
 -1.4297196e+00
  4.4678929e-01
  3.6443627e-01
  3.5547954e-01
 -8.4604001e-01
  1.5548207e-01
 -2.3975343e-01
  3.7609709e-03
  4.6102872e-01
 -2.0506698e-01
  4.4982746e-01
  1.8768530e-01
  5.3470180e-04
  2.8043848e-02
  6.1433088e-02
 -2.1613306e-01
 -3.8060391e-01
  8.0402726e-03
 -3.1042543e-01
 -3.1262792e-03
 -1.9819403e-01
  1.7767221e-01
  6.3120359e-01
 -5.6889403e-01
 -1.8073930e-01
 -1.1135906e+00
  1.2446687e-01
  2.4556403e-01
 -1.2459404e+00
 -3.9860148e-02
 -2.2277908e-01
  4.3469602e-01
  2.6239774e-01
  1.6305832e-02
 -2.8847057e-02
  2.3345774e-01
  2.0130984e-01
  6.1040530e-03
 -7.4744236e-01
 -7.4229948e-02
 -1.5036787e-01
  6.0487849e-01
 -3.1612283e-03
 -3.8348681e-01
  6.3760686e-01
  1.0633592e-01
  5.6165665e-01
 -3.8348511e-01
  2.9914457e-01
  1.7650189e+00
 -3.4978092e-01
 -2.6322892e-01
 -4.3506700e-01
  8.5685320e-02
 -5.7999557e-04
 -6.2523639e-01
  1.2007318e-02
 -2.9902729e-01
 -3.6322629e-01
  4.1664705e-02
  3.9407793e-02
 -7.0757888e-02
  9.6007352e-05
 -1.4935285e-01
  9.7405165e-02
 -1.3275708e-02
 -3.8760877e-01
 -6.4351642e-01
 -4.4945788e-01
  3.3493636e-03
  9.3319146e-03
 -2.8098139e-01
  1.2468929e-02
 -5.3097063e-01
 -8.4411401e-01
 -3.7185818e-02
 -4.6121734e-03
 -5.3896630e-01
 -2.6381519e-01
 -3.0196559e-01
  1.0642822e-02
  3.8547918e-02
 -5.8661717e-01
 -4.5485431e-01
 -5.6696713e-02
 -1.1113937e-01
 -2.4503877e-03
 -3.9243246e-03
 -1.1128875e-02
  1.7912272e-02
  1.5716810e-02
 -1.1811904e-03
 -9.9752098e-02
 -7.0485465e-02
 -2.4160827e-03
  7.3556043e-02
 -1.1714432e-01
  6.7513788e-01
 -7.9898415e-03
  8.2534878e-03
  2.4332148e-03
  9.0320510e-01
  7.1771935e-02
  3.6550051e-01
 -4.1312769e-02
 -1.4636502e-01
 -2.0668954e-02
  4.0328351e-01
 -6.4365560e-01
 -1.2782520e-01
  2.3338839e-01
  7.8186083e-01
 -1.5704863e-02
 -6.7820114e-01
  1.1950985e-03
  6.6338363e-03
  1.7309207e+00
  6.7993140e-01
 -8.8868337e-03
  3.4693366e-01
  5.2474262e-03
  1.7104298e-01
 -9.6967089e-01
  1.1738809e-01
  6.1363608e-01
  1.6604575e+00
  1.7390144e+00
 -1.9257281e-03
  2.1842553e-01
  2.2108344e-02
 -1.2485121e-03
 -1.7092351e-02
 -6.2552832e-02
 -3.6736418e-02
  1.9223748e+00
  6.5964836e-01
  2.1296073e-02
  6.1806351e-01
  6.4130628e-01
  4.1614851e-01
  1.5346829e-02
  3.4144722e-02
  1.5217596e-01
  9.4869040e-02
  5.5084139e-01
 -5.6348041e-02
 -1.4789972e-02
  3.6344666e-02
 -1.2280945e-02
 -4.3713608e-01
 -1.3774442e-02
 -5.1335359e-01
  7.1084216e-02
  8.8180723e-03
 -1.4032843e-02
  1.0100262e+00
 -3.6984123e-03
 -2.7065337e-02
 -3.7661297e-03
 -8.1212865e-03
 -3.1891984e-03
  1.0842782e-02
  4.2812540e-03
 -1.7601425e-02
  1.3338316e-02
 -2.3649311e-02
  1.2963028e-03
  1.0580385e-02
 -3.0911315e-02
 -2.7072208e-03
  2.3957880e-02
  1.0201087e-02
  8.3205209e-04
  1.4831888e-02
  1.7171457e-02
 -1.1715544e-02
  1.1102148e-02
 -5.3100199e-03
  3.6785000e-03
  1.0869559e-03
 -3.9047201e-03
  1.5496871e-02
 -1.0520061e-02
 -9.1773942e-03
  3.3394687e-02
  2.8623538e-02
  1.0303294e-02
 -7.8807236e-04
  1.9921910e-02
  2.5976218e-02
  3.1814229e-02
  7.5863861e-03
  8.4203603e-03
  6.1851949e-03
  7.2492291e-03
  6.0312152e-03
  7.3044929e-03
 -7.0079854e-03
 -7.5644027e-03
 -8.5077714e-03
  1.0450158e-02
 -1.4775188e-03
 -1.3498834e-03
  1.3736738e+00
 -4.7166511e-02
 -4.4752595e-01
  2.4636159e+00
 -9.5068449e-01
  2.2099745e-01
  3.9236972e-01
 -4.8791590e-01
  9.3043596e-01
 -5.2830942e-02
 -3.2543823e-01
  5.3159095e-02
  2.2496884e-01
 -4.8280619e-03
 -2.4711369e-01
 -9.0951093e-02
  9.7672874e-04
  5.6449170e-03
  7.1251102e-02
  1.5546112e-01
 -1.3753811e-02
  2.5259778e-02
  4.1324504e-02
 -1.1710359e-01
  2.4236605e-01
 -7.3852693e-03
  3.1109121e-01
 -4.5449007e-04
 -1.2107679e-02
 -4.0733144e-02
  4.6413825e-03
 -1.9075019e-02
 -4.4086650e-03
 -8.2390070e-02
 -1.0903151e-01
 -1.6695444e-01
 -1.2663868e-02
 -2.7821484e-01
  7.3456669e-01
  2.7507728e-03
  2.0957534e-01
  1.1352824e-01
 -2.0638943e-01
 -3.9027568e-02
  1.3910763e-02
 -8.6073242e-03
  6.3057847e-02
 -1.1740755e-01
  3.6542844e-03
 -1.8287196e-03
  2.1739746e-03
 -1.0919840e-01
 -7.5914916e-03
  3.7741014e-03
 -2.0964525e+00
 -1.8645559e-02
 -2.6804855e-02
  1.2725432e+00
  2.9618714e-02
 -1.1521745e-03
  2.1855617e+00
 -5.9805880e-03
  5.6472135e-01
 -9.8231230e-03
  5.4796953e-02
 -4.1758399e-03
  3.4273618e-01
  1.1909393e-01
 -3.8352555e-03
 -1.0795683e-01
 -4.6858992e-04
  7.6079577e-02
 -2.0442629e-01
 -5.5278013e-03
  6.0485266e-03
  8.6264491e-01
  1.0359126e+00
 -9.3411505e-03
 -1.2112110e-03
  6.7235284e-02
  1.5781634e-02
 -3.9267633e-02
 -9.9073928e-03
  1.1137774e-02
  7.9892846e-03
  6.7494601e-01
 -6.6317290e-02
 -1.6323429e-01
  4.7907696e-04
 -3.1397325e-01
  1.5096180e-03
 -3.4853500e-01
  3.9225346e-03
  5.9659738e-02
 -4.7554314e-02
 -1.1121418e-02
 -1.0357874e-02
 -2.3465341e-01
 -5.6360472e-02
 -4.4445260e-03
 -1.7439799e-02
 -1.7196763e-01
  2.8505278e-01
  5.7656751e-03
 -2.9257932e-03
 -2.9945669e-03
  6.8035903e-03
 -4.3571882e-02
 -9.8929691e-01
 -6.3372619e-02
 -1.2786751e+00
  2.1971612e-01
 -7.7418309e-01
 -1.0500981e+00
 -4.7483337e-01
 -5.1149237e-01
  5.6931108e-01
  1.0066699e+00
  4.1716817e-01
 -7.4892944e-01
  7.5410736e-01
  1.0233411e+00
  7.8375518e-01
  7.2313797e-01
  4.0085065e-01
 -2.8519332e-02
  3.3907765e-01
 -5.6056108e-02
 -4.2078514e-02
  2.5234692e-02
  1.1512482e+00
  6.1615366e-01
  1.7671201e-01
  1.0172918e-01
  6.5557438e-01
  1.8741517e+00
 -1.0809124e+00
  4.8637119e-01
  5.3120218e-03
  1.5145537e+00
  4.7292578e-01
 -1.4711964e+00
  2.9728794e-01
  2.1734487e-01
 -1.2834266e-01
 -7.2793853e-01
  1.1509645e+00
  6.1054492e-01
 -5.9554797e-01
 -3.6347330e-01
 -9.5546782e-01
  4.0097140e-02
  1.3755879e-03
  1.4155254e-02
 -2.0754991e-01
 -4.3451330e-01
 -3.6498080e-03
 -1.5223598e-01
 -7.6703657e-03
  2.3638183e-02
  3.7115273e-01
 -5.4181684e-02
 -9.2178844e-02
  1.0104368e-02
 -7.5766526e-02
  1.8453572e-02
  2.1635005e-02
 -4.5007741e-04
 -1.8142915e-01
  7.5040185e-03
 -1.8052064e-02
  8.3452864e-03
  6.0725943e-03
 -1.9974582e-02
 -2.5601990e-03
 -4.5833243e-03
  8.5100606e-03
  1.1496541e-02
  2.8165691e-03
  8.8385781e-03
  1.0978387e-02
  2.5664461e-03
  8.1147812e-03
  2.0232791e-02
  3.3293976e-03
  3.5920963e-02
  2.2700403e-03
  8.7821786e-04
 -6.8289232e-03
 -5.7079773e-03
 -1.6775947e-02
  5.1726686e-04
  3.3435781e-02
  6.4092986e-03
  3.1924959e-02
  1.6157662e-02
 -3.4346650e-03
  6.5389401e-03
  9.8492866e-03
  1.8266074e-02
  2.8890807e-03
  6.0048874e-04
  9.0415208e-03
  1.5469324e-02
 -2.0310667e-03
  1.3694057e-04
  3.1950921e-03
  5.9612393e-03
  8.6424530e-02
  6.0513867e-03
 -5.6367377e-03
  5.8838935e-03
  5.9634899e-03
 -1.5441747e-02
 -2.4763031e-02
  1.9221546e-02
  2.7068744e+00
  1.1070198e-02
 -9.0256207e-02
 -4.6754488e-01
  1.8241929e-02
 -8.8463581e-01
 -3.6651359e+00
 -8.6394364e-01
  1.2971379e+00
 -1.0692723e-01
  4.1510317e-01
 -4.6639841e-02
 -4.8470736e-01
 -9.7186111e-02
  7.7324657e-04
 -1.0850494e+00
  2.7326763e-02
  5.9402859e-01
 -4.5624018e-01
 -6.1013918e-02
 -8.5304052e-02
 -8.0465905e-02
  1.5015837e-02
  2.0010624e-02
 -1.1226545e-01
  2.9620340e-01
 -1.1175966e-01
 -5.2653966e-03
 -4.9492475e-01
 -8.9964882e-02
 -1.4961993e-02
 -1.7026070e-01
  6.8809070e-02
  1.7295176e-01
  2.9456981e-02
  1.4497288e-01
 -2.5124305e-01
  4.3739635e-01
 -1.3661040e+00
 -3.2551086e-01
 -3.0891764e+00
 -7.7225573e-02
  3.1267729e-01
  8.7475538e-01
 -3.4768734e-02
  1.0920261e-02
  4.3556131e-03
  1.4109920e-01
  1.4849806e-04
 -6.7917638e-02
 -1.2270749e-03
  9.0942964e-02
 -5.4376651e-02
  7.3076290e-01
 -2.5159308e-01
  4.1647060e-03
 -6.2461164e-02
  3.5423466e-03
 -8.9227915e-02
  6.6382191e-03
 -2.8234285e-01
  1.6259093e-02
 -6.2450398e-02
  5.4548508e-03
 -1.5885673e-02
 -3.9366671e-04
 -1.1553040e-02
 -1.6463699e-03
 -5.7903323e-03
  1.4257469e-03
  2.6247415e-03
 -9.5369713e-04
  1.9988394e-03
 -6.2212637e-03
  2.8881277e-03
  4.0456627e-02
  2.0703391e-04
 -4.3549268e-03
  2.0552492e-03
  3.1917088e-02
  1.6486542e-02
 -2.5972698e-03
 -7.0848176e-03
  2.7946641e-03
  3.8888461e-03
 -3.2813651e-03
 -1.6234014e-02
  1.5239908e-03
  4.2491001e-03
 -1.3772725e-02
  4.1433334e-02
  1.4769614e-02
  1.1825945e-03
 -4.6531423e-03
  2.5468534e-02
  4.3063585e-02
  4.4768457e-03
 -4.7862115e-03
  2.0683319e-03
  1.1724075e-02
 -6.1667492e-03
  4.8790984e-03
 -2.8341124e-02
 -1.6749250e-02
  1.3920380e-02
  1.9664716e-02
 -4.8153168e-03
  2.0250534e-03
 -9.8820098e-02
  8.2920380e-02
 -3.5283297e-01
 -1.2957664e+00
  1.4830014e+00
  3.7561876e-01
 -5.3124738e-01
 -5.7390656e-02
  1.7217402e-01
 -1.9158536e-01
  2.8932551e-03
 -7.3356193e-01
 -1.4297488e-02
 -5.7432804e-02
 -1.5460400e-01
  1.2676264e-02
 -1.1192543e-02
 -1.0156225e-02
  3.6893809e-01
  2.9502168e-01
 -4.0382951e-02
  1.0410301e-02
 -2.0738317e-02
  1.3823347e+00
  1.4644201e-01
  4.5289913e-01
  4.7218010e-02
 -2.5172192e-01
  7.8125345e-03
  1.3177904e-02
 -1.1022958e-02
 -2.5858203e-01
  5.1056992e-02
 -1.2656817e-02
 -1.1548224e-03
  1.5998676e-02
  7.4888182e-01
  6.6572022e-01
 -5.4073292e-01
  2.2606382e-02
  7.4978691e-01
  2.2028919e-02
  8.4072649e-02
  5.4536259e-01
 -7.7467891e-03
 -1.1537042e-02
 -7.3695770e-03
  2.3588374e-02
  1.1011171e-02
 -1.5591896e-02
 -1.2654229e-02
  7.9845466e-02
  4.2561512e-02
 -7.6289050e-04
 -2.7104826e+00
  2.3931550e-02
  2.2670019e+00
 -4.1115627e-01
  1.3621589e+00
 -2.3921190e-02
  2.6804767e+00
  1.5370861e+00
  2.8649349e+00
 -1.2495423e-01
 -6.7240411e-01
  1.5724380e-02
 -9.9082021e-03
  1.5061088e+00
 -8.8108289e-01
  8.2857395e-03
 -2.4945226e-03
 -8.4962584e-02
 -4.5558512e-02
  1.5519462e-03
 -9.6820993e-03
  1.3034970e-02
  1.8029836e-01
 -2.8625733e-01
  8.3972800e-01
  1.1229910e-01
 -1.7879106e-01
 -4.2316083e-02
 -3.0885965e-01
  4.3102313e-04
  2.3275156e-02
  9.5812857e-02
 -2.2113123e-03
  9.0303626e-03
 -6.8590887e-02
  2.3874429e-01
  4.8382515e-01
 -1.0745960e-01
  1.7948137e-01
  1.1059101e-02
 -4.2420784e-03
  1.7988051e+00
 -1.1161825e-02
 -5.8010206e-02
  4.5694050e-01
 -3.9516188e-02
  4.4656293e-03
 -1.7434126e-01
  6.5384824e-03
  1.7374240e-02
 -5.1854742e-03
  5.2822861e-03
  5.5003669e-02
  2.6698384e-02
  6.8194366e-01
  1.2158544e+00
  2.1875274e+00
  6.3647741e-01
 -8.9864039e-01
 -8.0130976e-01
 -4.2586927e+00
  2.2743031e-01
 -2.2200236e+00
 -1.7657734e-01
 -4.0007038e-03
  6.0820270e-01
 -1.7051481e-01
  7.8764302e-01
 -5.0305527e-01
  2.4715265e-02
 -5.9797121e-03
 -9.0497814e-02
 -2.6283536e-02
 -1.8977781e-01
  3.6872682e-01
 -4.8177395e-02
 -7.7723727e-02
 -1.1611285e-01
  2.0911600e-01
 -1.1038600e-02
  1.5075046e-01
  3.4436014e-01
 -8.1353152e-01
  3.8880476e-01
  1.9725841e-01
  5.5719328e-01
  1.8175064e-01
  6.7476773e-01
  9.0531148e-03
 -1.0979131e+00
  8.1472558e-01
 -1.4139819e+00
 -1.4618555e+00
  6.6749910e-03
 -3.1915542e-02
  1.6457001e+00
 -6.9966629e-02
  5.7665650e-02
  2.1127896e-02
 -4.2565879e-01
  1.5295765e-01
 -1.9969603e-01
 -2.3310281e-02
 -4.7175433e-02
 -1.1397276e-02
  3.4290977e-04
  9.8174155e-02
 -5.7269260e-02
  3.8056877e-01
  3.1735893e-02
  5.5670451e-02
 -1.6511677e-02
  1.7348384e-02
  2.6627190e-02
  2.7784708e-01
  2.5269508e-02
  1.3226575e-02
 -3.0796979e-02
 -1.2587485e-02
  1.5941115e-02
 -3.8603757e-02
  2.0516384e-03
 -7.3936582e-03
 -2.6235037e-02
 -3.3043504e-02
  4.6452540e-03
 -5.8410633e-03
 -4.6671805e-05
  1.6982251e-04
  4.0674778e-03
  3.1890880e-02
  4.5760439e-04
  2.2097132e-03
  2.4262932e-03
  1.8025796e-03
 -8.8156210e-03
 -1.5179700e-03
 -3.7325532e-03
  1.0490262e-04
  1.1377416e-02
  1.6338671e-02
 -3.7494447e-02
  8.1964868e-01
  3.1245167e-03
 -2.7670737e-02
 -2.3034895e-02
 -1.3988581e-02
 -3.3042866e-01
  4.8210029e-02
  1.4278374e+00
 -3.4328992e-04
  3.2094305e-03
 -1.6834389e-02
  6.6667083e-03
 -4.0719498e-02
  2.4084916e-02
  8.8719362e-03
  3.3458157e-03
  3.3039469e-02
 -1.6077498e-02
 -4.5240694e-04
  1.0356734e-02
  5.8303219e-01
 -9.7171909e-01
 -2.8441992e+00
 -9.0489405e-01
 -1.4419928e+00
 -8.7446821e-01
 -1.8946558e+00
  3.5745956e-02
  2.2874552e-01
  1.8707314e+00
  3.1213272e-01
  9.8844355e-01
  8.8719586e-03
 -8.1432986e-01
  3.2594115e-01
 -6.2945171e-04
  1.6202663e-01
 -6.3347203e-01
 -1.8448402e-01
  1.1510169e-01
  1.3882396e-01
  3.0146845e-02
 -4.5652866e-01
  2.5539097e-01
  7.6145470e-02
  5.9698608e-02
  6.1159097e-03
 -5.2815330e-01
 -1.0797606e-03
 -6.1190747e-02
 -1.8338768e-03
  6.1241329e-01
 -6.0100172e-02
 -1.6821602e-01
  1.5594527e-01
 -3.1294221e-01
 -2.1328282e-01
 -1.8943195e+00
  6.2715203e-02
 -6.6018081e-03
  1.2636706e-01
  1.1933953e+00
 -3.2731730e-01
 -7.5775355e-02
 -2.2266866e-01
  6.2168799e-02
  2.5021328e-04
 -1.1131978e-01
 -8.7469735e-04
 -1.8924893e-01
 -5.7543027e-03
  2.7661347e-03
 -1.6094970e-02
 -1.0942775e-01
 -1.0395621e+00
 -9.1808857e-03
  1.0641153e-01
  8.8885176e-01
 -1.1815092e-02
  1.0946783e-01
 -8.8023466e-01
 -4.9509370e-01
 -2.0493241e-01
  4.8041353e-01
  6.8496703e-03
  7.4621826e-02
  4.2060525e-03
  1.0442348e+00
  1.1638305e-01
  5.5731954e-03
 -2.3515590e-01
 -1.2892806e-02
  2.0936871e-02
  7.6716403e-03
  2.5968555e-02
  8.7833852e-03
 -2.5552506e-02
  6.8666883e-02
  1.1989580e-02
  9.4276238e-03
  2.4400053e-03
 -2.1713471e-02
  3.6568749e-01
 -6.3883737e-03
  2.7151764e-03
 -8.8912880e-01
  1.4553465e-02
  1.5583207e-02
 -6.1776444e-02
  1.2267709e+00
  6.3667650e-04
 -2.5086021e-03
 -5.2970997e-03
  4.3583042e-03
  2.1091612e-02
 -1.0294586e+00
  8.9120828e-02
  1.9459305e-02
 -1.2218056e-02
  4.9160877e-03
 -5.3003435e-03
 -1.2167223e-02
  1.8828791e-02
 -1.9802211e-02
  6.3188160e-03
 -1.1416461e-02
 -2.9794935e-02
 -4.8413020e-04
  2.5634447e-01
 -1.6336836e-04
 -1.2816465e-02
 -1.4595466e-02
  1.9938634e-03
 -2.6605623e-03
  2.3742250e-01
  2.2532281e-03
  9.8182425e-02
 -1.2761404e-02
 -1.4264227e-03
 -1.0720124e-02
 -3.2155914e-03
 -5.6957003e-02
  2.1852665e-03
 -1.2548310e-02
 -1.0290617e-02
 -7.3289741e-03
 -6.3032713e-03
  2.4308811e-03
 -2.7989391e-03
  3.0643914e-03
 -2.2582717e-03
  7.0351725e-03
 -8.4992787e-03
  1.0307890e-02
  5.2531989e-04
 -6.1389240e-03
 -1.6639132e-02
 -2.8389697e-03
 -3.8855530e-03
 -2.9107700e-03
 -1.0156904e-02
  7.3360286e-05
  2.0380064e-03
  5.1922235e-03
 -6.4081810e-03
  7.8472757e-04
  2.2156287e-02
 -5.9353625e-03
  2.1471295e-03
 -1.2110479e-02
  4.5449389e-03
  6.8455171e-03
 -2.0888085e-02
  1.0464980e-02
  1.0623275e-02
  8.8798851e-03
 -1.1425428e-02
 -5.4914309e-03
 -2.6383819e-03
 -1.9712066e-03
  2.5121979e-02
  7.2463094e-03
 -1.7123908e+00
  4.7575597e-02
  5.0654066e-01
 -6.6478034e-03
  3.4712110e-02
  1.8145461e-02
  7.7582788e-01
 -3.4970937e-03
  2.1763480e-01
 -4.2960845e-02
 -1.5803209e-02
  1.4641271e-03
 -3.6898945e-02
 -1.5159094e-02
 -7.2405078e-02
 -1.0455463e-02
 -5.7078712e-03
 -1.5877583e-03
  1.5617796e-02
  1.5497339e-02
 -2.0992577e-03
  9.9608368e-01
  1.1412974e-02
  4.7710966e-03
 -1.7729709e-03
 -2.0518485e-02
  1.9112134e-02
  6.2140953e-02
  1.4067260e-02
 -3.5326917e-02
  7.7520772e-03
  1.0136196e-02
 -7.4931639e-03
  7.1588327e-04
 -3.8590491e-02
  4.5249686e-02
 -1.9879403e-02
 -2.0559799e-02
 -1.8664313e-02
  4.1749611e-02
 -9.5184229e-02
  2.7925735e-03
 -2.5340500e-03
 -1.0197395e-02
 -5.7159504e-03
  3.6087104e-03
 -4.4124136e-03
  1.3413765e-02
  1.0238515e-02
 -1.3360909e-02
 -6.7256377e-03
  5.3290844e-02
  6.6321874e-03
 -5.8725923e-03
 -2.7231473e-01
  1.8609811e-03
 -6.2030584e-02
 -3.3656336e-02
 -5.5550239e-03
 -2.3847353e-03
 -2.7756581e-01
 -3.4353309e-03
 -4.8671223e-02
 -2.0453064e-02
  2.6211115e-03
 -1.4756903e-02
  2.0127820e-03
  7.9734772e-03
 -5.3760991e-03
 -8.4190659e-05
  1.7456269e-02
 -1.1814526e-02
  9.3406606e-03
  5.0118696e-03
 -2.0101001e-02
 -5.1273312e-03
 -2.2928312e-02
  3.3862770e-02
 -5.9610680e-03
  1.6593322e-02
 -1.5320559e-02
  7.9467772e-03
 -4.1163303e-03
 -8.6369822e-03
 -1.3694933e-03
 -1.0435771e-02
 -2.3908526e-02
  3.6804445e-04
  6.4245714e-03
 -8.4978569e-04
 -1.2263206e-02
  5.4922868e-03
  1.8457517e-03
  5.8599316e-02
  8.5580506e-04
 -1.1286265e-02
 -6.7853332e-03
 -9.3577122e-03
 -8.6092196e-02
  2.9249683e-03
 -1.1118807e-02
  2.3843875e-02
 -5.9622150e-02
 -1.0856153e-02
 -2.7209168e-02
 -1.3673000e-02
  2.1822615e-02
 -2.2500245e-02
 -9.5378265e-02
  7.4050925e-03
 -4.7130551e-02
 -9.8074814e-03
 -1.5884846e-02
  8.4924260e-03
 -3.0171585e-01
 -8.6325398e-03
 -7.7264877e-03
  3.1601696e-03
 -8.0575915e-03
  3.1684076e-03
  2.7336881e-03
 -1.0179834e-02
 -1.8870553e-02
  5.4429853e-03
  1.4738516e-02
 -2.6100245e-03
  4.2008883e-03
 -2.4575235e-03
  5.0843274e-03
  9.0369005e-03
 -7.8122471e-03
 -3.0396678e-03
  5.6382534e-03
  7.4293744e-03
 -3.3334589e-03
  4.0411148e-02
 -3.0911448e-03
  2.5150813e-03
 -6.6623851e-03
  6.7304242e-03
  9.2742210e-03
 -1.3500646e-02
  9.3737814e-05
  1.5455011e-02
  1.0644939e-02
  1.4679549e-03
  2.2434066e-04
  1.2708554e-02
 -1.5222041e-02
  2.1391474e-02
 -1.3781409e-02
  8.1678880e-03
 -3.6989930e-03
  1.1187379e-02
  1.0500910e-02
 -9.3226880e-03
 -8.2908254e-03
 -1.0977550e+00
 -1.5274723e-03
 -6.5301941e-03
 -5.5326703e-03
 -4.6671727e-03
  5.0234497e-02
  5.4943063e-03
  7.9339273e-02
  3.5968942e-03
  2.0982919e-03
 -3.2924875e-03
  4.7899053e-01
  3.3002619e-03
  5.7938080e-03
 -2.0282194e-02
 -1.7625783e-02
 -1.7421780e-03
 -1.4016018e-03
  1.9043429e-02
  2.8895028e-03
 -7.7073323e-03
 -3.8632814e-02
  1.3908999e-02
  4.6775355e-03
 -3.1175608e-02
  5.6904363e-03
  1.7928474e-02
  4.6533020e-03
  1.4657517e-02
  2.0943939e-04
 -2.9068410e-03
 -4.9473040e-02
 -4.4737007e-02
 -2.0264013e-06
  3.2099847e-02
  1.0883199e-02
  5.6658490e-03
 -4.5394870e-03
 -1.2592229e-02
 -2.0533442e-03
  4.8340550e-03
  2.1339317e-03
  4.9999445e-03
 -1.0036579e-03
  6.6140131e-03
  3.7123712e-03
  8.5691661e-03
  6.5750782e-03
  3.7860884e-03
  8.5509121e-03
  4.4466881e-03
  9.7044436e-03
  9.3792062e-03
 -9.9594973e-04
  6.6161959e-04
 -3.6073677e-02
  8.5388211e-04
 -4.7681672e-03
  4.9351812e-03
 -2.4034653e-02
  4.0500001e-03
 -6.1056386e-03
  3.1451795e-02
  2.7689820e-03
 -2.3435488e-02
 -3.7408361e-01
 -8.7380195e-03
 -1.6086783e-03
  7.5365738e-03
 -4.5085661e-03
 -1.9693749e-02
 -7.8036624e-04
 -5.8292532e-03
  1.8979881e-03
 -2.7945542e-05
  3.4487187e-03
  9.0203537e-03
  8.1574926e-03
  5.0537998e-04
 -3.7893783e-03
  2.8322132e-02
  4.0890612e-03
  9.3211764e-03
 -4.2789523e-03
 -7.5401058e-03
  1.1095094e-02
  8.3381897e-03
  1.7325515e-02
 -6.9177430e-03
 -4.2077076e-02
 -2.0099038e-03
  1.0140903e-02
  1.0714309e-02
 -4.9658585e-03
 -4.6809316e-03
 -1.1214812e-02
 -1.3666193e-02
 -1.2661593e-02
 -1.4761069e-03
 -2.9029718e-02
  1.1609587e-02
 -2.9199119e-03
 -2.5307151e-04
 -3.2541775e-03
  2.1134692e-03
 -2.0720936e-02
  7.8660250e-03
  3.9820079e-02
 -4.1077347e-03
 -3.4756239e-03
  5.8970210e-04
  5.9919088e-04
  3.8118251e-03
  6.3339382e-02
 -4.4079387e-04
  1.5515931e-01
  2.4348333e-02
  7.5988553e-02
  1.1898401e-02
  2.6081717e-01
  1.2779614e-02
  4.7678880e-02
 -1.5047927e-02
  6.5422896e-03
  9.4535644e-04
 -2.5716943e-03
  1.4114810e-02
 -1.6481170e-02
 -4.0788120e-03
 -4.7157384e-03
 -1.1260831e-03
 -1.7455881e-02
  2.9313894e-02
  3.2576313e-03
 -1.2237238e-02
  3.2931920e-02
  1.6756583e-02
  2.0095952e-02
 -4.1758204e-03
  6.8175802e-03
  1.4957102e-03
 -1.3177533e-02
 -2.0329280e-02
 -5.4409690e-03
  3.4107266e-03
  6.0460339e-03
 -3.0785226e-03
 -1.0501378e-03
  1.7065315e-02
 -1.1429312e-02
 -4.3867296e-03
 -2.9234460e-03
  1.0700154e-02
 -4.1327275e-02
 -2.7640441e-02
 -2.0521360e-02
 -2.4934333e-02
  7.5853551e-03
  3.6000308e-01
 -8.9739943e-03
  1.7528862e-03
 -3.2684192e-04
 -1.1129963e-02
 -1.4702171e-02
  5.8466424e-03
  1.0066126e-03
 -7.0143887e-03
  1.6569068e-01
  1.9376769e+00
  2.0224667e+00
 -3.9698869e-01
 -2.4501183e+00
 -5.3029245e-01
 -2.2295403e+00
  7.2917205e-01
 -8.2190609e-01
  2.1693400e-01
 -2.8682994e-03
  9.6608318e-02
 -7.0828669e-02
 -2.1087438e-01
  1.5528415e-02
 -1.8261272e-01
  2.1574544e-02
  1.5257961e-02
  4.4504389e-01
 -3.7263476e-03
 -6.5092263e-03
 -2.7744151e-03
  9.1167563e-01
  6.5410089e-01
  4.3203911e-01
  3.2090229e-01
 -7.6819432e-01
  3.0263194e-01
  6.8607432e-01
 -5.8458289e-03
 -2.8565868e-03
  7.2865468e-01
  3.7253678e-02
  2.0071055e-01
  7.6612905e-02
 -8.2760947e-03
 -4.1028611e-02
  2.5769994e-01
  1.4360262e+00
 -4.8643667e-02
  1.4097648e+00
 -1.7110878e+00
 -6.8738870e-04
  1.9240899e-02
 -3.3267337e-01
  1.9745169e-02
 -1.3613459e-03
  1.8082793e-01
 -5.5199009e-03
  6.2689120e-03
 -2.5323339e-02
  2.3815494e-03
  1.1949065e-01
  6.1914166e-03
  1.7058946e-01
 -4.3068533e-03
  2.1129465e-02
  1.9058110e-02
 -7.5243232e-03
 -2.5924569e-02
  1.0159393e-01
  1.7364583e-03
  9.7388782e-02
  2.6273979e-02
  1.0532750e-02
 -5.4419436e-03
  2.2891272e-02
  1.2613748e-02
 -1.8145300e-02
  2.7287493e-03
 -1.1348405e-02
  1.8882077e-02
  3.5760175e-02
 -1.7619521e-03
 -1.1528506e-02
 -8.7234378e-03
 -5.1480718e-03
 -3.2982079e-03
  6.6276075e-04
 -3.1111122e-03
  5.2684788e-03
  1.7868984e-03
 -6.3229986e-03
  2.5300439e-03
 -5.2481834e-03
 -1.7179820e-03
 -6.3342392e-03
  1.0394908e-02
 -1.4505877e-02
 -2.6786530e-02
 -3.9452105e-03
  1.1472043e-02
 -4.7330442e-03
 -2.4135118e+00
 -1.6143747e-02
 -1.5227318e-02
 -1.7312522e-03
 -1.1644403e-02
 -3.6939920e-03
 -1.4179134e-02
  8.4187003e-04
 -1.2964481e-02
 -4.8776593e-02
 -7.2831067e-04
  4.2830599e-03
  1.6423479e-02
 -2.1870287e-02
  9.0275183e-03
  3.4958282e-01
 -7.7632238e-04
  2.3761415e-01
 -8.7962020e-03
 -5.7445862e-03
 -2.0827319e-02
  2.1127702e-01
  1.6387204e-02
  5.3942740e-02
 -6.9491337e-03
 -6.3800020e-03
  4.7583315e-03
 -4.0594195e-03
 -2.4336889e-02
 -3.3180320e-03
  9.2965821e-03
  9.5783761e-03
 -1.8176101e-02
  7.0586945e-03
  9.7582685e-03
  9.8454989e-03
 -2.9971681e-03
 -5.9022307e-03
 -1.3488211e-02
 -9.4860920e-04
 -6.7604578e-04
  7.9191625e-03
 -5.4325652e-03
  1.0886852e-02
 -1.7656831e-02
  1.8188391e-02
 -3.4614853e-03
 -2.3008066e-03
  3.5755835e-03
 -2.6638843e-03
  2.4359269e-02
 -7.0422650e-03
 -6.3976333e-02
  1.1187955e-03
 -3.0045634e-02
 -3.8477793e-02
  5.2039037e-03
 -2.2696075e-03
 -7.8054899e-03
  3.7151150e-02
 -2.5188143e-03
  5.2073216e-03
  7.2791153e-03
 -1.5708342e-02
 -1.2888825e-02
  6.1937336e-02
  5.5543110e-03
 -2.6661551e-02
  1.3959554e-02
  2.5688553e-01
 -1.7335016e-01
  1.5525512e+00
 -5.7135426e-02
  5.9470081e-01
  7.0951290e-02
  2.3037562e+00
  3.9488292e-01
  1.7282165e+00
  5.9725542e-02
 -2.6890513e-02
 -4.3792033e-01
  6.3522100e-03
  6.6856347e-02
  2.2751272e-02
  3.3577147e-01
  1.4060862e-01
 -2.0063868e-02
  2.1383043e-01
  1.9181326e-03
  4.0909380e-02
 -3.2132475e-03
  1.2319641e-02
  1.0899752e-02
  7.0172787e-02
 -2.2451966e-01
 -9.8192077e-03
 -4.0823317e-01
  7.2027729e-03
 -3.1350797e-01
  5.6248070e-03
 -7.3438549e-01
 -6.8831307e-01
  2.7241570e-01
  4.0510416e-01
  2.9189613e-01
 -7.5189865e-01
  2.3829530e-01
 -9.1522178e-03
 -1.6400832e-04
  1.9585371e-02
 -3.5415336e-03
 -2.7523258e-01
 -7.8613806e-01
 -2.6898620e-01
  2.3368724e-04
  4.5601469e-03
  5.7943918e-02
  1.3034497e-03
  2.8301856e-01
  1.0958766e-03
  5.0239405e-03
 -1.0821869e-01
  2.8597837e-02
 -1.1855172e-01
 -3.9557418e-01
  3.7927907e-03
 -1.7285992e-01
  2.6717670e+00
  1.3354206e-02
  5.9106356e-01
 -1.4039968e-01
  1.8383421e-01
 -3.1684247e-01
 -4.6588343e-01
 -3.1203683e-04
  1.1295602e-01
  5.8538973e-01
  7.9877473e-02
  1.0047822e-01
  3.8944098e-01
  1.9479593e-02
  1.2002033e-01
  1.6472477e-01
  1.4573580e-02
 -1.1437910e-03
  7.1819343e-02
 -3.1977057e-02
 -2.9021328e-02
 -1.5328114e-02
 -5.7456777e-03
 -1.4678840e-01
 -3.6466082e-03
  1.0161374e-03
  7.5172628e-03
  3.4463111e-02
 -1.0710366e+00
 -8.3516538e-01
  3.1457555e-03
 -4.2781375e-02
 -9.2377168e-01
 -1.1736847e-02
  1.2965201e+00
  8.1249431e-04
 -1.2478338e-01
 -4.0666944e-01
 -2.4933940e-01
 -1.2719831e-02
  2.7835643e-01
 -1.3171150e-03
  1.1580867e-02
 -1.4023021e-01
  1.3990776e-02
 -3.8008443e-03
  6.7240177e-03
 -1.8387662e-01
 -2.1732505e-02
  3.1275991e-03
  4.5264799e-02
 -1.2609328e+00
  8.4314786e-02
  7.0772283e-03
  4.1253690e-02
 -1.0628689e-02
  1.3186608e-01
  2.2363475e-02
  2.2869837e-02
  5.0662223e-02
 -2.2144071e-03
  1.8079035e-02
  1.7956685e-02
  3.6475465e-02
 -3.4880586e-02
 -1.7673071e-02
 -1.8136367e-02
 -5.7415110e-03
 -1.7083725e-02
 -1.6502076e-03
 -8.4667131e-03
 -8.2913302e-03
  1.5359679e-04
  8.6151380e-03
  9.8536443e-03
 -3.8313985e-02
  1.9143157e-02
 -2.0151734e-03
 -8.9692166e-03
  6.1622411e-03
  1.2048492e-02
  1.2959755e-03
 -1.2584727e-03
  3.8188510e-03
 -2.7549716e-02
 -1.7580193e-02
  5.5783632e-05
  1.6995084e-03
  1.1422644e-02
 -9.6905502e-03
 -5.8519775e-03
  3.6698664e-03
  8.3133569e-03
  3.9245300e-02
  1.2725287e-02
  1.8919989e-02
  2.7398849e-03
 -2.2528488e-03
  2.4058833e-03
 -9.9313841e-04
  7.4443296e-03
  8.4019243e-04
  2.6851481e-02
  1.5276073e-02
 -8.6280741e-02
 -2.2295481e-03
 -4.7429781e-03
 -3.1389189e-03
 -1.3686913e-02
  3.0130751e-02
 -2.0443408e-01
 -1.1862943e-02
  1.1197733e-02
 -1.8810533e-02
  5.2702278e-03
  1.0373568e-02
 -1.7529033e-02
 -1.1190701e-02
  2.6361514e-03
 -6.6700472e-05
  1.4414128e-02
 -1.5389788e+00
 -4.0935101e-03
  5.1337993e-03
 -7.8042789e-04
  8.3672389e-04
  1.3007054e-02
 -4.2010840e-02
  3.8016450e-02
  2.4197325e-02
 -1.9314049e-05
 -4.6279011e-03
 -1.4602911e-03
 -4.9115019e-03
  1.7790411e-02
  4.1330657e-03
  1.6643078e-03
  1.0439372e-02
 -2.2170902e-04
  4.5184274e-03
 -5.8561880e-03
 -6.3689402e-03
 -3.0524360e-03
 -2.5773028e-02
  8.4947325e-02
  9.9482266e-03
  4.6265319e-02
  3.4449020e-04
  2.3763860e-02
  1.3572382e-02
 -1.3672663e-02
  7.7307905e-04
  1.0385526e-03
  9.6901710e-04
 -5.5388208e-03
  6.7257080e-03
 -2.0056296e-02
  1.8520396e-03
  6.2521374e-01
  3.0469393e-02
  3.0148157e-01
  1.0388216e-02
 -1.2937848e-02
  1.2294460e-02
  7.0087701e-01
 -2.8482161e-03
  2.9286798e-02
 -1.7641679e-03
 -8.1992308e-03
 -1.2959168e-02
  2.7588680e-03
  7.8661606e-04
 -4.0755342e-03
 -1.4412111e-03
  4.5605046e-03
  2.2910598e-03
 -4.3992354e-03
  1.5889214e-03
  8.1390766e-03
 -1.7899690e-03
 -1.5995720e-02
  1.7106595e-03
  9.6637961e-03
  2.2414019e-02
  1.2831775e-02
 -7.9330858e-03
 -9.8858578e-03
 -1.4860838e-03
  1.0748493e-02
  1.8793313e-02
  1.7161349e-02
 -6.9667925e-03
  1.5589511e-03
 -1.0027117e-02
 -2.1652717e-02
  6.6351686e-03
 -1.4320354e-03
 -1.3047880e-03
  5.3077368e-03
 -1.8421905e-02
 -9.9008735e-03
 -4.8401249e-03
 -4.2436928e-03
 -6.9585997e-03
 -4.0695332e-03
 -9.5431609e-03
  1.8384435e-03
 -4.7905892e-03
 -1.9449709e-02
 -4.5674560e-03
  5.5801100e-03
  2.1443004e-02
  7.5338869e-03
  3.3207023e-01
 -8.7313068e-01
  1.9525247e+00
 -1.6524209e-01
  1.3840453e-03
 -1.1997505e+00
  6.1003405e-01
 -1.6498363e-01
  4.4256725e+00
  2.6485680e-02
 -1.6819738e-02
  9.0071214e-03
  1.2063262e-01
  4.0392675e-02
 -2.2174047e-02
  3.2690026e-02
 -1.6438708e-01
  1.9347567e-02
  6.5412973e-03
 -6.8407017e-03
  4.5978413e-03
  4.3561116e-01
 -4.9199632e-05
 -8.2906550e-03
  2.2977416e-01
 -1.2302749e-03
 -1.1828946e-02
  1.3848973e-02
  2.1708362e-02
  7.9664923e-03
  1.7987982e-03
 -2.0678481e-02
  1.0308737e-01
  4.9767769e-03
 -2.5559675e-03
  8.2857817e-01
  4.3547782e-03
 -4.8519302e-02
  6.0158019e-04
  1.0322116e-01
  1.2194039e-01
  6.3330919e-02
 -5.6247422e-03
  8.0444682e-03
  1.0051884e-02
 -1.6791295e-02
 -4.2303149e-03
 -2.5661999e-05
  2.5024256e-02
 -9.6092131e-03
  5.3716149e-02
  8.1567302e-02
 -3.1051663e-04
 -1.7365284e+00
 -1.8303837e+00
 -1.0573360e+00
 -2.3003942e-01
  1.3359436e+00
  3.0082500e-01
  8.4162122e-01
 -2.7658393e+00
  1.2914183e+00
  7.4254483e-02
  3.6263222e-01
 -1.3521974e-02
  1.2163083e-02
 -5.0682396e-01
 -1.6872067e-03
 -1.8344894e-01
  8.5477486e-02
  5.5075777e-01
  1.0657865e-02
  4.3732473e-03
 -6.4989758e-01
 -3.7174907e-02
  6.5302439e-02
 -1.7488483e-02
 -9.1044158e-01
  6.5198332e-01
  4.6688791e-02
 -1.6660637e-03
  7.7999987e-02
 -1.8848632e-01
 -6.8618911e-03
  4.0498939e-03
 -2.0586959e-01
 -1.1894549e+00
 -3.8173446e-03
  4.1735480e-03
 -1.0131574e+00
  1.9334936e-01
  7.7291018e-01
  4.9582226e-03
 -1.1991937e-01
 -6.7075604e-01
 -7.9930151e-01
 -1.1793380e-01
  3.1948993e-01
 -8.2873777e-02
  1.2114102e-01
 -3.9572365e-04
 -1.0664669e-03
  2.0187002e-02
  1.7697888e-03
 -3.0763930e-02
 -8.0550266e-03
 -3.4491211e-01
  5.6878942e-01
  2.2661847e-04
  1.1430395e-01
  2.6161019e-02
  3.9890003e-03
 -1.6065802e-02
  9.3714176e-03
  7.7765333e-03
  1.6273448e-01
 -5.0931249e-02
  4.1920163e-02
 -1.4846579e-02
  1.1851906e-03
  1.7669439e-01
 -5.2669537e-03
 -1.2534494e-02
 -1.3684453e-03
 -2.5630727e-02
  5.8908486e-03
 -1.5847161e-02
  1.5030657e-02
  4.1454160e-03
  1.0902776e-02
 -2.0151379e-02
  2.7376080e-03
 -3.3571087e-02
 -1.4433070e-02
 -1.3852349e-02
  4.9718836e-04
 -3.2890198e-04
 -2.3233409e-03
 -8.5244216e-02
  3.4487089e-03
 -2.0429552e-02
 -3.5631077e-04
 -1.3874060e-03
 -1.1066157e-02
 -9.6502816e-03
 -7.4895183e-03
  9.5367909e-04
 -2.0518359e-02
 -1.6565939e-02
  5.6245066e-03
  1.8443990e-03
  1.7289228e-03
  1.6499399e-03
 -1.2169215e-02
  1.7391264e-02
 -1.0458963e-03
  1.0965787e-02
 -1.2250472e-03
  8.9763440e-03
  1.1391249e-02
  1.7638907e-02
 -3.6057377e-01
  1.2190098e+00
 -1.0139426e-01
 -5.5210233e-02
  2.8385139e-01
 -2.2189086e-02
  1.5127523e+00
  6.7975238e-02
  9.7973055e-01
  1.2984603e-02
  3.0352343e-02
 -3.1870143e-03
 -2.5581301e-03
 -8.6680181e-02
 -6.7896917e-02
 -5.9946910e-02
 -8.3553893e-03
 -5.0965501e-03
 -3.4334756e-02
 -9.7417124e-03
 -1.6175758e-03
  3.5810033e-03
 -5.1004845e-03
 -4.1239201e-03
 -1.6346426e-03
 -4.0042037e-03
 -2.7142528e-02
 -2.9257532e-02
 -7.6561919e-03
 -1.2347952e-02
 -1.0504547e-02
  1.0255974e-03
 -1.0051900e-02
 -2.5168447e-02
 -7.0061244e-02
 -1.7385058e-01
 -1.2893182e-01
 -7.6094431e-01
 -3.3548728e-03
 -1.4811539e-04
 -2.5889412e-01
 -3.9028022e-01
 -7.5673617e-02
 -4.2111684e-02
 -7.9867043e-02
  2.0983333e-03
 -1.0135298e-02
  5.6997007e-03
  1.4576527e-03
 -8.2485564e-04
 -6.7675654e-03
  4.8913048e-03
 -1.8699070e-02
 -2.3042073e-02
  2.4305453e+00
  1.3342860e+00
  3.3896735e+00
  1.1415297e+00
  7.8854382e-02
 -6.1800605e-01
 -3.6614819e+00
  4.9859685e-01
  4.7388088e-02
  4.8839113e-01
 -9.9612124e-02
  4.4725424e-01
 -7.5616127e-01
 -2.3351498e-01
  2.8466722e-01
  4.4287592e-01
 -3.7884155e-01
 -5.2614629e-01
  1.4158718e-01
 -7.5820252e-02
 -3.1726253e-03
 -1.8292466e+00
 -4.7179917e-01
  2.0493405e-01
  1.1357515e+00
 -2.6241198e-01
  1.1900494e-01
 -1.8364276e-01
  8.0935657e-02
 -7.8133869e-01
 -6.2151921e-01
  2.6250240e-01
 -2.3633607e-02
 -1.9643761e-01
 -1.2720267e-01
 -3.4735903e-01
  2.5218969e-02
  1.5352275e-04
 -3.4603711e-02
 -1.7054324e+00
  2.1894691e+00
 -2.3609304e-03
  2.1955131e-01
 -1.9989885e-01
  5.5211447e-02
  2.1952462e-01
 -3.6592045e-01
  3.8391560e-01
 -7.8508925e-01
 -1.6853397e-01
 -3.7329084e-01
  6.9032060e-03
  3.3271702e-03
  4.5476258e-03
 -1.7209111e+00
  1.3498574e+00
 -3.7229359e-01
 -1.4222245e-01
 -1.1741947e-01
  1.0991958e+00
  3.3158238e+00
 -6.5137291e-01
  4.9527940e-01
 -4.1568148e-01
 -3.5537738e-02
  5.6818645e-02
 -2.2404429e-02
  3.5871632e-02
 -8.2865191e-01
  5.5963737e-01
  4.5130260e-02
 -2.6256895e-01
  2.3056627e-03
 -1.8613039e-01
 -1.4486216e-02
 -1.3229277e-02
 -2.9499227e-01
 -5.2470032e-02
  7.5421659e-03
 -3.6721477e-01
 -2.5810394e-02
 -1.1513555e-01
 -8.8043086e-04
  2.4171786e-02
 -3.2914508e-02
  1.4657889e-01
 -1.5843432e-02
  4.8666099e-01
  1.8724792e-01
  1.1724780e-01
  5.7062566e-01
  3.9120200e-01
 -7.5278789e-01
 -2.4486674e-01
 -9.8297346e-01
 -1.5314750e-01
  1.6315229e+00
  1.2427554e-02
  6.8600647e-02
 -1.3762701e-04
  2.2149617e-03
  9.6286461e-02
  3.8543265e-02
  9.5429234e-03
 -4.2080976e-02
 -5.0790884e-02
  2.1507818e-01
  1.1226740e-01
 -7.4653268e-02
 -5.6937118e-03
 -1.1668646e-01
  4.6206829e-03
 -9.7932424e-03
 -4.4368462e-05
 -1.0715122e-01
 -2.6696716e-02
 -2.8001197e-02
  1.0057794e-02
  3.1071263e-03
  2.2394335e-02
  2.1407048e-03
  2.1572046e-02
 -1.1389221e-03
  3.3636533e-03
  2.3208927e-02
 -1.1612815e-02
 -6.4010564e-03
 -5.3836047e-03
 -1.0852138e-02
  6.8785436e-03
 -1.5269360e-02
 -6.4881123e-03
 -8.8762883e-03
  1.3013090e-02
  3.0509100e-04
  2.0282818e-03
  1.2740707e-02
  1.7500388e-03
  4.4656531e-03
  1.5662167e-02
 -6.2250607e-03
 -7.2694067e-03
  1.7464377e-02
  8.0202064e-03
  3.0974243e-03
  2.9045181e-02
  4.0407991e-03
  1.6928548e-03
  2.7883437e-03
 -9.2483461e-03
 -1.2590984e-02
 -4.0588956e-03
 -3.0201818e-03
 -4.8500737e-03
  5.2546570e-03
  1.1469380e-02
 -4.7421236e-05
 -8.7781446e-03
 -5.1159179e-03
  7.3337124e-04
  3.8949675e-03
 -4.2742614e-02
 -1.9569612e-01
 -1.0464854e-03
 -1.9829045e-01
  1.0659235e-02
  2.1075842e-03
 -9.1710594e-03
 -4.8940665e-01
 -5.0166454e-02
 -1.2597432e-02
  2.0386323e-02
 -7.2773146e-03
  5.5549336e-03
 -3.0059971e-02
  1.1924079e-02
 -5.3359563e-03
 -8.3133662e-03
  1.3601278e+00
  5.8096428e-03
 -1.2797409e-02
  2.1607578e-03
  3.4407843e-04
  6.2703113e-03
  2.9120464e-03
 -1.6143795e-02
 -1.1658781e-02
 -3.7408441e-02
  2.6103370e-03
 -5.7178927e-03
 -1.0204547e-02
 -2.0189001e-03
  1.8476082e-03
 -3.5838191e-03
 -1.9485811e-02
  1.7275736e-02
 -3.1083958e-02
 -2.5208222e-02
 -6.3773515e-03
 -1.0291899e-02
 -8.1620729e-03
  5.9020729e-03
 -1.2264438e-02
  2.7413020e-02
  2.0225005e-02
 -5.8899615e-03
  2.8724320e-02
  3.4818862e-02
 -2.3962198e-02
  8.7328469e-03
 -2.4156151e-03
 -7.6209321e-03
  1.0331571e-02
  2.0535903e-02
 -5.8612353e-03
  2.5060886e-01
  2.8346008e-02
 -5.7409436e-02
  1.4658474e+00
  2.8371578e-03
 -3.6522464e-04
 -1.1685396e-02
  8.5044064e-02
  1.3922822e-03
  2.6538435e-03
 -1.4793200e-02
  1.0844434e-02
 -1.2121335e-02
  2.5601763e-02
  1.6688164e-03
 -1.7464593e-03
 -3.9714139e-02
  8.3304162e-04
  3.0739217e-03
 -8.0235247e-03
 -1.7377509e-02
 -8.9259902e-03
 -1.8428712e-03
 -3.0794971e-02
 -4.7074197e-04
  9.2335418e-03
 -1.6754859e-03
  3.6420652e-03
  1.0936661e-02
  1.2737769e-03
  2.5124567e-02
  3.7914991e-02
  2.0530666e-04
 -3.3990792e-03
 -4.9744430e-03
 -1.3963344e-02
  2.3378124e-02
  1.1093115e-02
 -6.7402460e-03
  1.1335903e-02
  1.8681007e-02
 -1.0646224e-02
 -9.2082284e-03
  6.4755036e-03
 -1.3854448e-03
  1.5875768e-02
 -2.1987476e-03
  9.4940932e-03
  7.8678206e-03
 -1.8435814e-03
 -2.9730194e-03
 -5.5185813e-03
 -1.6983354e-02
 -4.4740211e-02
  4.9357186e-03
 -3.1824753e-02
 -8.6333179e-01
 -1.1987707e-01
 -9.2076993e-01
 -1.3713757e+00
 -6.0183686e-01
 -7.5316983e-01
  5.3086787e-01
 -4.6907964e-01
  1.1191666e+00
 -3.2964416e-03
 -5.1742804e-01
  4.8635100e-04
 -4.6419799e-01
  6.6033661e-02
  7.3048812e-01
  6.5769029e-01
 -3.8598904e-01
  6.6488290e-01
  1.4199817e-01
 -3.9785799e-01
  4.5923159e-01
 -8.9438587e-02
  7.0515484e-01
  3.3115602e-01
  5.3416990e-02
  1.3627245e-01
 -3.8201105e-02
  7.0094161e-02
 -3.8582727e-01
 -1.2415818e+00
  2.9030610e-02
  8.9736514e-02
  2.2979614e-01
  8.1636089e-01
  8.8967666e-02
  4.1268952e-02
 -2.2971441e-01
 -8.9434959e-02
  2.0916255e-01
  2.1844082e-01
  2.6496845e-01
 -1.4524847e-01
 -4.2694011e-01
 -5.8565903e-01
  7.6106215e-01
 -1.1223070e-02
  3.6561105e-02
 -3.4297701e-02
  8.2580131e-03
  5.4191001e-04
  8.0260970e-02
 -6.5588620e-03
 -5.5551669e-04
 -1.3975182e-01
 -2.1657541e-03
 -7.8776538e-02
  9.3102530e-03
  1.1142354e-02
  5.8027040e-03
 -8.9820579e-02
 -2.6660026e-03
 -2.4656104e-02
  6.8769343e-03
 -2.8332712e-03
  5.7904102e-02
 -9.8143676e-03
 -3.6512017e-03
  1.6750485e-02
  9.3394350e-03
 -4.7883330e-04
 -8.1643453e-03
 -1.1918552e-02
  3.7660024e-03
  1.3724740e-03
  6.8631810e-03
 -6.1087951e-02
  4.7099055e-03
 -3.0151982e-02
  1.6992413e-02
 -7.5762514e-03
  2.6936295e-02
 -4.8858868e-03
  7.3938915e-03
  2.7764377e-03
 -2.0688988e-02
  2.3824201e-04
 -3.4076767e-03
  6.8142740e-03
 -2.4869671e-02
 -8.7800892e-03
  6.5960567e-03
 -9.0148405e-04
  5.2230791e-03
 -1.2022478e-02
  6.4516492e-02
  8.8769826e-04
  3.2470815e-03
  2.7818695e-02
  2.4227910e-03
 -1.3405074e-02
  3.4914995e-03
  7.7363420e-03
 -3.5174557e-03
 -6.1356201e-04
 -1.5275797e-02
 -1.0321646e-02
  8.3394749e-03
 -1.3107015e-01
  2.0585943e-03
  2.1641763e-04
  1.8606803e-03
 -6.3728745e-04
 -1.1295449e-03
 -1.6897695e-02
 -4.0928475e-03
 -2.8467925e-02
  3.6323942e-02
 -4.8889844e-03
  2.2097988e-02
  5.9228884e-03
 -1.9401859e-03
 -9.1611147e-03
  2.2782881e-02
  2.2660056e-02
 -4.3323371e-03
 -8.1035914e-04
 -1.1987003e-02
  1.9921003e-02
  8.7410836e-03
  7.0601879e-03
 -2.4680665e-03
  2.6062492e-03
 -5.0236255e-02
  1.4670573e-02
  4.4580940e-03
  8.4556574e-03
  2.4686376e-02
 -2.2595555e-03
  1.6094446e-03
  5.0292723e-03
  2.5563154e-02
  1.6832452e-02
 -1.1969528e-02
  2.1212509e-02
 -1.6551154e+00
 -4.4415753e-02
 -5.4902968e-04
 -6.7149798e-05
  1.1794026e-02
  2.1995507e-02
 -5.2240137e-03
 -2.0040730e-03
 -1.4657791e-02
 -3.2776329e-03
  4.9637295e-02
  2.8951254e-04
  1.3514964e-02
  7.3662782e-03
  1.5019683e-02
  3.4778371e-02
 -3.0938786e-02
 -2.5775294e+00
 -1.5671595e+00
  3.6374348e-01
 -1.8489813e-02
  3.7482283e+00
  6.1083710e-01
  2.5673068e-01
  1.5427737e+00
  2.3127658e+00
 -2.9805577e+00
 -5.6133538e-01
 -1.4978260e-01
  1.8238242e-03
  8.8858706e-01
 -1.4365803e-02
  4.2143282e-01
  2.4045432e-01
 -8.7204576e-02
 -9.9601996e-01
 -2.7922738e-01
 -3.3946139e-01
  1.5456200e-03
 -1.1550763e-02
 -1.2098728e-01
  1.8962584e-01
 -2.1136595e-01
  9.3361247e-01
 -6.0494300e-03
 -1.1402199e+00
 -1.7802464e+00
 -6.1379396e-03
 -1.2422018e+00
 -1.1484622e+00
  2.0538650e-02
  9.1215279e-03
  7.7098459e-02
  1.3557439e+00
 -9.5710903e-01
  2.0743368e+00
 -9.8069878e-03
  5.5621839e-03
  7.4043959e-01
  4.6655621e-02
  3.4153426e-01
  3.1954548e-01
 -1.3104996e-02
  3.0976376e-02
  3.9445195e-01
 -1.8810296e-03
  1.7857440e-02
 -1.0836734e-02
  3.2608990e-02
 -1.3814543e-01
  7.4754769e-01
  6.9930303e-01
 -1.2204574e-03
 -3.1914175e-01
  1.1927158e-01
 -1.6393477e-01
 -5.9651130e-01
 -1.6947581e-01
  1.5889733e-01
 -6.7336246e-02
  1.2846982e-01
  2.0465290e-02
 -5.6816876e-01
 -1.8838929e-02
 -2.2639501e-01
 -3.7833829e-03
 -1.1671228e-02
  4.4033971e-01
 -4.4058758e-01
 -4.5975912e-02
  1.6416820e-02
  7.3417224e-02
 -8.3888388e-01
 -3.3953604e-01
 -6.4066744e-01
 -1.1420757e+00
  3.6780965e-01
  2.6503797e-03
 -4.5641679e-01
 -2.8488594e-01
  7.6828256e-02
 -2.5164720e-03
 -4.3714035e-01
 -2.2275138e-01
 -1.4198133e+00
  5.5760884e-01
 -2.3472820e-01
  1.2590146e-01
  2.3047593e+00
  9.3639696e-01
 -1.5442333e-01
 -1.2744311e+00
  7.1926582e-01
  4.1009015e-01
  1.4796996e-01
  3.3556715e-02
 -5.9450129e-03
 -3.8113540e-01
  4.5525149e-02
 -5.0502187e-01
 -4.6956182e-02
  2.3827164e-02
 -1.2514833e+00
 -8.2222164e-02
  1.3851805e-03
  8.7836564e-01
  2.1114108e-01
  8.2184337e-02
  5.1975960e-01
 -1.4304315e-01
  4.4415236e-01
  1.6645609e+00
 -4.2315528e-01
 -2.0470487e-01
  2.3641305e-01
 -1.3127558e-01
  3.9586344e-01
 -1.0337778e+00
 -2.2923030e-02
  4.2042378e-01
 -4.7899148e-01
  2.3040889e-01
 -6.7011881e-01
  3.1815660e-01
 -2.0006639e-01
  4.9207890e-03
 -1.8676610e-01
  4.3576580e-01
 -4.1312702e-02
 -5.2675869e-02
 -1.2516890e-01
  2.6154643e-01
  4.1105768e-01
 -2.1278507e-01
  2.5123388e-01
 -7.8588471e-02
 -6.6608530e-03
  1.0959251e-02
  7.8240789e-02
 -2.2991082e-02
 -5.3418773e-01
 -4.4273460e-01
  4.3666974e-02
  7.0055717e-01
 -4.0158354e-02
  2.1519897e+00
  3.2375309e-01
 -7.1339230e-03
 -8.7234363e-02
 -1.2996565e+00
 -8.7192617e-02
 -1.6696162e-03
 -9.3658395e-02
 -2.4183056e-01
 -2.0956149e-02
  1.8524909e-01
 -3.2178307e-04
  1.1240285e-01
  7.8152433e-02
 -4.9804619e-01
 -1.4506865e-02
 -2.1809338e-01
 -1.4965379e-03
 -1.0088831e-02
  1.9098479e-02
 -6.2642133e-01
 -2.5214085e-02
 -2.3632807e-01
  7.1828716e-02
  3.6590360e-03
 -5.1440351e-04
  2.8915232e-04
  1.1093328e-02
 -3.1817518e-03
  1.7686661e-02
 -1.0961078e-03
 -1.0457077e-02
  7.6965229e-03
  2.6248081e-03
  7.5454870e-03
 -1.5941476e-02
  1.0984909e-02
 -4.9393944e-04
  5.1798644e-03
  5.1116846e-03
  4.2529084e-02
 -3.0173217e-03
 -1.3268188e-03
  3.1366483e-03
 -3.1304993e-02
 -4.0277284e-02
  2.0342486e-02
 -3.9848154e-03
 -3.8247672e-03
 -8.3981557e-03
  9.5377721e-02
  1.3621334e-02
  1.6479256e-02
 -2.2268582e-03
  1.1775643e-03
  4.0808741e-02
  5.2582179e-03
  1.1393427e-02
  3.7546048e-03
  1.5267715e-02
 -1.0988892e-02
  1.8930114e-04
  1.2310021e-02
 -2.0530794e-02
 -1.7633066e-02
 -2.0540396e-03
  9.0312999e-04
  1.4404500e-03
 -6.8158591e-01
 -1.7641882e+00
 -1.0280621e+00
 -2.1183717e-01
 -8.3737987e-01
 -1.5888225e-01
  2.6511772e+00
 -1.7376494e-01
  9.1339302e-01
 -3.6970553e-01
 -3.3010953e-04
  3.4378403e-01
 -3.0959969e+00
  1.5038650e-01
 -1.2100029e+00
 -1.7177263e-01
  4.0450972e-02
 -1.7488434e-03
  1.2351965e-02
 -1.3225863e-02
 -4.5159077e-03
 -1.6783478e-03
  1.8903616e-01
 -6.6293487e-06
  1.6098665e+00
 -1.9830590e-01
 -4.7485277e-01
  2.9368865e-01
 -5.1417410e-02
  6.7123823e-02
 -2.5679595e-03
 -1.0947384e-01
  1.5468240e-01
 -1.5485573e-01
  1.3750917e-02
  3.0504359e-02
  1.7707370e-02
 -1.1690187e-01
  3.2797092e-01
  1.4738987e-01
 -1.2948474e+00
  6.1300236e-01
 -5.6617147e-01
 -1.2326880e-02
  9.4466209e-03
  2.8049041e-02
  1.3640501e-02
 -6.9490093e-04
 -1.8054172e-02
 -5.2894028e-03
  3.9919093e-03
  7.7665492e-04
  4.3582143e-03
 -5.8243226e-02
  4.0177512e+00
  3.9195269e-02
 -2.2662306e+00
 -1.2676073e+00
 -1.5709519e-01
 -1.8927851e-01
  4.3263310e-01
 -5.6554645e-02
 -3.6052403e-01
  2.1500231e-01
 -5.0435536e-02
 -8.2139140e-01
 -4.7948421e-03
 -6.9911444e-01
 -2.7242733e-02
 -1.2383673e-01
 -2.4483386e-01
 -1.2808415e-01
  6.5740764e-01
  1.0909821e-02
 -2.1874905e-01
 -1.8229831e-02
  1.4299690e-02
  3.0855897e-01
 -2.2418885e-02
 -1.5665475e-01
  1.8198926e-02
  6.3391203e-01
  4.6284962e-01
  2.0744109e-04
  8.4982319e-03
 -1.3735052e-02
  6.2671015e-03
  6.0449827e-02
 -2.5040559e-02
  2.3867151e-02
 -2.3584168e-01
 -8.0667390e-03
 -1.8887645e-02
  1.0182791e-03
 -7.2915339e-01
 -1.8619800e+00
 -9.6250691e-02
  2.9992263e-03
 -1.7012128e-01
 -3.6743013e-03
 -1.2978788e-02
  1.6845274e-03
  2.6668571e-03
  2.0089671e-02
  3.1604720e-03
  1.6675524e-03
 -3.4048837e-03
 -2.4221889e-03
  7.7437979e-01
  1.5076485e-03
  2.2229250e-01
  5.8628954e-03
  3.6532192e-03
  2.1632547e-02
  9.0121132e-01
 -9.2003075e-03
 -2.4932665e-03
  6.7481785e-03
 -7.6886476e-03
 -9.9852346e-03
  4.3548547e-02
  3.8614811e-03
  2.6012301e-03
 -6.6591741e-04
 -1.0930574e-03
  1.6589467e-03
 -1.1750836e-03
  2.8847000e-03
 -1.5533922e-02
  2.1177409e-03
 -2.3245342e-02
  6.1106607e-03
 -5.6729452e-03
  1.3045145e-02
 -1.3260578e-02
  2.5427323e-03
 -1.0910598e-02
  6.9980868e-03
 -4.4440324e-03
 -4.5295320e-02
  2.5097568e-02
  7.4697239e-03
 -1.7728386e-02
 -5.1342654e-03
 -1.2308633e-02
 -1.0897482e-02
  1.5888868e-03
 -1.0415014e-02
  1.8464618e-03
 -2.5044655e-02
 -1.0020281e-02
  2.2226781e-02
 -1.8774801e-04
 -1.3718960e-02
 -1.0539715e-02
 -9.1088709e-04
 -9.7246682e-03
  2.2351723e-02
  3.0465159e-03
  2.7384728e-02
  7.7850516e-03
 -4.8833769e-03
  4.9324560e-01
  8.3493544e-03
  6.9848344e-02
 -2.5215060e-02
  2.7604857e-02
  4.8952121e-03
  5.8523303e-01
 -1.3268745e-03
  2.2799037e-02
 -1.1375344e-02
  2.8206762e-03
 -2.7366344e-02
  3.2355429e-03
 -1.3327402e-02
 -2.4531828e-03
  3.6744329e-03
 -2.1125670e-04
 -4.2019119e-03
 -3.7490081e-03
  1.8203150e-01
 -3.5277870e-02
 -3.2272495e-04
 -1.8051699e-02
 -2.2257013e-02
 -5.8455993e-03
  1.0109952e-02
 -2.6654361e-03
  1.9645678e-02
  6.7068129e-03
  5.1088976e-03
  6.2877471e-03
  9.9148592e-03
 -7.0794923e-03
 -1.8685173e-02
  1.3694497e-02
  2.6120897e-03
  2.3373426e-03
 -1.0108434e+00
 -2.4996251e-03
 -1.0056439e-03
 -1.3105470e-01
  4.1154952e-04
 -4.0984321e-02
  2.2725374e-03
 -2.0597417e-02
  1.6238134e-02
  8.1410967e-03
 -5.5938852e-03
 -3.8312252e-03
 -5.8488054e-03
 -2.6042133e-03
  7.7142632e-03
 -1.3308529e-02
  1.3147036e-03
 -7.4606412e-03
  2.1198716e-03
 -9.1603873e-03
  9.2414971e-03
 -6.6044182e-03
  2.0683701e-03
 -3.3563441e-01
  6.3222470e-03
  2.2837103e-03
 -3.4857225e-03
  1.4267181e-03
 -1.0860691e-02
  8.3835432e-05
  1.0462510e-02
 -1.0614105e-03
  2.1865085e-02
  5.9798866e-04
  2.3940767e-04
  9.0449061e-03
 -1.7726204e-03
 -6.1927750e-03
  5.8527039e-03
  2.8683746e-03
  7.7856574e-03
 -5.9384163e-02
  1.7847406e-02
 -3.1348056e-01
  1.5152290e-02
  3.4314885e-03
 -2.4546466e-03
  2.4875948e-02
 -7.6547978e-03
 -7.4684052e-03
 -2.3204223e-03
 -3.1791672e-03
 -1.2697332e-03
  1.1861701e-02
  3.5058954e-03
  9.6536670e-03
  7.6875691e-03
  1.0960640e-03
  1.5179674e-02
  4.2586899e-03
  8.4718186e-03
 -2.2054816e-02
 -1.9861652e-02
 -9.9660840e-04
  7.5193238e-03
 -3.3200406e-03
  2.8263431e-02
 -6.5984572e-03
 -5.8667343e-03
 -2.2350545e-03
  1.1568025e-01
 -3.2835031e-01
  2.7344318e-03
 -2.5179434e-01
  1.3056664e-02
 -4.3122927e-03
  1.5855659e-02
 -2.7219883e-01
 -3.8296180e-03
 -2.7515739e-02
 -7.3484713e-03
  1.3628844e-03
  6.5494399e-03
 -3.0154411e-02
  3.3035751e-02
  3.4081236e-02
  1.4339316e-02
  1.6707027e-02
 -4.0572779e-03
  7.6709467e-04
  1.5207573e-02
  9.7305613e-04
 -2.8302902e-03
  3.6345928e-03
 -4.9688588e-05
 -1.3687056e-03
  2.9585229e-03
  2.7129031e-04
 -1.0521660e-02
 -1.2481213e-02
  1.3129908e-01
  1.6468644e-02
  7.0137661e-03
  4.5686313e-03
 -2.2310441e-02
 -3.7368003e-02
 -1.9057478e-04
  1.6042370e-02
  3.7233017e-03
  5.7371715e-03
 -9.4048679e-03
  1.9607602e-03
 -4.9674668e-04
  1.6478892e-02
 -1.5836244e-02
  1.2320464e-02
  2.6179769e-03
  5.3408053e-03
 -1.7953139e-02
 -4.8594974e-02
 -2.7715700e-02
  4.6185623e-03
 -3.0866635e-03
  4.3425974e-04
  1.4193171e-02
 -8.8468677e-01
  2.2607737e-03
 -3.0640110e-01
  4.8703838e-02
 -1.3853517e-02
  7.3321518e-03
 -2.9467526e-01
 -1.8637975e-01
 -3.5574827e-03
  1.9724399e-03
 -3.6146282e-03
 -7.4189659e-03
  1.8037140e-04
  3.3060636e-03
 -4.7100829e-03
 -1.8854006e-04
  3.4243619e-04
 -7.5832582e-03
  3.4522906e-02
  5.2461964e-03
  1.1186443e-02
 -7.4936813e-03
  1.6497355e-02
  8.9267716e-03
  1.2802810e-02
  5.9898733e-03
 -2.9572656e-03
  3.1065784e-02
  6.7982618e-03
 -4.6990640e-03
  9.4562816e-03
  1.1517608e-02
  2.0569065e-03
 -2.9987602e-03
  7.5273414e-04
 -7.0927134e-03
  6.6943583e-03
  2.6135491e-03
  8.2818633e-03
  1.6878945e-03
 -6.1680004e-04
  1.9584872e-02
 -1.6320854e-03
  5.3211101e-03
  1.5571585e-02
 -1.9634177e-03
  2.3484847e-02
  1.3703424e-02
 -1.0373197e-02
 -1.2220048e-02
  2.2276605e-03
  2.1722367e-02
 -6.5510877e-04
  1.7180679e-02
  3.0235767e+00
 -1.0027466e+00
 -2.9730053e+00
  6.4578408e-01
  2.1231034e+00
 -1.3822861e+00
  1.8598015e+00
  7.8705803e-02
 -2.4052777e+00
  7.2538412e-01
  3.1071568e-01
 -1.8867507e+00
 -1.9616146e+00
 -2.4900165e+00
 -1.6687576e+00
 -6.6444740e-02
 -4.0920576e-01
 -7.1631187e-01
  1.3214942e+00
 -2.2517352e+00
  4.8834467e-01
  2.3507993e+00
  1.0328710e+00
 -2.0475478e+00
 -1.3234571e+00
 -1.5501155e+00
 -1.7777181e+00
 -1.5983815e+00
  2.6404340e+00
  2.4587011e+00
  7.8000188e-01
 -1.3124133e+00
  1.6773006e+00
  1.4858857e+00
 -2.7814050e+00
 -2.1239192e+00
  2.3501265e+00
 -2.1512723e+00
  2.8508351e+00
  3.5208795e-02
  2.3734758e+00
  2.3713074e+00
 -3.6071854e+00
 -9.0090525e-01
  1.7879719e+00
 -1.5926039e+00
  2.0109248e+00
  3.2874274e+00
  3.1910849e-01
  2.0195279e+00
  4.6737488e-02
 -2.3640859e+00
 -1.8002143e+00
 -2.2076993e+00
 -2.4267304e+00
  2.0743089e+00
  1.1597579e+00
 -2.2170238e+00
 -2.2117457e+00
  2.5946079e-03
 -2.0551519e+00
  5.2477652e-01
 -2.7072628e+00
  1.0159692e+00
 -1.2510674e+00
  2.3592103e+00
  2.0527041e+00
 -2.0667539e+00
 -1.9444071e+00
 -1.7701216e+00
 -3.4940302e+00
  1.7813623e-01
 -1.6714160e-01
  1.6428879e+00
 -5.4188615e-01
  4.3042219e-01
 -3.0551204e-01
  1.4746241e-01
  1.0706531e+00
 -3.6945918e-01
 -3.1276146e-01
  1.4755075e+00
  4.8355871e-01
  1.7771635e+00
  1.2820747e-01
 -2.8398955e+00
 -1.2480347e+00
 -4.8136932e-01
 -1.1387419e+00
  5.9749216e-01
 -4.9877721e-01
 -2.3754399e+00
 -6.6588938e-01
  3.0912954e-01
  7.6612771e-01
  2.2632577e-01
  1.6960576e+00
 -2.4854957e-01
  5.4167980e-01
 -8.7533969e-01
 -7.5502181e-01
  8.3152485e-01
 -2.4207960e-01
 -1.4243294e-01
  2.4553287e+00
  4.6215889e-01
 -7.3992544e-01
  3.6064035e-01
 -2.2709579e+00
  3.4784788e-01
 -6.7337000e-01
 -1.0975188e+00
 -3.5673892e-01
 -3.8007128e-01
 -2.2550978e-01
  1.2516175e-01
 -1.1337383e+00
  1.1043006e-01
 -3.8680461e-01
 -3.4222639e-01
 -2.6597041e-01
  1.8239212e+00
 -9.1700208e-01
  4.1816765e-01
  1.2118946e+00
 -6.4812791e-01
  7.2328055e-01
  4.8494613e-01
  3.8827842e-01
 -5.1625568e-01
  2.1165359e+00
  1.7654930e+00
  5.4584017e+00
 -8.0280215e-01
  3.0353847e-01
 -1.1995250e+00
 -4.9138325e-01
  3.0628341e-01
  3.8596475e-01
  5.4459846e-01
  4.7163445e+01
  6.6620123e-01
  8.8814676e-01
 -1.1975865e+00
 -2.1074104e+00
 -1.7747402e+00
  5.0535929e-01
  1.4050384e+00
  5.1811084e-02
 -4.9229845e-01
 -1.3300450e+00
  1.9670869e-01
 -3.6360636e-01
  2.7285991e+00
 -2.3873684e+00
 -1.6763507e+00
 -2.5652548e-02
  9.1471964e-01
  1.9037675e+00
 -7.0651221e-01
 -8.4232306e-01
  5.2494240e-01
  1.2108313e+00
 -1.3479532e+00
 -6.1265522e-01
 -2.7348211e+00
 -3.9318874e-01
 -5.2828032e-01
  1.4832635e+00
  3.3746710e-01
 -1.8264182e-01
 -1.5418351e+00
 -2.9379699e+00
  1.6810656e+00
  2.2149611e+00
  3.7718603e-01
  1.4519931e+00
  6.6103882e-01
  1.1833093e+00
  2.2113318e+00
  1.8186635e+00
 -7.4552238e-01
  9.5753986e-01
 -1.7720774e+00
 -3.7817878e-01
  8.4636599e-02
 -1.0569550e+00
  1.9291254e-02
  9.9202019e-01
  6.3684654e-01
  3.4315813e-02
 -8.8050789e-01
 -2.5745633e+00
 -1.0550070e+00
  1.3534409e-01
  6.5075308e-01
 -1.2261620e+00
  6.9791603e-01
 -2.0142873e-01
  1.5204258e-01
 -3.5693452e-02
 -2.1099825e+00
  1.1716087e+00
 -2.6889775e+00
 -3.6824122e-01
  4.0771585e+00
 -6.1689381e-02
  1.5538281e+00
  4.4944605e-01
  1.5464121e+00
  2.1084176e-01
  4.1289756e-01
 -1.2556248e+00
 -4.1012484e-01
  3.9028846e-02
  1.1094627e+00
 -4.1284230e-01
 -1.4052346e+00
 -1.0842553e-02
  1.2584213e+00
  1.0352778e+00
  1.0387006e+00
  7.0999998e-01
 -1.2941750e+00
 -1.3167624e+00
  8.9628324e-03
 -7.2290039e-01
  1.4136758e+00
  8.2695305e-01
 -9.3274570e-01
 -5.9082383e-01
  1.0682818e+00
  1.8615693e+00
 -1.2351950e-02
 -1.7689273e+00
 -7.1012169e-01
  1.3617499e+00
 -1.9032609e-01
  7.3973268e-01
 -3.6850564e+00
 -1.6674654e+00
 -7.2569773e-03
 -5.6786973e-02
 -2.2448328e+00
  1.7120223e+00
  1.0000372e+00
 -3.6873546e-01
 -4.5327264e-01
 -1.7492068e+00
 -4.0962748e-02
 -6.3832160e-03
 -3.5692927e-01
 -4.2655344e+00
 -3.1474572e-02
  1.9548532e-01
  6.5758795e-01
 -5.4409003e-01
 -3.7693906e-01
  4.4895723e-01
 -3.8119170e-01
 -2.4642990e+00
  1.1852496e+00
 -1.7156353e+00
 -1.2058117e+00
  9.1013201e-02
 -1.9781518e+00
  3.5736120e-01
 -1.5858462e+00
 -1.1233886e+00
 -1.5153416e-01
 -1.2183810e-01
 -1.9892006e-01
  2.7248237e+00
  1.1917008e+00
  1.0582618e+00
  9.0712476e-01
  1.8473721e+00
 -8.4504843e-01
 -6.2735033e-01
  1.1528473e+00
 -1.1084914e-01
 -2.0724843e+00
 -5.2861464e-01
  1.2325933e+00
  2.1913771e-01
  1.5595216e+00
  1.6319294e+00
  4.7458315e-01
 -4.0935752e-01
  1.6949528e+00
  1.0959409e+00
 -2.5738604e+00
 -3.3062294e-01
 -1.5324109e+00
 -6.2930608e-01
 -9.8807985e-01
 -1.1307491e+00
 -4.3502477e-01
  3.0851846e-03
  2.3934247e-01
  9.3663372e-02
 -3.1125855e-01
  8.2278736e-03
 -5.3626481e-02
 -1.4354910e+00
 -1.9794643e-01
 -1.7274231e-01
  1.0710448e+00
  3.7134299e+00
 -1.0170662e+00
  2.8416222e-01
 -2.8474727e-01
 -2.9704586e-01
  2.1467330e+00
  6.1342763e-03
 -1.5342615e+00
  1.6744500e+00
 -1.9215536e+00
 -5.9981987e-02
  5.5819917e-01
 -2.8862873e-01
  6.9033241e-01
  1.4481808e+00
  1.2519080e-03
  1.1474089e-01
 -1.5267241e+00
  1.7097666e+00
  7.8366446e-01
  6.2352600e+00
  9.5514429e-01
  7.2245981e-04
 -7.8430235e-01
 -1.8405392e+00
  2.9424713e+00
  5.9294552e-01
  5.3309947e-01
  8.4379864e-01
 -1.6587293e+00
 -1.7378827e+00
  1.6836812e+00
 -8.7120193e-01
  6.7033744e-01
  7.7434939e-01
 -9.1230142e-01
 -2.4134817e+00
  8.9554048e-01
 -2.1987875e-01
 -2.2959440e+00
  1.8097512e-01
  1.2160014e-02
 -2.1131196e+00
  5.0629056e-01
 -1.6314331e+00
 -1.8074172e+00
  5.9157129e-02
  4.4968766e-01
 -1.5463331e+00
 -3.2604167e+00
  2.0690192e-01
  8.3277488e-01
  9.6510476e-01
 -7.5566810e-01
 -1.9047896e+00
 -8.3350366e-01
 -1.6799191e+00
 -2.4775105e+00
 -1.9051678e-01
 -1.2372915e+00
 -3.7193179e+00
 -1.0213445e+00
  1.5838699e+00
 -3.9398631e-01
  3.2113180e-01
 -2.0603422e-02
  1.8339459e+00
  9.1694140e-01
  2.7958453e+00
 -8.9398843e-01
 -3.6091783e+00
  7.4406719e-01
 -1.1520240e+00
  1.8624116e+00
  1.0612981e+00
  1.2294393e+00
  2.6532836e+00
 -7.5801939e-01
 -2.6584050e-01
 -7.1774513e-01
 -4.3551812e-01
 -1.7268353e+00
 -1.9897536e+00
 -2.7728076e+00
  1.2295052e-01
 -1.3496329e+00
 -2.8294337e-03
  1.2656578e+00
  2.1192555e+00
 -1.3594798e+00
 -1.0060055e+00
 -1.5291773e+00
 -8.4073395e-01
  9.6464626e-02
  1.2615077e+00
  6.4631540e-01
 -4.6901658e-01
 -1.4463183e+00
  1.6320620e+00
  2.0491827e-01
 -1.2163495e+00
 -9.5584625e-01
 -3.5818851e-01
  4.6378401e-01
  1.8151834e+00
 -6.1177236e-01
  2.4807498e-01
 -1.8626297e+00
  8.9845061e-01
  1.7797110e+00
 -1.6684742e+00
 -2.5840480e+00
 -1.5825478e+00
  1.2999794e+00
 -1.1220547e+00
 -4.4682056e-01
  3.0825788e-01
 -1.1123028e+00
  1.1313848e+00
  1.9695288e+00
 -2.5809798e-01
 -8.7271756e-01
  9.7472763e-01
 -1.7695392e+00
 -5.3620285e-01
  1.2158304e+00
  1.8064581e+00
  1.7803842e+00
  3.0004668e-01
  2.8147526e+00
 -6.7868274e-01
  7.0461661e-01
 -1.2017418e+00
  9.8474628e-01
  1.8197484e+00
  2.8328192e+00
  1.6882827e+00
 -1.0395740e+00
 -2.7057177e-01
 -9.2471206e-01
 -4.3656966e-01
 -1.4218800e+00
 -1.3919418e+00
  1.6824321e+00
  4.7526085e-01
 -3.8366407e-01
 -1.9117364e+00
 -2.6345399e-01
 -2.1292107e-02
  3.1294134e-01
 -2.1599607e-01
  1.4937800e+00
  7.3571306e-01
  6.0863680e-01
 -2.8603354e-03
  1.6165351e+00
  3.4239085e+00
  2.1513410e-01
  3.9514229e-01
 -6.0680634e-01
  5.2095002e-01
  1.4150945e+00
 -1.2963459e+00
  3.1529307e-02
 -1.1039578e+00
  3.1258783e-01
  5.9327376e-01
  3.7683528e-02
 -2.5140660e+00
 -2.0278397e+00
 -7.6748556e-01
 -1.7390472e-01
 -9.0370244e-01
 -2.6186388e+00
 -2.9753563e-01
  8.9204451e-03
 -1.6428555e+00
 -6.6661417e-02
  9.0343714e-01
 -8.4092528e-01
 -2.5092852e-01
 -2.0858481e+00
 -2.7953950e-01
 -6.0894842e+00
 -2.6478441e+00
  5.2921522e-01
 -6.1946476e-01
 -1.1546381e+00
 -3.7659180e-01
  6.8393725e-01
  1.9900481e+00
 -6.9278687e-01
  6.8017167e-01
 -1.4189860e+00
 -1.1527272e+00
 -1.5503460e+00
 -2.3689544e+00
 -8.8834244e-01
 -9.4587320e-01
  2.6128694e-02
  1.6459074e+00
 -1.2607132e+00
 -6.6243392e-01
 -1.5896734e-02
  1.6151282e-03
  1.2192776e+00
 -1.6206943e+00
 -6.2754206e-02
  6.3013732e-01
  1.7516432e+00
  2.0596216e+00
 -1.5305235e+00
 -1.1569102e+00
  6.3986772e-01
  8.5973912e-01
 -4.1261264e-03
  2.0691225e-01
 -1.7112578e+00
 -1.4031075e+00
  2.7222708e-01
 -7.1208417e-01
 -2.6587479e+00
 -1.9116477e+00
 -9.7508699e-01
  1.1744429e+00
 -1.6259550e-01
  9.6996784e-01
 -2.2697070e-01
 -1.3684778e+00
 -5.1285392e-01
 -1.0812552e+00
  6.3163951e-02
  8.2355095e-03
 -1.7434735e+00
 -7.7319777e-01
 -2.2668576e-01
  4.0063697e-01
  8.4472615e-01
 -2.0711106e-01
  2.3560969e-03
 -6.3043594e-01
  1.1677600e+00
  1.4182355e+00
 -1.4619616e+00
 -4.4463596e-01
  5.7531381e-01
 -1.5177436e-02
  1.4580172e-01
  1.4111702e+00
  3.5970306e+00
 -6.9600588e-01
 -5.0383049e-01
 -1.4738183e+00
 -1.1115058e-01
  1.1777971e-02
 -9.0647531e-01
 -2.6070476e+00
 -1.6110716e+00
  3.7061608e-01
 -2.7040285e-01
 -4.2603600e-01
 -3.1121392e+00
 -4.0740862e-01
 -1.7144157e+00
 -2.1595301e-02
  9.9076420e-01
  9.3888324e-01
  2.6433608e-01
 -1.4102944e+00
 -1.8265796e-01
 -1.0120598e-01
 -3.1949043e+00
 -4.0980425e+00
 -1.6391621e+00
 -1.2281336e+00
  4.7304125e+00
  1.0511726e+00
 -7.6507151e-01
  5.4070246e-01
 -2.0461267e-02
  3.5193067e+00
 -1.8513508e+00
  2.1852460e+00
  2.0784476e+00
  1.2735502e+00
 -1.1367888e-01
  4.2758200e-01
 -1.7776142e+00
 -8.2631230e-01
  1.9927387e-01
  6.1658025e-02
  5.6963283e-01
 -9.7046727e-01
  3.6596191e-01
 -8.0130816e-01
 -1.4303550e+00
  6.2620199e-01
  3.2674897e-01
 -1.7944600e-01
  5.5900209e-02
  3.6033887e-01
 -2.3124581e-02
 -1.1212420e+00
  4.2328754e-01
 -1.5446238e-01
 -3.3869696e+00
  9.4133560e-03
  1.2023418e-02
  5.1891446e-01
  2.1193898e+00
 -9.9298000e-02
 -9.4751304e-01
  2.1658583e+00
 -2.1358116e+00
 -5.1697755e-01
  7.6964760e-01
  2.5511174e+00
  1.3683230e+00
 -1.0060876e-02
  4.1037694e-01
 -2.0230639e-01
 -7.6700598e-01
 -1.0627019e-01
  2.4334342e+00
  8.8395387e-01
  2.4216993e+00
 -1.3030867e-01
  4.8259464e-01
  2.1291399e+00
 -1.4818680e+00
  2.1572281e-01
 -1.2536125e+00
  5.7191610e-01
 -2.3846388e+00
  1.9842231e-01
 -7.5912565e-01
  1.6378567e+00
  2.2503294e-02
 -1.0852581e-02
 -4.4823533e-01
  1.1418378e-01
  7.4403977e-01
 -1.1962306e+00
  1.6200029e+00
 -9.7603625e-01
  1.2807429e-01
  2.6583269e-01
  1.7552162e+00
 -1.2073931e+00
 -1.2457447e+00
 -3.9005867e-01
  1.2181066e+00
 -5.6734884e-01
  4.6397108e-03
  1.1464911e-01
 -1.8164638e+00
  1.0926111e+00
 -1.7477600e-03
 -1.7051008e-02
 -7.9098009e-02
  5.3412686e-03
  6.7814261e-02
  2.7117191e-03
 -3.1104881e-02
  1.9420715e-02
  2.6244050e-02
  4.4065890e-01
  4.7742087e-01
 -1.0068024e+00
 -8.5183400e-01
 -2.8230362e-02
  1.5946648e+00
  3.1184360e-01
  6.9910097e-01
  7.1339494e-01
 -7.4991989e-01
 -8.0074139e-02
 -1.7018280e+00
 -9.5111668e-01
 -1.4979939e+00
 -4.4334162e-02
  1.7852835e-01
  6.6751802e-01
  1.7449417e+00
  7.4907357e-01
  1.3821592e+00
  3.7068740e-01
 -2.2349021e+00
 -1.4792663e+00
 -2.6160140e+00
 -5.5536383e-01
  5.8730912e-01
  1.2211218e+00
 -2.0167289e+00
  2.8960606e-01
  1.4083927e+00
  5.6543177e-01
  6.5715033e-01
 -1.2000170e-01
  1.4024522e+00
 -1.3181115e+00
  2.5634449e+00
 -4.0387547e-01
  1.0586201e+00
 -3.3594024e-01
  1.3285252e-01
  8.4653890e-01
 -3.8194435e+00
  7.3084527e-01
 -1.5460441e-01
 -4.9182191e-04
  1.9270624e-03
 -1.0658198e-02
  1.7667439e+00
  8.6543828e-01
  1.9829792e-03
 -5.9674382e-01
 -2.3108888e+00
 -5.1899111e-01
  6.4057505e-01
 -1.6072868e+00
  2.5922475e+00
  1.3173851e+00
  4.4226679e-01
  3.3697921e-03
  3.4419182e-01
  2.4436426e-01
  1.1112233e-01
 -2.4342470e+00
 -7.0990175e-01
 -1.5750304e+00
  2.3580544e+00
  1.1578685e+00
  1.9443705e+00
  1.2404754e+00
 -3.1743050e+00
 -3.0837286e+00
  1.7759563e-01
 -2.6124499e+00
  1.3502003e-01
  2.3802257e+00
  1.9550653e+00
  1.0624059e+00
 -5.8733100e-01
 -9.2140210e-01
 -6.6271299e-01
 -6.5694952e-01
  1.1564891e+00
 -4.2667189e-01
 -9.3702269e-01
  3.3189151e-01
  4.8039055e-01
 -5.3038317e-01
 -3.6037961e-01
  1.5425687e-01
 -1.0273788e+00
 -1.0758224e+00
 -4.9797782e-01
  5.9993029e-01
 -1.0365385e+00
  1.2605493e-01
  1.1454104e+00
  5.9522413e-02
 -1.6176200e+00
 -8.1388251e-04
  5.0755286e-01
  9.0055697e-02
  2.5584085e+00
  1.4894140e+00
  1.8185610e+00
  2.1648145e+00
 -2.1894807e-01
 -1.5279571e+00
 -2.2235160e+00
 -1.0863606e+00
 -3.2246094e+00
 -1.7533497e+00
 -1.1804383e-01
  1.9551997e+00
  1.6597880e+00
  1.5313745e+00
  1.6392577e+00
  5.2375031e-01
 -1.2673091e+00
 -8.5686916e-01
  3.1802580e-01
 -1.3259615e+00
 -1.6928703e-01
 -3.1757933e-01
  1.0100628e+00
  4.6554908e-01
  6.0078371e-01
  1.4428722e+00
  6.1039954e-01
  5.3300166e-01
  1.5986177e+00
  4.9781728e-01
  6.2784362e-01
 -1.2309542e+00
  4.5105296e-01
 -3.2602769e-01
  8.0066162e-01
 -1.3196861e+00
  4.0463859e-01
  2.0192815e-01
  3.9466789e-01
  6.5216757e-02
 -8.1481659e-01
 -4.1413684e-03
 -1.4459325e-01
 -3.7035465e-01
 -1.5522020e+00
 -3.6874540e+00
  4.7280503e-04
  1.9080140e-02
 -3.8233462e-01
 -2.5007734e-03
 -3.1962078e+00
  6.0967612e-01
 -6.8032759e-01
 -4.0825564e-01
 -4.8848310e-01
 -4.9244538e-03
 -4.4833171e-01
  5.8014609e-02
 -8.7345427e-01
 -3.2853761e-01
 -2.7410409e+00
 -1.7771672e+00
 -2.5858331e+00
 -3.6826589e+00
 -1.6485325e+00
  6.2242165e-02
  1.3230461e+00
  3.6048442e-02
 -3.7909802e-03
  7.6066607e-01
 -2.7499113e+00
 -1.5891581e+00
 -2.8563509e+00
 -2.0567820e+00
 -3.8816619e-01
  8.3584160e-01
  8.7124251e-02
  4.0310886e-02
  7.3583150e-01
 -2.2656521e-01
 -4.5668063e-01
  5.4020947e-01
  1.3823436e+00
 -1.2174444e+00
 -1.6554847e-01
 -4.9135762e-01
  5.7374716e-01
 -6.0411865e-01
 -1.0087992e+00
 -1.9334435e+00
  1.2910737e-01
 -1.9354211e-02
 -1.3394262e-01
 -1.1667370e+00
 -9.7873640e-01
  2.1018445e+00
 -2.7362752e+00
 -8.2719725e-01
  4.4947672e-01
  3.7901171e-02
 -1.7227122e-01
 -4.2381880e-01
 -3.5773146e-01
 -8.0167061e-01
  5.7290918e-01
 -6.3703857e-02
  2.5475221e+00
  4.4368604e-01
 -1.5503002e+00
 -7.4069232e-01
  4.7489569e-02
  2.1914903e-03
  2.9750652e+00
  2.2895200e+00
 -7.6526606e-01
 -2.0756636e+00
 -2.0196359e-01
  8.0716336e-01
  1.4467549e+00
  2.6038108e+00
  2.8468475e-02
  1.1367719e+00
  2.6980835e-01
 -1.0988601e+00
  1.2230082e+00
  8.1982899e-01
  1.6291546e+00
  3.1384668e-01
  9.0804673e-04
 -2.3462396e+00
  4.7072926e-01
  1.2747744e-01
 -8.5640669e-01
 -1.1544770e+00
 -7.2010750e-01
 -8.9777611e-02
 -1.1377548e+00
 -2.2646918e+00
  2.7658412e-01
  1.2478044e+00
  7.4460262e-01
 -2.7107015e-01
  6.8845570e-02
  3.7027916e-01
  3.3974713e-01
 -8.8492519e-01
 -1.3598704e+00
  9.6093577e-01
 -1.0411055e+00
 -1.5822984e+00
 -2.2231121e+00
 -7.3927444e-01
 -1.4185565e+00
 -6.3652742e-01
  3.8417706e-01
  1.8434752e+00
 -6.5228865e-02
  2.0189607e+00
 -7.4899006e-01
 -2.2122838e+00
 -1.4548057e+00
 -3.9475164e+00
 -2.1782434e-02
  1.0532799e+00
  5.2578869e+00
  2.6545882e+00
 -1.1197051e-01
  5.0894046e-01
  1.3807012e+00
 -3.9091092e-01
 -1.8126620e+00
 -9.1032362e-01
 -1.4869334e+00
 -5.4475749e-01
  5.5539411e-01
  2.4252510e-02
 -8.4178144e-01
  1.2848495e+00
  3.6055081e-02
 -1.7020516e+00
 -4.6445590e-01
  1.4546174e+00
 -8.2522255e-01
 -7.8944486e-01
 -1.7012810e+00
 -2.2375615e+00
 -6.6090417e-01
 -1.6851739e+00
 -6.7720068e-01
 -3.1740835e-01
  1.9692221e+00
 -1.9686855e-01
  3.1862697e-01
  1.1733110e+00
  1.0089549e+00
  2.2086592e-01
 -2.8726515e-01
  1.1715463e+00
  5.2649945e-01
 -4.0910196e-02
 -4.1310471e-01
 -2.3093732e-02
 -2.1764054e+00
  6.4535922e-04
 -7.1223695e-03
 -1.4232771e-02
  7.2937131e-01
 -8.1287217e-01
 -1.7428645e+00
 -6.7796357e-02
 -1.2540287e+00
 -1.4016116e+00
 -1.3016135e+00
 -7.9207554e-02
 -2.1897595e+00
  7.7146841e-03
  1.0417831e+00
  5.6031034e-03
  2.2576385e+00
  6.5284586e-01
 -6.0469753e-01
 -2.1736002e-02
  1.0004292e+00
  2.7840843e-02
 -8.8579291e-01
 -1.1089529e+00
 -7.3460728e-01
  8.1900674e-01
 -1.7311923e-02
 -1.1105339e-01
 -9.0251446e-01
  1.4882798e+00
  7.6248288e-01
 -9.4153546e-03
  1.4666574e+00
 -7.8847390e-01
 -1.6550651e-01
 -6.6704208e-01
 -2.0745749e+00
 -1.7643334e+00
 -1.3406722e-01
  6.7440486e-01
 -1.6069003e+00
 -2.7678475e-01
 -1.5049875e+00
 -1.2692752e+00
 -5.9128240e-02
  9.7287399e-01
 -1.7016919e+00
  5.3431612e-01
  9.2238235e-01
  1.6699387e+00
  8.6842871e-01
  4.0328410e-03
  2.9173147e-02
  2.0459473e-02
  4.4220768e-02
  1.6958509e-02
  3.3504999e+00
  3.8874829e+00
 -7.0674077e-02
 -8.0246115e-01
  1.2346493e+00
  2.2179780e+00
  8.4776843e-01
  8.3650172e-01
  4.2941472e-01
 -7.6212031e-03
 -5.6211793e-01
 -5.1119822e-01
  4.0472792e-03
  1.1246216e+00
 -2.8962845e-01
 -1.6139699e-02
  3.8112700e-01
  1.6370282e-02
  2.4718382e+00
  1.4372631e+00
  2.5171407e-02
 -5.5970097e-01
 -6.5002686e-01
 -2.4080644e+00
 -6.7987710e-01
  2.1799007e-01
 -1.8097115e-01
  3.9802589e-02
 -1.3815988e+00
  1.0807717e-01
 -1.6612408e+00
 -3.9316377e-01
  5.9551936e-01
 -3.2012051e-01
  1.8354123e+00
  1.4571458e+00
  9.9360216e-01
 -9.1547197e-01
  3.2235435e-01
  1.0258028e-01
  1.2634869e+00
  7.5639540e-01
 -2.3815294e-01
 -2.9182863e-01
  4.9772635e-03
  4.9772635e-03
  4.9772635e-03
  4.9772635e-03
  4.9772635e-03
  4.9772635e-03
  4.9772635e-03
  4.9772635e-03
  4.9772635e-03
  1.4925200e-01
  1.4925200e-01
  1.4925200e-01
  1.4925200e-01
  1.4925200e-01
  1.4925200e-01
  1.4925200e-01
  1.4925200e-01
  1.4925200e-01
  1.0929316e-01
  1.0929316e-01
  1.0929316e-01
  1.0929316e-01
  1.0929316e-01
  1.0929316e-01
  1.0929316e-01
  1.0929316e-01
  1.0929316e-01
  4.3806378e-02
  4.3806378e-02
  4.3806378e-02
  4.3806378e-02
  4.3806378e-02
  4.3806378e-02
  4.3806378e-02
  4.3806378e-02
  4.3806378e-02
  2.0762464e-02
  2.0762464e-02
  2.0762464e-02
  2.0762464e-02
  2.0762464e-02
  2.0762464e-02
  2.0762464e-02
  2.0762464e-02
  2.0762464e-02
  1.4639291e-01
  1.4639291e-01
  1.4639291e-01
  1.4639291e-01
  1.4639291e-01
  1.4639291e-01
  1.4639291e-01
  1.4639291e-01
  1.4639291e-01
