0.572884 0.572885 0.572881 2.11265e-06 2.43257e-06 2.53604e-06 -0.059091 -0.059091 -0.059091 0 0 -0
-4.46093 -4.46093 -4.46094 -6.04106e-07 8.48868e-07 9.54583e-07 -4.90786 -4.90786 -4.90786 0 0 -0
-8.15789 -8.1579 -8.1579 -4.96791e-07 1.60119e-07 -1.81461e-06 -8.48111 -8.48111 -8.48111 -0 -0 -0
-8.13022 -8.11715 -8.11715 7.61364e-05 -0.00444574 -0.000177417 -8.51059 -8.4886 -8.49707 -0.00397 -0.00299 -0.005548
8.44192 8.61676 8.40498 0.00820746 0.00730472 -0.012121 8.08292 8.30805 8.07058 -0.033241 0.058911 -0.01842
-7.50693 -7.54864 -7.4563 -0.0329264 0.0790745 -0.131497 -7.91283 -8.0296 -7.84641 0.027473 0.007929 -0.016273
-7.63403 -7.62732 -7.55944 -0.0103362 0.053565 -0.0902775 -8.02156 -8.04781 -7.85409 0.007222 0.050501 -0.009413
-6.89384 -6.93995 -7.31977 0.0195313 -0.0121556 -0.057885 -7.3262 -7.25653 -7.71719 0.004557 -0.007452 -0.131875
9.12023 9.39038 9.32107 0.0515222 0.105665 -0.0289011 8.75854 9.12079 9.02935 0.097666 0.127567 0.057036
-14.8534 -14.8534 -14.8534 -2.89104e-07 -6.15176e-09 4.47713e-07 -14.9812 -14.9812 -14.9812 0 -0 -0
-6.92763 -6.77213 -6.26557 0.010382 0.182023 -0.151021 -7.16628 -7.23581 -6.7329 -0.037791 0.094238 -0.084646
-6.89372 -6.67593 -6.28059 0.0734174 0.212315 -0.147465 -7.12953 -7.22727 -6.86936 -0.056143 0.233531 -0.017765
9.11901 9.60152 8.9624 0.0420342 0.0335157 0.0234151 8.83731 9.45401 8.61165 0.024522 0.088148 0.037501
9.2578 9.33931 8.99455 -0.0328386 -0.11329 0.00118119 9.36921 9.3812 8.8437 -0.017379 0.05073 -0.158242
9.30344 9.47362 9.21933 -0.0197594 0.0259614 -0.297079 9.44674 9.76375 9.20082 0.083236 0.073132 -0.146696
0.0761189 0.0761186 0.0761235 9.07159e-06 4.38975e-06 4.6589e-06 2.06795 2.06795 2.06795 0 0 -0
9.37589 9.9589 9.67571 -0.0712768 0.118776 -0.215997 9.04989 10.1773 9.42067 0.177744 0.062122 0.065128
9.43097 10.0163 9.74246 -0.0798525 0.116454 -0.216804 9.10818 10.2542 9.48422 0.190301 0.071077 0.069227
-6.30922 -5.85529 -6.52674 -0.0400486 -0.170269 -0.316551 -6.74408 -5.81696 -7.04556 0.008289 0.033809 -0.4614
10.1566 9.86511 10.222 -0.04373 0.150772 0.0140523 10.4563 9.91917 10.1971 0.142969 0.269899 0.036029
10.37 9.97638 10.3899 -0.0927182 0.135816 0.00923664 10.7195 10.0308 10.3581 0.142622 0.241506 0.023128
-5.99559 -5.13052 -5.58545 0.399627 -0.356601 -0.166869 -6.42333 -5.14173 -6.16033 0.085236 -0.156697 -0.298677
10.0021 10.1814 10.3482 0.105334 0.272427 -0.194717 9.99527 10.5578 10.2192 0.351349 0.32312 0.070265
-20.4743 -20.5035 -20.4669 0.00163538 0.000710112 -0.0101158 -20.4026 -20.4496 -20.3923 0.004181 -0.005327 0.001069
-20.2708 -20.3141 -20.1275 0.0148482 0.0110206 0.00764373 -20.2394 -20.3016 -20.0803 -0.01933 0.011372 0.00763
30.5823 30.5823 30.5823 -7.07297e-06 -7.29266e-06 -4.61672e-06 29.8547 29.8547 29.8547 0 -0 -0
-4.82751 -4.93624 -5.33215 -0.14497 -0.685864 -0.492811 -4.71291 -4.48115 -6.25833 -0.004761 0.06848 -0.75533
-18.9546 -18.9898 -19.1124 0.00816621 -0.053152 0.0195854 -19.1726 -19.4106 -19.2218 -0.053223 -0.100532 0.090344
-20.1456 -20.1457 -20.1457 -1.46464e-06 -9.83248e-07 5.28176e-07 -17.8476 -17.8476 -17.8476 0 -0 -0
-18.2755 -18.1518 -17.9714 -0.236775 -0.125857 -0.31033 -17.9832 -18.9843 -18.55 -0.101643 -0.040806 -0.040899
-17.9145 -17.7626 -17.3263 -0.254992 -0.0449111 -0.254058 -17.5489 -18.6538 -17.9035 -0.087367 -0.036763 0.025576
-17.26 -17.0432 -16.578 -0.157597 0.217378 -0.0590271 -16.8217 -17.856 -16.6874 0.01121 0.108526 0.13947
-16.7524 -16.5388 -16.4579 -0.0115078 -0.218985 0.472459 -16.7107 -17.5323 -16.9689 -0.322694 -0.17724 0.036413
-3.21904 -3.18124 -0.542141 -0.390392 0.117515 0.563609 -3.87034 -3.9492 -0.610233 -0.359758 0.668523 0.699767
-2.98383 -2.65534 -0.0698128 -0.440446 0.198169 0.621867 -3.79271 -3.461 -0.289994 -0.418481 0.81569 0.801502
0.0979029 -0.351046 0.4372 1.56612 0.0218478 0.926775 -0.445082 -0.387994 -1.58421 1.50763 0.349487 0.573496
0.907067 0.288031 2.58871 -0.014418 1.03647 -0.254012 0.803159 -1.62638 2.33225 -0.354545 0.309561 -0.949597
0.481616 -0.689174 -0.222897 0.0352618 -0.0237466 -0.167997 0.256357 -0.00498 0.258412 -0.007493 0.013137 0.000618
0.137873 -0.742723 -0.44841 -0.0464821 -0.0438988 0.151351 -0.042779 -0.027033 0.044182 -0.013455 -0.001804 -0.016818
0.13917 -0.738178 -0.446841 -0.325747 -0.0466667 0.152286 -0.021703 -0.015801 0.048344 -0.453979 0.000934 -0.02254
0.142706 -0.732638 -0.443483 -0.3264 -0.0469964 0.15236 -0.029621 -0.017187 0.041094 -0.456266 0.001043 -0.023127
0.140718 -0.741252 -0.446518 -0.0495341 -0.793404 0.150704 -0.039306 -0.027906 0.047734 -0.011071 -0.691088 -0.013287
-0.63675 -1.98117 -2.23184 -0.0449118 -0.0463667 0.148235 -0.777185 -1.05929 -1.75902 -0.017704 -0.006121 -0.015989
0.149729 -0.742434 -0.408863 -0.0489055 -0.0424847 0.717892 -0.00432 -0.032707 0.081177 -0.000925 -0.008259 0.8608
0.1513 -0.711029 -0.434714 -0.606282 -0.0495532 0.153005 0.005301 0.010689 0.045462 -0.898361 0.002462 -0.026526
0.156146 -0.713238 -0.418993 -0.0443714 -0.0455053 -0.41598 -0.013404 -0.022106 0.07993 -0.028164 0.002695 -0.895181
-2.13817 -1.5334 -1.22449 -0.0451613 -0.0430204 0.152546 -2.12055 -0.785949 -0.71783 -0.010268 -0.001155 -0.018896
2.46587 0.0583669 0.341144 -0.0473901 -0.0445669 0.150807 2.1191 0.745188 0.822559 -0.015542 -0.004853 -0.014641
0.141345 -0.725378 -0.428669 -0.0401214 1.44961 0.153022 -0.030875 0.000634 0.082152 -0.019178 1.36872 -0.021273
0.163617 -0.735995 -0.366992 -0.0499842 -0.041992 1.00269 0.045689 -0.032191 0.132555 0.004686 -0.013024 1.29976
0.169105 -0.668163 -0.418476 0.796561 -0.0349907 0.146774 0.025164 0.046543 0.066519 1.30872 -0.007885 0.009483
0.172799 -0.693341 -0.381507 -0.0433581 -0.0459518 -0.701734 0.029624 -0.022568 0.129371 -0.035625 0.003548 -1.33256
0.15229 -0.726227 -0.423322 -0.0547633 -2.27148 0.150366 -0.019875 -0.008933 0.092258 -0.005268 -2.05924 -0.006309
0.155359 -0.695615 -0.399574 -0.036998 2.19886 0.154624 -0.029242 0.028315 0.108675 -0.023996 2.06295 -0.024613
-1.40699 -4.28638 -2.89508 -0.043086 -0.0497377 0.163794 -1.4729 -3.62477 -1.96974 -0.009554 -0.010825 -0.009746
1.81143 3.01936 2.11174 -0.049344 -0.0388494 0.138155 1.55625 3.7246 2.2001 -0.016442 0.00676 -0.019282
-4.34305 -2.30279 -1.97959 -0.0436965 -0.0422126 0.153971 -4.10913 -1.51465 -1.45626 -0.008015 -0.001409 -0.020458
56.8402 56.8389 56.8404 0.0026622 -0.00142792 0.00646775 56.2033 56.2073 56.1953 -0.001255 0.001416 -0.000824
-2.13299 -5.97476 -4.07497 -0.041343 -0.0525108 0.170038 -2.12384 -5.41991 -2.91367 -0.00785 -0.013838 -0.00901
2.68144 4.93783 3.40669 -0.0501692 -0.0352391 0.131247 2.38702 5.66376 3.29397 -0.01901 0.00917 -0.016081
2.64663 3.13446 5.21187 -0.051151 -0.036938 0.163096 2.40544 3.22983 5.78419 -0.002077 0.005649 -0.029679
7.30303 1.75661 2.00664 -0.0496046 -0.0469642 0.151924 6.70111 2.38096 2.42253 -0.021588 -0.013729 -0.014298
-1.49584 -1.72611 6.50577 1.26693 -0.0164556 -0.0111462 -2.20098 -2.14632 9.49018 2.55954 0.157158 -0.048848
56.8343 56.8014 56.823 -0.0275231 0.0763255 0.01517 56.4253 56.326 56.3611 -0.019778 -0.028835 -0.013758
56.7951 56.72 56.7846 0.0790962 0.0299373 0.0321861 56.5462 56.4005 56.4119 -0.02157 0.006499 -0.004048
-0.384585 -0.111976 0.210477 -0.148393 -0.0823796 0.289645 -0.215888 0.744556 0.73546 -0.184136 0.000669 0.074671
0.785534 0.0893266 0.362145 -0.0606871 0.000334877 0.124826 0.883424 0.882281 1.0209 -0.003058 -0.022391 -0.11987
0.598982 -0.683739 -0.494142 -0.188693 -0.485654 0.207683 0.822768 0.152032 0.214077 -0.131561 -0.387465 0.108751
56.8855 56.6284 56.7724 -0.0359016 0.187891 0.0437564 56.9228 56.8636 56.829 -0.054179 -0.063229 -0.055106
0.899963 -0.397798 -0.0745205 -0.116104 -0.576523 0.152741 1.11357 0.452659 0.6661 -0.125724 -0.477162 0.080373
56.9719 56.8175 56.9247 0.0120158 0.10855 -0.0532093 57.0009 57.4617 56.7407 -0.002121 0.006219 -0.006389
-0.12998 -0.183206 5.96041 0.620803 -0.254805 -0.14171 -0.683065 -1.2602 6.85536 1.32122 -0.16689 0.018992
0.430921 -0.131144 5.09637 0.457823 -0.160898 -0.0240557 -0.268429 -1.41899 5.55586 0.977447 -0.128357 0.138124
0.906129 -0.0708086 4.18149 0.324626 -0.0174693 0.0450361 0.019824 -1.4387 4.37649 0.810542 -0.057162 0.240545
1.45861 7.82916 -5.59534 -0.00723715 -0.00408598 -0.207023 0.011317 10.4174 -7.78265 0.012185 0.062576 -0.203646
5.25664 12.2932 -2.45787 -0.00646558 -0.00210658 -0.217152 3.85778 14.7541 -4.53327 0.012271 0.065858 -0.221252
1.44654 1.02492 1.33061 -0.0811022 0.0648749 0.110767 1.82883 1.91937 2.1141 0.00881 -0.039546 -0.18185
-5.3208 -0.729926 -0.289495 -0.160303 0.373609 -0.338981 -4.43772 0.305576 0.496579 -0.197296 0.517013 -0.628019
23.6633 14.6164 14.7164 -0.00729052 1.26703 0.153068 25.2806 14.2769 14.3621 0.055161 2.63143 0.087422
27.195 14.1597 14.1889 0.0297628 2.09823 0.080601 29.6277 13.9468 14.6395 -0.117696 3.5231 0.187639
57.7263 57.3642 57.4477 0.093357 -0.359252 -0.0801849 58.3111 58.5077 57.6974 0.061194 -0.264706 -0.069502
-4.93799 -0.613982 0.0455635 -0.118042 0.446528 -0.644362 -4.10452 0.366744 0.917647 -0.18218 0.542152 -0.852463
-8.98058 -10.7275 -11.0558 -0.200823 -0.514507 -0.110975 -9.93031 -11.0655 -11.2421 0.183605 -0.660462 -0.250404
6.39193 0.341458 0.828438 0.0477448 0.398788 0.274935 8.15448 -0.625675 0.465874 0.020212 1.36752 -0.082401
2.84879 4.83119 7.06714 -1.81949 -0.0896443 -0.729071 2.74174 4.87924 5.16251 -1.22388 -0.431169 0.095895
-1.26697 -1.26697 -1.26697 1.74482e-07 1.42516e-07 1.37214e-07 -1.23125 -1.23125 -1.23125 -0 0 -0
3.01634 3.01634 3.01634 -4.43351e-07 -2.91506e-07 -1.84574e-07 3.37295 3.37295 3.37295 0 0 -0
58.161 57.8433 57.6956 0.329623 -0.608316 -0.00431955 58.8698 58.8019 58.1621 0.212423 -0.477706 -0.033173
19.7095 17.1665 17.2806 0.113885 0.834225 -0.0603977 18.9397 16.2845 17.7872 0.548939 1.33294 0.100706
-1.24264 -1.25378 -1.24909 -0.000790953 -0.0012914 0.000451601 -1.1752 -1.20486 -1.18569 -0.000336 -0.007875 -0.000905
20.1213 17.3276 17.7996 -0.0376253 0.797497 -0.142946 19.4234 16.6548 18.4455 0.536526 1.17689 0.112757
-8.12044 -9.64127 -10.5812 -0.175331 -0.230918 -0.202306 -8.25867 -9.92928 -10.873 0.591026 -0.464707 -0.408675
-4.6989 -4.6989 -4.6989 -6.23426e-07 -5.74864e-07 -4.62957e-07 -4.78068 -4.78068 -4.78068 -0 0 -0
-14.9207 -12.1238 -18.947 -0.00981766 -0.0162883 -0.159941 -15.544 -7.5192 -20.9095 0.008266 0.052498 -0.14577
-0.915362 -0.909091 -0.892567 -0.0564745 -0.00519248 -0.04641 -0.965621 -0.840675 -0.965328 -0.117251 -0.00917 -0.080921
-7.78104 -9.44937 -10.3312 -0.193567 -0.155316 -0.184091 -8.12998 -9.74719 -10.6464 0.456029 -0.338861 -0.40276
6.10664 6.10664 6.10664 -4.39286e-07 -1.5349e-07 -2.24981e-07 6.53372 6.53372 6.53372 0 0 -0
7.08325 2.19711 3.51475 -0.0195335 0.933909 0.00750017 6.82146 1.60948 3.40356 0.255269 1.27638 0.479679
5.7157 1.85119 4.03729 0.0196389 0.236327 0.0850425 5.62829 0.861328 3.70584 0.184628 0.898916 0.115274
3.17377 6.06533 8.65887 -2.26069 0.0814324 -0.459609 2.97498 5.93996 6.03558 -1.53376 -0.357266 0.378922
1.0127 0.337903 0.7447 -0.0710248 -0.00258814 0.0112999 1.03015 -0.579866 0.616444 0.092098 -0.148899 0.137826
1.61104 0.674616 1.28013 -0.0792944 -0.00287783 0.0222339 1.64202 -0.374965 1.04499 0.122114 -0.132493 0.195071
7.6456 0.89007 2.07165 0.307422 0.794763 -0.0530731 10.6038 1.80117 0.159053 0.262436 1.23042 0.69058
14.5031 14.5032 14.5031 4.78062e-07 9.47897e-07 8.69897e-07 15.0573 15.0573 15.0573 0 -0 0
14.8975 14.8655 14.8783 -0.0126919 0.0234511 -0.00977253 15.3577 15.3096 15.296 -0.020501 0.013472 -0.007592
2.19341 3.81901 3.06674 1.36677 -0.0100177 0.0551467 2.83711 5.17557 3.82364 2.06338 0.166877 -0.084666
2.25355 3.81931 3.18797 1.25619 0.0122644 0.120688 2.91197 5.29063 3.98336 1.97465 0.262576 0.016056
2.29869 3.80597 3.27218 1.19734 0.0188605 0.146598 2.97754 5.34639 4.10106 1.92736 0.301055 0.062026
-13.7441 -13.6835 -13.6896 -0.00505359 -0.0107022 0.0340083 -14.0495 -13.8613 -13.8585 -0.021209 0.019015 0.026691
16.1012 15.9212 15.9886 -0.0548547 0.112927 -0.102231 16.3933 15.989 16.0468 -0.097821 0.085158 -0.104588
-33.6354 -33.5627 -33.617 0.211118 0.151577 -0.125058 -34.6279 -34.6528 -34.7573 0.052956 -0.058958 -0.008238
2.63743 3.66513 3.57666 0.890082 -0.193291 0.279846 3.38424 5.19679 4.54007 1.60775 0.247515 0.233033
-33.031 -33.0077 -33.1389 0.180619 0.149159 -0.272719 -33.8557 -33.894 -34.1576 0.004959 -0.052214 0.076242
-32.7295 -32.756 -32.7544 0.155105 0.324646 -0.186257 -33.6533 -33.6179 -33.6943 0.006456 -0.036662 0.099302
8.35823 1.49829 4.30592 0.0671593 0.879172 -0.268703 10.3901 2.45713 3.35944 0.206869 0.989416 0.126097
2.02896 6.10145 8.15716 -0.717428 1.55647 -0.464762 1.69352 5.00635 8.68878 -0.982629 1.13422 0.224407
-32.7534 -32.8884 -32.459 -0.0111598 -0.261973 0.709943 -33.5289 -34.3224 -33.273 -0.178795 -0.168553 0.293404
3.12435 7.78005 6.97785 -0.83665 0.884316 0.11367 2.51174 8.68053 6.58814 -0.784737 0.430515 0.858745
2.88498 4.21995 4.25657 0.262136 -0.382827 0.298899 3.8402 5.47756 5.29478 0.663384 -0.17114 0.008221
3.54334 8.65302 7.17947 -0.572082 0.487026 0.201486 2.95289 9.48547 6.28302 -0.260735 0.591533 0.771679
5.62102 5.42054 6.63604 1.04432 -0.142837 -0.791945 5.51619 5.15935 7.47501 0.857416 0.394706 0.032051
3.24847 6.71453 8.85399 -0.213408 0.963434 -0.796628 3.75197 5.22989 9.82864 -0.12755 1.25552 0.246084
7.19334 6.86422 5.59614 -0.0126915 0.464244 -1.11004 6.77371 5.6358 6.70934 0.486766 -0.547602 -0.776743
8.46234 8.87166 8.47514 -1.29838 1.37427 -0.186069 8.43184 7.95973 8.42107 0.062128 0.654271 0.403918
8.40245 8.26279 7.84185 -0.109514 0.222541 -0.133394 8.62381 8.66635 8.15286 -0.047147 -0.140265 0.340302
-22.7085 -24.1365 -23.8307 -0.0736677 1.34006 0.184744 -21.4826 -25.3333 -25.2709 0.10433 1.01434 0.239907
-23.3547 -25.0345 -24.7424 0.0499623 0.801201 -0.11075 -21.5601 -26.4362 -25.431 0.145992 0.68201 -0.17602
-24.2849 -25.6895 -25.342 0.19316 0.507757 -0.0515384 -22.1978 -26.889 -25.556 0.252748 0.279666 -0.175268
-23.5091 -25.104 -24.4501 0.113767 0.173324 -0.0592937 -22.1767 -26.2044 -24.3746 0.308492 0.020682 -0.060848
0.420267 0.566771 0.389063 -0.0663412 -0.297147 -0.0397728 0.07502 0.052665 0.065248 -0.004908 0.013157 -2.3e-05
0.420267 0.566771 0.389063 -0.0663412 -0.297147 -0.0397728 0.07502 0.052665 0.065248 -0.004908 0.013157 -2.3e-05
0.422522 0.57133 0.392069 -0.0659116 -0.298476 -0.04031 0.07798 0.058157 0.067083 -0.005017 0.012004 -1.5e-05
0.419211 0.568457 0.387102 0.162966 -0.296292 -0.0356682 0.065689 0.057092 0.068659 0.388469 0.008019 -0.008911
0.422926 0.572193 0.395733 -0.0619086 -0.296957 0.180877 0.073237 0.063181 0.069217 -0.013221 0.004787 0.379377
0.426049 0.577088 0.396843 -0.295974 -0.297845 -0.0441226 0.091377 0.065713 0.065083 -0.398747 0.017605 0.008452
0.430094 0.590861 0.413982 -0.0670874 -0.950482 -0.041698 0.079045 0.075728 0.084635 0.000195 -0.588836 0.006356
-0.338021 -0.621137 -1.23446 -0.0610337 -0.278508 -0.0378084 -0.64642 -0.841446 -1.59424 -0.007259 0.024825 0.005241
0.428176 0.57905 0.411331 -0.0580447 -0.295196 0.403039 0.078316 0.068892 0.084095 -0.019849 -0.00339 0.758095
0.436273 0.587582 0.420494 -0.0743298 -0.300906 -0.484679 0.107014 0.05579 0.111326 0.012617 0.020787 -0.762863
0.491446 0.809169 0.90122 -0.0406456 0.267675 0.0402278 0.146366 0.176002 0.638742 0.042389 -0.036287 0.005223
1.20864 2.22467 1.58865 -0.0703548 -0.321311 -0.0421704 0.794807 1.78317 0.96596 -0.007725 -0.004074 0.001857
1.21036 1.79194 2.05815 -0.0709405 -0.318122 -0.0427658 0.82047 0.983297 1.80625 -0.00076 -0.000167 -0.007764
0.444147 0.626112 0.4528 -0.068283 -1.58265 -0.0430249 0.085293 0.10653 0.123998 0.005546 -1.17312 0.011874
0.421883 0.553406 0.369859 -0.063352 1.0075 -0.0372786 0.082695 0.059147 0.063563 -0.012423 1.20692 -0.014297
0.431046 0.607716 0.39954 0.625992 -0.294257 -0.0278806 0.072496 0.110598 0.072167 1.17182 -0.007782 -0.023735
0.464945 0.670898 0.500204 -0.0691311 -2.20057 -0.0445928 0.102202 0.156449 0.179525 0.011651 -1.74545 0.019794
0.417827 0.523902 0.341506 -0.0632167 1.62961 -0.0339191 0.068357 0.028859 0.036883 -0.016145 1.76394 -0.020731
0.428893 0.555133 0.369657 -0.0619562 1.65917 -0.0356537 0.09091 0.070825 0.075841 -0.013143 1.79654 -0.01856
-1.09311 -2.6663 -1.96289 -0.0577123 -0.262766 -0.0358503 -1.33942 -3.21238 -1.72116 -0.001565 0.035361 -0.007516
2.0249 3.92024 2.8138 -0.0739796 -0.344902 -0.0446143 1.54084 3.56954 1.8917 -0.010791 -0.025074 0.004453
2.02613 3.03951 3.76276 -0.0761279 -0.33729 -0.0451494 1.59093 1.93119 3.6118 0.003899 -0.012712 -0.01675
-1.74468 -2.85282 -4.29536 -0.0523552 -0.209094 -0.0322637 -1.99539 -2.5225 -4.61997 -0.010139 0.076097 0.016569
-1.77964 -4.16129 -3.03588 -0.0531504 -0.22003 -0.0334679 -1.98561 -4.67256 -2.53338 0.002477 0.068721 -0.010903
-5.56062 -1.66375 -1.80753 -0.0556342 -0.267068 -0.0313034 -5.27357 -1.98112 -1.99931 0.028679 0.01087 0.016604
2.86375 5.63644 4.05009 -0.0771927 -0.368858 -0.0468744 2.31898 5.39372 2.84047 -0.013995 -0.046884 0.007797
2.83573 4.24594 5.44082 -0.0825986 -0.376054 -0.0465652 2.3388 2.82968 5.38474 0.005529 -0.058045 -0.029118
2.90375 5.72045 4.12714 -0.0769664 -0.348809 -0.047758 2.37803 5.50235 2.92059 -0.011416 -0.02384 0.009538
-22.9523 -24.2369 -22.6505 0.347895 -0.253686 0.00569824 -22.5674 -24.5074 -23.1499 0.217305 0.410461 -0.194509
-25.8046 -26.0861 -25.7137 0.118541 0.214899 -0.0473839 -25.2932 -25.9693 -26.0168 0.068594 0.504369 0.215284
5.2077 11.4386 -1.96544 0.0235813 0.0637009 0.007037 1.72132 12.3244 -2.33666 -0.101248 0.040932 -0.107226
-5.06334 -0.451494 -10.6391 0.0403701 0.0242381 -0.00122119 -7.78458 1.35554 -11.2159 -0.064136 -0.098727 -0.114497
9.00365 15.6462 1.26168 0.0189172 0.0818499 0.0101596 5.95657 16.672 0.814349 0.110749 -0.06245 -0.129446
-29.6491 -29.7991 -29.4373 0.168848 0.118652 -0.000886103 -29.3829 -29.5529 -29.2341 0.109588 0.07572 -0.033762
-16.2739 -13.9516 -19.7471 0.0562623 0.000607026 -0.00842552 -17.6168 -10.2265 -20.2629 -0.048428 -0.12598 -0.115809
70.7005 63.562 66.707 -1.07084 -0.45415 -0.0416684 70.6623 63.6227 67.2958 -1.20715 -0.525858 0.033741
68.7768 63.573 66.2784 -0.761597 -0.521942 -0.301653 69.1873 63.5014 66.9959 -0.738548 -0.517632 -0.171159
65.0288 65.1615 70.0873 1.59663 -0.225486 -0.161959 64.1284 65.8396 70.4644 1.45425 -0.056976 0.080717
71.8595 63.2209 67.3091 -1.33633 -0.688186 -0.147919 71.67 62.6748 67.9542 -1.06303 -0.87321 -0.019303
66.2869 64.578 68.9985 1.88573 0.247516 0.214126 66.07 66.0747 69.337 1.599 0.070521 0.124348
64.8056 64.7677 64.9787 0.201108 -0.247582 0.137676 64.7523 64.7414 64.9467 -0.089437 -0.032608 0.054081
65.7464 65.0061 65.859 0.0783698 -0.212067 -0.281727 66.1132 64.7525 66.7336 -0.277278 -0.476337 -0.189331
-17.6021 -16.6829 -17.8321 0.0902248 -0.126819 -0.822947 -19.4068 -18.8421 -19.4767 0.053888 0.041525 -0.720813
-25.8542 -25.5124 -25.7753 -0.607146 1.35971 -1.34509 -26.1051 -26.0065 -26.0614 0.987586 -0.379854 -1.31872
-24.6021 -23.724 -24.0316 -0.77538 0.4757 -1.26301 -25.3012 -24.3418 -24.3733 0.892875 -0.784316 -1.38738
-20.2674 -18.8393 -18.6053 0.215294 -0.0975494 -0.209404 -22.2336 -20.5649 -20.8596 0.099136 -0.299766 -0.197439
-33.2274 -33.7271 -33.9234 -1.22785 1.15121 -0.854706 -32.9012 -33.8688 -33.7338 -0.306628 0.392762 -0.313871
-32.7265 -33.6154 -33.6134 -0.666942 0.773745 -1.20788 -32.4915 -33.7066 -33.4766 -0.101158 -0.003887 -0.505935
-40.0012 -40.021 -40.0758 0.230781 0.419517 0.193088 -40.2038 -40.248 -40.4374 0.1467 0.017091 0.027734
-31.4034 -31.7336 -31.2658 -0.053305 0.181297 -0.41866 -31.3769 -32.4671 -30.1358 -0.424988 0.245023 0.302192
-33.9825 -34.3884 -34.5493 0.179801 0.848715 0.16313 -34.3134 -34.7168 -34.5017 0.168529 0.544314 0.179286
-0.0423481 -0.00526461 0.443196 -0.0671067 -0.0232872 0.0164274 -0.044857 -0.056487 -0.05576 0.003088 0.009807 -0.009483
-0.0423481 -0.00526461 0.443196 -0.0671067 -0.0232872 0.0164274 -0.044857 -0.056487 -0.05576 0.003088 0.009807 -0.009483
-0.0325577 -0.000616524 0.454514 -0.067063 -0.0240541 0.174467 -0.031771 -0.071195 -0.015209 0.004919 0.013167 0.23062
-0.0380856 -0.00498256 0.450179 0.0700817 -0.0297928 0.0157517 -0.046861 -0.050625 -0.056962 0.227896 0.015958 -0.013141
-0.0415952 -0.00694087 0.447286 0.073753 -0.0301682 0.0168531 -0.04654 -0.049336 -0.060277 0.236539 0.015337 -0.010263
-0.0071875 0.517967 0.049675 -0.0232229 0.0461355 -0.0616316 -0.00951 0.026577 -0.014057 -0.008631 0.016501 0.015167
-0.0369183 0.00177614 0.453088 -0.0738522 0.50896 0.0131918 -0.050299 -0.060179 -0.048848 0.008767 0.468598 -0.015089
-0.0350892 0.00249706 0.458794 0.190762 -0.0334623 0.0162062 -0.041226 -0.022478 -0.0706 0.423817 0.026379 -0.013765
-0.031327 0.00388181 0.467766 -0.0674961 -0.0240185 0.334449 -0.024369 -0.087988 0.028504 0.005524 0.017135 0.473908
-0.0334606 0.0220625 0.451793 -0.349764 -0.00958706 0.0186296 -0.027101 -0.031307 -0.059656 -0.464453 0.00232 -0.011393
-0.0248604 0.00738398 0.46893 -0.0668596 -0.020583 -0.307656 -0.030888 -0.042961 -0.0705 0.003277 0.01059 -0.507598
-0.038442 -0.0018943 0.462936 -0.0666406 -0.0195387 -0.322022 -0.037221 -0.046276 -0.076133 0.002771 0.010853 -0.536036
-0.736489 -1.37727 -0.640456 -0.0619078 -0.0260186 0.0124148 -0.734488 -1.42787 -0.92904 0.002103 0.009707 -0.000687
-0.7441 -1.08509 -0.959272 -0.0678586 -0.0265862 0.0155948 -0.716568 -0.931853 -1.49191 0.005247 0.009265 -0.035354
-1.73561 -0.699077 -0.2594 -0.0659796 -0.0232199 0.0125676 -1.57464 -0.754991 -0.722348 0.009406 0.013084 -0.018038
-1.7908 -0.721109 -0.282027 -0.0658873 -0.0223467 0.0145576 -1.62387 -0.769059 -0.748314 0.009204 0.012826 -0.015182
-0.0314201 0.002555 0.450527 -0.0534629 -1.09922 0.0193628 -0.037195 -0.038306 -0.042978 -0.005292 -0.917701 -0.009678
-0.0323821 0.0125405 0.46527 -0.0805931 1.04061 0.010946 -0.04956 -0.043424 -0.03165 0.013059 0.926999 -0.012832
-0.0308864 0.0184915 0.470688 0.324636 -0.0394479 0.0210131 -0.036311 0.017409 -0.092835 0.640902 0.035066 -0.007852
-0.0294467 0.0163118 0.472785 0.350231 -0.0425752 0.0209244 -0.03152 0.01449 -0.076869 0.68572 0.029639 -0.004857
-0.0297838 0.0137765 0.47236 0.360793 -0.0438231 0.0207446 -0.029177 0.012623 -0.072091 0.704492 0.026784 -0.003808
-0.0235151 0.017031 0.484488 -0.0657616 -0.0209719 -0.455168 -0.014166 -0.05128 -0.058116 0.003193 0.010782 -0.729743
-0.0235875 0.0142434 0.487882 -0.0662265 -0.018552 -0.478815 -0.020581 -0.042758 -0.058767 0.002121 0.010672 -0.769397
-0.014628 0.01079 0.465083 -0.0479886 -1.58729 0.0163404 -0.030429 -0.026489 -0.021937 -0.01129 -1.33297 -0.016255
-0.0189884 0.0156725 0.464015 -0.046729 -1.63522 0.0201886 -0.032844 -0.016196 -0.023881 -0.010028 -1.37919 -0.008109
-0.0225067 0.0295428 0.486098 -0.0867976 1.55517 0.00787427 -0.042816 -0.017658 -0.003317 0.01901 1.36955 -0.01134
-1.39681 -2.70081 -1.68631 -0.0572533 -0.0293525 0.0107131 -1.38781 -2.73966 -1.76514 -0.001559 0.008556 0.015036
-1.44482 -2.75596 -1.73052 -0.0555466 -0.0274029 0.00960018 -1.43408 -2.79914 -1.80571 0.000714 0.006473 0.010353
-1.45891 -2.17084 -2.36617 -0.0690288 -0.0285723 0.019145 -1.40369 -1.80252 -2.93051 0.006698 0.007715 -0.051945
-3.37937 -1.37811 -0.948163 -0.0647908 -0.0233556 0.00834439 -3.04542 -1.42444 -1.37927 0.015148 0.017306 -0.022215
1.4686 2.27359 3.38978 -0.0651764 -0.0176574 0.0124472 1.41846 1.79816 2.95741 0.001132 0.012844 0.043952
3.5267 1.44939 1.92126 -0.0705328 -0.0238627 0.0169276 3.19937 1.39794 1.36305 -0.004565 0.007378 -0.011834
-0.00796524 0.763635 0.255562 0.0534909 0.0678664 -0.0946639 0.052341 0.301929 0.225665 0.117255 0.049228 -0.03126
-2.04419 -4.00082 -2.71172 -0.0526542 -0.0324289 0.00952088 -2.03063 -4.03099 -2.58869 -0.00494 0.008101 0.032559
2.17362 4.26607 3.83453 -0.0840491 -0.0131378 0.0245756 2.17809 4.168 2.68601 0.015221 0.023042 -0.043127
-2.06051 -3.12838 -3.63654 -0.068449 -0.0342475 0.0136891 -1.9752 -2.57486 -4.18674 0.009701 0.008585 -0.070362
-2.13294 -3.2087 -3.71718 -0.0699893 -0.0310165 0.0199853 -2.05448 -2.6391 -4.28022 0.00754 0.008786 -0.06433
-4.97098 -2.04081 -1.62229 -0.0640225 -0.0232668 0.00449441 -4.47954 -2.08087 -2.01689 0.020903 0.017371 -0.025546
2.26076 3.45233 4.91347 -0.0642001 -0.0147488 0.00996833 2.2038 2.7722 4.50561 -8e-05 0.013972 0.073997
5.37656 2.20401 2.68659 -0.0725102 -0.0242747 0.0166026 4.90086 2.1519 2.10073 -0.00745 0.006369 -0.010398
0.083464 0.581718 1.01525 0.0876183 -0.472299 0.0858483 0.227268 0.528105 0.641455 0.117936 -0.307709 0.058994
-0.433277 -0.142253 0.637285 -0.191234 -0.175644 0.230049 -0.319894 -0.237575 0.488303 -0.11672 -0.11358 0.316986
-0.553031 -0.255745 0.455578 -0.199272 -0.145125 0.146945 -0.461973 -0.307288 0.344189 -0.132552 -0.095428 0.191879
-0.318423 0.16028 0.943036 0.0153594 -0.110531 0.454554 0.002741 0.151509 0.944703 0.032506 -0.046301 0.681619
-36.1326 -36.8164 -36.5404 0.0226267 -0.0784606 -0.0414893 -35.6651 -35.9672 -36.0048 -0.121669 -0.067848 0.071995
-0.416646 -0.160252 0.40147 -0.133297 -0.15364 0.027618 -0.306498 -0.119684 0.370218 -0.071404 -0.124321 0.01853
-35.5912 -36.2527 -36.055 0.0138315 -0.0818279 -0.116016 -34.9909 -35.3054 -35.4033 -0.1735 -0.083992 0.056186
-32.8795 -32.9983 -33.3888 -0.127416 0.098443 -0.356932 -31.8734 -31.7783 -32.3476 -0.362685 0.058776 -0.069226
-31.2913 -30.1667 -31.0316 -0.0243183 0.187735 -0.664181 -31.8399 -30.7329 -31.3187 0.088555 0.892412 -0.750275
5.53052 10.8259 -0.749096 0.261768 0.0161044 -0.0833101 4.56258 10.6718 -1.55161 0.214678 -0.01348 -0.086105
-6.6329 -3.21163 -11.3361 0.223365 0.0156345 -0.0594688 -7.16022 -2.20643 -11.9424 0.183417 -0.01751 -0.073542
-0.473325 0.708346 0.549867 0.0769793 -1.85586 1.23265 0.0721 0.816991 0.399981 0.081 -1.67012 1.09725
-0.247293 1.87413 1.53504 0.335047 -1.79039 0.931372 0.314468 1.61858 1.46703 0.334394 -1.47158 0.822489
1.46028 1.089 0.777109 -0.13384 -1.95749 1.50302 1.9167 1.50822 0.518357 -0.231706 -1.93977 1.51
0.9456 2.72461 2.77054 0.57742 -1.59677 0.584553 1.48099 2.74428 2.82866 0.605733 -1.23821 0.466084
18.7569 18.6991 18.5832 -0.0305013 -0.28408 0.265612 19.9052 20.1905 19.5988 0.204881 -1.09417 0.898667
2.6868 -0.724706 0.0794612 -0.702979 -0.47347 1.54751 2.8727 -0.139954 0.43081 -0.602174 -0.453992 1.86224
-18.1812 -18.2635 -10.9932 3.61568e-06 -4.6961e-06 -1.35474e-07 -16.6117 -16.19 -12.1246 0 0 0
-37.0114 -36.5646 -36.7312 0.0811046 -0.0584996 -0.0716789 -37.8042 -37.0819 -36.9656 0.051672 -0.030016 0.090585
3.30564 1.72552 2.04512 -0.750973 -0.422172 0.805473 3.70648 1.75767 1.7369 -0.489718 -0.44594 1.05509
133.197 133.246 133.283 0.246756 0.0747175 0.0750992 135.481 135.457 135.419 0.070209 0.027381 -0.025128
135.083 134.917 135.305 0.0611151 -0.0227169 -0.267521 136.018 135.643 135.905 0.044484 0.053705 -0.071536
0.386042 0.131157 0.11759 0.137816 -0.362806 0.034363 -0.070396 0.003579 -0.037492 -0.000268 0.002867 0.073029
0.402646 0.113725 0.124965 0.138351 -0.364955 0.0231998 -0.019907 -0.019224 -0.015132 -0.003596 -0.000338 0.057308
0.420768 0.140733 0.188045 0.127455 -0.358046 0.092321 -0.03945 0.035141 0.038112 -0.011112 0.007856 0.123947
0.432323 0.141551 0.180283 0.123553 -0.373675 -0.00743831 -0.006714 -0.025356 0.055346 -0.020669 -0.015318 0.010098
0.527666 0.132059 0.0887541 0.142711 -0.369034 -0.0289676 0.182254 -0.054103 -0.066172 -0.002373 -0.00903 0.000863
0.495465 0.0622499 0.134289 0.14346 -0.347044 0.156686 0.11449 -0.066427 -0.057782 0.006089 0.024457 0.193007
0.469156 0.185453 0.150501 0.135327 -0.331818 -0.0210827 0.037809 0.025394 0.016253 0.011353 0.0514 0.009522
0.542651 0.274634 0.231253 0.139378 -0.369231 -0.0258221 0.105195 0.112509 0.093832 -0.00173 -0.00474 0.004386
0.356536 0.475176 0.0205013 0.126342 -0.362852 -0.0666392 -0.19603 0.488754 -0.147786 -0.008666 0.001969 0.046862
0.480985 0.213452 0.158121 0.223066 -0.368207 -0.0375916 0.049984 0.056342 0.026936 0.109205 0.028625 -0.006309
0.60808 0.119263 0.0839325 0.135659 -0.371024 -0.026393 0.294896 -0.103089 -0.100388 -0.011088 -0.007689 0.001884
0.675374 0.411099 0.379333 0.240782 -0.438703 -0.0331616 0.215038 0.228488 0.225624 0.079481 -0.06494 -0.011479
0.498947 0.311854 0.104159 0.160636 -0.381849 -0.0365035 0.062092 0.203881 -0.068848 0.020041 -0.016024 0.026114
0.559395 0.363344 -0.0293032 0.137233 -0.374204 -0.128596 0.181911 0.233953 -0.232949 -0.006962 -0.018918 -0.038248
0.444483 0.176023 0.0894151 0.158442 -0.363042 -0.0375256 0.016516 0.025123 -0.047088 0.029009 0.009111 -0.003344
0.22468 -0.0795576 -0.0509755 0.148392 -0.374196 0.159421 -0.195557 -0.145626 -0.22581 0.008401 -0.013026 0.203972
0.402068 0.247671 0.146424 0.162934 -0.359654 -0.0402773 -0.059616 0.133601 0.035046 0.0364 0.020862 -0.001653
0.400707 0.100789 0.0919266 0.151316 -0.3727 -0.0224944 -0.010353 -0.051857 -0.048182 0.008792 -0.002454 0.008677
0.0519736 -0.19639 -0.255514 0.0716288 -0.417676 -0.0450815 -0.359312 -0.334594 -0.378861 -0.114237 -0.115444 -0.007114
0.938003 0.556572 0.736966 0.127158 -0.36652 0.0965742 0.476182 0.360072 0.562062 -0.019112 0.003872 0.10206
0.527093 0.0400257 0.00604336 0.140215 -0.371744 -0.0264147 0.224856 -0.174149 -0.166965 -0.006903 -0.010776 0.002921
0.441482 0.189212 0.0676393 0.166948 -0.355375 -0.0452304 0.013899 0.051291 -0.065573 0.042797 0.026489 -0.005984
0.410567 0.128499 0.121516 0.136285 -0.373504 -0.0277213 -0.03547 -0.048182 -0.005937 -0.014788 -0.015795 -0.002912
0.409295 0.161295 0.186337 0.116093 -0.366601 -0.008513 -0.044718 0.02111 0.067977 -0.025854 -0.007529 0.011406
0.540824 0.267793 0.228356 -0.212864 -0.219597 -0.018584 0.121742 0.115436 0.089922 -0.374346 0.070052 0.015624
0.195869 -0.125403 -0.0613784 0.153016 -0.378153 0.255527 -0.2228 -0.149547 -0.262908 0.011449 -0.016357 0.306227
1.09546 0.836668 0.810653 0.257149 -0.480252 -0.0359665 0.610494 0.623223 0.629391 0.099912 -0.107558 -0.014418
0.371238 0.0809423 0.101075 0.150648 -0.358531 -0.00914019 -0.06547 -0.068833 -0.016512 0.019731 0.01954 0.015693
0.168962 -0.0955934 -0.142438 0.0865524 -0.117212 -0.03734 -0.242959 -0.223433 -0.234337 0.061097 0.334146 -0.003631
0.387481 -0.0373502 0.639968 0.134212 -0.352949 0.180022 -0.163164 -0.23836 0.620289 0.005111 0.027733 0.091982
0.376365 0.690899 -0.0662397 0.132909 -0.371339 -0.231649 -0.202234 0.704306 -0.248053 -0.001405 -0.011612 -0.08128
0.24522 0.229645 0.214107 0.133027 -0.364238 -0.0175673 -0.32912 0.150382 0.136021 0.000175 -0.000765 0.009544
0.613046 -0.0883101 -0.116122 0.141029 -0.37568 -0.027638 0.445126 -0.369455 -0.332718 -0.013524 -0.013146 -0.003476
0.510396 0.392817 -0.361341 0.145251 -0.383032 -0.238711 0.172517 0.26198 -0.621531 -0.002974 -0.033404 -0.092771
0.53398 0.600012 -0.0770122 0.155296 -0.374932 -0.725201 0.114735 0.289534 -0.049612 0.019749 -0.002511 -0.687616
0.913292 -0.0112953 -0.0326162 0.12841 -0.377392 -0.0286955 0.865783 -0.359088 -0.304765 -0.03639 -0.016601 -0.004251
0.374962 -0.128163 0.912739 0.131222 -0.345283 0.279525 -0.234082 -0.349034 0.975333 0.008208 0.045556 0.129322
0.306828 0.910034 -0.200297 0.129731 -0.372574 -0.333416 -0.310589 1.03176 -0.379316 -0.003412 -0.014969 -0.123145
2.12134 1.70528 1.82923 0.15252 -0.392039 -0.0101112 1.61965 1.3855 1.59505 -0.006745 0.000542 -0.024026
0.627471 0.356575 0.240876 0.585122 -1.07916 -0.0360904 0.157238 0.18643 0.04269 0.21653 -0.867487 0.002037
-1.48853 -1.88716 -1.94593 0.135913 -0.344009 -0.0366665 -1.7293 -1.96019 -1.97123 0.013214 -0.00816 0.005388
2.74775 2.07186 2.55108 0.149982 -0.392331 0.144679 2.27039 1.68413 2.29178 -0.016565 0.00798 0.080182
1.40098 1.08145 0.882227 -0.218415 0.555791 0.393539 0.894233 0.780338 0.630199 -0.246414 0.1583 0.22277
3.89779 3.77412 3.59675 0.14922 -0.410491 -0.0235331 3.23793 3.4867 3.23648 -0.026182 0.006099 0.015032
-2.14599 -3.55356 -2.17551 0.107483 -0.310007 0.429971 -2.15342 -3.78603 -2.07038 -0.010135 0.030382 0.250322
135.523 135.52 135.727 0.319483 0.221221 -0.0292802 136.228 135.831 135.532 0.24633 0.115928 -0.123354
-3.53031 -4.04039 -3.22576 0.110684 -0.294069 0.260552 -3.83848 -3.96876 -2.92916 0.023181 0.039214 0.16318
0.509445 -0.0341501 0.582563 0.514897 -0.0790118 -0.268419 0.155494 0.010422 0.39734 0.445369 -0.474278 -0.30221
-5.41635 -6.05116 -4.85829 0.0971274 -0.259785 0.393692 -5.67449 -5.86913 -4.3533 0.035392 0.057186 0.234152
7.67848 7.71551 7.37305 0.154878 -0.457941 -0.0189675 6.7915 7.34764 6.80768 -0.056158 0.004624 0.02999
-6.89905 -6.97621 -7.055 0.0990541 -0.279618 -0.0299332 -6.98821 -6.53625 -6.5438 0.038429 -0.005987 0.022961
135.907 136.356 136.379 -0.0436932 0.120626 0.0100557 136.486 136.226 136.238 0.250948 0.253957 -0.249694
136.136 136.496 136.615 -0.246379 0.0299327 -0.0225031 136.322 136.568 136.113 0.402941 0.10287 3e-06
11.5617 11.7616 11.2358 0.158812 -0.513158 -0.0175759 10.485 11.3526 10.4882 -0.083539 -0.002496 0.047719
-2.09702 -2.11437 -1.62396 -0.00143044 -0.0298464 0.0321353 -2.26739 -2.4217 -0.957538 0.011561 0.010672 0.011654
-9.90108 -10.4828 -10.3192 0.112483 -0.250316 -0.0137853 -9.50417 -10.0232 -9.54076 0.071585 -0.003772 -0.034634
-3.20196 -3.22169 -2.54997 -0.001668 -0.0291223 0.0293837 -3.28522 -3.42709 -1.91659 0.015774 0.014205 0.009145
137.008 136.299 137.667 0.190247 -0.0303652 -0.227118 137.233 136.216 137.059 0.151844 0.057185 0.086585
137.782 136.522 138.299 -0.17381 -0.424407 0.0673644 137.094 136.729 137.607 0.419267 0.117422 0.100586
-6.06686 -6.08193 -4.95024 -0.00106928 -0.024336 0.0214538 -5.90165 -6.02219 -4.39685 0.017583 0.017303 0.0047
0.441844 -0.184726 0.370233 -0.0433121 0.0354683 0.0249084 0.298482 -0.038117 0.716971 -0.024873 -0.192484 0.065514
-2.34164 -3.1157 -2.10186 -0.0343224 -0.0387982 0.0223084 -2.56489 -3.01733 -1.77499 -0.02288 -0.20498 0.060629
-0.0315505 -0.917099 1.49819 0.224145 0.102088 -0.149857 -0.040919 -0.769676 1.41699 0.216704 -0.034485 -0.153367
-3.89837 -4.74162 -3.41359 -0.0280845 -0.0689138 0.0210523 -4.15295 -4.66672 -3.15569 -0.02148 -0.208396 0.057555
-29.184 -28.9185 -29.0131 0.00655185 -0.129902 0.131597 -27.5534 -27.5275 -27.8772 0.072222 -0.481031 0.409821
0.00687474 -0.13804 0.000570183 -0.0200524 0.266809 0.15246 0.037996 0.032379 0.047919 0.014075 -0.000508 0.001963
0.352023 0.279436 0.240956 -0.232942 0.0785533 -0.0923124 0.077837 0.072619 0.080581 -0.009158 0.002997 -0.00446
-0.125104 -0.266173 -0.138486 0.154712 0.387171 -0.0195304 -0.082888 -0.073316 -0.0922 0.235139 0.222767 0.215848
-0.136838 -0.284101 -0.162519 -0.101836 0.142972 -0.278882 -0.092096 -0.12081 -0.099061 -0.231663 -0.229816 -0.220851
0.365838 0.286324 0.274162 -0.224727 -0.261098 -0.518246 0.083262 0.092165 0.108218 -0.005156 -0.326755 -0.392644
0.363175 0.280885 0.267259 -0.226311 -0.2718 -0.531474 0.079717 0.083779 0.097058 -0.008662 -0.337918 -0.404583
-0.506607 -0.488796 -0.954018 -0.360081 0.0849038 -0.0783882 -0.672963 -0.636016 -1.1625 -0.077203 0.011241 -0.001025
0.343432 0.569498 -0.0075181 -0.839596 0.0890017 -0.0790753 0.065666 0.241288 -0.047275 -0.621354 0.007647 0.000533
0.351486 0.570775 -0.00561929 -0.856987 0.0863113 -0.0841551 0.076622 0.239966 -0.039649 -0.642871 0.001285 0.00046
1.23323 1.0683 1.46263 -0.103739 0.0719562 -0.106654 0.853938 0.805976 1.36396 0.057537 -0.001158 -0.007673
-0.0992555 -0.238559 -0.102736 0.28643 0.504079 0.108524 -0.04287 -0.030486 -0.069522 0.465132 0.445422 0.428219
-0.103088 -0.239429 -0.113134 0.300095 0.523152 0.127569 -0.045449 -0.032346 -0.071595 0.493804 0.47672 0.467503
0.373961 -0.113235 0.65567 0.665923 0.0649828 -0.109026 0.111241 -0.120123 0.32306 0.911111 0.004929 -0.020575
0.355583 0.28677 0.207957 -0.257411 0.735183 0.730464 0.09994 0.064589 0.06461 -0.023623 0.653663 0.727004
0.350634 0.733936 -0.116376 -1.14392 0.0978545 -0.0697773 0.068353 0.331111 -0.101013 -0.915567 0.012865 0.009502
0.389813 0.295773 0.314445 -0.215678 -0.607507 -0.953307 0.09864 0.113372 0.135881 -0.00414 -0.663871 -0.78623
0.386547 0.289748 0.304822 -0.21841 -0.621378 -0.970287 0.093815 0.104922 0.124188 -0.006918 -0.678957 -0.805465
2.0465 1.87696 1.20229 0.0265436 0.2704 -0.147358 1.96807 1.97546 1.24824 0.004883 -0.011053 0.01773
-1.26959 -1.16597 -1.97683 -0.490834 0.0997568 -0.0580153 -1.33441 -1.26049 -2.2001 -0.150925 0.032504 0.006757
2.36172 2.38207 1.88086 -0.375562 0.0780263 -0.100865 2.06188 2.10015 1.55508 -0.082421 -0.000266 -0.012673
-0.0937457 -0.253361 -0.140997 -0.322338 -0.0723484 -0.487335 -0.045883 -0.104701 -0.073038 -0.631761 -0.610178 -0.555845
0.0249148 -0.137832 0.0823205 0.01122 0.259421 0.140556 0.068993 0.050401 0.194742 0.042502 -0.027132 -0.036807
-0.0682215 -0.202304 -0.0705691 0.444693 0.651092 0.268884 0.008478 0.021313 -0.039269 0.737951 0.711797 0.697094
0.434259 0.324905 0.380672 -0.195759 -0.91351 -1.34091 0.131881 0.156667 0.196549 0.006046 -0.962679 -1.13548
0.426743 0.313704 0.367221 -0.204822 -0.94867 -1.3825 0.123142 0.142945 0.175148 -0.00313 -0.996165 -1.17907
2.6992 2.52608 2.66853 0.0451004 0.26652 -0.152358 2.62225 2.62107 2.65098 0.018612 -0.007652 0.008609
-2.80659 -2.91645 -2.80876 -0.000442004 0.261673 -0.150956 -2.63002 -2.63721 -2.66661 -0.024039 -0.007031 -0.019326
3.22019 3.14724 3.07129 -0.240471 0.0664904 -0.120028 2.82968 2.83326 2.82407 -0.011673 -0.012105 -0.022967
-2.047 -1.85986 -3.07042 -0.611432 0.110505 -0.0399644 -2.01009 -1.88998 -3.3279 -0.219853 0.044889 0.015115
2.94868 2.61053 3.7608 0.16294 0.0593811 -0.137081 2.35787 2.24712 3.74904 0.204807 -0.0172 -0.029348
-3.3277 -3.56785 -2.81509 0.0216852 0.0882507 -0.0680197 -3.51472 -3.60647 -2.64024 0.123398 0.017625 0.009794
-4.11762 -4.20256 -2.65378 0.00183723 0.259556 -0.161098 -3.83436 -3.85986 -2.57104 -0.029553 0.005709 -0.04817
4.40587 4.21949 2.66653 0.0244914 0.282098 -0.146417 4.22351 4.23548 2.70566 0.014713 -0.012965 0.039812
-1.16279 -0.733317 -1.16518 0.542493 -0.34545 0.294089 -1.30491 -0.779255 -1.15866 0.257795 -0.321027 0.329777
0.790652 0.772217 0.643159 0.239236 0.262283 0.340456 0.796302 0.894509 0.845045 0.394624 0.034839 0.352452
-4.8125 -4.90523 -4.85403 -0.229936 0.102453 -0.0422645 -4.79221 -4.83298 -4.73349 -0.021831 0.036447 0.015634
-4.82793 -4.90872 -4.8782 -0.227195 0.108254 -0.0375285 -4.80462 -4.82974 -4.76021 -0.01356 0.040171 0.020904
5.69792 5.49985 5.65578 0.0619669 0.269805 -0.157924 5.50779 5.51045 5.57429 0.041274 -0.009383 0.021272
-5.08485 -5.39496 -4.26808 0.136744 0.0873163 -0.0642528 -5.23075 -5.34852 -3.92559 0.178924 0.022249 0.015665
-0.374749 0.318042 -0.227699 -0.161341 -0.0687872 -0.107374 0.062977 0.055111 0.06319 -0.003691 0.008513 -0.002445
-0.372364 0.322303 -0.228399 -0.0243922 -0.0665821 -0.10583 0.072283 0.053601 0.040958 0.206555 0.019484 -0.008581
-0.37211 0.318832 -0.220267 -0.164498 -0.0789814 -0.245947 0.065169 0.06227 0.062018 -0.000914 -0.008128 -0.222141
-0.371612 0.307561 -0.240152 -0.161463 0.3324 -0.0978005 0.068625 0.055496 0.05839 0.002029 0.368145 0.014677
5.91143 5.72575 5.84737 0.0554848 0.285438 -0.164406 5.74769 5.74275 5.77212 0.028255 -0.000135 0.019057
-0.373648 0.330299 -0.226634 -0.170388 -0.0370896 0.130252 0.061748 0.04015 0.100834 -0.019017 0.060055 0.365334
-0.36171 0.330883 -0.204734 -0.168642 -0.0818096 -0.360108 0.082233 0.073035 0.07856 0.003166 -0.025678 -0.39364
-0.371612 0.332218 -0.229147 -0.162481 -0.0454432 0.158168 0.062251 0.045895 0.087342 -0.011951 0.049443 0.412907
-0.371884 0.332983 -0.228766 -0.159689 -0.0479401 0.169273 0.062448 0.04839 0.088363 -0.009706 0.044364 0.432677
-1.02894 -0.866583 -1.14464 -0.162512 -0.0510528 -0.109585 -0.576704 -1.12885 -0.737455 -0.000866 0.015788 0.002417
-1.0505 -0.903018 -1.16827 -0.161367 -0.0570993 -0.1089 -0.594642 -1.16666 -0.759131 0.000368 0.009811 0.002063
6.20556 6.14168 6.01508 -0.244109 0.0595786 -0.146748 5.67259 5.68967 5.61822 -0.001166 -0.016741 -0.03586
0.277574 1.24162 0.97177 -0.168108 -0.0840649 -0.11346 0.703185 0.86006 1.2588 -0.01972 0.001252 -0.001988
-0.368001 0.299597 -0.248843 -0.159664 0.730778 -0.0875944 0.072557 0.057353 0.061055 0.009717 0.726324 0.032792
-0.368431 0.352725 -0.190026 -0.159584 -0.883106 -0.127931 0.063295 0.072667 0.084627 -0.02087 -0.722036 -0.038434
1.08413 0.999081 0.445568 -0.163728 -0.0663686 -0.109254 1.46053 0.719429 0.719457 0.006497 0.011212 -0.007763
-0.370741 0.342357 -0.220325 -0.175059 -0.0266782 0.252291 0.062244 0.034078 0.130101 -0.024087 0.079173 0.552975
-0.36811 0.343289 -0.22401 -0.17213 -0.0300128 0.260758 0.063581 0.035344 0.121061 -0.022221 0.076194 0.56597
-0.36668 0.342177 -0.219755 0.248228 -0.0666952 -0.102348 0.107431 0.097872 0.025302 0.627486 0.035105 -0.010894
-0.358161 0.337954 -0.191098 -0.174747 -0.0962732 -0.514893 0.093565 0.087302 0.094817 0.001359 -0.040638 -0.637521
-0.370325 0.343926 -0.218785 0.26335 -0.0686868 -0.101033 0.097557 0.09272 0.026782 0.651557 0.030077 -0.006176
-5.96662 -6.02466 -3.82981 -0.0127285 0.257181 -0.167087 -5.58042 -5.60581 -3.72897 -0.048369 0.012032 -0.068015
-5.9887 -6.03944 -3.83126 -0.00877102 0.256401 -0.169113 -5.58852 -5.61338 -3.72012 -0.037743 0.01436 -0.073643
-6.14323 -6.21118 -3.93055 -0.00190934 0.245155 -0.169714 -5.75208 -5.77588 -3.8131 -0.030705 0.004476 -0.072238
-0.347595 0.40174 -0.142561 -0.167687 -1.22688 -0.13935 0.083829 0.114566 0.128206 -0.037143 -1.02139 -0.066982
-0.368029 0.285021 -0.2635 -0.155997 1.10534 -0.0785442 0.070059 0.049917 0.054717 0.013624 1.05945 0.050678
-0.353511 0.310918 -0.239182 -0.159027 1.15198 -0.0762941 0.083025 0.079076 0.082863 0.012424 1.11018 0.047703
6.57851 6.3504 4.02198 0.0281355 0.274258 -0.138965 6.26134 6.28123 4.07498 0.039946 -0.025834 0.073269
-1.6327 -1.94744 -1.99314 -0.163569 -0.0249705 -0.11284 -1.16705 -2.19644 -1.46402 0.000743 0.031764 0.007315
-1.66612 -2.02721 -2.04026 -0.161976 -0.0367138 -0.111654 -1.20052 -2.29718 -1.51609 0.0023 0.020414 0.006231
-3.10989 -0.968936 -1.50231 -0.158242 -0.0642775 -0.106519 -2.54307 -1.18795 -1.15747 -0.021244 0.017411 0.004685
6.53714 6.75846 5.27572 -0.676336 0.0668466 -0.129642 6.22352 6.36711 4.61613 -0.225561 -0.007373 -0.035161
0.948235 2.18854 2.18152 -0.175251 -0.101076 -0.118206 1.35302 1.68788 2.45805 -0.04049 -0.002921 0.00227
0.948003 2.19121 2.19616 -0.173385 -0.103871 -0.118092 1.36013 1.69369 2.48259 -0.039538 -0.006327 0.001509
-0.713384 -0.0209845 -0.488783 -0.113959 0.194484 0.051607 -0.288855 -0.24894 -0.162657 0.031283 0.013537 -0.047236
2.54618 1.67777 1.12065 -0.163829 -0.0660843 -0.110615 2.8412 1.38309 1.37074 0.019129 0.008518 -0.013931
1.5735 1.6702 1.56322 0.254165 0.373065 0.333604 1.71919 1.72935 1.72865 0.452815 0.088677 0.297722
-2.24239 -3.02851 -2.83638 -0.162441 -0.00417103 -0.115654 -1.7681 -3.27863 -2.20108 0.00451 0.038549 0.013276
-2.2032 -2.24972 -3.61689 -0.152749 -0.00135045 -0.0984805 -1.72542 -2.17946 -3.30671 0.023078 0.049072 -0.030398
-2.19438 -2.26787 -3.66633 -0.153135 -0.00501096 -0.0953444 -1.717 -2.17933 -3.36282 0.023157 0.051099 -0.021527
0.286743 0.262277 0.145687 0.18729 0.219812 0.314964 0.223143 0.401388 0.319961 0.33288 0.002954 0.327914
-4.41176 -1.58977 -2.11546 -0.154323 -0.0640536 -0.106258 -3.80585 -1.79148 -1.75408 -0.030924 0.017831 0.007036
1.64155 3.16054 3.40198 -0.183627 -0.118556 -0.122844 2.03117 2.54194 3.68232 -0.065773 -0.004657 0.006337
1.64063 3.16373 3.42225 -0.181557 -0.120876 -0.12282 2.02764 2.54018 3.70036 -0.063683 -0.009712 0.005594
1.72296 4.04863 2.66414 -0.15488 -0.11182 -0.105002 2.1012 3.80838 2.57239 -0.025525 -0.006714 -0.029262
1.5309 1.6664 1.58387 0.236062 0.390114 0.322443 1.67577 1.7343 1.7272 0.435848 0.09468 0.265186
4.05317 2.36874 1.80535 -0.160428 -0.0632611 -0.113635 4.24661 2.06355 2.03251 0.028439 0.010767 -0.021391
4.12399 2.40914 1.84692 -0.162872 -0.0664556 -0.112233 4.33939 2.09355 2.07056 0.027569 0.011184 -0.0169
-8.7341 -8.73154 -7.23173 0.00184889 -0.0136337 0.0120146 -8.32406 -8.40301 -6.95775 0.01821 0.029585 -0.001014
0.0521339 0.0454221 -0.0408716 0.157026 0.207378 0.298988 -0.031548 0.190282 0.103318 0.296782 -0.006611 0.306458
-7.14315 -7.25024 -7.15496 -0.22907 0.110164 -0.0255215 -6.96851 -7.03001 -6.88229 -0.028775 0.046475 0.026787
-7.16862 -7.25531 -7.19218 -0.225353 0.12153 -0.0153868 -6.99291 -7.03053 -6.92981 -0.017176 0.056024 0.0365
-7.60907 -7.67202 -7.59364 -0.066922 0.260131 -0.155085 -7.17951 -7.2045 -7.2972 -0.088184 -0.000639 -0.038653
-0.594944 0.439294 -0.15627 -0.0834938 0.1608 -0.043866 -0.205971 0.163315 0.070295 0.033387 0.177251 -0.055397
8.89778 8.6621 8.84064 0.0711865 0.271184 -0.168138 8.60766 8.60314 8.7 0.065357 -0.011668 0.041944
-0.357406 0.611682 0.790246 0.212704 0.138582 0.21565 -0.15796 0.739713 0.897668 0.421231 -0.063506 0.212336
9.42642 9.34905 9.19092 -0.251848 0.0405007 -0.182743 8.78604 8.80384 8.70529 -0.008585 -0.039404 -0.063717
-0.520909 0.33054 0.418487 0.228762 0.133036 0.192032 -0.393381 0.471943 0.491796 0.428654 -0.078779 0.18813
-0.582 0.505352 -0.0976957 -0.0786996 0.19069 -0.0291949 -0.20046 0.22176 0.128234 0.033817 0.198621 -0.054084
-0.563327 0.0617337 0.0685174 0.220616 0.153228 0.195163 -0.520188 0.193869 0.119438 0.394548 -0.061377 0.194789
-0.123815 0.870346 1.59018 0.218432 0.227664 0.190773 0.137959 1.02104 1.61594 0.412711 -0.063991 0.070251
-0.299035 -0.197524 -0.156767 0.0993172 0.201091 0.280483 -0.360279 -0.019855 -0.09668 0.244975 -0.005578 0.283976
-0.298083 -0.218671 -0.166915 0.105178 0.218272 0.273009 -0.606051 -0.236296 -0.399707 0.178404 -0.084974 0.245823
-0.295644 -0.224913 -0.166493 0.112942 0.235594 0.272518 -0.57482 -0.227798 -0.39835 0.174812 -0.068082 0.261705
-0.155742 -0.0789102 -0.0348433 0.159663 0.276055 0.31051 -0.308144 0.000307 -0.208714 0.171904 0.006653 0.325476
0.145984 0.170591 0.237011 0.174473 0.288716 0.331042 0.131283 0.346518 0.147113 0.156254 0.036825 0.345412
0.455224 0.512815 0.535103 0.118119 0.265378 0.217896 0.593458 0.717069 0.608144 0.105167 -0.038811 0.162041
0.23396 0.119369 0.221612 0.04039 0.0381745 0.0298605 0.18067 0.231383 0.341513 -0.108239 -0.366004 -0.14264
0.586493 0.504045 0.585221 0.0219095 0.14561 0.0727157 0.683169 0.599507 0.752889 -0.129549 -0.280285 -0.119085
-30.2371 -29.9752 -30.067 0.00652217 -0.124016 0.12689 -28.5405 -28.5231 -28.8608 0.069982 -0.459423 0.391603
-0.0853871 1.33882 0.648863 -0.0221512 0.482929 0.183449 0.259534 0.999234 0.88057 0.120177 0.467446 0.029106
9.17076 9.2498 9.30688 0.1141 0.249837 0.348872 8.64172 9.00067 8.90912 0.274102 0.007592 0.301821
5.38707 8.74637 1.83736 0.258301 0.000883685 -0.195586 4.95017 8.77864 1.2568 0.370548 0.044977 -0.238268
-2.78244 -0.108399 -6.04215 0.0200657 -0.114068 -0.178235 -3.20437 0.088442 -6.52752 -0.082019 -0.10299 -0.103138
-5.78153 -6.69009 -4.93652 -0.0194423 -0.0925948 0.0194393 -6.12094 -6.70971 -4.87569 -0.019373 -0.207453 0.05307
0.0357678 3.67222 -4.68541 0.199377 0.086701 0.050725 -0.073689 3.7985 -4.74148 0.489705 0.004369 0.109906
3.00816 3.12986 2.8615 0.13595 0.544573 0.411007 2.8636 3.18855 2.87892 0.354194 0.223872 0.415712
8.92761 12.4591 4.9491 0.0172581 -0.208889 -0.256412 8.30428 12.242 4.00537 -0.093318 -0.093169 -0.142652
-5.266 -2.2642 -9.44405 0.188217 0.058522 0.0461493 -5.2129 -1.65592 -9.30192 0.45206 0.00988 0.100778
1.19675 1.76609 1.37641 0.427496 0.208688 0.417316 1.12262 1.67474 1.37405 0.372978 0.036402 0.192321
9.21485 13.6581 3.68837 0.225903 0.130927 0.061066 8.89453 13.3028 3.3972 0.542847 -0.006817 0.135329
-7.6955 -4.99796 -11.574 0.184239 0.0457636 0.0441513 -7.45862 -4.04476 -11.3427 0.431258 0.012325 0.099168
4.37552 4.53267 4.32359 0.268873 0.618472 0.474622 4.31276 4.57207 4.29183 0.429301 0.338576 0.442711
-1.99384 -2.12277 -2.06013 -0.0558889 -0.0799708 0.0154545 -2.21583 -2.20587 -1.72526 -0.049765 0.000252 0.035355
12.6443 17.2656 6.83472 0.237773 0.144551 0.0659699 12.2406 16.8464 6.45844 0.560125 -0.011105 0.146679
5.01675 4.62689 5.03346 1.03843 0.739512 0.451464 5.0426 4.83318 5.14347 1.33815 0.44979 0.218326
0.751326 2.88904 1.90447 -0.136889 0.00292793 0.469457 1.23022 3.10845 1.84025 -0.055425 -0.133229 0.461081
-1.13063 -0.19317 -0.131862 -0.73077 -0.020438 -0.483269 -0.312768 -0.127663 0.888958 -0.40228 0.048202 -0.613479
-1.75008 -1.52825 -1.7465 -0.375594 0.382582 -0.698519 -1.11171 -1.63141 -1.05532 -0.199617 0.178037 -0.632046
-2.70852 -2.82962 -2.69823 -0.0543334 -0.0737061 0.0160065 -2.99895 -2.98981 -2.41865 -0.047446 0.000994 0.03452
2.96183 3.90253 2.06938 -0.1563 0.104869 -0.220117 3.39304 3.53533 2.90513 -0.018983 0.260377 -0.201462
-1.18467 -0.201892 -0.264142 -0.743505 0.0752249 -0.699519 -0.407861 -0.191564 0.800927 -0.416571 0.077151 -0.825211
-1.38564 -0.360606 -0.529779 -0.657474 0.185554 -0.847836 -0.656136 -0.466705 0.516805 -0.333698 0.155169 -0.908237
-3.37415 -3.48814 -3.27746 -0.052615 -0.0674014 0.0167252 -3.72579 -3.71697 -3.06217 -0.045335 0.001521 0.033741
-6.89391 -7.23464 -3.95385 0.118196 -0.00223414 -0.113539 -6.85019 -7.39164 -3.96782 0.143554 -0.031584 -0.09766
3.63489 5.06846 3.90998 0.202231 -0.080475 0.610628 3.89176 4.70677 4.36625 0.374708 -0.117157 0.421354
-2.31542 5.46402 -1.02202 -0.168826 0.646829 -0.805937 -1.30687 5.42918 0.462428 0.266854 0.124222 0.072506
-1.11718 -4.83721 5.25305 -2.95829 2.4171 -3.46835 -0.550503 -4.45615 5.90266 -3.75728 2.40103 -3.35735
-4.55594 -4.65772 -4.26898 -0.0487793 -0.0551854 0.0184116 -5.02492 -5.01595 -4.20685 -0.041504 0.002681 0.032302
-5.49512 3.44663 -1.69308 -0.0785276 0.710624 -0.546079 -2.56392 3.39528 -1.20705 0.224901 0.131568 0.191211
-18.9872 -18.6096 -18.6765 0.306479 0.265579 0.159892 -18.122 -17.9791 -18.0011 0.506301 0.07009 0.270969
0.409248 1.42988 0.77128 -0.118382 0.0384276 -0.943982 1.14998 1.45239 1.13065 0.131366 0.114999 -0.870782
-17.9022 -17.4668 -17.6375 0.368018 0.27052 0.14259 -16.8828 -16.8366 -16.9421 0.589439 0.054312 0.241111
-16.8985 -16.5549 -16.7658 0.391438 0.265766 0.112053 -15.9072 -15.8638 -16.0961 0.637794 0.016232 0.205172
2.92114 4.12418 2.1325 -0.291818 -0.0648542 -0.440789 3.48068 3.99918 2.8148 -0.049995 -0.090846 -0.731604
-18.4662 -18.4018 -18.7102 -0.256848 0.0801722 0.151062 -17.6822 -17.8454 -17.5743 -0.137246 0.161526 0.134958
-20.6123 -20.6048 -20.5487 0.0611741 0.0933081 0.16623 -20.1881 -19.9246 -19.9829 0.176814 -0.017226 0.196067
-0.0231472 -0.304219 0.0434896 0.22406 -0.0575658 0.0433851 0.000284 -0.016559 -0.023766 -0.001861 -0.007713 -0.009459
-0.0231472 -0.304219 0.0434896 0.22406 -0.0575658 0.0433851 0.000284 -0.016559 -0.023766 -0.001861 -0.007713 -0.009459
-0.0150763 -0.302877 0.0397873 0.125745 -0.0856749 0.0276227 0.006053 -0.017148 -0.032897 -0.152074 -0.02219 -0.022326
-0.0230409 -0.299139 0.0413603 0.343912 -0.041476 0.0533438 -0.009496 -0.019177 -0.029081 0.192424 -0.000351 0.003437
-0.0174691 -0.277565 0.0259572 0.213178 -0.0637224 -0.0978687 0.002435 0.014858 -0.044934 -0.013638 -0.002305 -0.201577
0.113788 0.193444 -0.158975 -0.0408856 0.049045 0.232558 0.141461 0.126951 0.122947 0.011247 0.006505 0.009557
-0.103342 0.00438484 -0.359272 -0.0425261 0.0378201 0.236926 -0.071399 -0.06979 -0.072377 0.001589 0.00104 0.019032
-0.00426189 -0.283094 0.0630525 0.433392 -0.0247983 0.0492801 0.008184 -0.004314 -0.014948 0.329845 0.004561 0.001908
-0.0153106 -0.288197 0.0501135 0.452338 -0.024978 0.0566621 -0.00414 -0.011264 -0.024737 0.368255 0.008326 0.009397
-0.0165878 -0.255516 0.00177458 0.202958 -0.0705241 -0.234525 0.00798 0.045561 -0.062436 -0.021355 0.008235 -0.374065
-0.0132552 -0.246869 0.011172 0.200443 -0.0677181 -0.243909 0.013212 0.053184 -0.046113 -0.02731 0.009103 -0.397399
-0.0164338 -0.303773 0.0618257 -0.0239695 -0.0886116 0.014702 0.023838 0.004669 -0.001586 -0.395401 -0.019122 -0.039709
-0.620478 -1.11142 -0.97502 0.224637 -0.0432352 0.0203021 -0.593422 -0.757411 -1.08556 -0.002504 0.008362 -0.034778
-0.644781 -1.13701 -1.0142 0.225945 -0.0445184 0.0242987 -0.621089 -0.780532 -1.12803 -0.000166 0.007217 -0.026447
-1.26117 -0.909544 -0.555278 0.224489 -0.0565674 0.0414581 -1.19724 -0.609016 -0.635848 0.001751 -0.012939 -0.011826
-1.29286 -0.932985 -0.576764 0.224482 -0.0577956 0.0446579 -1.23678 -0.630855 -0.653377 0.003993 -0.014254 -0.009467
-0.0118939 -0.315021 0.0313218 0.256664 0.595742 0.054641 0.030966 -0.017967 -0.032678 0.014583 0.622914 -0.025752
-0.0133234 -0.266936 0.0847732 0.194966 -0.697486 0.0351207 -0.005047 0.007328 0.008908 -0.015761 -0.620721 0.003962
-0.00600354 -0.351499 0.136554 0.244968 -0.071117 0.38398 0.040191 -0.115492 0.100874 0.028875 -0.050196 0.454906
-0.00334525 -0.338304 0.124485 0.248984 -0.0515437 0.399631 0.039137 -0.0981 0.068391 0.026663 -0.037179 0.488811
-0.0105003 -0.275802 0.0591444 0.564375 -0.00758562 0.0594022 -0.005234 0.002144 -0.018027 0.549725 0.020657 0.01706
-0.0162948 -0.2263 -0.0162999 0.189605 -0.0734491 -0.3827 0.014779 0.072588 -0.072033 -0.031424 0.019691 -0.563441
-0.00772075 -0.2112 -0.0016249 0.186498 -0.0712403 -0.397486 0.026095 0.087669 -0.047496 -0.039294 0.017112 -0.598865
0.00371727 -0.31962 0.0227487 0.266151 0.80979 0.0525865 0.04342 -0.02507 -0.058293 0.026083 0.808369 -0.050746
-0.00857809 -0.228027 0.11784 0.19843 -0.947988 0.0288212 -0.005747 0.03578 0.046343 -0.007507 -0.837736 0.018421
-0.00523603 -0.241782 0.113303 0.180481 -1.01593 0.0333383 -0.00441 0.021622 0.028499 -0.021439 -0.923991 0.009232
1.24748 1.39852 2.10527 0.230426 -0.101173 0.0868592 1.27922 1.54893 2.07731 0.010868 -0.045781 0.038906
1.24967 1.39819 2.1314 0.226241 -0.100225 0.08475 1.27814 1.54137 2.11003 0.005423 -0.044216 0.034045
1.26986 1.79021 1.73252 0.229583 -0.0963892 -0.010109 1.24711 2.12582 1.5328 -0.008921 -0.029425 -0.08448
-1.31239 -2.47373 -1.64916 0.215713 -0.0356562 0.0901109 -1.23344 -2.31493 -1.55804 0.002221 0.005845 0.054026
-2.47158 -1.50282 -1.13905 0.224011 -0.0526644 0.04444 -2.36505 -1.18616 -1.22734 0.009299 -0.022096 -0.018077
1.34338 1.97049 1.82562 0.234986 -0.0794138 -0.011933 1.33812 2.36033 1.60338 -0.012281 -0.014946 -0.082681
2.57864 0.962823 1.2944 0.229655 -0.0714736 0.0430434 2.51731 1.21683 1.24895 -0.00744 0.002235 -0.005977
-0.0944934 -0.314174 -0.546422 -0.04051 0.106253 0.209221 -0.004631 -0.419845 -0.228648 0.021548 0.083076 0.030835
-1.8056 -3.2718 -2.30307 0.225403 -0.0242559 0.0914361 -1.65578 -3.13989 -2.182 0.00567 0.01379 0.063814
1.91576 2.29295 3.15993 0.230064 -0.120042 0.111405 1.95615 2.36103 3.15178 0.016777 -0.061906 0.06146
1.94907 2.86012 2.61118 0.227003 -0.111995 -0.0422533 1.91001 3.19695 2.34457 -0.022459 -0.033594 -0.13152
1.96526 2.34723 3.35214 0.215077 -0.107279 0.10242 2.02053 2.40542 3.40202 -0.013093 -0.04458 0.032016
-3.64729 -2.07964 -1.7065 0.224911 -0.0489564 0.0479538 -3.49683 -1.75175 -1.80258 0.014516 -0.025998 -0.020709
2.05711 3.14896 2.7484 0.242341 -0.0902492 -0.0428858 2.04824 3.58878 2.44736 -0.023747 -0.014811 -0.121038
3.90769 1.61226 1.93812 0.232753 -0.0797073 0.0483261 3.79014 1.8384 1.90226 -0.011943 0.012644 -0.005592
3.94073 1.63127 1.95643 0.232461 -0.0757067 0.0467086 3.84138 1.86041 1.91945 -0.00836 0.009166 -0.00617
-18.3756 -16.9297 -17.4778 -0.0292003 0.24318 0.0358387 -16.798 -16.4596 -16.2843 0.025316 0.17774 0.050211
-17.5756 -15.7698 -16.4238 -0.0852594 0.302134 -0.34453 -16.2695 -15.1923 -15.1419 0.047472 0.389509 -0.147237
-24.7612 -25.002 -25.6902 0.228012 -0.0581637 0.166081 -23.4639 -24.7013 -23.7238 0.185736 -0.254438 0.290346
-31.1601 -31.0396 -31.3387 0.204766 -0.145335 -0.0864507 -30.1252 -30.4515 -30.4978 0.1591 -0.149048 -0.092221
-31.7886 -31.5358 -31.6795 0.11724 -0.112414 -0.102954 -30.9205 -31.1067 -31.1817 0.094629 -0.100518 -0.131911
3.88593 4.09 -6.41159 1.07803 -0.0907648 0.309704 0.830963 2.36199 -8.16182 1.6582 -0.088686 0.151012
-28.6803 -29.0425 -29.7041 0.377319 -0.155946 -0.0590546 -27.4626 -28.2647 -28.1276 0.270747 -0.251382 0.000713
-25.8891 -26.433 -27.2137 0.383512 -0.0678612 -0.0134812 -24.5066 -25.8828 -25.2467 0.345005 -0.306615 0.098459
-27.3953 -27.8942 -28.6776 0.404629 -0.126316 -0.0479697 -26.0978 -27.1642 -26.842 0.314012 -0.281328 0.036497
38.2372 38.0544 38.2688 0.147118 0.356318 0.547679 37.7493 38.0874 38.0183 0.351353 0.05306 0.335673
-33.0835 -32.8494 -32.9277 0.00458363 -0.102323 0.108955 -31.8021 -31.8134 -32.1135 0.062639 -0.391859 0.335539
38.3632 38.1721 38.4112 0.157369 0.354281 0.527211 37.9212 38.2529 38.23 0.355209 0.042444 0.337015
39.1382 38.9213 39.5763 0.224159 0.315445 0.606764 38.9545 39.1202 39.7385 0.432034 -0.108667 0.216499
-1.77971 1.15925 -5.54272 -0.831164 0.0936054 0.18904 -1.96619 1.30501 -5.56958 -0.995688 0.088173 0.041679
9.44817 12.2313 5.76733 -0.0210424 -0.00670991 -0.141492 8.74365 11.9905 4.78607 -0.199469 0.025764 -0.047378
3.69653 5.61298 -2.17202 1.83281 -0.618861 0.341794 1.07808 4.29783 -4.25645 2.33759 -0.800791 0.450265
-2.24934 -2.64757 -1.63945 0.0306038 0.0950265 -0.163245 -2.06664 -2.3021 -1.65651 0.114318 -0.310749 -0.204139
12.9205 16.7916 8.05399 -0.965952 0.156482 0.286157 12.365 16.3915 7.78551 -1.13592 0.08917 0.10165
-5.15402 -5.12169 -5.26324 -0.213265 -0.454965 -0.208525 -4.83408 -5.50032 -4.24516 -0.222409 -0.318445 -0.289045
146.282 145.834 145.793 -0.118673 0.117388 0.19788 147.45 146.12 146.333 -0.181687 -0.03626 -0.425617
1.81301 1.67637 6.24051 0.204991 0.290054 0.00975132 1.06516 1.83899 5.3835 0.160772 0.201792 -0.250753
1.81276 1.69023 6.28571 0.200371 0.290255 0.00388071 1.05897 1.83692 5.403 0.177418 0.199593 -0.252906
1.78316 1.70661 6.38145 0.203893 0.280401 -0.013335 1.01508 1.80826 5.44202 0.243802 0.210128 -0.257699
-0.201822 1.00737 6.28648 0.279945 0.0351933 0.265776 -0.827657 0.838471 5.13267 0.187134 0.013634 0.418502
1.64249 1.59584 6.38824 0.207291 0.256519 -0.0268995 0.883769 1.6278 5.37787 0.291144 0.207208 -0.262598
-0.819899 -0.35127 5.40059 0.188918 -0.00873149 0.171948 -1.35899 -0.560904 4.43173 0.241255 -0.108493 0.26088
-1.0178 -0.765209 5.06094 0.171365 -0.0347307 0.120074 -1.50142 -0.999028 4.14123 0.2589 -0.146105 0.183199
-0.0209985 -0.0359188 5.48246 0.21396 0.0854158 0.00830368 -0.465001 -0.186716 4.51262 0.370204 0.038817 -0.157451
146.716 145.527 146.643 0.480854 -0.0269684 0.494713 147.334 145.364 146.454 0.392933 -0.279791 -0.207579
147.044 145.783 146.985 -0.510672 0.206017 0.284277 146.929 145.661 146.399 -0.258992 0.191966 -0.420462
-1.96269 -1.73605 5.5161 0.19606 -0.188813 0.327039 -1.98401 -1.82254 4.63376 0.13983 -0.268287 0.464689
-6.15307 -6.14661 -0.582085 0.163564 -0.10809 0.0433906 -6.32074 -6.14668 -1.3442 0.268504 -0.206427 0.083316
147.372 146.52 147.203 -0.424285 -0.123269 0.543442 147.677 145.949 146.581 -0.332285 -0.263332 0.084566
0.199758 -0.257889 0.0423782 0.142224 -0.101939 -0.106742 0.189643 -0.187202 0.073227 0.116256 -0.136027 -0.070354
0.187215 -0.268561 -0.000748652 0.208597 -0.0728457 -0.0706686 0.171223 -0.186605 0.041179 0.236295 -0.075362 -0.057829
0.583134 0.115917 0.530711 0.170876 -0.0708016 -0.0935165 0.537017 0.165203 0.6109 0.199943 -0.07359 -0.077109
-0.162989 0.303796 5.61029 0.250165 -0.130706 0.230705 -0.954379 0.449871 4.27721 0.277159 -0.254816 0.459372
0.135101 -0.191124 0.108505 0.196258 -0.178279 0.271519 0.139423 -0.106679 0.163153 0.207654 -0.130303 0.317775
148.726 145.914 148.736 0.41499 0.324795 0.168108 146.499 145.539 146.011 -0.064401 -0.021052 -0.547168
0.298715 -0.360726 0.129601 0.184232 -0.435344 0.0287689 0.320015 -0.282504 0.141984 0.20735 -0.449889 -0.010478
148.351 147.625 147.821 -0.411277 -0.0842707 0.479328 148.436 146.834 147.107 -0.40855 -0.268597 0.044326
0.05628 0.00848922 0.35005 0.0859869 -0.222773 0.392479 0.084036 0.080662 0.398288 0.07757 -0.181892 0.3898
148.409 147.552 147.936 -0.09922 0.698283 -0.0874122 147.645 146.887 146.009 -0.176217 -0.044467 -0.767406
148.697 148.331 147.976 0.130379 0.469339 0.117503 148.199 147.505 146.385 -0.109148 0.121971 -0.636579
148.801 148.322 147.838 0.0252702 0.020948 0.195104 148.77 147.687 147.152 -0.220967 -0.080956 -0.238468
0.0142734 0.143172 0.566653 -0.12578 -0.187009 0.34831 0.007452 0.136058 0.571782 -0.116062 -0.215759 0.284057
-0.0132711 0.188949 0.559105 -0.102608 -0.184641 0.325461 0.03661 0.174397 0.673751 -0.090229 -0.193734 0.304479
0.718063 -0.560605 0.65109 0.0565548 0.367952 0.067128 0.587436 -0.406202 0.674939 0.13141 0.274692 0.063701
0.673203 -0.509978 0.484264 0.0210991 -0.521621 -0.166243 0.619557 -0.342161 0.521383 0.069423 -0.42528 -0.106249
-0.103072 0.176653 0.614262 -0.15125 0.097285 -0.420126 0.059227 0.067624 0.620146 -0.089006 0.068094 -0.424416
0.00624435 0.206477 0.613258 -0.263106 -0.0643353 0.273018 0.103225 0.158432 0.690796 -0.1851 -0.103086 0.223816
2.43633 3.77527 6.42907 0.656819 -0.315961 0.166472 1.76385 4.49228 5.12736 0.52368 -0.195455 0.509421
-0.106542 0.206967 0.668168 -0.273919 -0.158902 -0.355752 0.095603 0.110095 0.687073 -0.212206 -0.164893 -0.328902
140.612 144.684 143.335 -0.43323 0.248388 1.64285 141.491 147.066 145.637 0.157609 0.270881 0.124345
2.1732 3.44075 6.68431 0.54794 -0.303452 0.173615 1.37666 4.05757 5.06106 0.482124 -0.168723 0.567677
-0.0292736 0.242573 0.729175 -0.293567 -0.123606 0.176734 -0.008954 0.129016 0.756954 -0.22016 -0.187953 0.144183
143.452 141.286 140.097 -0.0533238 1.82074 -0.454337 146.241 143.804 142.845 -0.228702 0.184172 -0.381733
-0.0515826 0.263137 0.726237 -0.319032 -0.00190384 -0.224048 0.086295 0.086315 0.793313 -0.227423 -0.019108 -0.227871
143.767 141.803 144.284 -1.40363 1.50237 0.161104 146.157 142.513 146.037 -0.574932 0.826931 -0.20219
-0.152935 0.26832 0.814257 -0.279524 -0.00906804 0.261997 0.014038 0.131784 0.75386 -0.199239 -0.06985 0.259403
-0.0972334 0.333287 0.715641 -0.378642 -0.0682978 -0.04153 0.039265 0.177386 0.961323 -0.297299 -0.113044 -0.034418
-0.159828 0.327243 0.861743 -0.427873 -0.0342202 -0.0401234 -0.038724 0.101769 0.90138 -0.331762 -0.087939 -0.0262
0.907094 -0.581361 0.734428 -0.192334 -0.315 -0.428131 0.704129 -0.36682 0.790761 -0.078792 -0.251584 -0.248458
0.971226 -0.340736 1.04938 -0.212447 -0.224316 0.370345 0.656723 -0.197862 0.982246 -0.092038 -0.206533 0.164981
142.169 147.925 141.162 -0.752783 0.736321 0.664425 143.817 150.054 141.715 -0.416518 0.785073 0.416884
-3.5366 -3.54074 -2.57785 0.063658 0.0225939 -0.0758266 -3.65238 -3.37398 -2.34873 0.243719 0.038832 -0.037329
144.038 141.945 144.724 -1.61316 1.67324 0.183435 146.558 142.539 146.418 -0.721498 0.989977 -0.079014
0.873656 -0.452714 0.959732 -0.27776 0.015576 -0.543721 0.643224 -0.351313 0.796016 -0.130276 -0.076573 -0.295498
3.96714 3.96418 4.64847 0.130552 0.0474523 -0.133428 3.73793 4.15058 4.84174 0.270334 0.041286 -0.050305
144.871 140.611 145.19 -2.2583 2.97261 0.583213 148.102 140.664 148.115 -1.14319 1.42925 0.193908
141.847 148.082 141.425 -1.07869 0.674698 0.911606 143.726 150.452 142.256 -0.584966 0.854415 0.568376
0.773083 0.00468224 1.16392 -0.535423 0.40564 0.076693 0.708966 0.146955 1.38869 -0.272881 0.175995 0.000704
6.14543 6.14167 6.74899 0.147043 0.0500498 -0.146845 5.88596 6.33739 6.94838 0.27715 0.041468 -0.054355
-6.61746 -6.62564 -5.54963 0.0326063 0.00574561 -0.0497854 -6.64914 -6.40057 -5.28564 0.227359 0.036485 -0.03175
8.45934 8.45501 8.98273 0.163008 0.0509449 -0.159235 8.18539 8.66535 9.18276 0.291213 0.042076 -0.057549
4.79796 5.11834 9.76719 0.129165 -0.211111 0.175165 5.15577 4.76519 8.0982 0.399805 -0.357005 0.447074
-0.268722 -0.0995684 -0.25869 -0.0347008 -0.146236 0.0675399 -0.005376 -0.010512 -0.03799 0.00622 -0.000171 -0.00168
-0.268722 -0.0995684 -0.25869 -0.0347008 -0.146236 0.0675399 -0.005376 -0.010512 -0.03799 0.00622 -0.000171 -0.00168
-0.268722 -0.0995684 -0.25869 -0.0347008 -0.146236 0.0675399 -0.005376 -0.010512 -0.03799 0.00622 -0.000171 -0.00168
-0.27012 -0.0959632 -0.27532 0.102885 -0.13792 0.0826088 -0.017579 -0.014887 -0.058563 0.217639 0.003409 0.009649
-0.260461 -0.0738902 -0.229544 -0.0433276 -0.424855 0.0529631 -0.015126 0.010837 0.000445 0.002688 -0.290342 -0.003993
-0.254522 -0.0994903 -0.227999 -0.300766 -0.170754 0.0299013 0.024361 0.010853 -0.012028 -0.369977 -0.002852 -0.036757
-0.260761 -0.104354 -0.21578 -0.319043 -0.164788 0.0311271 0.02035 0.005619 0.009104 -0.41303 -0.002767 -0.032515
-0.874521 -1.08935 -1.02348 -0.0373386 -0.121876 0.0822201 -0.585149 -1.0693 -0.748694 0.011139 0.020737 0.01547
-0.896865 -1.12574 -1.04873 -0.0371345 -0.131481 0.0830599 -0.609089 -1.10752 -0.769823 0.013178 0.010705 0.017427
0.344683 0.871882 0.50462 -0.0315135 -0.18109 0.0517546 0.58368 1.01582 0.676522 0.003653 -0.026753 -0.019535
0.361838 0.91305 0.530984 -0.0315683 -0.170907 0.0509053 0.603717 1.0609 0.698434 0.001272 -0.019022 -0.021441
0.376848 0.948666 0.553889 -0.0316644 -0.162181 0.0501343 0.619381 1.09816 0.71425 -0.001265 -0.01185 -0.022958
-0.253387 -0.0443764 -0.1977 -0.0512855 -0.705007 0.038568 -0.024272 0.039476 0.044071 -0.002998 -0.580474 -0.006356
-0.264476 -0.0596828 -0.214108 -0.049656 -0.720363 0.0401562 -0.038793 0.020785 0.021611 -0.001314 -0.600374 -0.00709
-0.260154 -0.0849037 -0.275952 0.328477 -0.110936 0.106249 -0.032528 -0.00624 -0.050475 0.576408 0.013678 0.026418
-0.257285 -0.110868 -0.211626 -0.441132 -0.188402 0.00702427 0.029298 0.015884 -0.003486 -0.555821 -0.008413 -0.052814
-0.269417 -0.086774 -0.293071 0.364292 -0.120833 0.106792 -0.034277 -0.015202 -0.081627 0.643066 0.011074 0.02831
-0.242686 0.00805949 -0.135997 -0.0582937 -0.935984 0.0278585 -0.047651 0.092974 0.113917 -0.001276 -0.809757 -0.007316
-0.231248 0.0140002 -0.13433 -0.0608614 -0.953484 0.0234562 -0.029376 0.100229 0.120192 -0.006279 -0.830699 -0.009287
-0.258026 -0.0316789 -0.184291 -0.0559947 -1.0079 0.0270906 -0.055089 0.045044 0.059019 -0.006495 -0.899557 -0.010352
-1.42144 -1.98401 -1.71313 -0.0405062 -0.0804485 0.0914533 -1.10098 -2.02944 -1.38864 0.012124 0.061258 0.025862
-1.44294 -1.5726 -2.17235 -0.00912307 -0.0780825 0.0696534 -1.1421 -1.37232 -2.01995 0.029654 0.087785 0.01164
-1.44818 -1.57336 -2.18869 -0.0087131 -0.0793278 0.0688325 -1.14538 -1.37154 -2.0479 0.030979 0.083775 0.010394
-2.3985 -1.2506 -1.43039 -0.0277176 -0.133288 0.0751314 -2.20602 -1.11739 -1.18468 0.028673 -0.021107 -0.008869
-1.51727 -1.65832 -2.30288 -0.0019334 -0.114386 0.0704172 -1.21167 -1.45408 -2.17466 0.047848 0.048002 0.011393
-2.5452 -1.34307 -1.50864 -0.0291098 -0.147531 0.0788482 -2.37245 -1.21072 -1.24873 0.02626 -0.035299 0.001887
2.14033 1.20879 1.05831 -0.0392091 -0.147441 0.0594436 2.49751 1.24998 1.24386 -0.016191 0.0367 -0.001984
-1.97323 -2.88068 -2.41036 -0.0421847 -0.0552461 0.100651 -1.60758 -2.97908 -2.04137 0.022868 0.092289 0.034636
1.67756 2.32898 2.72227 -0.0986859 -0.266196 0.056787 1.90445 2.26398 3.03791 -0.027175 -0.124942 -0.054377
-2.04605 -3.0182 -2.49142 -0.0435129 -0.0817098 0.103961 -1.68213 -3.12515 -2.09446 0.021812 0.064502 0.04627
1.62984 2.83013 2.11756 -0.0295142 -0.245319 0.00172872 1.81692 3.08113 2.20743 -0.021717 -0.069223 -0.064368
1.6917 2.33944 2.87256 -0.100018 -0.23733 0.0624304 1.90186 2.23971 3.21985 -0.050962 -0.10279 -0.02981
1.66765 2.99578 2.16938 -0.0196664 -0.225874 0.0112215 1.87283 3.2677 2.21195 -0.011342 -0.058326 -0.060506
-3.44228 -1.80705 -1.99028 -0.0259087 -0.122701 0.0774614 -3.28723 -1.65187 -1.72573 0.036857 -0.022158 -0.007018
-3.63593 -1.94108 -2.11112 -0.024706 -0.149077 0.0844662 -3.50697 -1.78797 -1.83123 0.037628 -0.054008 0.005496
3.29834 1.82037 1.68003 -0.0422845 -0.163278 0.0592239 3.67631 1.83415 1.85153 -0.019825 0.040331 0.002576
-0.225716 0.134777 -0.0385727 -0.0398143 0.0400395 -0.0759903 0.035694 0.341412 0.267826 0.055078 -0.161552 -0.170547
0.26387 0.263365 0.307198 -0.117706 -0.193235 0.0223289 0.510133 0.355635 0.476743 -0.108728 -0.138996 -0.061778
-0.124251 0.0731268 -0.253304 -0.180822 -0.109373 0.0289709 0.255972 0.314954 -0.108967 -0.042084 0.182527 -0.094013
-0.084919 0.0706353 -0.278532 -0.140735 -0.151897 0.0626142 0.283374 0.298714 -0.119005 -0.026913 0.11777 -0.029471
-0.178794 -0.025671 -0.230982 -0.213223 -0.123387 0.00334467 0.222007 0.122981 -0.087772 -0.038717 0.156419 -0.154052
-0.396426 -0.275188 -0.18307 -0.142998 -0.103116 -0.0146441 -0.120182 -0.082663 0.011065 -0.16951 0.008372 -0.123632
0.111426 0.0533654 0.121437 0.0392567 -0.0290327 -0.0147913 0.940176 -0.125049 -0.068817 0.020351 0.016332 0.004758
0.102502 0.042758 0.115441 0.0385941 -0.0230338 -0.00854468 0.892886 -0.051575 -0.096865 0.031528 0.032788 -0.029812
-9.23826 -9.25005 -8.08598 0.00552751 -0.00991226 -0.0288364 -9.28216 -9.04674 -7.83775 0.208318 0.033497 -0.027131
-4.92669 -5.35927 -3.66371 -0.10577 -0.0140082 -0.212492 -5.00991 -5.36645 -3.79906 -0.000462 -0.268857 -0.230464
6.53568 6.62705 11.1601 0.263799 -0.0727048 0.19553 7.07441 6.37071 10.8447 -0.05917 -0.276779 0.534205
6.24882 6.51721 10.8953 0.265119 -0.10055 0.195971 6.91537 6.18584 10.2164 0.189414 -0.286923 0.519847
0.103246 0.0230191 0.31908 0.0382648 -0.0272137 0.29793 1.00726 -0.117285 0.145685 0.026378 0.034008 0.328861
0.128554 0.0100339 0.327658 0.0389246 -0.0293771 -0.289902 1.02962 -0.185073 0.183205 0.012202 0.004427 -0.370019
0.110618 0.0288068 0.3269 0.0393992 -0.0354009 0.295091 1.01246 -0.182797 0.202275 0.022367 0.012285 0.421922
0.768294 1.26182 0.655814 -0.484994 -0.609073 -0.124198 0.797462 1.39311 0.853312 -0.332252 -0.426591 -0.332887
0.92159 1.23313 0.816074 -0.372731 -0.561762 -0.188118 0.886437 1.34596 1.0425 -0.223744 -0.425912 -0.371688
1.22925 1.29954 1.23217 -0.329508 -0.428947 -0.203993 1.184 1.41471 1.38341 -0.214488 -0.501407 -0.305488
0.212059 -0.182571 0.42134 0.0204161 0.877166 -0.00769652 0.978915 -0.317102 0.409675 -0.006327 0.769488 0.005824
0.192112 -0.221131 0.36906 0.0573088 -0.938864 -0.00634643 0.921723 -0.354018 0.42655 0.042243 -0.750379 -0.002875
-18.4593 -18.1068 -12.7262 0.305335 -0.179963 0.311696 -17.7297 -17.6298 -12.9841 0.086466 -0.193049 0.334374
-11.9572 -6.08862 -12.6406 0.0417604 0.177422 0.202101 -12.1208 -3.88777 -12.7052 0.162085 0.177328 0.09845
0.042597 0.187224 0.789968 0.0401786 -0.0374905 -0.781596 1.11476 -0.132574 0.663202 0.010938 -0.008572 -0.780936
0.0283315 0.292897 0.980985 0.0401782 -0.0390585 0.795661 1.13445 -0.040188 0.808817 0.016091 -0.000581 0.836746
-0.956543 0.276613 0.242341 0.0998037 0.113734 0.12226 0.054171 0.055649 0.019861 0.001338 -0.010905 0.011707
-0.959765 0.273833 0.24001 0.100398 0.11437 0.119302 0.050936 0.053787 0.013692 0.001451 -0.008562 0.005994
-0.959765 0.273833 0.24001 0.100398 0.11437 0.119302 0.050936 0.053787 0.013692 0.001451 -0.008562 0.005994
-0.939924 0.297591 0.243563 0.0912888 0.110917 0.0216384 0.08171 0.072296 0.031904 0.001733 -0.015987 -0.117287
-0.935689 0.323383 0.271839 0.0736006 0.067329 0.0419846 0.099627 0.089926 0.064521 -0.016975 -0.063349 -0.115302
-0.954481 0.28371 0.242856 0.0964831 0.318717 0.12274 0.058212 0.05575 0.021919 -0.000795 0.228693 0.011079
-0.959346 0.282766 0.244276 0.348216 0.110757 0.127512 0.057023 0.049748 0.024245 0.262077 -0.011429 0.006579
-0.913864 0.363181 0.282906 0.0275847 0.0230175 0.0341799 0.124063 0.12307 0.090008 -0.060904 -0.112637 -0.130903
-0.979948 0.222323 0.240148 -0.107427 0.105143 -0.0996845 -0.001742 0.001472 -0.041729 0.003904 -0.024424 -0.00683
-0.929425 0.313603 0.246256 0.0841768 0.10857 -0.0810113 0.100935 0.103415 0.03196 0.001133 -0.016309 -0.252547
-0.928398 0.343386 0.282614 0.0720578 0.0761175 -0.05536 0.113465 0.091042 0.075858 -0.006916 -0.055791 -0.250786
-0.915672 0.344317 0.282038 0.072521 0.0891079 -0.0837764 0.128586 0.098382 0.069341 -0.006502 -0.043855 -0.282659
-0.905466 0.345545 0.282542 0.0728364 0.0988853 -0.10533 0.14263 0.10641 0.072101 -0.003926 -0.035164 -0.30651
-0.961074 0.257432 0.237704 -0.31397 0.132294 0.123776 0.059866 0.06727 0.033216 -0.403912 -0.005741 0.034453
-0.950704 0.265588 0.237087 -0.347236 0.1302 0.111921 0.054349 0.070843 0.024281 -0.440866 -0.001841 0.022672
-0.956393 0.213928 0.285283 0.113431 0.140288 0.326204 0.0247 0.024531 0.029553 -0.006609 0.026631 0.290548
-1.64665 -0.918206 -0.441728 0.0935861 0.108356 0.124485 -0.570243 -1.09203 -0.640542 0.007885 -0.01188 0.016653
-0.96406 0.219592 0.284475 0.117586 0.127806 0.360945 0.020158 0.045906 0.051889 -0.003238 0.007912 0.336033
-0.918168 0.32894 0.252491 0.0775271 0.106723 -0.192068 0.114647 0.118553 0.033464 0.005235 -0.017345 -0.397028
-0.228507 0.95912 1.36987 0.101578 0.114537 0.147851 0.685206 0.715914 1.15535 0.005874 -0.014989 0.026002
-0.262997 1.47405 0.938915 0.108387 0.120007 0.115242 0.70167 1.19878 0.714752 -0.004369 -0.009286 -0.003195
-0.927362 0.343101 0.307159 0.710765 0.0805114 0.168499 0.106933 0.095636 0.073971 0.616014 -0.033386 0.038616
-0.934976 0.313847 0.251184 0.0927923 0.702484 0.133414 0.080271 0.073436 0.036732 -0.013075 0.664669 0.023334
-0.544214 0.758035 0.785858 -0.172465 0.0868994 -0.0801378 0.46897 0.510788 0.417078 -0.057087 -0.029016 -0.030512
1.29714 4.13027 -2.26823 -0.313867 0.00147268 -0.00059435 1.3198 4.18247 -2.0545 -0.742169 0.073697 0.04214
-2.64081 -1.55856 -1.15178 0.0930134 0.108257 0.131664 -1.55692 -1.65555 -1.25516 0.001214 -0.01203 0.031655
-2.68438 -1.59525 -1.18035 0.0941908 0.107612 0.126194 -1.60517 -1.69801 -1.28266 0.005608 -0.011147 0.026776
-2.34941 -1.55386 -1.54383 0.0885492 0.106997 0.108184 -1.19729 -1.70545 -1.7735 0.000397 -0.009801 0.012604
0.791986 2.18933 1.69832 0.108587 0.120106 0.110618 1.75159 1.8504 1.35824 0.005838 -0.010401 -0.013681
-2.39735 -1.07288 -1.97948 0.0931628 0.112763 0.0821482 -1.21095 -1.25514 -2.22675 -0.006763 -0.004891 -0.004868
1.21279 1.70255 1.80171 0.10133 0.117101 0.113204 2.24749 1.34705 1.36682 0.015254 -0.010228 -0.006087
0.485433 2.73162 1.68223 0.115714 0.126392 0.107273 1.36639 2.40191 1.40784 -0.008532 -0.005575 -0.022439
0.36418 1.05626 1.01617 0.0640687 -0.0860518 -0.0378065 1.12772 0.708479 0.960572 0.055564 0.013637 0.016547
-2.8101 -3.0722 -1.64485 0.0583022 0.0835965 0.141612 -1.61161 -3.13156 -1.81722 -0.007195 -0.0174 0.061208
-3.02582 -1.70213 -2.94426 0.0858771 0.108943 0.0777559 -1.72871 -1.83486 -3.14575 -0.020087 -0.016644 0.004933
-2.95016 -3.22284 -1.73021 0.0817646 0.0993097 0.133736 -1.74576 -3.32107 -1.88673 0.019373 -0.010701 0.042554
-0.561304 0.459185 0.741699 -0.23676 0.0706096 0.0354972 0.397034 0.321263 0.323306 0.01149 0.006723 0.039943
1.27416 2.35476 3.68509 0.1087 0.126146 0.181959 2.01477 2.08472 3.49694 0.026405 -0.014112 0.016297
1.14169 3.85759 2.38522 0.13603 0.139235 0.106116 1.9627 3.41138 2.11717 0.001798 -0.00935 -0.027034
1.36055 2.4187 3.86112 0.107226 0.116677 0.191473 2.10452 2.12994 3.71917 0.020042 -0.021209 0.03606
-4.15306 -3.22221 -2.41413 0.0798268 0.103209 0.150145 -2.98266 -3.18427 -2.41687 -0.011543 -0.009914 0.069983
-3.58663 -3.21144 -3.14593 0.0606988 0.0864651 0.109631 -2.25537 -3.26533 -3.32664 -0.022394 -0.015083 0.048869
-3.60284 -3.2292 -3.17046 0.0682252 0.0950465 0.104666 -2.27512 -3.28164 -3.35166 -0.013777 -0.013351 0.037468
-12.0879 -6.0882 -12.7872 0.0592293 0.0999513 0.194575 -12.3664 -3.78673 -12.8099 0.171526 0.08425 0.067677
2.68842 3.03095 4.10711 0.106993 0.116568 0.150847 3.49171 2.66141 3.7078 0.036333 -0.014888 0.000181
2.83715 3.1401 4.24052 0.106247 0.119508 0.161644 3.66811 2.75119 3.86549 0.029006 -0.010132 0.013844
1.92853 4.14642 4.00417 0.125495 0.129517 0.150328 2.63435 3.75087 3.77197 0.012849 -0.013729 -0.003013
8.25661 22.526 11.2727 -0.124917 0.807279 0.307485 9.26812 23.6978 11.5418 0.021659 0.402371 0.245221
-1.89993 -0.800105 -0.708737 -0.275367 0.0549809 0.0487979 -0.927817 -0.895519 -0.983039 0.02381 0.034658 0.008312
-0.645481 0.599074 0.493013 -0.29363 0.0410104 0.0674335 0.228454 0.456981 0.159731 0.025397 0.021029 0.01669
0.242966 -0.0278209 1.10188 0.0635881 -0.597507 -0.00339472 0.863782 -0.184764 0.888625 0.023734 -0.377832 -0.005596
0.247939 -0.0147874 1.10338 0.01639 0.494667 -0.00394637 0.877577 -0.146977 0.857553 0.002367 0.326315 -0.019069
-5.71888 -3.58023 -4.84175 0.0879991 0.113335 0.109983 -4.4374 -3.50148 -4.78581 -0.039795 -0.009796 0.076979
-4.82982 -4.82702 -4.70341 0.0282962 0.0525541 0.115498 -3.36889 -4.79624 -4.84811 -0.042836 -0.038691 0.091772
-4.85782 -4.87762 -4.79056 0.0611608 0.0949471 0.0895483 -3.37593 -4.85735 -4.93418 -0.013182 -0.004151 0.035297
4.37229 6.12774 4.73861 0.134357 0.137999 0.0808773 5.2369 5.52473 4.15957 0.025984 -0.013939 -0.073104
4.66095 4.45087 6.17634 0.112955 0.121 0.161074 5.32601 4.02222 5.68252 0.058989 -0.019524 -0.016701
4.62335 6.36752 4.877 0.12365 0.139299 0.0932447 5.52365 5.78521 4.27945 0.001763 -0.001925 -0.057271
3.42612 6.17245 5.96502 0.156261 0.153591 0.169652 3.99938 5.6672 5.72704 0.034471 -0.01079 -0.021803
-3.63882 -1.06413 -6.7661 0.156119 0.131716 -0.0750809 -3.413 -0.867087 -6.49503 0.647902 -0.055929 -0.140562
3.61766 6.38325 6.18548 0.131907 0.134649 0.174956 4.19468 5.917 5.98105 0.003944 -0.021855 -0.005797
-19.5578 -19.5111 -19.6952 -0.182787 -0.37675 -0.204935 -19.2379 -19.7506 -18.7136 -0.125981 -0.183073 -0.214522
-18.487 -18.2814 -14.3041 0.290803 -0.0876263 0.196829 -18.3083 -17.5643 -15.1085 0.567026 -0.133498 0.511284
-0.0561357 0.866182 1.77726 0.0552163 -0.604523 -0.0134901 0.677722 0.560387 0.950587 0.022891 -0.391805 -0.010606
-0.0449795 0.925574 1.97081 0.0245321 0.515249 -0.0145846 0.752891 0.576799 1.06468 0.007436 0.388434 0.000364
-0.0632645 0.950211 2.04746 0.0585606 -0.622757 -0.0131615 0.700932 0.641226 1.09506 0.026785 -0.391454 0.004635
-10.8649 -4.71533 -11.3595 0.48037 0.0232104 0.412599 -11.3436 -2.59007 -11.8634 0.477254 0.031905 0.195742
9.73226 12.1349 6.15959 -0.420836 -0.346017 -0.112706 9.18693 11.5099 5.64597 -0.696415 -0.218066 -0.087655
-0.0517189 0.847094 1.63494 0.0396915 -0.0422742 -1.06982 1.16737 0.21682 1.3922 0.005713 -0.002918 -0.905877
-0.0576289 0.940679 1.77042 0.0400907 -0.0445209 1.05733 1.16477 0.289295 1.47201 0.01385 -0.006328 0.893962
-0.377798 0.335333 -1.39431 -0.410081 -0.621476 -0.590243 -0.370801 0.203434 -0.961386 -0.054104 -0.450498 -0.510635
-14.2216 -3.68668 -9.32243 0.268327 0.0588182 0.226211 -14.348 -2.34048 -7.80973 0.296938 -0.014382 0.105902
-0.0288901 0.987423 2.49665 0.0416934 -0.03528 -1.37783 1.30517 0.270394 1.95522 0.022451 0.021226 -1.37267
0.0819214 0.445381 -0.907422 -0.404605 -0.582239 -0.662848 0.061994 0.403074 -0.534344 -0.114284 -0.403802 -0.632767
-0.120711 1.4775 2.14131 0.0316825 0.542741 -0.0406596 0.94404 0.727474 1.50314 0.011532 0.757765 0.008598
-0.125111 1.50294 2.29152 0.0479157 -0.674134 -0.0426131 0.900931 0.803279 1.62079 0.011897 -0.783474 -0.021218
-20.0048 -20.0025 -16.066 0.109913 -0.113744 0.060799 -19.9713 -19.8083 -16.3793 0.164429 -0.16473 0.082142
-20.0238 -20.0112 -16.1026 0.106956 -0.110023 0.0525309 -19.9833 -19.8237 -16.3903 0.164495 -0.160363 0.052435
-0.0169875 1.41253 1.77648 0.0438164 -0.0598909 -0.73264 1.09583 0.470007 1.53139 0.004253 0.022042 -0.543878
-0.0271228 1.40994 1.75955 0.0374771 -0.0506244 0.67279 1.08855 0.499548 1.57716 -0.001657 0.006997 0.528313
9.13592 23.3455 10.6619 -0.324856 0.74152 0.417423 10.0324 24.5322 10.4184 -0.336723 0.237562 0.130421
12.7905 16.3145 8.82994 0.202475 0.240289 -0.113363 12.6464 15.7821 8.70121 0.76289 -0.070324 -0.172975
0.627101 0.779289 -0.0594816 -0.466434 -0.547293 -0.816932 0.55033 0.777495 0.125019 -0.298513 -0.445913 -0.728142
-0.0739416 1.46964 2.40758 0.0401438 -0.0463722 -0.783063 1.19101 0.637643 1.9931 0.01319 0.006615 -0.581413
0.831735 0.238984 0.183792 0.0660319 -0.00955477 0.196713 0.933756 0.306631 0.086755 0.135297 0.043449 0.009987
0.0441781 1.57526 1.974 0.0425413 -0.0735919 -0.0323847 1.06198 0.620755 1.75697 0.006218 -0.012316 0.001166
1.16503 1.16877 1.08349 -0.681276 -0.445044 -0.719803 1.10709 1.18435 1.04627 -0.609706 -0.455605 -0.671288
0.0514558 1.69367 2.43081 0.0416096 -0.0667584 -0.0678876 1.13694 0.658624 1.99698 0.01289 0.008521 -0.052967
0.767473 0.519235 0.119652 0.0639372 -0.00871565 0.608373 0.902413 0.474438 0.213291 0.122116 0.03032 0.468964
0.774349 0.235574 0.442764 0.0661728 -0.0195659 -0.214745 0.863242 0.36872 0.258009 0.114741 0.038837 -0.45855
0.773716 0.510505 0.120135 0.0693997 -0.00637841 0.578854 0.862465 0.470518 0.192601 0.149446 0.019046 0.413822
-0.00938523 1.6695 2.74955 0.0403914 -0.0497639 -0.0499544 1.16945 0.815578 2.22092 0.015621 -0.002291 -0.026756
1.14862 0.609353 0.341001 0.198232 0.565975 0.226338 1.29884 0.573747 0.369826 0.209116 0.571409 0.048176
1.15302 0.591671 0.357799 0.205121 0.58533 0.223768 1.28094 0.560059 0.393936 0.218418 0.579977 0.049269
0.640274 0.853913 0.323267 0.0794072 -0.00936045 0.641877 0.728672 0.734374 0.471118 0.148935 0.00954 0.407996
0.606381 0.421317 0.780468 0.0693153 -0.0275269 -0.427044 0.696217 0.503443 0.631757 0.129936 0.01452 -0.600956
5.28577 25.1475 15.1902 -0.392409 0.252802 0.249307 7.59299 24.1252 16.0058 -0.295445 0.01782 0.074213
0.534144 1.03869 0.673336 0.0777326 -0.0179925 0.447792 0.706216 0.892188 0.729931 0.116624 -0.005755 0.224564
0.429486 0.702515 1.06884 0.0695742 -0.0243869 -0.400595 0.680627 0.695504 0.925576 0.13086 0.009213 -0.450241
-14.3105 -1.83727 -5.54991 0.20721 -0.0173752 0.164202 -14.5445 -1.40467 -4.29068 0.257554 -0.05602 0.116866
0.3498 0.998629 1.00022 0.0669998 -0.0276184 -0.0481779 0.797638 0.879252 0.937382 0.117055 -0.005497 -0.222988
0.312572 1.0459 1.0863 0.0707538 -0.0254265 -0.0688656 0.793564 0.939521 0.941745 0.11724 -0.00587 -0.228777
0.342623 1.00387 1.00945 0.0718519 -0.0241226 -0.0466744 0.799689 0.856732 0.949518 0.129809 0.000579 -0.242792
-1.17177 -1.23513 -0.94071 -0.00618544 -0.00842553 -0.0735249 -1.17233 -1.2742 -0.881001 0.014576 0.08752 -0.136277
2.2862 2.14552 2.41878 -0.00498387 -0.010963 -0.0455875 2.31424 2.1614 2.50229 0.017155 0.089 -0.13337
-2.74962 -2.78229 -2.46911 -0.00654641 -0.00788213 -0.0842152 -2.74428 -2.84563 -2.41094 0.01353 0.086446 -0.135753
0.189419 0.108059 -0.218745 -0.035205 -0.194144 0.0559514 0.000755 0.007505 0.009619 -0.000112 -0.004612 0.002423
-0.169103 0.242281 0.153105 0.0543738 -0.0296149 -0.182281 0.057426 0.070665 0.055408 -0.016158 0.010791 0.011584
-0.145113 0.247227 0.211394 0.0765057 -0.0356019 -0.190264 0.087683 0.07853 0.100821 0.011275 -0.005257 -0.000393
0.202432 0.105065 -0.22192 -0.162439 -0.332067 -0.0752839 0.003659 0.010288 0.008367 -0.227794 -0.217503 -0.207894
0.190666 0.106145 -0.220927 -0.175761 -0.348469 -0.0871235 -0.003942 0.014541 0.007091 -0.248263 -0.248003 -0.229747
-0.106834 0.335537 0.167683 0.0746991 -0.00992964 -0.176377 0.105206 0.190155 0.101124 -0.022636 0.03095 0.027857
0.177903 0.105793 -0.208383 0.193662 0.0593834 0.295652 0.037449 0.007174 0.019885 0.434015 0.409456 0.411165
0.218375 0.111393 -0.216213 -0.297207 -0.480839 -0.214254 0.016523 0.034796 0.028746 -0.457026 -0.436877 -0.414968
0.19658 0.108746 -0.217743 -0.324961 -0.511994 -0.237638 -0.00155 0.035284 0.019389 -0.499439 -0.491839 -0.453972
1.95138 1.82693 0.997155 -0.0305328 -0.200752 0.0612457 1.73965 1.71696 1.15214 0.002514 -6.9e-05 0.003344
0.193305 0.0903895 0.450071 -0.102584 0.2161 0.3109 0.230338 0.276274 0.223223 0.005117 0.003998 0.008379
1.81288 1.4134 1.07508 -0.0754425 1.17804 0.167298 1.89621 1.23459 1.13922 0.210888 1.02016 0.126403
0.174053 0.116375 -0.195157 0.304065 0.174977 0.412555 0.072672 0.031033 0.045334 0.64317 0.605859 0.607174
0.178024 0.111301 -0.19735 0.313913 0.183271 0.423347 0.072319 0.022684 0.045785 0.661522 0.620864 0.626525
0.216995 0.118221 -0.207817 -0.469984 -0.670453 -0.38491 0.024669 0.066547 0.049201 -0.72907 -0.711098 -0.659502
0.20782 0.11694 -0.208144 -0.483808 -0.685657 -0.39659 0.013387 0.064675 0.042454 -0.747893 -0.737271 -0.67768
2.57704 2.46269 2.09137 -0.030653 -0.20442 0.0642459 2.32257 2.33313 2.28618 0.00332 -0.006377 0.013196
1.81644 1.44237 1.05603 -0.0703301 1.18613 0.165906 1.93123 1.22633 1.12817 0.235303 1.04056 0.105528
1.85037 1.42573 1.12289 0.234581 -1.24292 0.145118 1.96864 1.23826 1.14285 0.071293 -1.00475 0.088089
3.76807 3.60321 2.26054 -0.0256353 -0.209867 0.0655283 3.52291 3.49796 2.34959 0.007477 -0.003363 0.01022
3.86909 3.71458 2.33639 -0.0276948 -0.209692 0.0674374 3.63293 3.60178 2.43225 0.008482 0.000503 0.009049
-0.653436 0.0941579 -0.321003 0.132581 -0.0253654 -0.140884 -0.483539 -0.123811 -0.286823 0.05385 0.005633 0.076812
2.83954 1.28 1.7363 -0.851322 0.267628 -0.0891453 2.92251 1.39523 1.86795 -0.446805 0.097466 0.270531
-4.13304 -4.1853 -4.41148 -0.0432793 -0.177548 0.0354522 -4.15183 -4.18501 -4.09029 -0.006222 0.012901 -0.007245
5.08732 4.94914 4.52271 -0.0254153 -0.218104 0.0706365 4.75832 4.80164 4.69591 0.011505 -0.021742 0.023818
35.3527 34.2967 41.1074 1.73188 -0.0655845 -0.29259 34.8982 34.121 41.3934 1.63003 -0.19371 0.091144
-4.86041 -4.87646 -3.78276 -0.0374354 -0.180988 0.0266855 -4.96537 -4.90764 -3.37067 -0.006901 -0.023251 -0.005793
5.69735 5.49365 3.59555 -0.0202118 -0.223036 0.0673612 5.435 5.38356 3.61913 0.010438 -0.008444 0.001592
35.2238 34.2302 41.1845 1.53086 -0.0570402 -0.26941 34.836 34.0916 41.3895 1.51846 -0.241816 0.113159
-14.2313 -1.19143 -3.84498 0.186134 -0.0549473 0.141703 -14.4854 -1.0637 -2.71038 0.242206 -0.082256 0.105379
35.0136 34.1441 41.2755 1.23573 -0.0406706 -0.236699 34.7174 34.0897 41.3955 1.35192 -0.301317 0.128885
2.33344 1.9826 2.06397 0.233544 -0.0103571 -0.0236199 2.76024 1.65079 2.10208 0.17263 0.002655 0.250671
-5.60885 -5.59333 -5.23089 -0.00694214 -0.00803937 -0.100043 -5.57728 -5.6484 -5.18127 0.011135 0.083969 -0.133082
34.3784 34.0469 41.2511 0.510003 -0.00246891 -0.134391 34.1569 34.1683 41.3938 0.818189 -0.329799 0.131891
34.5898 34.0389 41.3108 0.743035 -0.00966195 -0.183369 34.36 34.1353 41.3833 1.01737 -0.344079 0.124951
-6.13363 -6.15723 -6.36446 -0.0481269 -0.170827 0.0218447 -6.0661 -6.09705 -5.97186 -0.014571 0.018605 -0.016151
2.67696 2.37485 2.47131 0.264515 -0.0235755 0.00704824 3.19893 2.13415 2.52162 0.238594 -0.021295 0.318017
3.37474 3.53492 3.23073 0.123033 0.00471016 -0.179074 3.72617 3.20424 3.23129 0.050165 0.02524 -0.007428
7.76425 7.59648 7.12452 -0.0251333 -0.236002 0.0799496 7.36594 7.43469 7.26643 0.015234 -0.035937 0.0301
7.79767 7.62564 7.16721 -0.0253277 -0.238694 0.080586 7.40139 7.46003 7.32584 0.016893 -0.028267 0.028164
8.15012 8.0049 7.60022 -0.0451512 -0.244695 0.108353 7.80606 7.8528 7.81616 -0.007448 0.00366 0.052297
0.440118 0.385469 0.361906 0.162375 0.0356445 -0.121916 0.622123 -0.012051 0.323669 0.087395 0.073056 0.047383
1.80705 1.7855 1.91844 0.403393 -0.0196642 -0.150853 2.19442 1.48436 1.95352 0.536544 0.069217 0.118646
1.57558 1.41657 1.64427 0.236747 -0.00775302 -0.170099 1.82728 1.05133 1.65421 0.236149 0.045012 -0.001996
-23.053 -22.9982 -23.1758 -0.169455 -0.348453 -0.196624 -22.742 -23.2097 -22.2538 -0.103528 -0.150305 -0.189399
2.23005 2.05217 2.32604 0.30151 -0.0460344 -0.135435 2.66375 1.67643 2.35409 0.360193 0.028705 0.083345
0.318113 0.409396 0.443588 0.144694 0.00994391 -0.133843 0.37289 0.018464 0.39038 0.126416 0.118083 0.066622
-9.91944 -3.52345 -6.80056 -1.0053 -0.0603215 -0.952954 -9.14387 -2.18394 -6.92969 -0.731422 -0.159003 -0.736674
-0.521066 -0.184556 -0.261969 0.139222 0.0158789 -0.101409 -0.41994 -0.585249 -0.347275 0.057426 0.057854 0.081397
0.97983 -0.292617 0.679238 -0.482877 0.449502 0.232153 0.802686 0.226733 0.344733 0.066553 0.194987 0.176164
-8.05808 -8.00613 -7.58686 -0.00717562 -0.009554 -0.110031 -8.03905 -8.08349 -7.57906 0.009814 0.081279 -0.131512
-13.3286 -1.94806 -3.13811 -0.16536 0.125096 -0.44381 -12.1947 -0.900711 -1.59633 -0.56056 0.051613 -0.400314
-27.7218 -27.5371 -27.6623 0.0114499 -0.0848991 -0.109334 -27.1368 -27.0616 -27.0122 0.009924 0.204546 -0.085013
-28.3745 -28.1081 -28.2634 0.0388113 -0.101999 -0.0847406 -27.9017 -27.8463 -27.7579 0.072025 0.134482 -0.068482
2.5998 2.58794 2.46879 0.374339 -1.35092 -0.0868997 2.56881 1.8972 2.23013 0.17284 -1.1848 -0.053802
0.0477919 0.621052 0.496848 -0.0883683 -0.196434 -0.387206 0.111723 0.294859 0.361187 -0.042164 -0.087511 -0.252707
-9.13035 -9.06196 -8.61318 -0.0072888 -0.0106683 -0.113264 -9.17386 -9.1849 -8.65301 0.022022 0.076452 -0.123887
-28.9648 -28.9873 -28.8594 0.0525171 0.0197694 0.115392 -28.8843 -28.6984 -28.7304 0.062006 -0.056166 0.122957
-24.0999 -24.0423 -24.2155 -0.163367 -0.339578 -0.191645 -23.6623 -24.118 -23.1866 -0.099038 -0.143544 -0.18174
-28.9667 -28.9975 -28.8729 0.0458077 0.0202412 0.1111 -28.89 -28.7031 -28.7397 0.062386 -0.053451 0.108943
-0.172429 -0.320642 -0.514404 -0.133804 0.0316883 -0.132647 -0.041943 -0.050753 -0.039725 -0.004053 -0.007043 0.008626
-0.169605 -0.32147 -0.502996 -0.133639 0.0382313 -0.260816 -0.043987 -0.056603 -0.020376 -0.002822 0.003424 -0.182089
-0.172101 -0.312621 -0.523573 -0.133568 0.0253589 0.0035993 -0.039002 -0.039851 -0.055112 -0.005302 -0.016319 0.21201
-0.169943 -0.320173 -0.513443 -0.129826 -0.205481 -0.125988 -0.036596 -0.044374 -0.042966 0.001013 -0.270607 0.019139
-0.170246 -0.319478 -0.513136 -0.130061 -0.209582 -0.126323 -0.038371 -0.048375 -0.041374 -0.000363 -0.275794 0.018875
-0.167209 -0.317715 -0.491697 -0.133448 0.0445139 -0.389434 -0.047089 -0.054453 -0.005256 -0.002236 0.011835 -0.379358
-0.161738 -0.291974 -0.530916 -0.127658 0.0214892 0.0931467 -0.011854 -0.020533 -0.079885 0.002754 -0.026163 0.343156
-0.167998 -0.296845 -0.532358 -0.131033 0.0197512 0.124057 -0.023421 -0.021732 -0.071841 -0.002163 -0.026031 0.389335
-0.170721 -0.298778 -0.532495 -0.132754 0.0188952 0.14012 -0.029051 -0.024214 -0.069076 -0.005812 -0.026417 0.413845
-0.171796 -0.328924 -0.491805 0.142458 0.026643 -0.131278 -0.031423 -0.040443 -0.004964 0.473445 -0.016594 0.008889
-0.166755 -0.307506 -0.519011 -0.403999 0.0371186 -0.132892 -0.035142 -0.041036 -0.056375 -0.480509 -0.00078 0.009209
0.467952 0.418143 0.496901 -0.127626 0.0337368 -0.142952 0.558326 0.634363 0.98597 0.007529 -0.004909 -0.007457
0.885878 0.324855 0.112905 -0.133701 0.0318079 -0.131809 1.0546 0.567683 0.552074 -0.002885 -0.008948 0.014397
-0.169081 -0.310729 -0.519006 -0.415571 0.0389032 -0.132181 -0.038917 -0.042711 -0.056747 -0.4983 -0.000243 0.010652
-0.795072 -1.03636 -1.50358 -0.139549 0.0298674 -0.122257 -0.626459 -0.714229 -1.05241 -0.018038 -0.009796 0.02544
-0.166148 -0.312989 -0.505862 -0.126238 -0.450833 -0.119988 -0.0302 -0.039964 -0.037476 0.002594 -0.545739 0.025247
2.94433 3.39517 3.3718 0.135156 -0.680003 -0.491774 2.98243 2.57974 3.00631 0.138936 -0.509745 -0.36577
-0.168531 -0.265812 -0.543626 -0.117141 0.0214428 0.182539 0.002116 0.011331 -0.097229 0.013702 -0.031395 0.469935
-0.274198 -0.39629 -0.481834 -0.101367 -0.00266615 0.11129 -0.162631 0.078388 -0.153118 0.034776 0.051438 0.019958
-0.163439 -0.309077 -0.481896 -0.131491 0.0504894 -0.541808 -0.042594 -0.051271 0.00455 0.001203 0.018645 -0.610049
-0.157317 -0.284245 -0.527912 -0.486672 0.0330947 -0.135475 -0.010014 -0.023092 -0.079268 -0.637724 0.005275 0.006046
-0.158629 -0.291155 -0.515603 -0.50455 0.0333313 -0.135366 -0.016535 -0.023487 -0.056789 -0.663321 0.003818 0.005277
-0.165934 -0.304727 -0.514852 -0.556866 0.0425708 -0.131639 -0.02622 -0.032114 -0.059002 -0.744863 0.001492 0.010726
-0.172635 -0.316978 -0.503896 -0.122474 -0.661569 -0.11201 -0.034965 -0.050137 -0.039973 0.011142 -0.77859 0.037333
-0.167355 -0.291883 -0.482122 -0.144708 0.755849 -0.15184 -0.035465 -0.025604 -0.008236 -0.016192 0.79952 -0.018524
-1.38363 -2.16457 -1.88553 -0.120438 0.0221797 -0.14535 -1.17594 -1.88438 -1.35113 0.007057 -0.016812 -0.009753
1.11629 1.61239 0.928487 -0.139222 0.0473044 -0.116257 1.1674 1.90379 1.31985 -0.010365 -0.00066 0.028593
1.11019 1.63901 0.919204 -0.139412 0.0499193 -0.117856 1.16696 1.93215 1.29964 -0.009602 0.00186 0.025952
-1.37523 -1.71058 -2.43241 -0.146096 0.0244842 -0.110107 -1.17077 -1.33272 -2.00729 -0.028581 -0.015877 0.042749
1.92181 0.951635 0.732975 -0.131149 0.0336068 -0.127374 2.11658 1.17979 1.13554 -0.002745 -0.00716 0.027297
1.96927 0.9837 0.754348 -0.133498 0.0316633 -0.131184 2.17865 1.20667 1.15615 -0.002572 -0.011046 0.021281
-2.14682 -1.52737 -1.69329 -0.132029 0.0321278 -0.13723 -2.08261 -1.19426 -1.15547 0.000629 -0.010237 -0.007047
-2.24544 -1.59759 -1.74047 -0.130823 0.0338836 -0.129777 -2.19642 -1.2495 -1.19628 -0.004472 -0.001737 0.000524
2.91794 3.33263 3.07841 -0.00364776 0.700631 -0.509801 2.87433 2.47742 2.80752 0.128707 0.621521 -0.354825
-1.96505 -3.07178 -2.53446 -0.118327 0.0158935 -0.152606 -1.70801 -2.78147 -1.96584 0.002529 -0.023039 -0.021256
-1.96036 -3.10544 -2.52185 -0.118512 0.00991462 -0.152831 -1.71334 -2.83288 -1.93269 0.001558 -0.027635 -0.01818
1.72156 1.90446 2.43494 -0.105539 0.0577734 -0.169534 1.75196 2.00634 2.91056 0.038781 0.009199 -0.056895
-1.96813 -3.14191 -2.52415 -0.118577 0.00884352 -0.152057 -1.72464 -2.87278 -1.91505 -0.001041 -0.027388 -0.017793
-2.02563 -3.23828 -2.57517 -0.11836 0.0208058 -0.147311 -1.79561 -2.9954 -1.96214 -0.00369 -0.018729 -0.018234
-1.98949 -2.39855 -3.41686 -0.149903 0.0269533 -0.0999407 -1.73332 -1.96724 -3.04471 -0.040856 -0.018341 0.052998
-3.06846 -2.0989 -2.25132 -0.130924 0.0339306 -0.139064 -3.03012 -1.73019 -1.69028 0.003776 -0.010679 -0.015966
2.98291 1.59589 1.37161 -0.130084 0.0331055 -0.125499 3.20929 1.81256 1.73958 -0.006545 -0.009396 0.028885
-3.23941 -2.21466 -2.32973 -0.128784 0.0350746 -0.127686 -3.23474 -1.82755 -1.76066 -0.007056 -0.001461 2.9e-05
1.72876 1.95279 2.38809 -0.0903377 0.0483216 -0.178405 1.80702 2.11 2.88549 0.054894 0.003136 -0.065688
-14.9653 -0.845916 -0.652729 0.166627 -0.105318 0.0685322 -15.1026 -1.04966 0.294246 0.050596 -0.145278 0.029508
-3.44078 -3.3399 -2.49995 -0.0368537 -0.0308151 -0.210198 -3.68746 -3.80129 -1.92064 -0.046898 -0.082552 -0.155264
0.888875 0.571884 1.11495 0.0412718 0.250177 -0.550318 1.2638 0.628071 1.22474 0.251535 0.283718 -0.128773
0.839606 0.348982 0.945213 0.181324 0.248813 -0.681397 1.05745 0.425171 0.977098 0.36512 0.298089 -0.308495
-3.55181 -3.21114 -2.87315 -0.060589 0.151774 0.0399994 -3.09818 -3.34072 -2.7128 -0.073694 0.146594 0.04061
2.01586 2.61396 2.39752 -0.156385 -0.380853 -0.411301 1.97034 2.12651 2.07427 -0.090567 -0.228723 -0.175953
-0.997153 -1.67779 -0.77416 0.0193856 0.0391366 -0.0623619 -1.09816 -1.33365 -0.520829 -0.010459 0.096322 -0.073149
-1.67874 -2.04319 -0.369836 0.0628092 0.0185379 -0.0383997 -1.02102 -2.26192 -0.003508 0.10586 0.007689 -0.113734
-14.6916 -0.523063 1.06655 0.144477 -0.0813817 0.0562213 -14.7575 -0.861583 1.92168 0.038239 -0.16063 0.032054
0.292501 -0.246322 -1.24548 -0.304746 -0.113305 -0.246645 0.242608 -0.193853 -0.091883 0.116556 -0.305267 -0.150348
1.98113 4.67418 -1.36992 -0.365642 -0.0749386 0.0769158 2.3222 4.27751 -0.910409 -0.406143 -0.03353 0.124557
-2.63719 -0.231141 -5.85842 -0.352218 -0.0622098 0.0712341 -2.24202 -0.420279 -5.18941 -0.392132 -0.027141 0.124935
-2.35615 -3.04809 -1.95624 0.0179026 0.00338084 -0.055488 -2.55756 -2.83323 -1.79922 -0.011875 0.075974 -0.061569
-3.02179 -3.27954 -1.47024 0.0589973 0.0113048 -0.0359531 -2.44233 -3.58906 -1.16763 0.094934 0.007915 -0.102157
-4.78846 -2.29626 -7.86393 -0.639063 0.195761 0.18407 -4.0992 -2.08049 -7.30248 -1.09494 -0.188902 0.060593
-6.73372 -4.381 -9.73032 -0.633248 0.17162 0.174187 -6.05457 -4.1119 -9.07759 -1.05701 -0.166837 0.06579
3.35449 2.43331 2.28703 -1.12622 -0.440276 0.16022 2.45327 2.14115 2.73459 -0.054636 -0.556497 -0.343093
10.0224 13.1207 6.41087 -0.405903 -0.0922925 0.0924548 10.1729 12.3056 6.67496 -0.44847 -0.029533 0.145282
-8.58564 -6.4922 -11.4458 -0.343377 -0.0445079 0.0667331 -7.77081 -6.3043 -10.5415 -0.397151 -0.039113 0.093572
0.636263 0.2582 0.130482 0.121973 -0.0441087 -0.0563927 0.958137 -0.008683 0.11157 0.144272 -0.005222 -0.071035
0.762715 0.3981 0.321741 0.120827 -0.0303175 -0.0623187 1.08139 0.114295 0.309806 0.140897 0.012411 -0.07976
-3.53666 -4.22739 -2.95068 0.0185666 -0.0267257 -0.0504413 -3.82171 -4.11853 -2.90937 -0.013676 0.058865 -0.04849
-15.52 -15.8546 -15.7779 -0.155233 0.0201263 -0.073598 -14.5447 -15.619 -15.3716 -0.117036 -0.038326 0.259929
0.53334 0.208089 0.238206 0.116553 0.0277943 -0.124747 0.88181 -0.117015 0.226764 0.175389 0.002704 -0.146485
0.5392 0.204743 0.220368 0.12588 -0.038181 -0.0790319 0.87466 -0.131374 0.211748 0.206502 -0.110268 -0.058227
0.577671 0.323555 0.1719 0.117263 -0.0384323 -0.340126 0.887198 0.051902 0.179701 0.157305 -0.008349 -0.373189
0.58096 0.328594 0.230767 0.13136 -0.0287654 0.2918 0.911688 0.058071 0.222032 0.15634 0.0138 0.335097
0.561675 0.200027 0.274975 0.117435 0.00896118 -0.128063 0.883086 -0.118196 0.239268 0.178462 -0.012666 -0.135789
4.4027 2.88514 4.24598 0.152999 -0.40783 -0.600426 4.55116 2.49632 4.24236 -0.31249 -0.598468 -0.409366
0.536454 0.333366 0.254633 0.118798 -0.0482884 0.18156 0.860856 0.011933 0.269592 0.179562 -0.09312 0.134325
0.524265 0.314909 0.265319 0.127946 -0.0297448 -0.312201 0.831052 -0.037375 0.354254 0.205332 -0.061 -0.281614
0.554408 0.292905 0.341121 0.120178 -0.286688 -0.115709 0.91012 0.036572 0.29798 0.193062 -0.277461 -0.144173
-13.4944 -13.7423 -13.7087 -0.0754196 0.0102416 0.0286759 -12.0958 -13.3512 -13.1297 -0.070784 -0.126835 0.351735
0.491223 0.311206 0.302112 0.124187 -0.0150473 -0.352292 0.786907 -0.023342 0.29459 0.178822 -0.029027 -0.357981
-4.21849 2.77804 -3.80498 -1.19155 0.811505 -0.990122 -4.25397 1.56789 -5.29097 -0.566683 0.94424 -0.754445
0.456345 0.581899 0.385823 0.126835 -0.0320536 -0.634453 0.794471 0.202397 0.591618 0.177083 -0.024085 -0.448791
-13.1922 0.456308 5.38824 0.0805574 -0.0884217 0.0537438 -12.9944 -0.081411 5.92509 0.117258 -0.175435 0.056531
0.528762 0.56298 0.625684 0.106396 0.357914 -0.0790582 0.860599 0.192958 0.643979 0.196521 0.271811 -0.060392
0.545499 0.616361 0.649746 0.0821294 0.401671 -0.0159597 0.914502 0.157633 0.631633 0.16014 0.343745 -0.01124
-13.1428 0.438467 4.93167 -0.106502 0.0848363 -0.21845 -12.5443 0.173591 5.8136 -0.490335 0.160689 -0.236126
0.353638 0.553266 0.504052 0.139755 -0.00514054 0.705492 0.727685 0.216814 0.540562 0.153696 0.00404 0.618313
-21.742 -18.7822 -22.7005 0.0394947 0.031315 -0.0129867 -21.9012 -18.0496 -22.5538 0.076227 0.255978 0.101367
0.378202 0.984042 0.886317 0.0849819 0.409094 -0.0225078 0.755882 0.462604 0.846776 0.154627 0.159113 -0.026895
0.37794 1.08853 0.859971 0.119657 0.442147 -0.0563429 0.751905 0.478136 0.912278 0.185449 0.282174 -0.038314
0.477124 0.981565 0.95506 0.147961 -0.439725 -0.062462 0.819234 0.486951 0.963802 0.183087 -0.211811 -0.025978
0.316869 0.930253 0.920657 0.0841943 0.46302 -0.0257088 0.69097 0.388132 0.793737 0.154391 0.223598 -0.02285
16.2551 19.4735 12.3653 -0.450387 -0.100287 0.108846 16.1763 18.3563 12.5174 -0.480981 -0.029665 0.153812
-17.2812 -17.2427 -17.3268 0.00331715 0.0217462 -0.0752345 -17.1282 -17.3614 -17.2405 -0.107567 0.015044 0.091193
-4.33774 -4.07536 -3.39512 -0.046495 0.171596 0.0269025 -4.21826 -4.42803 -3.39136 -0.060593 0.159279 0.038656
0.337563 1.22104 1.01537 0.0896849 -0.394956 -0.0794376 0.795397 0.748798 1.16987 0.186475 -0.25466 -0.048372
0.439214 1.09577 0.980649 0.136557 -0.0247973 -0.490772 0.803338 0.716373 1.26862 0.147917 -0.02508 -0.32991
0.410838 1.05672 1.00062 0.141374 -0.0174374 -0.516278 0.772537 0.664305 1.30318 0.144359 -0.011366 -0.351054
0.335316 1.00761 1.04135 0.0766926 -0.000417929 -0.476525 0.754606 0.710236 1.2922 0.169829 0.015288 -0.289096
-2.68455 -2.71571 -2.42303 -0.0381939 0.0630456 -0.0157081 -2.63905 -2.52466 -2.41794 0.00405 0.10358 -0.008131
0.408306 1.14937 1.18857 0.0698567 -0.0320548 -0.0674475 0.837876 0.849085 1.3354 0.185389 -0.02423 -0.040046
0.508663 1.25384 1.19438 0.151133 -0.0471452 -0.0948441 0.902362 0.876851 1.46064 0.158043 -0.07651 -0.049755
0.174388 1.06276 0.880243 0.146605 0.0318092 0.426657 0.551762 0.639485 1.22854 0.144083 0.012124 0.267464
-6.40205 -6.35102 -4.90438 -0.0264081 -0.0265411 -0.171076 -6.63723 -6.73455 -4.78555 -0.022573 -0.064051 -0.116658
-3.70859 -3.32641 -2.88477 0.0504428 -0.0318613 -0.0407469 -3.10386 -3.46371 -2.78905 0.055976 -0.019919 -0.014576
-13.618 0.0836249 6.60103 0.0865264 -0.0392789 0.0262397 -13.2206 -0.519634 7.08104 0.007319 -0.193125 0.044747
4.63204 5.19788 5.29349 0.0624305 -0.0509447 -0.0516185 5.44383 4.92446 5.41102 0.07425 -0.01417 -0.025655
-13.4639 0.12604 7.27205 0.0754812 -0.0396931 0.023029 -12.9816 -0.470593 7.71584 -0.006011 -0.189905 0.042274
1.42368 2.00993 0.665621 -0.144987 0.0283534 -0.117895 1.73081 2.27902 0.535599 -0.105618 -0.08328 -0.036686
-1.989 -1.49852 -3.02521 0.121352 -0.103657 -0.39638 -1.45439 -1.47525 -3.51142 0.214551 -0.025619 -0.42512
1.37249 1.46164 0.382744 0.327544 0.00718397 0.0255276 1.34546 1.39998 0.209378 0.176454 -0.067805 0.061086
-6.34111 -5.99541 -5.46841 0.0501818 -0.0233428 -0.0364499 -5.79965 -6.0758 -5.36973 0.047579 -0.024038 -0.008989
-12.783 0.480545 8.23497 -0.0552128 -0.0923782 0.0279499 -12.2807 -0.113221 8.6214 -0.036373 -0.132312 0.031216
-0.963062 -1.31756 3.31887 -0.14329 0.0820647 0.160051 -1.17792 -1.37753 2.95541 -0.21727 0.209376 0.192452
-1.09941 -1.48599 3.14563 -0.144337 0.0845923 0.132122 -1.29818 -1.54003 2.83767 -0.223019 0.228269 0.177328
-6.83208 -6.78696 -5.25582 -0.0251041 -0.0259418 -0.164699 -7.08913 -7.18228 -5.22921 -0.018382 -0.060815 -0.10967
-1.26403 -1.61795 2.96898 -0.153417 0.0820618 0.0931087 -1.46266 -1.66166 2.71474 -0.230567 0.25066 0.151503
1.93211 1.63955 0.412741 0.129512 0.00297121 -0.27755 2.00614 1.88051 -0.119561 0.029102 -0.126058 -0.093678
-1.30497 -1.62972 2.94204 -0.157963 0.0854731 0.0860138 -1.51404 -1.66815 2.7081 -0.230259 0.259093 0.148203
-1.14416 -1.70874 3.03408 -0.263897 0.0728892 0.074902 -1.31215 -1.76192 2.75416 -0.416391 0.205736 0.1165
-4.80263 -5.02 -4.5016 -0.151375 -0.0595099 -0.060897 -4.85085 -5.1086 -4.24176 0.088203 -0.058278 0.152754
-0.810918 -1.67432 3.28034 -0.402292 0.0476365 0.0820008 -0.958585 -1.76137 2.93118 -0.627141 0.139492 0.115705
-3.51104 -3.83409 0.557232 -0.155789 0.0852974 0.0798129 -3.69326 -3.83238 0.356987 -0.219021 0.249667 0.142989
-0.299355 -1.44245 3.66551 -0.53943 0.0271405 0.123553 -0.475596 -1.53375 3.22397 -0.808101 0.090088 0.161495
0.32019 -1.10465 4.12834 -0.65708 0.0124412 0.185299 0.066816 -1.15987 3.55776 -0.944427 0.046391 0.222529
-5.5274 -5.50275 -3.50037 0.0505295 -0.00733106 -0.0353367 -5.23226 -6.05933 -3.40736 0.067242 0.012342 -0.077056
-1.2917 -1.33885 3.03194 -0.0947657 0.14125 0.0210687 -1.5311 -1.34316 2.83598 -0.265914 0.347956 0.015907
-0.676102 -0.5545 -1.56115 -0.069152 0.022239 -0.141726 -0.806031 -0.477819 -2.39105 -0.122474 -0.020212 -0.140817
-1.26209 -1.27585 3.08058 -0.0801929 0.144938 0.0126075 -1.51057 -1.28045 2.85781 -0.257631 0.351917 0.007169
3.56748 3.24296 8.14208 -0.164268 0.0850293 0.0982101 3.27766 3.07856 7.8437 -0.254666 0.278392 0.158515
6.43142 28.3945 32.4501 -0.320699 0.00454125 0.250865 8.81395 27.2876 32.9825 -0.299291 -0.218258 0.099576
33.0192 33.516 33.2549 0.295366 0.071299 -0.096442 32.9862 32.6411 32.9991 0.182678 0.133555 0.055156
3.18581 2.43929 2.36618 -0.0772794 0.0810046 -0.35402 3.10801 3.23412 2.56291 -0.100579 -0.094028 -0.315289
1.62716 1.54256 1.00638 0.0748105 -0.148358 -0.0873326 2.11041 1.77122 1.27149 0.021168 0.02895 0.015077
1.05546 0.792747 0.500462 -0.442753 0.0494981 -0.0792363 1.03847 1.09719 0.243191 -0.517762 0.259466 -0.091965
3.43401 2.62425 2.54127 -0.081544 0.0741991 -0.363613 3.37522 3.4252 2.73882 -0.111309 -0.076215 -0.343547
-0.837095 -0.889007 -2.24168 -0.0107965 -0.276172 -0.678889 -0.706273 -0.538757 -2.6146 0.070889 -0.131382 -0.663707
33.5968 34.1411 33.827 0.405432 0.0151458 -0.112887 33.6214 33.2953 33.6256 0.289607 0.099044 0.119309
33.7486 34.3017 33.9639 0.455366 -0.0154166 -0.12046 33.801 33.4807 33.7821 0.338266 0.084656 0.163366
-1.0017 -0.841983 3.42755 -0.010946 0.165722 -0.00774324 -1.28783 -0.877909 3.12916 -0.240476 0.364192 -0.004855
-3.54501 -3.6585 -4.13579 0.0735623 -0.125278 -0.0729591 -3.08857 -3.37044 -3.89075 0.014158 0.035857 0.024854
-0.944515 -0.745521 3.50938 0.00294262 0.16802 -0.0101424 -1.23136 -0.790095 3.20553 -0.244522 0.372465 -0.006728
-0.879671 -0.651645 3.59229 0.015881 0.170093 -0.0121776 -1.17155 -0.719638 3.26568 -0.240699 0.368972 0.000426
-0.809619 -0.558731 3.67431 0.0294158 0.169648 -0.01563 -1.10333 -0.637431 3.33215 -0.233849 0.372384 -0.005127
6.28888 5.96994 11.0152 -0.163569 0.0779179 0.0958097 5.91977 5.69577 10.6425 -0.267313 0.289212 0.165406
0.185274 0.0678025 -0.130191 -0.0317624 -0.0446358 0.0435964 0.055109 0.060532 0.070065 0.000222 -0.005533 0.01548
0.236105 0.0615277 -0.115939 -0.119091 -0.15943 -0.0619724 0.103721 0.041274 0.065154 -0.128266 -0.144861 -0.119695
-0.144392 0.055966 0.192608 0.0322107 0.0252915 0.0237211 0.061016 0.056738 0.060633 -0.006318 -0.002638 -0.007539
-0.0583331 0.130015 0.267785 0.0333677 0.025244 0.0246186 0.15297 0.134039 0.132232 -0.003251 -0.002001 -0.003428
0.191115 0.0636186 -0.127987 -0.155349 -0.183023 -0.0832224 0.058693 0.060124 0.068331 -0.186897 -0.183617 -0.154764
-0.123693 0.0853895 0.261309 0.0106994 0.00478043 -0.00785705 0.070584 0.100867 0.11321 -0.000289 -0.006214 -0.003801
0.287669 0.0667646 -0.110536 -0.229768 -0.29049 -0.178247 0.164501 0.009863 0.053942 -0.268641 -0.295943 -0.266537
-0.369123 -0.207705 -0.0510514 -0.00723405 -0.00135525 -0.0246909 -0.159869 -0.182274 -0.192525 -0.008998 -5e-05 -0.011513
0.0111196 0.223104 0.386111 -0.00983462 -0.00951637 -0.0327645 0.196669 0.226162 0.227004 -0.007515 -0.002644 -0.01194
0.172362 0.0663744 -0.136324 0.201499 0.215228 0.28815 0.063262 0.058585 0.092784 0.369305 0.330933 0.342369
0.197197 0.0747646 -0.114515 -0.303841 -0.359012 -0.244805 0.067182 0.084096 0.085067 -0.407029 -0.417685 -0.380669
-1.46018 -1.54552 -1.29841 -0.0305591 -0.0357087 0.0366458 -1.56809 -1.54249 -1.03068 0.004077 -0.004016 0.011209
0.27679 0.0731417 -0.109134 -0.349608 -0.427706 -0.291743 0.180087 0.041805 0.053738 -0.45821 -0.446809 -0.406617
0.227584 0.0684093 -0.113099 -0.381019 -0.442362 -0.314677 0.128936 0.072826 0.070705 -0.515427 -0.484724 -0.437257
0.149191 0.0708247 -0.143578 0.298187 0.333222 0.409189 0.055427 0.078375 0.120019 0.523694 0.480479 0.486528
0.156326 0.0675412 -0.143582 0.312471 0.340779 0.412453 0.071652 0.077541 0.119974 0.53551 0.493233 0.499359
0.175509 0.0799416 -0.134557 0.347261 0.397245 0.459919 0.094591 0.092022 0.131861 0.590843 0.599971 0.592983
-0.673425 -0.804686 -1.92583 0.157713 -0.191038 -0.479662 -0.529393 -0.725716 -2.14121 0.074885 -0.189389 -0.292883
0.64509 0.62072 0.829796 -0.0315562 -0.00530459 -0.0671344 0.823435 0.646288 0.660322 -0.01678 0.008653 -0.016377
-0.587549 -0.290293 3.91819 0.0790354 0.174404 -0.0295451 -0.895972 -0.415403 3.54523 -0.207609 0.381839 0.002918
-0.665406 -0.788805 -1.94129 0.16229 -0.181612 -0.474231 -0.521373 -0.730699 -2.14991 0.079946 -0.185326 -0.280927
-2.89382 -2.95873 -2.28784 -0.0297156 -0.0233439 0.0369986 -2.96534 -2.90703 -1.89739 0.009972 0.001803 0.011947
3.48707 3.29844 2.21989 -0.0292576 -0.0593698 0.0461405 3.3126 3.24291 2.24829 0.004602 -0.008121 0.008041
3.49153 3.31242 2.21249 -0.0317509 -0.0617106 0.0491282 3.32311 3.2556 2.23944 -0.004098 -0.00705 0.015292
-3.7923 -1.24104 -3.45796 2.86168 0.146335 -0.809604 -3.56186 -0.559485 -3.03077 2.84477 0.164064 -0.291851
-3.90322 -3.97619 -4.07494 -0.023887 -0.011033 0.0333411 -3.89396 -3.84452 -3.75197 0.015318 0.004402 -3e-06
-4.29982 -4.33813 -3.30135 -0.0294224 -0.0171663 0.0350859 -4.32558 -4.25469 -2.84067 0.020745 -0.000197 0.014447
4.72003 4.54865 4.27294 -0.0386096 -0.0705158 0.0534861 4.48753 4.42288 4.3971 -0.009745 -0.008582 0.037284
5.25405 5.0678 3.46063 -0.0339587 -0.0716917 0.0529053 5.09598 4.99644 3.39197 -0.013444 -0.014485 0.02029
0.0349694 0.0621287 -0.513913 0.00619746 -0.0160756 -0.0495807 -0.038317 -0.026773 -0.039009 -0.008197 -0.007913 0.000744
0.065538 0.0404494 -0.479706 0.182715 0.0495249 0.00334864 -0.01921 -0.037524 -0.01723 0.244724 0.004443 -0.007648
0.0569047 0.0594398 -0.496569 -0.0151557 0.244318 0.206897 -0.021206 -0.031072 -0.007323 -0.002427 0.248928 0.249457
0.671223 0.647372 0.409201 0.00881388 0.0589409 -0.0055002 0.564514 0.531121 0.962759 0.003894 0.023425 -0.009408
-0.535188 -0.514454 -1.39453 -0.030722 0.0432462 0.0112348 -0.566967 -0.557554 -0.970737 -0.009432 -0.013665 -0.000747
0.0703722 0.0234371 -0.456031 0.376131 0.0469175 0.00192665 -0.020292 -0.046347 -0.003985 0.489014 0.005097 -0.009932
0.0497863 0.0409052 -0.468506 -0.00628468 0.349047 0.325501 -0.022582 -0.05197 0.05294 0.002224 0.382122 0.405068
-0.10349 0.192748 0.344043 0.0159226 0.00102583 -0.0387436 0.082783 0.323139 0.15763 0.049139 0.000728 0.012883
0.051962 0.0556984 -0.48713 -0.0119495 0.401743 0.382031 -0.024127 -0.034319 0.0214 -0.003728 0.445545 0.465225
0.100435 0.078113 -0.474843 -0.000587121 -0.318288 -0.391883 0.016725 0.001898 -0.037398 0.008053 -0.457411 -0.502317
0.0579791 0.0205226 -0.41719 0.498157 0.0438357 -0.000122697 -0.038102 -0.048554 0.025019 0.633979 -0.005471 -0.017825
0.0765837 0.00871407 -0.428755 0.567581 0.0439659 0.000121175 -0.018917 -0.052852 0.01218 0.730937 0.006111 -0.012926
-1.40071 -1.42466 -1.63171 0.00878383 0.0586212 0.008719 -1.45899 -1.48119 -1.08445 0.021428 0.026373 -0.004141
1.65388 1.67758 0.748798 -0.03665 0.047651 -0.00458053 1.58282 1.6 1.16323 -0.02201 -0.012304 -0.012051
0.0503976 0.0307329 -0.453147 -0.00061167 0.498246 0.48887 -0.018145 -0.070019 0.089129 0.00297 0.56877 0.616673
0.137693 0.106001 -0.44568 0.00858474 -0.436856 -0.536028 0.062344 0.040367 -0.035996 0.022572 -0.594004 -0.679966
1.29555 1.24772 1.33087 0.0276404 0.0673703 -0.0139795 1.14365 1.09414 1.94051 0.010312 0.043953 -0.02039
0.12778 0.090891 -0.452775 0.00899179 -0.502895 -0.590251 0.059083 0.030652 -0.023854 0.012245 -0.687124 -0.747501
-0.320686 0.0848035 4.19606 0.121288 0.171546 -0.0516651 -0.637541 -0.13446 3.75886 -0.179257 0.38832 0.006147
-1.97747 -1.98293 -2.50433 -0.00914397 0.0482038 0.0161353 -2.00389 -2.00208 -2.0183 0.015917 0.005431 -0.001654
2.23858 2.24 1.64464 -0.0147772 0.052609 -0.0131093 2.11267 2.10891 2.10632 -0.016814 0.001312 -0.017394
-12.7567 0.263748 9.90609 0.0184625 -0.0509997 0.0180178 -12.0208 -0.287408 10.2411 -0.041151 -0.189634 0.027756
-1.6422 -1.58432 -3.03424 -0.0733709 0.0166044 0.0132552 -1.60908 -1.56897 -2.70628 -0.023776 -0.05605 -0.021791
-1.64205 -1.58345 -3.07146 -0.071863 0.0250592 0.0181194 -1.6074 -1.55847 -2.76529 -0.022699 -0.048337 -0.007394
2.00671 1.92569 2.37547 0.0428711 0.0776952 -0.0252403 1.8251 1.74294 3.08358 0.011061 0.064275 -0.029743
2.06967 1.98137 2.46795 0.0403996 0.0792392 -0.0269324 1.87809 1.78986 3.17354 0.010884 0.063489 -0.031136
117.149 118.2 119.52 -0.312025 0.0757423 -0.213754 115.952 117.6 117.3 0.147896 0.066157 0.607228
-2.84144 -2.8825 -2.7475 0.0240786 0.0611153 0.0154991 -2.8809 -2.91885 -2.13909 0.039102 0.044469 -0.002935
-3.01892 -3.0457 -2.89888 0.0194887 0.0575895 0.0199587 -3.08355 -3.10833 -2.30099 0.034059 0.037475 -0.001941
116.668 117.051 118.205 -0.58445 0.0146507 -0.0850705 114.671 115.632 115.132 -0.309024 -0.106127 1.00076
-1.72191 1.63128 -0.164419 3.35778 0.0865613 0.0338985 -1.65578 1.58022 -0.221756 3.45116 -0.015166 -0.212394
-12.4084 0.440476 10.3204 -0.0418573 -0.0665794 0.0228233 -11.6459 -0.062116 10.6523 -0.040698 -0.145721 0.016516
-5.70767 -5.75434 -5.82822 -0.0219382 0.00255008 0.0237681 -5.61348 -5.53087 -5.41619 0.028709 0.004157 -0.004898
-5.71973 -5.75928 -5.83616 -0.0211814 0.00873822 0.0242408 -5.63869 -5.54269 -5.42948 0.022009 0.008566 -0.008679
-0.161158 0.351622 4.35014 0.154174 0.156068 -0.0617664 -0.478225 0.063625 3.8895 -0.143367 0.381917 0.015844
-3.88923 -3.88582 -4.37196 -0.00650798 0.0489955 0.0236117 -3.85882 -3.85281 -3.87246 0.029339 0.012379 0.004199
4.52907 4.52662 3.88951 -0.0153322 0.048674 -0.033095 4.37434 4.35002 4.36571 -0.039807 -0.008558 -0.022124
4.56813 4.57645 3.94231 -0.0204892 0.0567565 -0.0324812 4.41203 4.391 4.41183 -0.038173 0.002432 -0.02781
4.69034 4.68614 4.05882 -0.0181012 0.0595011 -0.0354835 4.53634 4.50546 4.54008 -0.037266 0.004858 -0.027905
4.82728 4.90144 3.30762 -0.0917813 0.00788535 -0.0328649 4.76379 4.77672 3.57055 -0.087644 -0.089163 -0.040749
4.88971 4.9878 3.30725 -0.102639 0.0316549 -0.0222512 4.82998 4.87578 3.54307 -0.081211 -0.05279 -0.020807
7.1887 6.99712 6.68281 -0.0393048 -0.0842554 0.0580688 6.92486 6.8304 6.77834 -0.007249 -0.015594 0.044253
-12.6407 0.283078 10.266 0.0121866 -0.0527198 0.0175591 -11.8807 -0.261575 10.5948 -0.043003 -0.187561 0.025286
-4.68239 -4.47671 -3.58969 -0.0391398 0.17663 0.0184602 -4.82268 -5.01142 -3.74857 -0.051542 0.164501 0.037609
11.1534 11.4612 10.3941 -0.0633 0.0745836 -0.121828 10.6096 10.859 9.97454 -0.107754 0.093831 -0.067425
-12.351 0.427844 10.6204 -0.0387275 -0.0627047 0.0220746 -11.5455 -0.059636 10.9498 -0.039709 -0.148447 0.012248
115.845 116.497 117.028 -0.800175 -0.198541 -0.00333431 113.271 114.651 113.419 0.002895 -0.105863 0.529645
-5.65687 -5.62777 -6.08208 -0.00904147 0.0537514 0.0241073 -5.54973 -5.53259 -5.54858 0.042645 0.024496 -0.003507
1.28521 1.36941 1.05669 0.266706 0.100472 -0.339909 1.45255 1.76491 0.687068 0.423049 0.104712 -0.408893
-6.0885 -6.04591 -6.52363 -0.00346944 0.0475639 0.0341049 -6.04891 -6.01235 -6.07692 0.037011 0.000427 0.014638
2.43884 -0.419391 1.45002 -1.12462 -0.535713 -0.669292 2.68547 -0.090463 1.39565 -1.54058 -0.695447 -1.01001
7.00347 7.01026 6.33138 -0.0223174 0.0553966 -0.0510225 6.81734 6.78597 6.80897 -0.061156 -0.000736 -0.032815
-6.69753 -3.89022 -6.41221 2.40676 0.22273 -0.826719 -6.00753 -3.05491 -6.33054 2.56072 0.032896 -0.833864
0.14625 0.945015 4.51438 0.218546 0.0737741 -0.0629242 -0.085933 0.53509 4.03181 -0.026971 0.314288 0.015659
1.0601 -1.46769 0.329919 -1.12058 -0.636378 -0.768032 1.43136 -1.11168 0.381288 -1.46264 -0.803666 -1.16888
0.193213 1.23493 4.49625 0.27991 0.0334654 -0.0597188 0.036408 0.77564 4.04143 0.088017 0.26492 -0.019836
3.19416 0.191314 2.10429 -1.13357 -0.476312 -0.618574 3.36547 0.500975 1.99728 -1.57613 -0.613422 -0.940789
7.45411 7.42783 6.77526 -0.0143369 0.067144 -0.064071 7.27113 7.2182 7.27981 -0.050578 0.011409 -0.035703
0.365076 -2.11749 -1.98947 -1.99538 0.532761 0.203057 0.733145 -1.89376 -1.99976 -2.04965 0.449506 0.078254
-4.5558 -4.52879 -4.12683 -0.021744 0.0309042 -0.00340284 -4.7896 -4.75155 -4.3332 -0.002343 0.105669 -0.025451
2.61077 2.66221 2.44776 0.266038 0.154098 -0.301483 3.01521 3.02785 1.99219 0.374639 0.080839 -0.30959
-12.2333 0.393627 11.208 -0.0241271 -0.0515668 0.0192759 -11.3245 -0.052516 11.5424 -0.03384 -0.162124 0.005621
2.41815 2.78304 2.65847 0.0775033 0.129089 -0.244074 2.64819 2.68702 2.46092 0.113953 0.097559 -0.238029
4.00596 1.7285 1.76848 -1.8693 0.616487 -0.0397973 4.45339 1.73191 1.82929 -2.08206 0.627175 -0.044192
2.9695 3.30256 3.15185 0.102873 0.128673 -0.244113 3.31003 3.27633 2.90986 0.149237 0.082646 -0.267351
-3.32468 -6.41098 -5.80573 -1.90515 0.287788 0.309994 -2.76 -5.87581 -5.47343 -1.91982 0.071324 0.22303
4.09435 0.334509 2.71079 -1.62398 0.272334 0.899598 4.80496 0.282683 2.83865 -1.60018 0.344634 0.876728
-2.12319 -4.20811 -2.66991 -1.30511 -0.957325 -0.879809 -1.65777 -3.84932 -2.3887 -1.40189 -1.11082 -1.45321
3.53731 3.6715 3.51874 0.242103 0.167492 -0.278278 4.14754 3.94799 3.03894 0.325876 0.073785 -0.249062
0.263204 -0.0646485 -0.277041 -0.09637 0.241429 -0.116402 0.088641 0.094561 0.083451 -0.000943 0.001416 -0.007264
0.250905 -0.0959921 -0.287477 0.0361208 0.250033 -0.116587 0.094786 0.074155 0.08207 0.195458 0.007477 -0.010936
0.258112 -0.0858243 -0.278676 0.0574619 0.239998 -0.11513 0.097586 0.082247 0.088964 0.228379 -0.0013 -0.008853
0.26175 -0.0513319 -0.278116 -0.253357 0.246424 -0.117958 0.080361 0.103253 0.077771 -0.232814 0.00598 -0.006206
0.260863 -0.0518543 -0.266437 -0.100899 0.456963 -0.117641 0.090817 0.096522 0.089397 -0.005236 0.234311 -0.011284
0.249701 -0.115635 -0.284591 0.166005 0.253372 -0.116651 0.114807 0.066101 0.085346 0.377845 0.003869 -0.014066
-0.31318 -0.970766 -0.902192 -0.0802882 0.224653 -0.123812 -0.453992 -0.865462 -0.484716 0.007832 -0.005332 -0.01799
0.251572 -0.110338 -0.28331 0.174253 0.251285 -0.115677 0.114 0.071672 0.091863 0.394824 0.007475 -0.012564
-0.330941 -1.00432 -0.921226 -0.07952 0.227414 -0.121159 -0.46855 -0.910519 -0.50067 0.009529 -0.002893 -0.015969
0.25108 -0.10511 -0.307156 -0.0934305 -0.147971 -0.113601 0.080617 0.068105 0.061173 0.001219 -0.423131 1.1e-05
0.256768 -0.0502487 -0.295675 -0.094469 0.240908 0.202701 0.102432 0.119648 0.071532 -0.001396 -0.005847 0.438293
-0.343526 -1.02831 -0.934719 -0.0789534 0.229425 -0.119244 -0.478215 -0.945008 -0.512143 0.010367 -0.000667 -0.014822
0.263269 -0.0863575 -0.292449 -0.0888884 -0.176142 -0.113024 0.088786 0.090661 0.075702 0.007064 -0.454595 -0.000178
0.26317 -0.0359483 -0.273133 -0.410088 0.250022 -0.118731 0.076081 0.118086 0.08333 -0.463504 0.007916 -0.004957
0.258016 -0.100037 -0.270679 0.22551 0.231698 -0.112623 0.105889 0.07633 0.100494 0.479358 -0.008792 -0.005267
0.268756 -0.031635 -0.270408 -0.419492 0.250947 -0.11857 0.083895 0.120867 0.080879 -0.481866 0.009421 -0.006519
0.853309 0.593037 0.668438 -0.0975025 0.257595 -0.124034 0.647455 0.690569 1.08868 0.00429 0.010383 -0.017784
0.871293 0.612793 0.694964 -0.0968646 0.251304 -0.124038 0.657836 0.704116 1.11538 0.005165 0.005605 -0.015085
0.246698 -0.142802 -0.272524 0.270248 0.276928 -0.121136 0.136351 0.046234 0.085095 0.504784 0.010831 -0.029476
0.251815 -0.0469226 -0.301033 -0.100468 0.252297 0.294978 0.114532 0.132888 0.059275 -0.026677 -0.004145 0.555374
0.255169 -0.0763612 -0.271739 -0.108781 0.256105 -0.522527 0.070256 0.054406 0.109842 0.008956 0.030651 -0.560191
0.252052 -0.124338 -0.276765 0.312904 0.253111 -0.113816 0.131377 0.069101 0.101027 0.5896 0.00552 -0.015279
0.250726 -0.0222373 -0.265766 -0.494428 0.251899 -0.113358 0.041017 0.142538 0.099591 -0.570954 0.01533 0.013509
0.250119 -0.11134 -0.309534 -0.0890539 -0.347477 -0.111215 0.079656 0.068715 0.056927 0.005478 -0.64143 0.003574
0.244408 -0.0115011 -0.227735 -0.109271 0.83934 -0.121619 0.096689 0.138871 0.150112 -0.007768 0.643174 -0.021173
0.255789 -0.0108485 -0.228415 -0.109694 0.871732 -0.120606 0.096112 0.123549 0.124934 -0.012477 0.685175 -0.019363
0.25618 -0.117704 -0.262217 0.387667 0.226841 -0.110361 0.11511 0.07093 0.117602 0.717516 -0.012771 -0.00636
-0.86259 -1.81861 -1.49794 -0.0540638 0.207077 -0.131059 -0.975171 -1.74701 -1.02621 0.023447 -0.005146 -0.03048
-1.5254 -1.20706 -1.37364 -0.106842 0.243155 -0.121127 -1.78487 -0.978357 -0.958383 -0.031122 0.006132 -0.025325
-0.867602 -1.85276 -1.50344 -0.0619956 0.204941 -0.130376 -0.9689 -1.79224 -1.02235 0.022291 -0.010915 -0.028747
-1.54661 -1.2107 -1.38128 -0.104052 0.238552 -0.118909 -1.81628 -0.979704 -0.962698 -0.026685 0.003358 -0.024449
-0.88314 -1.33038 -2.13151 -0.0973315 0.216144 -0.0988407 -0.97522 -1.04504 -1.8796 -0.010288 -0.012526 0.011475
1.42825 1.22569 1.54952 -0.106341 0.294882 -0.134103 1.19506 1.25968 1.99373 -0.00648 0.031534 -0.021659
1.41927 1.22866 1.56721 -0.0968326 0.286922 -0.131108 1.19551 1.26655 2.03765 0.00897 0.028731 -0.016058
2.14313 1.1156 0.869084 -0.0978611 0.252661 -0.116128 2.07821 1.20599 1.17207 0.019248 0.006846 0.007857
1.48544 1.85107 1.05028 -0.132699 0.274714 -0.107547 1.24284 2.16875 1.28502 -0.022768 0.012013 0.013615
-23.4624 -16.4751 -16.767 -0.0067573 0.0865097 -0.116753 -24.0907 -14.9743 -15.5498 0.100753 0.066422 -0.012265
-1.40527 -2.69747 -2.08194 -0.0374484 0.186213 -0.136862 -1.48301 -2.66709 -1.55485 0.036919 -0.016906 -0.039888
-1.40677 -2.7167 -2.08404 -0.0425996 0.185185 -0.136438 -1.47077 -2.68911 -1.54613 0.037787 -0.017909 -0.036986
-1.38279 -1.87568 -2.95175 -0.100291 0.191032 -0.0912168 -1.44008 -1.52786 -2.74646 -0.012524 -0.027729 0.016101
-1.51237 -2.89767 -2.19448 -0.0454975 0.206877 -0.125257 -1.56385 -2.93908 -1.65652 0.03456 0.006222 -0.03242
2.06558 2.66001 1.67769 -0.172675 0.312645 -0.0958866 1.8113 3.0019 1.84554 -0.051096 0.027564 0.029625
3.07634 1.72202 1.45652 -0.0983903 0.248553 -0.112415 3.06689 1.79271 1.74289 0.028987 -0.001314 0.014888
2.05127 2.71229 1.66593 -0.153485 0.309639 -0.0969907 1.79119 3.07937 1.83957 -0.035302 0.035366 0.03087
1.67561 -2.43495 0.167965 -1.99644 0.270406 0.910287 2.22922 -2.42872 0.575047 -1.7474 0.369799 0.880277
1.30847 0.417318 -3.27676 0.710248 0.447702 0.501218 0.682737 0.233509 -3.04579 0.649767 0.74264 0.578271
-6.19729 -6.07025 -4.04428 0.0467338 -0.012718 -0.0352905 -6.06731 -6.80246 -4.0747 0.059018 0.012595 -0.070576
1.28776 3.69034 0.515308 2.92023 0.197101 0.0363414 1.17195 3.43686 0.239484 2.59379 0.139698 0.397851
11.6138 9.00796 10.8492 -0.912245 -0.128546 0.687651 12.4899 8.59236 10.5523 -1.36719 0.116374 0.845233
2.4283 4.88899 1.76754 3.0425 0.148005 0.0507161 2.18707 4.6525 1.44091 2.67037 0.070493 0.413634
-11.6475 -11.3592 -12.4335 -0.0251312 0.115753 -0.0488777 -11.5203 -11.469 -12.4351 -0.053637 0.023431 -0.070363
-0.197189 -0.212143 0.510701 -0.0130652 0.135197 -0.0478796 -0.084477 -0.084224 -0.085589 -0.011454 0.00294 0.00989
-0.10246 0.611397 -0.117959 -0.0527337 0.135281 -0.0100066 0.060992 0.051108 0.018051 -0.004978 -0.000312 -0.013992
-0.106525 0.587517 -0.120433 0.117008 0.171472 -0.0165809 0.05696 0.03024 -0.005897 0.206148 0.008278 -0.018711
-0.10009 0.602974 -0.115985 0.144262 0.169834 -0.00871081 0.067267 0.044978 0.011627 0.241951 0.006933 -0.006688
-0.109814 0.647219 -0.168136 -0.0805869 0.107087 0.168733 0.031639 0.08786 -0.044566 -0.02409 -0.016026 0.247221
-0.108402 0.563785 -0.113915 0.27379 0.208452 -0.0234678 0.061514 0.011992 -0.017162 0.402787 0.007531 -0.019216
-0.101595 0.598906 -0.108913 -0.118539 -0.239747 0.000614082 0.091292 0.018044 0.001002 -0.023233 -0.42767 -1.6e-05
-0.72252 -0.407767 -0.766019 -0.0468195 0.135956 -0.049802 -0.485456 -0.939021 -0.593484 -0.001836 -0.010045 -0.039313
-0.0939018 0.618096 -0.107634 -0.120283 -0.256124 0.00194106 0.097007 0.041082 0.007101 -0.019591 -0.468507 -0.004703
0.481067 1.2483 0.823849 -0.0592796 0.133266 -0.0451276 0.597695 0.661936 1.00641 -0.020535 0.002205 -0.048694
0.847303 1.22257 0.470552 -0.0536666 0.135239 -0.0181913 1.06694 0.601802 0.56597 -0.000752 -0.015482 -0.015421
-0.08088 0.509505 -0.00920226 -0.0578908 0.154985 -0.427709 0.059779 -0.015685 0.1165 -0.025454 0.016542 -0.602548
-0.092541 0.62344 -0.127399 0.0295376 0.700338 -0.0311843 0.026148 0.110651 0.035312 0.000934 0.650552 -0.045252
-0.0770254 0.506424 -0.0110077 -0.0603677 0.150675 -0.443947 0.072951 -0.006552 0.110337 -0.032248 0.01371 -0.630157
-0.0950963 0.614055 -0.118157 0.0474582 0.724093 -0.0235791 0.03903 0.101688 0.056587 0.014193 0.70191 -0.02733
-0.105509 0.63849 -0.106725 -0.645035 0.0335713 -0.0128016 0.041231 0.077813 0.051334 -0.753779 -0.013675 -0.030635
-1.61372 -0.624515 -1.62213 -0.0549923 0.138306 0.0227926 -1.44208 -1.07338 -1.46373 -0.000817 0.016886 0.016389
1.33588 0.865608 -3.26808 0.601605 0.416089 0.224748 0.876424 0.520479 -3.25889 0.719478 0.579024 0.378388
1.48288 2.23214 1.13068 -0.0639048 0.134815 0.0223809 1.6061 1.57036 1.15033 -0.01831 0.007985 0.004854
1.52079 2.28776 1.16482 -0.0562858 0.134301 0.0249259 1.66691 1.64698 1.20852 -0.005375 -0.00294 0.011292
1.52423 1.95165 1.51647 -0.046133 0.131409 -0.0496954 1.67433 1.25865 1.63467 -0.006237 -0.00577 -0.043793
1.16757 2.36431 1.5805 -0.0545321 0.131819 -0.0013605 1.18376 1.73841 1.71746 -0.013888 0.021173 -0.011668
-2.01648 -0.617035 -1.28375 -0.0586648 0.136903 0.000895203 -1.93789 -1.02492 -1.04172 -0.017115 0.02969 -0.010438
-0.356972 -0.388752 0.260501 -0.0185458 0.0701657 -0.105798 -0.25179 -0.278921 -0.301386 -0.051962 -0.026927 -0.051613
1.13996 2.5958 1.19585 -0.0747714 0.135455 0.0717249 1.15274 1.99502 1.23336 -0.035384 0.041767 0.031811
1.14388 1.99371 1.89945 -0.0477444 0.128677 -0.0769421 1.1809 1.33651 2.14826 -0.017048 0.018259 -0.066726
0.74719 1.30192 1.68485 0.134228 0.0693553 -0.0853639 0.745795 0.894452 1.39599 0.108802 0.0614 -0.10292
-1.86089 -2.31285 -1.9445 -0.0251174 0.13583 -0.121882 -1.46975 -2.7266 -1.69236 0.027954 -0.038852 -0.087155
-1.94959 -2.46777 -2.04193 -0.0364412 0.136668 -0.118297 -1.53814 -2.92713 -1.7793 0.007568 -0.029009 -0.087457
-8.67542 -8.87066 -8.16718 -0.177498 -0.0904508 -0.0695859 -8.91217 -9.23653 -8.23631 0.035105 -0.063008 0.118925
2.79593 2.51551 1.72426 -0.0448151 0.132565 -0.0364436 3.07987 1.72296 1.64805 0.009677 -0.042605 -0.027407
2.80221 2.5219 1.72824 -0.0410979 0.133318 -0.0281175 3.11796 1.7247 1.66805 0.009808 -0.044446 -0.015729
1.29655 1.79504 2.29984 0.227231 0.0723542 -0.110542 1.26295 1.30655 2.00251 0.207075 0.072946 -0.145395
-3.18163 -2.58916 -2.52955 -0.044474 0.137174 -0.0708148 -2.93658 -2.9116 -2.1894 -0.000896 0.002301 -0.058169
-2.47634 -2.6409 -3.2577 -0.0408502 0.139688 -0.0271476 -2.03152 -3.03976 -3.08144 0.028377 -0.036494 -0.007278
3.08205 3.20753 3.0351 -0.0585476 0.1297 -0.0961066 3.20465 2.42243 3.08127 -0.032201 -0.007061 -0.090103
3.13071 3.91666 2.44277 -0.0651276 0.133248 0.0622172 3.24087 3.17808 2.35238 -0.019353 0.009252 0.031801
3.25438 4.09052 2.55356 -0.0489467 0.133252 0.063246 3.38495 3.37293 2.45784 0.001708 -0.006371 0.031465
0.456157 1.03241 1.29085 0.089255 0.035818 -0.0423208 0.425549 0.642323 0.986688 0.044104 0.029053 -0.041777
-1.28928 -0.868367 -0.683274 -0.00692841 0.151865 -0.136484 -0.934443 -0.814321 -0.908243 0.100648 0.022118 -0.111369
-4.44164 -2.9391 -4.42122 -0.0558096 0.143074 0.0770071 -4.15387 -3.12474 -4.11394 0.01917 0.01761 0.075146
-4.63129 -4.10359 -3.65835 -0.0405904 0.137185 -0.0947707 -4.33119 -4.29117 -3.22449 0.002414 0.002231 -0.083865
-3.47583 -4.00806 -4.55855 -0.0161297 0.133921 -0.0555382 -2.93285 -4.2393 -4.27448 0.078407 -0.067425 -0.009814
-3.4891 -4.03481 -4.58408 -0.0208214 0.14063 -0.0341755 -2.91162 -4.29176 -4.34098 0.069897 -0.059981 0.006567
4.77302 4.59331 4.70162 -0.0564796 0.131762 -0.132897 4.87685 3.68632 4.68836 -0.039706 -0.021173 -0.116236
4.77609 4.58694 4.73251 -0.0479215 0.121801 -0.140341 4.90688 3.6623 4.78208 -0.036349 -0.015149 -0.120194
4.81793 5.60566 3.80349 -0.0778705 0.128796 0.0962445 4.93013 4.81285 3.60596 -0.032978 0.008159 0.042104
3.66863 5.74028 4.9155 -0.0963361 0.124985 0.0267704 3.44148 4.99579 4.96883 -0.106364 0.073094 -0.037993
3.67249 5.76948 4.93002 -0.0840487 0.123778 0.0205455 3.44051 5.0355 5.02575 -0.091185 0.074636 -0.036043
4.96028 4.77388 4.94904 -0.0244761 0.121103 -0.143475 5.11851 3.82427 5.10185 -0.005261 -0.010952 -0.10407
2.52805 3.36393 -3.67477 0.128637 -0.0664223 -0.107776 2.22546 2.91442 -4.98883 0.144139 0.074229 -0.020328
-1.27642 -0.458332 -1.11255 -0.337955 0.165356 -0.194451 -0.816732 -0.62931 -1.25903 -0.271568 0.081198 -0.351596
2.55441 2.83235 3.51025 0.382743 0.0208313 -0.0847923 2.44033 2.22294 3.17384 0.326579 0.047815 -0.123809
-1.7558 0.701883 -2.31273 2.93727 0.625432 -0.671599 -1.23273 0.561726 -1.72561 3.05032 0.783865 -1.19552
-0.611225 -1.03675 -0.721423 -0.0684278 -0.897102 -0.185715 -0.184811 -0.997187 -0.642615 -0.093667 -1.15648 0.259998
8.28569 9.13274 1.66434 0.135955 -0.0609695 -0.109088 7.68942 8.4219 -0.078607 0.159285 0.090757 -0.025891
3.27181 3.4271 4.19018 0.428985 -0.00328171 -0.0806394 3.14218 2.8152 3.84789 0.374757 0.000288 -0.10425
-13.1362 -13.2503 -13.7269 0.0671388 -0.101869 -0.0593432 -12.9936 -13.1596 -13.6546 0.037028 0.0492 0.021263
-4.98015 -11.1486 -7.96377 -2.0053 -0.728652 -0.271071 -4.36791 -10.9963 -7.0653 -2.10998 -0.363279 -0.683828
-9.4635 -9.65865 -8.90506 -0.180289 -0.0939694 -0.0723104 -9.74616 -10.0785 -9.05435 0.019847 -0.060357 0.111113
3.04129 3.70571 3.96425 -0.306882 -0.0286816 0.229527 2.49003 3.13952 3.34481 -0.273961 0.083863 0.031429
-5.2423 -5.1765 -4.73265 -0.016624 0.020446 0.00279147 -5.59767 -5.57497 -5.01064 -0.010563 0.092409 -0.023797
3.48569 4.15323 4.33175 -0.326872 0.00282388 0.217543 2.91904 3.57277 3.73464 -0.257377 0.141227 0.012049
-0.684837 0.75802 0.745871 0.0522306 -0.0701044 -0.107967 0.056891 0.106816 0.02341 0.081247 -0.105445 -0.235975
0.658665 3.3548 -2.83982 -0.140045 -0.0233669 0.185072 1.20475 3.01601 -2.12392 -0.351211 -0.051284 0.066375
0.5881 3.67203 -2.97462 0.280009 -0.0807025 0.0877011 1.18903 3.60784 -2.74438 0.321181 0.036151 0.072523
2.93999 5.74163 -0.554322 -0.143607 -0.0241723 0.194094 3.4637 5.34841 0.048817 -0.324336 -0.052042 0.072278
-4.88601 -4.73621 -3.67045 -0.0334437 0.176057 0.0109062 -5.32953 -5.49595 -4.0413 -0.04259 0.169856 0.036817
1.60392 1.74957 -7.3117 -0.0945538 0.113392 -0.0467405 1.75102 1.79061 -9.01881 -0.012951 0.104205 0.070406
4.98664 5.59111 5.92547 -0.130667 0.123502 0.0299741 4.93955 5.11212 5.47401 -0.17181 0.274404 -0.110859
1.72364 4.23424 4.63793 0.402271 -0.963364 -0.00699089 2.16602 3.35261 3.58163 0.486817 -1.00955 -0.049281
9.62955 10.7566 8.17036 -1.32032 0.299865 -1.94975 9.30511 10.0544 7.59049 -1.6989 -0.124955 -1.79912
1.8564 1.83334 -6.83416 -0.0280016 0.155894 -0.121116 1.91639 2.09555 -8.51332 0.09149 0.234226 -0.179586
-3.60826 -1.01075 -6.82149 -0.149968 -0.0684272 0.0861616 -2.86348 -0.962572 -6.1193 -0.115114 0.068734 0.029185
-23.3908 -15.5708 -12.1604 -0.0493962 -0.0580247 -0.161707 -23.7297 -14.4571 -11.7176 0.031245 -0.010842 -0.041465
2.4117 2.61797 -5.21365 0.133993 0.0861101 -0.444 2.39045 2.8736 -7.01261 0.299505 0.120768 -0.640448
-3.33077 -3.1798 -11.5336 -0.100483 0.130439 -0.0581351 -2.83208 -2.79192 -12.8511 -0.005307 0.093333 0.068648
-5.52384 -5.43946 -4.97595 -0.0147809 0.0167983 0.00546524 -5.95412 -5.95271 -5.3034 -0.012395 0.084696 -0.024819
-27.4624 -27.3949 -25.3833 0.0359022 -0.08676 -0.0511894 -28.1723 -27.9618 -25.9504 0.02159 -0.157354 -0.056078
5.66336 5.44505 6.49578 0.557093 -0.0704896 -0.0303515 5.4752 4.90988 6.0967 0.450404 -0.17793 -0.099831
12.257 13.7724 11.0433 -1.19662 0.318398 -1.74819 11.8733 13.1263 10.6729 -1.5405 -0.241149 -1.65744
10.5534 10.0317 9.06853 -2.80709 0.280182 -0.462908 9.33846 9.45709 9.16916 -2.72503 -0.095825 -0.706169
-10.9637 -10.2875 -15.6833 0.122997 -0.0346025 -0.103509 -10.2669 -9.70955 -16.0226 0.103771 0.042089 -0.00779
6.91608 3.85654 4.038 -2.00737 0.26084 -0.905642 6.97812 2.98395 4.95662 -1.37983 0.030901 -0.76636
-16.1731 -15.8534 -16.8016 -0.0127806 0.120288 -0.0337694 -16.0155 -15.9999 -16.7662 -0.06089 0.0194 -0.064662
12.5879 12.7105 11.7682 -2.4793 0.641259 -0.450624 11.5264 12.1765 11.9517 -2.54515 0.231146 -0.680559
-13.2 -13.0797 -13.0931 0.0727409 0.0858789 -0.11384 -11.6468 -12.4234 -12.7688 0.119957 0.076725 -0.107713
-10.7976 -10.9981 -10.1525 -0.184968 -0.0952948 -0.0786644 -11.2502 -11.6193 -10.5408 0.005888 -0.06174 0.083754
-22.8888 -22.5435 -23.0379 0.155383 0.284484 0.00312695 -22.4428 -21.8914 -22.4517 0.083122 1.45558 0.327062
-7.62658 -7.47911 -15.0403 -0.102509 0.146739 -0.0707491 -6.78773 -6.75113 -16.1163 0.004264 0.084595 0.065751
-24.5188 -24.3063 -24.7473 0.228266 -0.0667285 0.185706 -24.2412 -23.8037 -24.3035 0.206036 0.98367 0.467894
27.4038 27.4345 26.7852 0.10272 -0.248818 -0.17592 27.2874 26.6727 26.4634 0.062461 -0.006563 -0.03065
-25.0526 -24.8896 -25.3066 0.251626 -0.196882 0.244967 -24.839 -24.493 -24.9424 0.272784 0.751639 0.502795
-3.22801 -0.971539 -4.41513 4.0572 0.892458 -0.884936 -3.03448 -0.809045 -3.91968 3.85255 0.469612 -0.333258
-15.9142 -16.5356 -17.1188 -0.240492 0.22741 -0.501042 -15.2936 -15.8463 -16.7608 -0.36514 0.348758 -0.706812
-25.2593 -25.1149 -25.517 0.259963 -0.245319 0.266992 -25.0835 -24.7899 -25.1998 0.30383 0.644561 0.506751
-15.2606 -15.1972 -15.1383 0.0500976 0.037544 -0.053335 -14.9994 -15.0067 -14.8726 -0.01611 0.036166 -0.101823
-8.34062 -7.57361 -9.57722 1.92993 0.297674 -0.643971 -7.67145 -6.7475 -8.88149 2.02456 0.062136 -0.160642
25.9708 25.2294 25.482 -0.477143 -0.446026 0.393175 26.252 24.2133 24.7156 -0.781929 0.078383 0.471313
-8.15816 -6.6262 -8.38528 3.03471 0.240117 -0.658917 -7.40315 -6.35415 -8.06403 2.86167 0.029834 -0.430385
-11.3607 -11.5674 -10.6795 -0.186831 -0.0935878 -0.0822104 -11.891 -12.2817 -11.1519 -0.003855 -0.053693 0.076592
0.0996758 0.331232 3.54383 0.200885 -0.0808671 -0.0645172 -0.090284 0.220391 3.31035 0.356624 -0.285391 -0.150481
0.0524051 0.206644 3.44696 0.163803 -0.0854138 -0.0679068 -0.177044 0.096999 3.33275 0.288438 -0.286176 -0.155592
-23.1016 -15.4972 -8.07358 -0.0614757 -0.0702255 -0.185927 -22.8722 -14.3605 -8.24348 -0.011566 -0.050766 -0.045931
-14.4358 -14.551 -15.0896 0.0834022 0.105081 -0.462753 -13.8857 -13.8218 -14.9238 -0.121668 0.240732 -0.735232
-7.42966 -6.49043 -7.93036 2.48141 -1.11819 -1.1725 -6.59079 -5.18847 -7.16608 2.81793 -1.25059 -0.675321
47.6092 74.7372 56.1717 -0.0466704 0.589535 0.313674 50.609 73.074 56.6607 0.267566 0.148027 0.416454
-8.30181 -7.53656 -8.93952 2.01027 0.109206 -0.26662 -7.32242 -6.98228 -8.20396 1.89608 0.041731 0.074132
-25.9032 -25.8418 -26.0891 0.31575 -0.380909 0.310916 -25.8899 -26.0209 -25.8325 0.46763 0.154529 0.404977
-0.230754 -0.26864 2.81667 -0.0851578 -0.112029 -0.0390203 -0.580774 -0.291134 3.27635 -0.09656 -0.22992 -0.049887
-0.250284 -0.25284 2.81348 -0.0790002 -0.12533 -0.0301838 -0.584248 -0.29724 3.23396 -0.110158 -0.246562 -0.049604
-0.26391 -0.233954 2.81507 -0.0754389 -0.140315 -0.0207681 -0.550829 -0.271481 3.21627 -0.12327 -0.258225 -0.040141
-0.271282 -0.207165 2.82496 -0.0747817 -0.155004 -0.00945283 -0.538342 -0.240566 3.18794 -0.138413 -0.272732 -0.027558
-0.277883 -0.172628 2.84392 -0.0728409 -0.170361 0.00419451 -0.518342 -0.215548 3.16261 -0.157204 -0.287732 -0.022644
-0.362003 -0.240275 2.6252 -0.150134 -0.0148465 -0.0533433 -0.591326 -0.214588 2.90522 -0.181225 -0.082417 -0.090338
-0.367103 -0.141203 2.63517 -0.177508 -0.00449054 -0.0718574 -0.547326 -0.094901 2.80774 -0.222344 -0.052244 -0.134888
-0.281787 -0.132403 2.86978 -0.0694239 -0.186275 0.0183122 -0.506386 -0.194247 3.12716 -0.173358 -0.305381 -0.010146
-2.8853 0.701988 -0.726365 3.77341 -1.29461 0.292718 -2.36071 0.62365 -1.77412 3.46039 -1.3041 0.535824
-1.45978 -1.44298 -0.659801 0.14424 0.0595308 -0.214997 -1.08684 -1.45349 -0.637385 0.456247 -0.041135 -0.263617
-11.3227 -11.1862 -17.862 -0.100811 0.159068 -0.0822595 -10.1963 -10.1621 -18.8593 0.011404 0.076951 0.063252
28.3053 28.4315 26.4281 -1.09064 0.451354 -0.421574 27.656 27.2666 25.3189 -1.17348 0.44834 -0.53568
-0.194119 0.207209 3.18053 -0.0382268 -0.269282 0.0981229 -0.279448 0.197017 3.16773 -0.240487 -0.358755 0.023059
-15.5288 -15.4544 -15.4482 0.0988588 0.0366965 -0.0291455 -15.7981 -15.6237 -15.2561 -0.017445 -0.011456 -0.071047
22.5429 22.6419 12.8586 -0.0723109 0.101926 -0.0444446 23.6575 23.6748 10.0218 -0.033964 0.158751 0.068565
-0.164141 0.276767 3.24933 -0.0346764 -0.282116 0.110119 -0.230317 0.2692 3.17717 -0.262703 -0.368677 0.024149
-1.92347 -1.9661 -1.07562 0.115624 0.0414849 -0.232251 -1.61182 -1.98189 -1.04958 0.427139 -0.049505 -0.273439
-11.7699 -4.06927 -8.66871 -0.145223 0.183641 -0.0921254 -12.59 -2.86198 -7.46809 -0.088149 0.062196 0.007054
-10.3694 -3.83489 -9.05032 -0.239285 -0.0427764 -0.147459 -11.3253 -2.85747 -8.27055 -0.16358 -0.147391 -0.038674
0.709289 0.559409 2.94469 -0.299673 0.0505808 -0.11015 0.49088 0.509697 3.26333 -0.263648 0.047494 -0.122218
7.0372 6.99098 10.591 -0.0899378 -0.0889915 -0.059393 6.58833 6.86538 10.9751 -0.10782 -0.242865 -0.064458
0.959726 0.756389 3.10483 -0.333972 0.0700906 -0.104787 0.77777 0.692225 3.32448 -0.29506 0.108937 -0.124926
-0.417353 -0.527773 -0.543469 0.332825 -0.698906 -0.0680699 -1.50881 -0.9882 -1.00317 0.419199 -0.631698 0.22928
-12.162 -3.11873 -6.74362 -0.365429 0.145406 -0.12089 -12.9876 -2.06245 -5.74744 -0.241187 -0.063672 -0.051251
-9.92071 -14.9082 -13.8788 -3.97169 0.710156 -0.636531 -9.74815 -14.5044 -12.2744 -3.45064 0.687563 -0.416304
-6.04529 -9.04064 -8.7707 -2.54179 0.121488 -0.498731 -5.93039 -8.69554 -8.46854 -2.27158 0.314662 -0.595136
7.99576 21.1917 11.9455 -0.18105 0.370383 -0.254081 7.29436 20.4479 12.7417 -0.308427 0.218793 -0.247866
8.05821 21.2159 11.7924 -0.179654 0.352888 -0.254075 7.32474 20.4451 12.6071 -0.296767 0.217814 -0.241516
8.13747 21.2594 11.6515 -0.179891 0.325858 -0.25383 7.37353 20.4494 12.476 -0.287084 0.21871 -0.237711
-18.009 -18.0368 -19.3777 0.215768 0.0358509 -0.115602 -17.8497 -17.6325 -19.2942 0.066395 -0.071725 0.079227
8.30183 21.4007 11.4411 -0.185092 0.262609 -0.253458 7.47306 20.4739 12.2569 -0.274143 0.224834 -0.228903
-2.11089 0.383077 -2.805 0.503756 -0.658671 -0.413263 -4.30935 0.604407 -4.79928 0.319495 -0.737765 -0.118376
1.79782 1.46496 3.75113 -0.466521 0.134505 -0.0493605 1.71703 1.37819 3.62659 -0.450677 0.337816 -0.157493
-6.91486 -4.45064 -6.65924 -1.50989 0.402271 -1.25155 -7.13454 -5.30495 -6.89602 -0.847116 0.237908 -0.94014
34.1908 34.8737 33.8877 -0.158919 0.308903 -0.0676105 34.1347 34.243 32.7023 -0.504223 0.146543 -0.203505
51.125 75.3902 55.6332 -0.165692 0.749237 -0.1062 52.816 74.8815 55.3164 0.151889 -0.093795 0.063171
35.6525 36.4733 35.1979 -0.0229235 0.141047 -0.103663 35.5043 35.947 34.1154 -0.22683 0.3028 -0.067627
-12.8923 -11.1383 -13.38 1.19703 -0.0273949 -0.477214 -12.3445 -10.7179 -12.5517 1.11279 -0.26593 -0.127682
-17.603 -16.1788 -17.6159 0.921567 -0.0635708 -0.287457 -16.914 -15.8017 -17.4468 0.897169 -0.128234 -0.170223
-10.5127 -10.3102 -11.6384 1.86173 0.0890742 -0.397521 -9.6282 -9.75424 -10.7685 1.64807 -0.113129 0.055057
-14.3684 -14.2478 -20.0405 -0.0961017 0.163805 -0.0895425 -13.1422 -13.1128 -21.161 0.016859 0.070283 0.058707
-4.96433 -4.88838 -3.61461 -0.0279323 0.168011 0.00226434 -5.92747 -6.06215 -4.37286 -0.031612 0.172395 0.035464
-6.62609 -3.91463 -6.39218 -1.52287 0.479386 -1.26787 -6.95318 -4.65571 -6.9837 -0.784895 0.122441 -0.903822
8.8443 21.94 11.1197 -0.284818 0.262205 -0.248768 7.93544 20.9017 11.8074 -0.261294 0.319635 -0.195385
-8.28359 -5.42609 -7.6136 2.38673 -0.177079 -0.00903054 -7.72166 -5.04702 -7.31519 2.45386 -0.136142 0.698416
37.1064 38.0362 36.5749 0.0444343 -0.157337 -0.0382201 36.764 37.8112 35.5496 0.176909 0.183404 -0.234719
37.6019 37.1508 36.8302 0.00825352 0.333123 -1.0694 37.2153 37.2151 35.9359 -0.183409 0.036197 -1.05083
38.0947 37.8945 37.2378 0.176805 0.21871 -0.80726 37.5237 37.5808 36.2683 -0.164148 -0.083165 -0.892652
-8.49873 -5.76095 -7.96957 2.34781 -0.121067 -0.041805 -7.97001 -5.40397 -7.61729 2.42045 -0.121079 0.643523
33.1123 33.7521 33.6329 0.21524 -0.0197488 0.0132984 32.7994 33.1856 32.977 0.318234 0.120146 -0.069771
37.3486 38.5341 36.3273 -0.0703378 0.306086 -0.237967 37.1517 37.9506 35.9385 -0.10155 0.226175 -0.255296
0.234177 -0.108766 -0.236239 0.409372 0.231424 -0.12568 -0.025588 -0.021764 -0.033893 0.003251 0.001687 -0.004049
0.234177 -0.108766 -0.236239 0.409372 0.231424 -0.12568 -0.025588 -0.021764 -0.033893 0.003251 0.001687 -0.004049
0.233854 -0.114346 -0.242911 0.40494 0.0720227 -0.124021 -0.016406 -0.022971 -0.035499 0.004075 -0.22193 -0.006263
0.233521 -0.113097 -0.235847 0.582807 0.23638 -0.131889 -0.021266 -0.018027 -0.039303 0.253209 0.002418 -0.00945
0.231538 -0.108433 -0.234909 0.415406 0.23311 -0.3094 -0.016714 -0.025749 -0.025121 0.00893 -0.001316 -0.243578
0.209378 -0.104094 -0.21629 0.108161 0.224588 -0.106674 -0.064691 -0.042151 0.034878 -0.382672 0.007177 0.036211
1.01938 0.435193 0.306031 0.413715 0.234304 -0.125123 0.851509 0.484379 0.467551 0.00973 0.000594 -0.002506
0.236424 -0.0965824 -0.249709 0.391921 0.228488 0.217252 -0.041755 -0.008061 -0.044642 -0.013957 0.014054 0.417868
0.239411 -0.0957645 -0.246784 0.393567 0.226572 0.223765 -0.031434 -0.006579 -0.042341 -0.013476 0.011856 0.433366
0.220463 -0.111375 -0.230551 0.075995 0.223462 -0.109097 -0.040891 -0.033929 -0.011379 -0.450919 0.009902 0.018565
0.234139 -0.114588 -0.24378 0.400565 -0.0874906 -0.12264 -0.013775 -0.024367 -0.040909 0.004337 -0.444428 -0.009491
0.78637 0.744784 0.296549 0.407078 0.244557 -0.12509 0.477436 0.894414 0.489295 0.008666 0.01157 0.003062
-0.297688 -0.617372 -1.06848 0.411152 0.217368 -0.121354 -0.493635 -0.525373 -0.933575 0.010635 -0.007876 0.003345
0.816804 0.781856 0.320168 0.408194 0.240741 -0.124872 0.515236 0.941113 0.507315 0.007611 0.005887 0.001543
0.228451 -0.105013 -0.2352 0.422131 0.235614 -0.487488 -0.005665 -0.02436 -0.020608 0.019484 -0.003097 -0.472091
0.231137 -0.12016 -0.232597 0.756849 0.24111 -0.138701 -0.018003 -0.01704 -0.03829 0.503492 0.003397 -0.015418
0.230102 -0.103857 -0.234883 0.421304 0.234584 -0.49356 -0.005331 -0.023741 -0.021285 0.017962 -0.003156 -0.485075
37.4161 37.0512 36.7533 -0.0312371 0.43303 -1.10478 37.2713 37.1746 35.8505 -0.174157 0.139805 -1.01797
0.199863 -0.0979778 -0.204132 -0.0594102 0.21697 -0.102593 -0.067465 -0.035369 0.056214 -0.603963 0.005626 0.039945
0.215855 -0.0740354 -0.191712 0.421438 0.677585 -0.11982 -0.050896 0.001156 0.027517 0.0091 0.626658 0.019776
0.23602 -0.085063 -0.260636 0.38438 0.226816 0.389707 -0.041505 0.010857 -0.049431 -0.019132 0.021254 0.630398
0.229408 -0.0643492 -0.183601 0.421081 0.691514 -0.124903 -0.029689 0.013475 0.021979 0.002935 0.651888 0.011423
0.225632 -0.12352 -0.250426 0.397733 -0.232933 -0.122742 -0.01389 -0.032981 -0.052157 0.007031 -0.638326 -0.011216
0.211564 -0.116701 -0.225426 -0.0924045 0.218819 -0.101798 -0.044515 -0.032786 0.0056 -0.675967 0.013767 0.029902
0.214168 -0.120472 -0.227659 -0.103155 0.219858 -0.103468 -0.038645 -0.03643 -0.000236 -0.699575 0.014911 0.024528
0.226937 -0.114969 -0.223089 -0.115331 0.218625 -0.105828 -0.015663 -0.027477 0.003845 -0.73472 0.011219 0.01573
1.79789 1.01607 0.875793 0.426088 0.227173 -0.128184 1.71865 1.02237 1.01001 0.038254 -0.010172 -0.006662
1.84146 0.998286 0.869231 0.413912 0.239089 -0.127051 1.78112 1.00082 0.96855 0.01385 0.002484 -0.012444
-1.32153 -1.17157 -1.28877 0.402965 0.227496 -0.121952 -1.7277 -1.01055 -0.991754 -0.005493 0.009544 0.00989
1.35624 1.597 0.838902 0.402289 0.257185 -0.122009 1.01117 1.80506 1.02661 0.009719 0.015982 0.014828
1.35451 0.98308 1.48089 0.408192 0.261617 -0.132458 0.982239 1.03582 1.84449 -0.005834 0.027838 -0.01576
-0.855177 -1.80516 -1.27099 0.413643 0.212913 -0.126234 -1.00624 -1.85043 -1.04027 -0.005296 -0.007993 -0.013906
1.39819 1.03163 1.53203 0.410886 0.25355 -0.131726 1.0283 1.07927 1.90496 -0.007541 0.018145 -0.017273
1.4134 1.68538 0.890659 0.408378 0.249382 -0.124576 1.07272 1.92623 1.06855 0.009722 0.01136 0.005898
-1.44193 -1.27266 -1.36561 0.407556 0.232867 -0.12814 -1.8957 -1.10147 -1.05636 0.008644 0.019211 0.008551
1.45252 1.73461 0.921711 0.410298 0.244124 -0.123985 1.12091 1.98403 1.09553 0.007954 0.006072 0.003193
2.62299 1.58281 1.44197 0.422152 0.22774 -0.132704 2.66347 1.55156 1.50788 0.03246 -0.016159 -0.020321
0.171616 0.16319 -0.0594961 -0.030072 0.204926 -0.0595386 0.02093 0.016587 0.030526 -0.004144 -0.0015 -0.000944
-1.38837 -1.58894 -2.67901 0.443881 0.186572 -0.106055 -1.46679 -1.51307 -2.60899 0.075681 -0.028674 0.050141
-0.00947599 -0.0221276 -0.249686 -0.0271013 -0.207247 0.0768062 -0.149249 -0.153895 -0.164268 0.001578 -0.008441 0.000199
-1.37097 -2.60289 -1.74772 0.423147 0.205863 -0.127049 -1.46732 -2.69304 -1.51205 -0.003627 -0.012307 -0.019342
2.79045 1.65834 1.50776 0.413068 0.237168 -0.125763 2.88927 1.63018 1.55462 0.007926 -0.008132 -0.023926
-1.37776 -2.62873 -1.76177 0.415165 0.204163 -0.126451 -1.46845 -2.74011 -1.52775 -0.00885 -0.014686 -0.019368
1.94051 1.56255 2.36409 0.409402 0.275852 -0.136684 1.51508 1.59121 2.80856 -0.008171 0.040125 -0.021844
1.94962 2.50832 1.41665 0.405667 0.267901 -0.126226 1.56717 2.81333 1.59926 0.017109 0.028189 0.016016
0.169038 0.175715 -0.0476459 0.3711 0.195429 -0.0606243 0.033162 0.052809 0.02516 0.445296 -0.011813 -0.005172
0.181191 0.15859 -0.0645843 -0.429381 0.217553 -0.0572933 0.028764 0.00946 0.055532 -0.463881 0.008748 0.002302
0.751564 0.745781 0.908156 -0.0257716 0.184609 -0.0740848 0.548961 0.537785 1.05118 -0.011276 -0.008018 -0.016765
-1.49315 -2.76206 -1.85472 0.413783 0.216699 -0.128682 -1.60139 -2.89526 -1.61014 -0.003328 0.00071 -0.016998
0.181981 0.156667 -0.0874952 -0.58148 0.223721 -0.0660674 0.022501 -0.008414 0.061697 -0.607582 0.01588 -0.008465
0.168995 0.185513 -0.036737 0.554599 0.193559 -0.0589743 0.042743 0.07239 0.018889 0.632109 -0.011692 -0.008351
0.19381 0.137015 -0.149205 -0.0432596 0.639903 0.356174 0.040877 0.02109 -0.008909 -0.01774 0.530339 0.487418
0.205983 0.153118 -0.14013 -0.0480397 0.650879 0.365766 0.046789 0.029594 -0.010422 -0.022383 0.548204 0.512387
-1.29883 -1.3052 -1.15873 -0.0368823 0.207751 -0.0649203 -1.38965 -1.39123 -0.936049 -0.020367 0.002221 -0.00659
-1.37231 -1.3756 -1.21287 -0.027931 0.19825 -0.0624182 -1.47635 -1.48311 -0.986 -0.016759 -0.004483 -0.010503
-0.926052 -0.943563 -1.91169 -0.0468239 0.242244 -0.0330117 -0.943769 -0.921391 -1.85436 0.007194 0.013437 0.031519
1.3184 1.3175 1.8442 -0.0205524 0.162094 -0.0877322 1.05227 1.03254 2.05021 -0.013512 -0.016605 -0.037892
0.213519 0.130256 -0.194621 -0.0549468 0.854259 0.560724 0.046924 0.020967 -0.028342 -0.026116 0.784134 0.720295
0.169932 0.284009 0.0967868 -0.0583399 -0.242339 0.0867964 0.070791 0.061286 0.146846 -0.013964 -0.003254 0.04126
-1.88667 -1.89636 -2.12227 -0.0403153 0.221747 -0.0491976 -1.91944 -1.91566 -1.92416 -0.011461 0.004835 0.007032
2.33362 2.32438 2.104 -0.0175067 0.190473 -0.0677282 2.09466 2.08775 2.12527 0.004987 -0.009097 -0.013774
-1.45253 -1.47723 -2.81996 -0.0590998 0.257554 -0.0206655 -1.40867 -1.37408 -2.76124 0.014189 0.024628 0.052861
3.14388 2.72463 4.87683 -0.74592 0.206576 0.030315 3.21571 2.49468 4.4238 -0.862766 0.556929 -0.20499
1.92023 1.92005 2.80177 -0.0193656 0.141843 -0.101299 1.58816 1.56494 3.03522 -0.015901 -0.023834 -0.059177
-2.69311 -2.69036 -2.19816 -0.0385623 0.213944 -0.0676144 -2.70913 -2.71781 -1.85926 -0.035977 0.011614 -0.009475
0.43058 0.354829 0.331969 0.028189 -0.246742 0.128092 0.408275 0.266387 0.272991 -0.030269 0.002961 0.067672
34.1018 34.9648 34.9057 0.252431 0.119207 0.00843066 33.5918 34.2297 33.8149 0.244196 0.156102 -0.182558
-19.0755 -19.0233 -20.4731 0.205954 0.0799778 -0.116465 -18.9507 -18.6799 -20.3453 0.053918 0.004336 0.082166
-3.70315 -3.71954 -3.95029 -0.0633339 0.247956 -0.0408698 -3.59647 -3.594 -3.62916 -0.026295 0.025171 0.024827
-3.91548 -3.91954 -4.15539 -0.0414132 0.22885 -0.0347553 -3.84252 -3.8369 -3.84994 -0.008628 0.005587 0.010226
4.48154 4.48109 4.26138 0.00943565 0.164894 -0.076089 4.14631 4.13684 4.20128 0.023577 -0.030966 -0.0435
-4.03925 -4.02818 -3.1991 -0.0321034 0.218645 -0.0693362 -3.98109 -3.99622 -2.74283 -0.045953 0.02016 -0.01215
-3.43949 -3.65654 -2.39378 0.0202033 -0.0170616 -0.27688 -3.36348 -3.74281 -2.4085 0.313333 -0.065103 -0.294733
-4.28026 -4.26328 -3.38629 -0.00455598 0.187996 -0.0621498 -4.2716 -4.29015 -2.90533 -0.024015 -0.010288 -0.027241
4.82677 4.8441 3.48593 0.0377537 0.205229 -0.0430899 4.61497 4.64916 3.19683 0.057292 -0.02114 -0.007605
31.3174 31.8864 32.3235 0.177123 0.0717839 -0.119024 30.9159 30.9357 31.3469 0.167929 0.100391 -0.053741
-0.194684 -0.376487 -0.0708344 -0.0613268 -0.000341601 -0.168736 -0.074142 -0.064118 -0.069064 -0.003584 8.7e-05 -0.001118
-0.204121 -0.347736 -0.0712136 -0.242096 -0.175387 -0.356852 -0.065851 -0.007091 -0.067283 -0.207293 -0.213919 -0.221959
-0.197057 -0.353793 -0.0643566 -0.246543 -0.185926 -0.359604 -0.061256 -0.023279 -0.05981 -0.221224 -0.230618 -0.232698
-0.261709 -0.209534 0.057839 0.0644917 0.135286 0.0039393 0.002138 -0.029895 0.041916 -0.007407 -0.023776 -0.010377
26.6724 28.5349 25.0999 -0.267297 -0.171231 -0.581149 26.3198 27.4475 25.1081 -0.191367 -0.353824 -0.464327
-0.195825 -0.320535 -0.0787859 -0.424566 -0.353768 -0.54549 -0.031797 0.043305 -0.068951 -0.411853 -0.427429 -0.434232
-0.171728 -0.353267 -0.0482842 0.276224 0.337049 0.172368 -0.060217 -0.048578 -0.033588 0.408995 0.438275 0.432022
-1.60689 -1.69164 -1.17145 -0.0612525 0.0258011 -0.192338 -1.47288 -1.3402 -1.1022 0.008177 0.030209 -0.002973
-1.59694 -1.72099 -1.14667 -0.0623103 0.0175564 -0.186425 -1.4665 -1.39599 -1.0743 0.002956 0.024687 0.004355
-1.59956 -1.75591 -1.14175 -0.0626743 0.00850123 -0.182283 -1.47598 -1.44495 -1.06526 -0.007059 0.015083 0.003646
-0.205684 -0.35921 -0.070464 -0.473193 -0.416628 -0.577684 -0.063087 -0.025145 -0.056113 -0.508816 -0.539509 -0.519963
-0.0345484 -0.211573 0.134808 0.348795 0.314573 0.214665 0.073205 -0.051544 0.206061 0.487031 0.354874 0.292496
-0.0353149 -0.205978 0.0504791 0.363327 0.339077 0.221958 0.064014 -0.02335 0.099432 0.484523 0.386688 0.333954
-0.100617 -0.238667 0.0277422 0.391754 0.391623 0.293111 -0.035583 0.040844 0.05454 0.525651 0.461172 0.486418
-0.549686 -0.550838 -0.337715 0.0472223 0.0530641 0.00990356 -0.33101 -0.293562 -0.318033 -0.005147 -0.02308 -0.030437
-0.183612 -0.300589 -0.0752789 -0.61974 -0.548666 -0.744595 0.008403 0.081816 -0.054459 -0.626841 -0.653648 -0.655704
32.5466 33.3661 25.6134 0.237386 0.00722272 -0.177104 33.6237 34.4659 23.7394 0.232554 0.168224 -0.056632
-2.17215 -2.34198 -2.0444 -0.0660165 0.00574942 -0.177082 -2.02292 -2.01081 -2.01653 -0.006249 0.006715 0.007325
-0.162094 -0.379646 -0.0577229 0.497953 0.568841 0.384319 -0.020815 -0.06453 -0.024097 0.735117 0.794956 0.758372
-11.2473 -15.3534 -14.8047 -3.86916 0.504846 -0.870934 -10.9323 -14.9586 -13.1709 -3.28097 0.568151 -0.810871
-9.259 -7.00554 -9.08422 2.06672 0.704024 -0.698121 -8.39412 -6.88513 -8.47192 1.96897 0.229534 -0.489977
-2.94479 -2.94113 -2.30791 -0.0779868 0.0291954 -0.236775 -2.77093 -2.54661 -2.18035 -0.012459 0.062323 -0.070681
-2.94172 -2.94689 -2.29237 -0.0757673 0.0295843 -0.228932 -2.78322 -2.55575 -2.17015 -0.010947 0.051195 -0.052222
-2.94836 -2.9948 -2.23593 -0.061446 0.0436101 -0.208806 -2.79575 -2.6376 -2.10375 0.013648 0.064268 -0.002701
-2.93652 -3.05985 -2.17269 -0.070573 0.0223284 -0.197528 -2.81116 -2.74776 -2.01473 -0.010446 0.040059 0.006908
-2.95881 -3.0916 -2.17918 -0.0660864 0.0154301 -0.192752 -2.83447 -2.7877 -2.02521 -0.010436 0.032196 0.008209
-5.47007 -5.49272 -5.72902 -0.0805319 0.265868 -0.0296814 -5.23135 -5.22748 -5.2827 -0.037488 0.038079 0.046585
-5.49821 -5.52421 -5.76122 -0.0770926 0.260268 -0.0311209 -5.26922 -5.27175 -5.31962 -0.033744 0.028101 0.033988
-5.66229 -5.6778 -5.92008 -0.0605718 0.247149 -0.0254236 -5.46469 -5.46063 -5.48988 -0.020034 0.013956 0.022267
0.80349 0.0765047 -0.0392926 -0.146572 0.098008 0.0236842 1.24811 0.658941 -0.034162 0.009074 0.057083 -0.04103
3.67643 3.16899 5.26647 -0.953167 0.213844 -0.0588426 3.89705 2.92441 4.71568 -1.10446 0.596338 -0.241595
6.7936 6.80039 6.5919 0.0341296 0.140269 -0.0800369 6.39959 6.39265 6.49396 0.037547 -0.049658 -0.069398
6.83651 6.84147 6.62702 0.0252606 0.144567 -0.0725403 6.44565 6.4415 6.52208 0.030969 -0.038147 -0.050123
-0.593058 -0.909812 0.0874249 -0.0833806 0.0715928 0.218485 -0.194509 -0.605361 -0.164176 -0.085715 0.204235 0.078247
-3.92272 -4.0355 -3.76524 -0.0836445 0.0132816 -0.189863 -3.71923 -3.64456 -3.65021 -0.005671 0.023555 0.018196
3.97891 3.79994 4.10892 -0.0471133 -0.0173468 -0.13806 4.07761 4.10098 4.05181 0.011485 -0.021058 -0.017137
4.01225 3.82129 4.14244 -0.0560697 -0.0197082 -0.136109 4.1066 4.11643 4.09199 0.00506 -0.020815 -0.011269
-3.59087 1.03177 -4.0948 0.145716 -0.358462 0.45967 -5.45771 1.11524 -5.6345 0.050255 -0.88136 0.552325
4.19111 4.00425 4.3196 -0.0639484 -0.022884 -0.154878 4.29909 4.31188 4.29986 0.007301 -0.006106 -0.016494
-4.23267 -4.28387 -3.22018 -0.0614101 0.0541824 -0.21326 -4.06577 -3.93408 -3.00569 0.016219 0.081709 0.011587
-4.22836 -4.31246 -3.18348 -0.0644779 0.0424507 -0.207756 -4.07274 -3.99343 -2.95098 0.000598 0.069237 0.018143
4.34823 4.13358 3.45484 -0.0619723 -0.036799 -0.130505 4.52192 4.50033 3.26579 0.013025 -0.055764 -0.022574
0.803181 0.0945415 -0.00415691 -0.149304 0.037442 -0.183562 1.19608 0.708823 0.048621 -0.000935 0.011572 -0.265143
0.811341 0.109816 0.0201254 -0.230158 0.119622 0.209773 1.22291 0.724979 0.055495 -0.082453 0.015606 0.177069
34.6834 34.7692 33.903 -0.451317 0.462015 -0.11969 34.319 34.4547 33.4241 -0.69358 0.317875 -0.182438
-12.4195 -1.10416 -2.06684 -0.14767 0.265745 -0.0644753 -13.5917 -0.582893 -2.03498 -0.056793 0.005275 -0.110063
0.84028 0.0356213 0.00379492 -0.202275 0.432262 0.111445 1.27678 0.554284 0.080167 -0.050458 0.295188 -0.013137
0.881001 0.021814 0.0255778 -0.192571 -0.218606 -0.05082 1.3623 0.570396 0.038509 -0.005161 -0.262004 -0.076261
-4.42004 -2.44909 -5.3503 2.22116 1.32715 -0.554479 -4.54097 -2.65378 -4.83708 2.11334 0.725525 0.224257
3.88136 3.34494 5.36251 -1.08929 0.289136 -0.109037 4.1911 3.05601 4.7758 -1.20376 0.621671 -0.279593
0.823782 0.17758 0.151832 -0.33675 0.12562 0.256772 1.12394 0.812017 0.337839 -0.140906 0.000256 0.192121
0.811536 0.158934 0.123216 -0.205217 -0.037357 -0.277365 1.1807 0.789552 0.228722 -0.037192 -0.041222 -0.262545
38.0466 38.3391 36.7853 0.683301 0.188078 -0.14589 37.9952 37.9987 36.1897 0.279473 0.196847 -0.286278
-5.61912 -5.6561 -5.51102 -0.124296 -0.00308914 -0.220744 -5.34276 -5.2007 -5.30402 -0.043392 0.003452 -0.039332
-5.63034 -5.67242 -5.48869 -0.114317 0.00769863 -0.206116 -5.36571 -5.22215 -5.29679 -0.034989 0.013404 -0.000278
-5.62829 -5.73393 -5.46238 -0.0918552 0.0165424 -0.195181 -5.3648 -5.29582 -5.26586 -0.006552 0.034207 0.031754
-5.64752 -5.7711 -5.50629 -0.0861675 0.0144954 -0.203102 -5.3903 -5.35802 -5.33329 -0.011123 0.039052 0.017025
0.738942 0.119593 0.119775 -0.341972 0.138344 0.322039 1.07422 0.74798 0.214497 -0.174905 0.045915 0.340238
6.30088 6.10728 6.4391 -0.0583286 -0.034241 -0.118192 6.39779 6.40209 6.37767 0.010084 -0.034704 -0.020013
0.849421 0.264565 0.239777 -0.406765 -0.184177 -0.24743 1.16583 0.873101 0.47276 -0.17369 -0.103877 -0.308345
0.75478 0.220166 0.255476 -0.304695 -0.0589122 -0.252636 1.06917 0.881322 0.34814 -0.146479 -0.010924 -0.266735
0.83664 0.253927 0.290057 -0.421289 0.0854216 0.172476 1.06465 0.903268 0.568284 -0.178832 -0.006361 0.119568
39.1207 39.2007 38.3656 0.0427186 -0.147858 -0.18751 39.2288 37.8705 37.2612 0.000811 0.012487 0.045739
4.15108 3.42187 5.21429 -1.146 0.376889 -0.17567 4.65045 3.22365 4.7769 -1.23102 0.634385 -0.297047
1.71506 1.48717 1.83978 -0.188933 0.0299962 0.112283 1.7386 1.68378 2.14284 -0.196567 0.029696 0.135644
1.20525 0.429781 0.385639 -0.351934 0.0805345 -0.0461119 1.54506 1.05192 0.54576 -0.008651 0.097238 -0.038204
1.05293 0.143657 0.369172 -0.419608 0.2976 -0.287733 1.34897 0.67804 0.573386 -0.162472 0.215731 -0.292521
1.83153 1.60216 1.91542 -0.169606 0.0302057 0.115024 1.87301 1.77086 2.22106 -0.166706 0.031 0.135293
0.810126 0.297035 0.383996 -0.467445 0.0225983 0.0566906 1.00607 0.961904 0.705438 -0.236467 -0.032898 0.003219
0.774458 0.287045 0.36744 -0.462727 -0.020061 -0.0747618 1.03654 0.95234 0.63407 -0.247775 0.013169 -0.136941
-12.3872 -0.85663 -1.38132 -0.143741 0.261077 -0.0615314 -13.5939 -0.414527 -1.41634 -0.052129 -0.001849 -0.117422
0.932942 0.0378108 0.343364 -0.447702 0.346651 -0.313971 1.2747 0.578335 0.440665 -0.205391 0.278627 -0.340499
38.4886 39.2526 37.6635 -0.626081 -0.293727 -0.632464 38.3424 38.1513 36.8754 -0.368072 -0.400204 -0.944845
38.4076 39.2525 37.6021 -0.654548 -0.285739 -0.660683 38.2616 38.1035 36.8721 -0.380024 -0.399513 -0.978156
0.78755 0.219594 0.387925 -0.411898 -0.143813 0.159675 1.07716 0.835239 0.652923 -0.19087 -0.174944 0.073094
-0.18877 0.625974 -0.0325623 -0.105676 0.0545002 0.0232461 0.286571 0.908294 -0.013609 -0.12602 -0.017048 -0.064812
-19.9018 -19.9262 -20.1961 0.0507574 -0.0953365 -0.0654188 -20.2575 -20.3266 -20.6295 0.022017 0.001511 0.096873
29.274 31.1648 27.5829 0.14426 -0.135331 -0.516099 29.0372 29.9826 27.5584 0.120735 -0.195349 -0.373037
5.14735 23.1602 17.1387 -0.245837 0.536331 -0.174597 5.48827 22.461 18.0623 -0.223175 0.208671 -0.229521
0.870458 0.2303 0.47749 -0.51549 0.490981 0.00693886 1.18199 0.840044 0.67031 -0.322324 0.224125 -0.011462
0.676028 0.646876 0.65537 0.00993625 -0.106168 0.0460798 0.976318 0.821251 0.762346 0.110354 -0.098746 0.006395
36.9999 37.6164 36.9722 -0.0159898 -0.0606146 -0.297071 37.0303 36.8099 36.1518 -0.212033 0.391174 -0.065532
0.962356 0.152261 0.585275 -0.440599 -0.239582 0.229452 1.27243 0.683058 0.769096 -0.211992 -0.145638 0.060315
29.7081 31.5893 27.981 0.220611 -0.126172 -0.505523 29.4806 30.4139 27.9665 0.170742 -0.177912 -0.368629
-14.1429 -12.6039 -15.876 1.28789 -0.149656 -0.352816 -13.1426 -11.8249 -15.9597 0.849734 -0.170632 -0.351227
0.00905102 0.498852 -0.109859 -0.123281 0.387134 0.118107 0.383978 0.830843 0.037681 -0.12397 0.393373 0.070593
33.4588 33.1085 32.5674 -0.653075 0.57731 -0.114923 32.8041 33.0084 32.3408 -1.08759 0.494643 -0.22881
1.11316 0.226795 0.712231 -0.519319 0.399863 -0.103514 1.48268 0.828775 0.909056 -0.373756 0.197983 -0.106864
1.0736 0.134022 0.613622 -0.480472 -0.316721 -0.175691 1.46311 0.727298 0.907199 -0.304642 -0.204102 -0.205317
1.14389 1.08444 1.63569 -0.294692 -0.053015 -0.0499068 1.33328 0.947144 1.63626 -0.20435 -0.018072 0.002893
-0.00281518 0.465168 -0.0945848 -0.105069 0.35089 0.130841 0.397435 0.7241 0.087122 -0.125117 0.311992 0.110814
0.80346 0.81486 1.2731 -0.267071 -0.0473478 -0.0472257 1.00863 0.709965 1.2876 -0.174241 -0.024886 -0.01287
-0.126792 0.791685 0.00739338 -0.303229 0.00351705 -0.464483 0.336231 0.99208 0.086743 -0.280092 -0.029974 -0.501129
100.84 103.367 101.456 -0.463826 -0.501945 -0.606282 102.308 103.869 101.43 -0.548719 -0.085103 -0.188414
-15.1745 -15.0206 -16.1655 1.3912 0.00970601 -0.420509 -14.1503 -14.5483 -15.7028 1.28351 -0.24464 0.061659
0.0975202 0.845308 0.0977723 0.0286882 0.127017 0.415793 0.550384 1.16655 0.118423 0.017914 0.128059 0.393766
-10.8908 -7.65752 -9.80781 1.54171 0.786969 -0.922143 -10.069 -7.53929 -9.58359 1.89841 0.335708 -0.405839
0.195241 0.2956 0.597503 -0.208438 -0.0446482 -0.045627 0.420261 0.309149 0.658726 -0.087022 -0.030884 -0.030734
-0.276 3.26117 -0.71162 0.409113 -0.353814 -0.486711 -1.82895 2.78772 -1.37874 0.281022 -0.508939 -0.012576
0.0223462 0.12252 0.376061 -0.184758 -0.0491522 -0.0464253 0.248508 0.171201 0.454994 -0.054095 -0.035081 -0.028132
0.228212 0.422281 0.0539991 -0.268733 0.441226 0.147691 0.529687 0.725139 0.240368 -0.232412 0.427789 0.124584
0.187876 0.366043 0.0708592 -0.255671 0.409525 0.163734 0.544794 0.597337 0.300228 -0.251413 0.340082 0.119537
-15.4876 -14.9016 -13.8424 0.111808 0.0676124 -0.0270701 -16.2121 -14.5833 -13.7824 0.186482 -0.017688 -0.114291
-15.5117 -14.9617 -13.9005 0.102142 0.0595437 -0.0281683 -16.2518 -14.6874 -13.8041 0.17745 -0.027257 -0.105895
1.84033 2.15157 -1.64837 0.844098 0.336704 -1.25236 1.95333 2.88361 -1.1764 0.626532 0.539875 -0.753013
-0.212907 -0.0890452 0.0272194 -0.128157 -0.0828075 -0.0429638 0.003042 0.045256 0.184804 -0.003924 -0.046455 -0.029626
0.23236 0.398526 0.130767 -0.26155 0.411522 0.175551 0.592648 0.659853 0.308329 -0.263597 0.376798 0.122198
-0.284882 -0.173392 -0.145465 -0.0803273 -0.111947 0.00179068 -0.110264 -0.080592 -0.031717 0.037809 -0.050724 0.009288
34.5008 34.6138 24.4089 -0.0897979 0.132863 -0.0642159 36.4151 36.4303 21.5127 -0.045658 0.189812 0.058076
-0.228331 -0.107058 -0.0268897 -0.107669 -0.0919251 -0.0344568 -0.037109 0.017216 0.131629 0.01104 -0.045205 -0.028585
-0.219753 -0.101262 -0.0492138 -0.0887832 -0.101266 -0.0214353 -0.016943 0.036079 0.126054 0.020748 -0.04343 -0.021445
0.211525 0.160169 0.298142 -0.137639 -0.089361 0.0541567 0.354301 0.203881 0.332039 -0.06043 0.037261 0.035902
0.755349 0.467829 0.711658 -0.219146 0.0704322 -0.0172801 1.02144 0.516233 0.958575 -0.285041 0.255998 -0.03606
0.825242 0.497394 0.763784 -0.226342 0.100952 -0.0344577 1.11323 0.547002 1.04569 -0.311114 0.297008 -0.055771
-3.98999 -4.25733 -2.85152 -0.0169188 -0.039214 -0.285416 -4.05695 -4.43428 -2.94566 0.263345 -0.0692 -0.301667
1.83992 1.97049 2.02943 -0.0872876 -0.103344 -0.0194498 2.08536 2.14269 2.23603 0.016331 -0.04797 -0.024388
-0.204929 -0.107318 0.0622752 -0.153902 -0.0781563 -0.0906998 -0.031023 0.016803 0.23121 -0.021629 0.018367 -0.096342
104.508 105.493 104.611 -0.680638 -0.384983 -0.440345 104.387 105.701 104.839 -0.716478 -0.179754 -0.172316
0.255428 0.325566 0.390896 -0.40491 0.242836 0.130644 0.610558 0.588348 0.553904 -0.364356 0.234059 0.087045
-15.5742 -15.4943 -14.4545 -0.0296222 -0.0492544 -0.00285206 -16.5363 -15.8264 -13.9342 0.003779 -0.11138 -0.016341
-15.5524 -15.5347 -14.4916 -0.0464092 -0.0627608 -5.52814e-05 -16.5214 -15.9333 -13.9313 -0.011339 -0.122087 -0.015177
-24.6717 -24.5376 -24.6798 0.0178892 -0.0173097 -0.00853801 -24.7317 -24.5637 -24.6975 0.02894 -0.022217 0.148953
0.972026 1.58072 1.92077 0.619596 -0.0549869 0.094033 1.60521 2.0411 1.68645 -0.010462 -0.090732 -0.084152
0.230709 0.210116 0.451057 -0.00537882 -0.0995198 0.11617 0.257505 0.125308 0.396754 0.187841 -0.025599 -0.012826
-2.43079 0.55633 -5.91612 -0.172049 0.166867 0.219658 -1.63653 0.23025 -5.13931 -0.369861 -0.172693 -0.004643
2.95474 2.46358 2.33311 -0.392614 -0.0303792 -0.0201759 3.20861 3.04622 2.50027 -0.054256 0.004594 -0.008846
104.195 103.73 104.151 0.111724 0.671749 0.938136 104.712 104.903 104.674 0.595379 0.392752 0.520169
-10.2943 -0.775044 -1.24376 -0.486542 0.540948 -0.163906 -10.0712 -0.344778 -0.372956 -0.565694 0.311846 0.067933
-24.7191 -24.5655 -24.7049 0.0446027 -0.0177541 -0.013724 -24.8153 -24.5694 -24.7026 0.030846 -0.017881 0.132377
103.886 103.067 103.957 0.0140033 0.58277 0.662724 104.281 104.176 104.204 0.47333 0.510234 0.436284
0.330206 1.0624 0.519277 -0.372849 -0.104459 -1.06652 0.51951 1.32365 0.460557 -0.329356 -0.007645 -0.940767
6.41729 6.57146 6.6509 -0.0867 -0.110824 -0.0147573 6.64718 6.71213 6.81752 -0.000306 -0.061093 -0.031619
0.125678 0.44119 0.749429 -0.535786 -0.302297 -0.0347162 0.351676 0.81537 0.789894 -0.457118 -0.255132 -0.002146
0.236334 0.57559 0.923105 -0.587171 -0.495019 -0.11875 0.601377 0.822862 0.968935 -0.575305 -0.481984 -0.01436
-20.7062 -20.7174 -20.9522 0.0484075 -0.0920034 -0.0660031 -21.063 -21.1113 -21.3635 0.004553 -0.042697 0.074668
0.516115 1.54956 0.522431 -0.12372 0.118655 0.78541 0.971564 1.73268 0.650426 0.002032 0.246454 0.779518
-16.5742 -15.0155 -20.0357 0.685051 0.044706 -0.448407 -15.3639 -14.1542 -21.145 0.538461 -0.063918 -0.387389
-20.9562 -20.0347 -21.0877 0.676536 -0.0219165 -0.157349 -20.5443 -19.7683 -21.131 0.661587 -0.099825 -0.080546
-8.35177 -8.77254 -10.7933 1.4768 -0.00336788 -1.41093 -7.11955 -8.01394 -10.3281 1.24371 0.109979 -1.28718
0.285558 0.392637 0.292791 -0.282893 0.0733267 0.162214 0.207957 0.353194 0.319598 -0.270927 0.066806 0.067835
-24.8177 -24.5969 -24.723 0.114883 -0.00597404 -0.0441138 -24.9612 -24.56 -24.6652 0.030336 0.001903 0.076793
-24.8232 -24.5952 -24.718 0.120301 -0.000699969 -0.0521139 -24.9657 -24.5616 -24.6594 0.028269 0.009824 0.066885
-24.8242 -24.5943 -24.716 0.121532 0.00128596 -0.0549475 -24.9761 -24.5697 -24.665 0.02867 0.011428 0.06351
-0.0800273 0.566141 0.390999 0.0359249 -0.186754 0.0793939 0.348624 0.562409 0.663615 0.01856 0.004797 0.02335
0.504336 0.604532 0.464945 -0.309835 0.112296 0.203218 0.353471 0.516533 0.44914 -0.309718 0.110852 0.078926
-0.163679 -0.0897063 0.371417 -0.30647 -0.173929 0.325582 -0.188913 0.081107 0.528258 -0.069972 -0.150919 0.257853
-12.0671 0.106041 2.03327 -0.122227 0.251109 -0.0465243 -13.3116 0.16616 1.93103 -0.035915 0.014209 -0.151574
-17.1209 -15.6477 -20.6615 0.629288 0.0658281 -0.423823 -15.8992 -14.7778 -21.8515 0.454507 -0.044941 -0.354652
-9.5767 -9.8258 -12.0509 0.903309 -1.05493 -0.105804 -9.24618 -9.39544 -11.0563 1.03852 -1.41915 -0.088717
1.10956 1.05341 1.537 -0.115044 -0.10802 0.3897 0.862918 1.11962 1.59577 0.140713 -0.104424 0.138648
-3.65814 -3.16195 -3.10016 -0.022515 -0.165129 0.061298 -3.38807 -3.20214 -2.94727 0.033754 -0.002577 0.029417
44.172 78.8529 69.4722 0.0190749 0.0955831 0.0798129 50.1092 75.928 69.9267 0.361013 -0.433649 0.123561
1.61889 1.56531 2.03366 -0.00402151 -0.104336 0.421428 1.28632 1.55008 2.04191 0.185071 -0.082342 0.136366
-11.8235 0.0837084 2.57764 -0.306481 0.294809 -0.0222464 -12.9379 0.035185 2.5379 -0.337364 -0.114761 -0.143906
1.40214 -0.0722538 0.022546 -0.490565 0.274049 -0.327631 1.21287 0.332231 0.398006 -0.5227 0.368217 -0.114226
-11.5913 -10.8317 -10.7526 1.43437 -0.784864 -0.796872 -11.0002 -9.47361 -10.1454 1.47781 -1.08089 -0.827149
-4.6785 -4.21775 -4.09727 -0.0389834 -0.160084 0.0556861 -4.41939 -4.2753 -3.97977 0.054883 -0.003622 0.034926
1.06474 0.888462 0.851493 -0.0765147 0.361817 -0.546516 1.09796 0.501057 0.862321 -0.164462 0.602687 -0.373049
-4.8501 0.992498 -4.35396 -1.66304 1.06478 -0.606926 -5.86606 -0.069949 -4.59867 -0.27153 0.784216 -0.156752
1.8921 2.08934 2.92749 -0.36964 0.16667 -0.408436 1.77806 1.6257 2.94215 -0.206676 0.17789 -0.561136
0.898388 0.789246 -0.263258 0.442281 -0.0110874 -0.124984 1.65818 0.823858 -0.581268 0.189 -0.133029 0.312618
1.50091 0.441049 0.0597964 -0.0772956 -0.154651 0.0877579 1.75068 0.473661 -0.000202 -0.092083 -0.189851 -0.030408
-6.38439 -3.97694 -7.25845 0.995626 1.41607 -1.20213 -5.453 -3.69657 -6.41193 0.412589 1.4739 -0.979889
-0.275052 0.0693625 2.7341 0.683817 0.130378 -0.156309 -0.343648 0.404132 2.40899 0.97392 0.208914 -0.217055
-0.314105 0.0159463 2.71947 0.639007 0.126921 -0.16284 -0.387331 0.341836 2.40269 0.919012 0.208276 -0.214706
-7.22887 -2.36197 -9.74709 1.47491 -1.5175 0.251901 -6.29294 -1.46889 -8.3756 1.31283 -1.36974 0.037089
1.47383 0.474175 0.0283835 -0.0693748 -0.158011 -0.0649781 1.70884 0.496382 0.024571 -0.083232 -0.179097 -0.234566
1.52316 0.465284 0.097915 -0.0841461 -0.155174 0.23109 1.72174 0.569733 0.097125 -0.114517 -0.203356 0.166742
1.52375 0.458328 0.0969932 -0.081995 -0.15111 0.235858 1.72531 0.550411 0.101589 -0.113364 -0.199145 0.163641
-0.535824 -0.51541 -0.760587 0.0643018 -0.0353086 -0.00243366 -0.912696 -1.03278 -0.798061 0.093436 0.142508 -0.004544
0.0736172 0.0502618 -0.222928 0.0748751 0.0715753 -0.0569744 -0.405216 -0.190334 -0.403291 0.165803 0.296628 -0.050894
10.6902 9.93246 9.44886 -0.554574 -0.0402833 -0.0116159 10.6181 10.4982 9.71876 -0.034886 0.006398 -0.016007
1.49631 0.658654 0.0862766 -0.079661 -0.152029 -0.0895834 1.62421 0.644065 0.220225 -0.097492 -0.189243 -0.220265
1.48847 0.656567 0.0863725 -0.0734434 -0.146025 -0.08407 1.62908 0.638808 0.178091 -0.104216 -0.180113 -0.214228
2.60219 3.87129 4.16203 -0.447548 0.209662 -0.139841 2.59785 3.69428 4.43316 -0.50749 -0.030978 -0.336111
2.69845 3.94935 4.26836 -0.451115 0.23931 -0.153275 2.65956 3.75368 4.5201 -0.511125 -0.02942 -0.337979
1.57292 0.594252 0.267264 -0.129737 0.398497 0.0971462 1.812 0.791523 0.064863 -0.131578 0.306602 -0.031737
1.52586 0.560434 0.236972 -0.0170794 -0.668034 0.0906996 1.81823 0.785556 0.059585 -0.092104 -0.678812 -0.010824
-1.4816 -1.37973 1.28756 0.0600586 0.0662272 -0.117967 -1.30415 -1.16586 1.59399 0.125808 0.023263 -0.154531
-1.49232 -1.3936 1.30757 0.0405033 0.0697743 -0.100838 -1.26701 -1.18483 1.6165 0.072568 0.009423 -0.142457
1.4572 0.57597 0.0231605 -0.0645047 -0.158016 -0.113963 1.59939 0.59695 0.086063 -0.116435 -0.164941 -0.263104
0.995004 2.11747 2.08162 -0.122273 0.385123 -0.11665 1.24907 2.06837 2.57154 -0.193641 0.195066 -0.236253
1.48406 0.80408 0.111744 -0.0899726 -0.147411 -0.0711851 1.58532 0.786288 0.309967 -0.119131 -0.166797 -0.183362
1.45887 0.80336 0.101046 -0.0795858 -0.139526 -0.0684292 1.58788 0.799372 0.257497 -0.123892 -0.158476 -0.171089
-1.38006 -1.3326 1.48077 0.00251049 0.0924978 -0.0797112 -1.07078 -1.14433 1.70527 -0.055476 -0.019105 -0.125388
-11.9511 -9.6713 -11.4957 0.329411 0.345371 0.136838 -11.1705 -8.87029 -10.6092 1.0179 -0.322069 0.594008
-1.69726 1.03852 2.8459 0.2501 0.255046 -0.00552906 -1.85979 1.60369 2.38106 0.269065 0.112395 -0.181675
1.51694 0.562345 0.337696 -0.0286147 -0.678192 0.128781 1.8404 0.818653 0.120673 -0.086724 -0.647126 0.005118
-1.8394 1.03216 2.92166 0.0832752 0.283431 0.0107395 -1.83168 1.66815 2.44895 0.043852 0.090592 -0.21226
1.55055 0.761786 0.218485 -0.0825653 -0.149683 0.0401658 1.58372 0.859001 0.435537 -0.159263 -0.18912 -0.005983
1.40628 0.922442 0.135297 -0.103627 -0.145401 -0.109993 1.57338 1.02311 0.391478 -0.132552 -0.139123 -0.239537
-6.47498 -6.06948 -5.85093 -0.0664321 -0.152556 0.0458139 -6.27681 -6.26883 -5.96792 0.060014 0.002564 0.04582
-1.51267 1.11381 2.95355 0.262996 0.228067 -0.0313942 -1.72089 1.63613 2.50547 0.293422 0.100929 -0.173824
-1.1867 -1.2185 1.71008 -0.0197423 0.107793 -0.0743791 -0.831939 -1.04822 1.84369 -0.164601 -0.050344 -0.117218
-1.10208 -1.1611 1.80443 -0.0272671 0.114008 -0.074622 -0.737916 -0.999098 1.90596 -0.197502 -0.06308 -0.116423
30.1506 30.2103 34.2975 -0.0369427 -0.0448476 -0.0189298 29.2531 29.5403 35.0547 -0.118978 -0.298186 -0.058629
-17.6195 -16.3265 -18.7159 0.182479 0.160937 -0.0152798 -17.3826 -15.5339 -18.0089 0.174779 0.08547 0.152094
29.9834 30.785 34.9047 0.612531 -0.217231 0.108716 29.0662 30.0064 35.1538 0.573581 -0.389543 0.031534
29.9932 30.699 34.839 0.498137 -0.190806 0.0944134 29.0779 29.9331 35.1568 0.452892 -0.370331 0.010266
1.37835 0.72882 0.101332 -0.0787411 -0.136331 -0.099294 1.34652 0.898706 0.261004 -0.12413 -0.165696 -0.219904
1.7098 2.70803 1.77194 -0.484457 -0.00111658 0.276131 1.79709 2.68608 2.16724 -0.238663 0.036828 0.292602
3.33961 3.71786 2.89097 -0.320737 0.00665 -0.561513 3.43992 3.49146 2.81544 -0.134117 0.118003 -0.644189
1.11069 1.70448 2.6311 -0.576198 -0.256479 -0.620312 1.3287 2.07164 2.63528 -0.325918 -0.275578 -0.72204
1.6362 2.64356 1.79294 -0.0586102 0.186626 -0.448328 1.81775 2.77066 2.14907 0.042647 0.221993 -0.632453
3.52158 3.59778 2.81227 -0.318196 0.102384 -0.424188 3.50438 3.40695 2.77695 -0.137696 0.274255 -0.570364
7.76826 8.84914 7.99697 0.153582 -0.238735 0.113316 8.54019 8.62804 8.42717 0.008453 0.006434 0.027599
2.03266 2.41714 2.54856 -0.22289 0.313988 -0.290303 2.51545 2.83089 3.11887 -0.30619 0.330769 -0.184251
1.79303 2.84989 1.88269 -0.206277 0.0554803 -0.346994 1.88267 3.00132 2.27178 -0.06716 0.049369 -0.481349
-4.56645 -4.87205 -3.30743 -0.0623759 -0.0652728 -0.284938 -4.89587 -5.27692 -3.60121 0.194962 -0.071529 -0.306403
1.75899 0.999754 0.50524 -0.104999 0.610734 0.0776204 2.14946 1.32783 0.33824 -0.085114 0.67494 0.002791
1.84262 1.04854 0.463386 -0.0596468 -0.894607 0.113509 2.27494 1.30438 0.338318 -0.131658 -1.15077 0.027149
1.76737 0.97844 0.463474 -0.0383757 -0.88688 0.0733361 2.17323 1.31962 0.364756 -0.157772 -1.12148 0.010583
1.63381 1.90111 3.60648 -0.70127 -0.257621 -0.260684 1.75161 2.31163 3.02365 -0.380374 -0.230314 -0.524966
4.36612 5.25722 5.71957 -0.338845 0.683165 -0.352094 3.85902 4.32003 5.42475 -0.341728 0.115298 -0.525476
-3.37713 -3.36709 -7.89245 -0.0084568 0.0448504 -0.0258944 -2.79202 -2.79729 -8.96604 0.004334 0.001243 -0.000719
-15.963 -14.4266 -16.6362 0.619068 0.198011 -0.327911 -14.8399 -13.878 -15.8146 0.582068 -0.281753 -0.570925
-6.44009 -5.74699 -9.03396 0.0928729 0.274853 0.138682 -5.76866 -5.75081 -9.31305 -0.06443 0.027157 0.049335
-19.5084 -16.6186 -18.8235 0.00382138 0.116519 0.001155 -19.5427 -14.9309 -17.4408 -0.001969 0.155476 0.10528
4.31944 4.45187 -0.273936 -0.13913 0.123551 -0.0429769 4.4417 4.59928 -1.93202 -0.059172 0.208263 -0.111008
-5.55329 -5.54658 -9.89538 -0.0054999 0.0524865 -0.0303094 -4.78233 -4.79186 -10.7849 0.008127 -0.00024 0.000112
4.43274 4.04002 0.980875 -0.0172968 0.0823081 0.037202 4.3607 3.70603 -0.069474 -0.122357 0.209778 0.365778
6.77149 1.27312 5.23902 -2.91787 -0.654572 0.707581 6.11176 1.25488 5.55878 -2.32834 -0.264829 -0.083655
-0.974126 -0.9797 2.20937 -0.030781 0.493923 0.201846 -0.566869 -0.916636 1.85841 -0.080821 0.497618 0.340458
-11.9875 -11.9081 -12.1256 0.078823 -0.289871 -0.0710843 -11.2316 -11.3287 -11.4445 0.0867 -0.177363 -0.030037
-12.5722 -12.4797 -12.7475 0.0547185 -0.331939 -0.0496103 -11.836 -11.9325 -12.1686 0.092312 -0.236818 -0.030391
-0.942301 -0.90151 2.25226 -0.0701677 0.519589 0.208522 -0.53217 -0.84971 1.87928 -0.127899 0.515417 0.336406
-20.2445 -15.9005 -17.2942 -0.0756238 0.171029 -0.00583274 -20.4075 -13.922 -16.0681 -0.088682 0.139569 0.020592
-18.2844 -18.8934 -20.1603 0.622179 -0.33575 -0.0786828 -18.1723 -17.7716 -18.7305 0.529646 -0.449519 0.074689
-13.687 -13.6058 -13.8187 0.0198762 -0.360928 0.0221846 -13.1179 -13.2508 -13.4914 0.081264 -0.262754 -0.017437
-10.6097 1.16707 7.29629 0.424836 0.357661 -0.214042 -11.2873 0.755741 7.24289 0.426458 -0.093613 -0.312781
-13.893 -13.8142 -13.9879 0.00599359 -0.344126 0.0328497 -13.3971 -13.5274 -13.741 0.069086 -0.247204 -0.025959
-20.3261 -20.5973 -20.3989 -0.109798 0.0362585 -0.00922582 -19.2732 -20.2761 -20.3327 0.057066 -0.030269 -0.116676
2.57751 2.13287 2.06929 -0.0109577 -0.0345947 -0.205171 2.7189 2.29602 2.39821 0.050327 -0.061855 -0.285124
-14.1539 -14.0772 -14.1855 -0.0177522 -0.30291 0.0373347 -13.7339 -13.8623 -14.0238 0.026558 -0.188493 -0.019449
2.79903 3.84952 3.85034 0.37031 0.62463 -0.091247 2.62831 3.71141 4.20078 0.28236 0.486594 -0.095926
2.31254 1.71839 0.857146 -0.0919728 0.617465 -0.00528591 2.67759 1.59599 0.856805 -0.067026 0.828159 -0.019351
-19.1458 -17.7922 -19.7333 0.759789 0.313765 -0.113234 -18.5067 -17.3126 -19.2228 0.842276 0.138555 -0.022186
2.47153 1.86329 0.97704 -0.0701746 -0.88483 0.00918967 2.77671 1.68498 1.12052 -0.083498 -1.23819 -0.019686
2.25672 1.67804 0.992379 -0.0797645 0.661647 0.0610303 2.60497 1.65048 0.963326 -0.08682 0.896075 0.010459
-14.6584 -14.6122 -14.5271 -0.089218 -0.10031 -0.0226004 -14.5365 -14.5235 -14.6594 -0.028322 -0.01716 -0.032165
4.16348 3.64775 3.54686 -0.0128749 -0.0363146 -0.199502 4.35667 3.86298 3.94388 0.054239 -0.063984 -0.291255
-10.1506 -9.49967 -12.4798 0.0758143 0.272956 0.114952 -9.23827 -9.2554 -12.6116 -0.055837 0.016344 0.050091
-11.1042 0.850713 7.75496 -0.0903863 0.278387 -0.0258116 -11.8817 0.075041 7.80614 -0.032532 0.098305 -0.13776
-10.7489 -7.37791 -11.6837 1.42678 1.16995 -1.13043 -9.7541 -6.91561 -10.7597 1.53595 0.853053 -0.571082
0.447661 1.18009 4.75539 -0.95492 -0.430107 0.150899 0.470975 1.3604 4.18454 -1.06469 -0.314005 0.412178
1.74375 0.31133 4.03268 -0.286935 0.586442 0.051413 2.05876 0.737776 3.30797 -0.720326 0.208784 -0.159555
-4.79296 -4.99365 -4.90074 -0.000357936 -0.0274904 -0.235076 -5.01499 -5.2689 -5.02127 0.034726 -0.055463 -0.196765
0.47714 -1.41747 2.11143 -0.0821077 0.701504 0.339854 1.37981 -0.475049 2.06041 -0.158329 0.407993 0.071945
19.029 18.948 19.0544 0.0795929 -0.1486 0.0677386 18.2922 18.0072 18.6764 0.024201 0.085006 0.072062
0.0973628 -0.142352 -0.00865476 -0.195773 -0.163782 -0.0236847 0.001895 -0.008765 0.006635 -0.008946 -0.003487 -0.00634
0.0973628 -0.142352 -0.00865476 -0.195773 -0.163782 -0.0236847 0.001895 -0.008765 0.006635 -0.008946 -0.003487 -0.00634
0.0960373 -0.143656 -0.00875108 -0.196447 -0.16465 -0.0239122 -0.001274 -0.009813 0.004586 -0.009853 -0.002775 -0.007378
0.0976884 -0.1196 -0.0241494 0.000781485 -0.159928 -0.0184703 0.00473 0.017796 -0.017009 0.220248 -0.011314 0.007827
0.102887 -0.132621 0.000674828 -0.199352 -0.146414 -0.217399 0.014129 -0.011284 0.031012 -0.007989 -0.014158 -0.219966
0.101288 -0.120492 -0.019747 0.0130681 -0.164231 -0.0200281 0.006737 0.013401 -0.019061 0.241449 -0.005765 -0.002181
0.0916265 -0.145496 -0.0154737 -0.193016 -0.168609 0.184723 -0.000418 0.000558 0.000246 -0.009345 0.00331 0.246058
0.098258 -0.139326 -0.00410942 -0.200517 -0.160627 -0.233147 0.000622 -0.016875 0.012448 -0.010962 -0.009815 -0.256843
0.109601 -0.136282 -0.0106391 -0.20051 0.170328 -0.0354794 0.012507 0.000177 0.02519 -0.009285 0.349697 0.017264
0.104204 -0.133289 -0.00464199 -0.197979 0.187132 -0.0326485 0.002766 -0.001691 0.014941 -0.012886 0.400577 0.011902
0.103818 -0.12561 0.00644931 -0.207749 -0.119485 -0.395707 0.017146 -0.017203 0.04583 -0.013723 -0.020989 -0.418395
0.0860912 -0.133566 0.00331148 -0.19343 -0.513094 -0.0143254 -0.006318 0.00245 0.020655 -0.003447 -0.407898 -0.01731
-0.422437 -0.639955 -0.866571 -0.18546 -0.160305 -0.0174528 -0.475955 -0.48396 -0.858361 0.023283 -0.004722 0.012426
0.642748 0.685138 0.505298 -0.170927 -0.161907 -0.0261788 0.511402 0.881483 0.500301 0.018342 -0.00811 0.010287
-0.425333 -0.949685 -0.500437 -0.217749 -0.159766 -0.0190704 -0.478986 -0.869069 -0.460096 -0.023401 -0.004068 -0.00971
0.641326 0.687412 0.503656 -0.170844 -0.162624 -0.0272809 0.510575 0.888005 0.500173 0.016401 -0.006197 0.008957
-0.449653 -0.986333 -0.523994 -0.218501 -0.162743 -0.0202519 -0.495107 -0.910788 -0.471728 -0.02846 -0.002864 -0.014024
0.103937 -0.10065 -0.0277069 0.222272 -0.164347 -0.0164486 0.011599 0.038578 -0.041346 0.491252 -0.007783 -0.0011
-0.453916 -0.668599 -0.90851 -0.18448 -0.161897 -0.0185176 -0.5111 -0.502285 -0.92539 0.020311 -0.001955 0.00138
0.665007 0.726412 0.532761 -0.173582 -0.164131 -0.0269158 0.523239 0.943964 0.509842 0.011437 -0.001629 0.000902
0.101871 -0.130915 0.00142612 -0.204384 -0.152077 -0.436919 0.006719 -0.020908 0.030667 -0.012094 -0.018886 -0.495797
0.0810463 -0.193724 0.0203935 -0.623879 -0.163225 -0.0312239 -0.006326 -0.047369 0.070906 -0.5203 0.003447 -0.008005
0.109812 -0.125779 -0.00267626 -0.202872 0.342761 -0.0400053 0.007713 0.007521 0.033478 -0.013696 0.544296 0.023118
0.133179 -0.0384421 -0.14637 0.0977925 -0.0951239 0.176712 0.036337 -0.09167 -0.026583 0.057541 0.012624 -0.037468
0.079332 -0.123469 0.0150582 -0.192253 -0.687399 -0.00969605 -0.009451 0.014333 0.030875 -0.001304 -0.611762 -0.024618
0.104109 -0.113614 0.0151095 -0.210827 -0.101615 -0.585241 0.025572 -0.014582 0.065912 -0.014559 -0.024867 -0.629787
0.106992 -0.114915 0.0141739 -0.209018 -0.118509 -0.607128 0.02961 -0.021254 0.070229 -0.011597 -0.024292 -0.664598
0.102452 -0.121698 0.00283421 -0.209247 -0.146406 -0.642482 0.010103 -0.021209 0.044041 -0.014255 -0.025945 -0.74468
0.0785302 -0.215883 0.0417096 -0.826247 -0.161857 -0.0347651 0.002771 -0.062236 0.111412 -0.750185 0.00627 -0.008349
2.69298 2.19344 0.92468 -0.0616466 0.348109 -0.0583048 3.01868 1.92002 1.19662 -0.116322 0.274986 -0.037991
-0.936187 -1.13038 -1.71002 -0.175988 -0.154704 -0.00738593 -0.947281 -0.945418 -1.67725 0.058608 -0.008793 0.027717
-1.52521 -1.22666 -1.07396 -0.204491 -0.170585 -0.0162912 -1.69901 -1.00476 -0.980141 -0.01048 -0.007885 -0.004279
-0.944726 -1.13524 -1.73179 -0.176594 -0.15851 -0.0105213 -0.952499 -0.948907 -1.72354 0.050851 -0.006479 0.021356
1.72144 0.953121 1.05583 -0.186047 -0.15442 -0.0304904 1.69928 1.01039 1.00728 -0.005713 0.000578 -0.008408
-1.55828 -1.24627 -1.09825 -0.206425 -0.170791 -0.0168312 -1.74327 -1.01719 -0.999928 -0.01669 -0.007857 -0.009433
1.20043 1.52997 1.03606 -0.145904 -0.162656 -0.0308041 1.02896 1.8058 1.00461 0.04087 -0.010683 0.018737
2.85064 2.37278 1.1503 -0.107733 -0.121225 -0.116659 3.14502 2.28295 1.16993 -0.1304 -0.207963 -0.018771
1.81824 1.00131 1.12252 -0.184169 -0.157907 -0.0311428 1.82669 1.0469 1.05846 -0.000236 0.001114 -0.007346
1.23294 0.952425 1.82347 -0.224032 -0.168897 -0.0320153 1.05558 1.01609 1.93193 -0.068741 -0.005673 -0.023671
0.678869 1.50823 5.07212 -1.11982 -0.479238 0.0959942 0.693597 1.64967 4.52769 -1.17727 -0.345005 0.379989
-2.20675 -1.71743 -1.53118 -0.200276 -0.174743 -0.00608992 -2.36747 -1.45383 -1.40246 0.007383 -0.020264 0.011409
2.52436 1.5375 1.6115 -0.182319 -0.145184 -0.0383369 2.54657 1.56115 1.54704 -0.011823 0.007215 -0.009673
2.55985 1.52051 1.60774 -0.180291 -0.150278 -0.0343996 2.57905 1.53424 1.51951 -0.007112 0.002232 -0.014289
1.77795 2.35366 1.58684 -0.118507 -0.161783 -0.03218 1.57703 2.68791 1.52144 0.064485 -0.029175 0.032851
1.76937 2.37421 1.57861 -0.119607 -0.161113 -0.0350275 1.56511 2.73258 1.51788 0.060186 -0.019326 0.031536
1.81315 2.44796 1.63052 -0.122724 -0.160634 -0.0335849 1.60046 2.84262 1.55114 0.059934 -0.012561 0.02291
0.034385 -0.0934992 -0.157593 0.106365 -0.155053 0.00429632 -0.143606 -0.110733 -0.022243 0.019897 -0.038785 -0.015168
-12.8636 -12.9118 -13.3973 -0.00447835 -0.0594377 -0.0263915 -12.6638 -12.8143 -12.8742 0.008857 -0.011116 0.043587
-22.9072 -22.6557 -23.1402 0.0017119 0.0784921 -0.0305353 -23.0094 -22.9447 -23.3029 -0.09407 0.014797 -0.055341
2.60698 2.07912 1.4962 -0.0630311 0.405828 -0.0126515 2.99624 1.74652 1.45116 -0.10507 0.427655 -0.008398
-20.4825 -19.2769 -21.0668 0.695363 0.252095 -0.0414577 -19.9258 -18.7912 -20.6805 0.812778 0.106531 -0.101403
0.971307 0.496985 -0.0370801 0.149499 0.0208282 -0.0449739 1.79631 -0.066829 -0.009228 0.295471 -0.000989 -0.020865
1.24807 0.748652 0.335893 0.0964179 0.0413299 -0.0542901 2.0376 0.212513 0.369277 0.177 -0.030456 -0.04847
-21.1428 -20.5431 -20.746 0.4357 0.0781604 -0.330579 -20.7605 -19.7741 -20.0366 0.338237 -0.248075 -0.445223
0.86472 0.54854 0.0859838 0.146844 0.0980642 -0.072513 1.76998 -0.112408 0.245277 0.266677 0.159514 -0.055303
0.929581 0.566906 -0.0305016 0.134606 0.0433736 -0.396327 1.70934 -0.009309 0.091565 0.262777 0.003457 -0.271592
0.923444 0.607269 0.0676401 0.152472 0.219685 -0.0549146 1.74789 -0.024069 0.103569 0.270931 0.283686 -0.02968
0.854642 0.718055 0.0671962 0.141192 -0.225264 -0.013225 1.68841 0.058419 0.179292 0.291582 -0.271052 0.041446
-24.0621 -20.9019 -19.3637 -0.016629 0.0923033 -0.039897 -26.1264 -20.0677 -19.8917 0.011051 0.010403 -0.027051
0.956608 0.655648 0.969422 -0.211866 0.0712767 0.0667046 0.792321 0.625995 1.01178 0.081449 0.285197 0.120662
0.889919 0.548181 -0.0515893 0.174691 0.0339398 0.321258 1.4438 -0.215209 -1.29851 0.309374 -0.022221 0.28395
0.804939 0.789067 0.18036 0.135931 0.318192 -0.0746121 1.7112 0.055018 0.380751 0.253979 0.294729 -0.029994
-24.0658 -20.846 -19.1256 -0.0200287 0.0899604 -0.0443212 -26.1058 -20.0424 -19.6866 0.012448 0.008812 -0.031872
0.819728 0.739424 0.145055 0.190883 -0.00617949 0.486932 1.59229 0.215635 0.299663 0.359903 0.01231 0.315697
0.868829 0.737074 0.124895 0.194934 0.0683233 0.522958 1.68278 0.187869 0.337549 0.298329 0.011878 0.345935
0.919701 0.812755 0.256278 0.160627 0.310543 -0.0610157 1.74497 0.08545 0.447401 0.271151 0.335922 -0.009348
0.612381 0.608095 0.570543 -0.117998 0.00886865 0.222801 0.671175 0.601216 0.504721 0.080437 0.21702 0.235536
-10.6549 0.895872 9.77346 -0.377218 0.238121 -0.0723826 -10.9357 0.033972 9.9662 -0.468509 0.061137 -0.094934
0.873173 0.976116 0.337538 0.140982 -0.388446 0.00571723 1.64088 0.218752 0.605688 0.26005 -0.292469 0.08967
0.903551 0.723023 0.85341 -0.14462 0.141831 0.26564 0.847631 0.658811 0.917104 0.28915 0.374086 0.274571
0.916794 0.7121 0.869047 -0.156053 0.156463 0.259429 0.849527 0.648464 0.958057 0.308132 0.37393 0.262437
0.807289 1.0384 0.346083 0.15051 0.450599 -0.0288761 1.62663 0.256064 0.596095 0.267713 0.286107 0.025007
0.939651 0.711527 0.904491 -0.173076 0.173267 0.230158 0.881878 0.654406 1.05415 0.327861 0.366344 0.235135
-10.5939 0.911598 9.93349 -0.0749914 0.290171 -0.0229573 -11.027 -0.115389 10.1113 -0.048289 0.095538 -0.117212
-9.34294 2.52075 11.7967 -0.0687034 0.316973 -0.0302152 -9.71732 1.4069 12.0247 -0.048716 0.10037 -0.121667
0.851354 0.883657 0.345635 0.149285 0.103145 -0.505642 1.61251 0.379113 0.551191 0.247354 0.048377 -0.239256
-0.328898 -0.35631 -0.206038 -0.609471 -0.123359 -0.0745829 -0.71931 -0.247818 0.031439 -0.33564 -0.20589 0.011777
1.00197 2.18235 5.7547 -1.61011 -0.71706 -0.162886 1.16684 2.25142 5.21171 -1.59676 -0.47575 0.002007
-1.12894 0.877214 3.49371 -1.60637 -0.377225 -0.626256 -0.428224 0.812851 3.14266 -1.61103 -0.457719 -0.555561
0.930927 2.15525 5.75871 -1.63576 -0.711382 -0.199353 1.13939 2.23939 5.19656 -1.62129 -0.493282 -0.050275
28.7448 28.7776 28.7964 -0.267429 -0.128891 -0.0152063 28.5794 28.2904 28.41 -0.273279 -0.130012 -0.168099
0.822397 1.08094 0.623054 0.147356 -0.40522 -0.010625 1.55998 0.413643 0.776698 0.219239 -0.170861 0.063691
0.797578 0.983998 0.618088 0.19342 0.10694 0.27118 1.55305 0.522388 0.816959 0.280981 0.073789 0.293876
0.835679 0.962883 0.588879 0.161424 0.105468 -0.292931 1.61297 0.537075 0.790712 0.231319 0.0628 -0.088793
0.828864 0.985101 0.618418 0.14354 0.095364 -0.309449 1.5978 0.526995 0.798823 0.272767 0.088276 -0.109553
0.86053 1.06264 0.658934 0.166444 -0.170619 -0.0105431 1.61829 0.618743 0.840667 0.258677 -0.036502 0.086003
0.756963 1.11497 0.67546 0.145227 0.395883 -0.0177223 1.53726 0.457349 0.915248 0.269561 0.208143 0.057113
0.816509 0.998564 0.674745 0.168197 0.111862 -0.0098828 1.59715 0.599182 0.91405 0.261422 0.072465 0.101283
0.49106 1.07678 0.369606 0.148135 -0.412499 -0.00877067 1.21957 0.35718 0.704357 0.231893 -0.223017 0.027228
-6.68434 5.96808 15.8559 -0.0545456 0.370098 -0.0441327 -6.79909 4.72624 16.2425 -0.052309 0.114095 -0.132294
30.8142 30.2187 30.4077 -0.56575 -0.306844 0.0793102 30.7965 29.6837 30.1797 -0.492951 -0.208805 0.061852
29.9065 29.7203 29.6444 -0.491518 -0.129943 -0.0281663 29.7268 29.0136 29.2339 -0.406203 -0.156435 -0.124835
30.8975 30.2524 30.5352 -0.553401 -0.304091 0.0965171 30.8419 29.7754 30.2483 -0.485938 -0.189467 0.076761
30.9837 30.2961 30.6685 -0.528532 -0.283351 0.127444 30.8804 29.8627 30.3054 -0.477239 -0.16863 0.093247
0.427458 0.478106 -0.145505 -0.0801413 -0.0781624 0.330775 -0.026494 0.002008 -0.014082 0.000272 -0.002999 0.018865
0.425368 0.49874 -0.116204 -0.0773284 -0.0806578 0.366057 -0.029824 0.029462 0.01929 0.003865 -0.006021 0.058708
0.43973 0.460257 -0.167292 -0.0838743 -0.0756655 0.321566 -0.004155 -0.013739 -0.017128 -0.003766 0.000342 0.003296
0.439733 0.460262 -0.167288 -0.0838743 -0.0756646 0.321565 -0.004026 -0.013609 -0.016996 -0.003767 0.000342 0.003296
0.439728 0.460261 -0.16729 -0.0838798 -0.0756667 0.321565 -0.004128 -0.013711 -0.017098 -0.003767 0.000342 0.003297
0.439615 0.460154 -0.167391 -0.0838643 -0.0756644 0.321561 -0.00418 -0.013718 -0.01712 -0.003753 0.00035 0.003254
0.457894 0.480369 -0.144087 -0.0829804 -0.0730829 0.318944 0.015733 0.006259 0.00789 -0.003243 0.001831 0.002279
0.483044 0.477394 -0.113325 -0.0849839 -0.0696908 0.275202 0.027373 -0.02115 0.036087 -0.003586 0.003968 -0.047202
0.503605 0.491709 -0.134946 -0.0859556 -0.0681521 0.259589 0.060017 -0.0004 0.014281 -0.004004 0.006388 -0.06508
0.43012 0.44297 -0.0122851 -0.0816618 -0.0744507 0.318966 -0.043489 -0.040371 0.129975 -0.001779 0.001334 0.007964
0.533068 0.55596 -0.0650154 -0.0817457 -0.0708654 0.3179 0.077504 0.066736 0.072345 -0.000572 0.002977 0.001913
0.672063 0.710173 0.0765491 -0.0364821 -0.0794246 0.320231 0.193759 0.204864 0.187931 0.059075 -0.01344 0.007279
0.662849 0.713625 0.0461323 -0.0874368 -0.0939476 0.362774 0.191752 0.221729 0.165425 -0.002318 -0.016974 0.061029
0.466788 0.494581 -0.126488 -0.080172 -0.0691006 0.315958 0.003993 -0.002088 0.001981 0.001583 0.003467 0.000533
0.493612 0.540663 -0.259579 -0.0828744 -0.0691203 0.315067 0.06394 0.057043 -0.118295 0.00076 0.003038 -0.004778
0.553376 0.624945 -0.0795313 -0.0881561 -0.144943 0.353857 0.089631 0.147299 0.041131 0.002189 -0.082476 0.052889
0.200649 0.249159 -0.402065 -0.109247 -0.0837092 0.32841 -0.224945 -0.207602 -0.22807 -0.020643 -0.011947 0.014338
0.363373 0.405281 -0.226745 -0.0876284 -0.168805 0.209785 -0.065268 -0.057859 -0.071129 0.001505 -0.114103 -0.109491
0.502497 0.496804 -0.116972 -0.0865444 -0.0630011 0.262514 0.052655 0.002124 0.023016 -0.005091 0.011172 -0.059655
0.395349 0.372701 0.102133 -0.0818437 -0.0733861 0.303899 -0.098189 -0.118188 0.264273 -0.001164 0.003924 -0.006587
0.607433 0.675577 -0.285462 -0.0826859 -0.0712545 0.331086 0.19335 0.20023 -0.161669 0.001241 -0.000152 0.009748
0.321684 0.305183 0.0282752 -0.0800203 -0.071177 0.303585 -0.176125 -0.193871 0.189688 0.00155 0.00447 -0.006438
0.516009 0.579955 -0.391153 -0.0825937 -0.0662306 0.312147 0.102677 0.093882 -0.261303 -0.000522 0.00302 -0.010575
0.433321 0.467073 -0.153604 -0.0777655 -0.0645385 0.31289 -0.033816 -0.036482 -0.032055 0.005246 0.003224 0.000722
0.530192 0.542187 -0.0256469 -0.0917082 -0.244643 0.0499842 0.088885 0.050249 0.102425 0.001955 -0.209739 -0.284812
-0.326624 -0.309234 -0.725596 -0.0766309 -0.0704742 0.321491 -0.738981 -0.725882 -0.503055 0.004766 0.005224 0.011358
0.379242 0.373412 -0.232111 -0.0559552 0.219467 0.639704 -0.069762 -0.101754 -0.057572 0.001846 0.35453 0.338082
0.303465 0.186641 0.610323 -0.0809139 -0.0779758 0.277784 -0.239095 -0.284794 0.844698 -0.004662 0.007212 -0.022752
0.611771 0.784639 -0.911807 -0.0811508 -0.0634484 0.359262 0.269549 0.303849 -0.840153 0.00518 -0.002978 0.028247
-0.919977 -0.961341 -1.10685 -0.0752336 -0.069398 0.294616 -1.33827 -1.36201 -0.83743 0.001541 0.011463 -0.019876
-13.9563 -13.5313 -12.7164 -0.0196921 0.00138969 -0.4511 -13.6297 -13.1489 -12.8033 0.072245 -0.010338 -0.731725
-1.47095 -1.42523 -2.07967 -0.0731036 -0.0678717 0.328255 -1.79591 -1.78287 -1.78799 0.00389 0.009877 0.007631
-1.14024 -0.854155 -3.01223 -0.0746412 -0.0663016 0.420925 -1.30108 -1.21532 -2.79674 0.006863 0.000145 0.080568
-2.1099 -1.98936 -3.09262 -0.0672367 -0.0587558 0.322056 -2.3311 -2.30466 -2.75683 0.010565 0.014178 -0.004535
3.59768 3.71177 2.1387 -0.0969309 -0.0720914 0.377702 3.09893 3.12438 2.00127 -0.005529 -0.018085 0.051197
0.320656 0.0943723 -0.28011 -0.00544496 -0.0103781 0.397699 -0.024833 0.005968 0.001195 0.006314 0.019132 0.007577
-14.4328 -14.0592 -13.1913 -0.0005006 -0.0184378 -0.396954 -14.2985 -13.9044 -13.0148 0.058296 -0.057656 -0.567752
-14.5196 -14.1591 -13.2825 0.00225607 -0.0213633 -0.382669 -14.4225 -14.05 -13.0705 0.050863 -0.066082 -0.540463
0.357777 0.271948 0.476663 0.0494135 0.0762941 0.334494 0.269588 0.359335 0.349539 0.00538 0.016619 0.005798
-24.2363 -24.5454 -23.2732 -0.190507 0.10976 0.0831138 -24.8937 -25.0612 -23.4775 -0.056261 0.217085 0.176726
-24.2535 -24.5495 -23.3024 -0.183605 0.105729 0.0772754 -24.9263 -25.079 -23.4917 -0.055306 0.210703 0.164472
-14.8347 -14.5429 -13.6377 0.0115635 -0.0321763 -0.310105 -14.8471 -14.5936 -13.2756 0.011472 -0.100455 -0.422127
-14.8791 -14.6016 -13.6938 0.0131475 -0.0329102 -0.296356 -14.912 -14.6792 -13.3165 0.004361 -0.106543 -0.402898
-15.0299 -14.8124 -13.9069 0.0172971 -0.0337809 -0.239492 -15.138 -14.9946 -13.4698 -0.018556 -0.120762 -0.328465
-15.0454 -14.8359 -13.932 0.0176028 -0.0337229 -0.232361 -15.1626 -15.0316 -13.4843 -0.02159 -0.121095 -0.320133
-23.431 -23.1912 -23.6311 0.0025361 0.074045 -0.0302111 -23.4645 -23.3918 -23.7072 -0.09184 0.012511 -0.056717
-24.3459 -24.5181 -23.4743 -0.124171 0.0609914 0.0330503 -25.0964 -25.1311 -23.5466 -0.080086 0.123599 0.078224
-1.6077 -1.08756 -0.963547 0.00120648 0.00622087 -0.0574228 -0.842004 -1.22247 -0.799798 -0.002789 0.002662 -0.077367
-2.78374 -2.28298 -2.11303 0.00118957 0.00665028 -0.056684 -2.12368 -2.47462 -2.01978 -0.004461 0.002175 -0.07524
-22.1237 -21.9129 -24.6002 0.105855 0.0439198 -0.0899239 -21.6422 -21.4237 -25.5466 0.043313 0.055504 -0.010931
-16.1389 -13.478 -16.3337 0.311299 0.631693 -0.214943 -15.2619 -13.5865 -15.8148 0.090113 0.306678 -0.490277
-18.2448 -18.0125 -19.2055 0.264377 -0.772392 -0.372461 -17.5366 -17.0017 -18.1535 0.511439 -0.993127 -0.106558
25.8188 25.6702 26.1324 0.0855644 -0.171738 0.0751754 25.4218 25.1226 25.9082 0.030195 0.089348 0.075104
23.9868 20.648 23.4158 -1.92796 -0.0791475 0.370429 22.8259 19.9004 23.1057 -1.81331 0.343433 -0.359427
-15.9493 -15.4908 -16.8207 0.165923 -0.704601 -0.611874 -15.0646 -14.3279 -15.6431 0.345119 -1.05041 -0.141005
-24.0197 -20.2802 -16.1162 -0.0308534 0.0141795 -0.0819758 -25.6602 -20.0127 -17.496 0.014751 -0.000889 -0.083746
-15.0864 -14.6004 -15.9018 0.118523 -0.674151 -0.673941 -14.1528 -13.3566 -14.6913 0.274911 -1.04438 -0.134305
-23.3244 -23.1777 -23.3996 0.362435 -0.0458221 -0.248183 -23.175 -23.0909 -23.5679 0.41692 -0.011279 0.006774
-2.90954 0.377835 -7.02608 -0.0105951 4.28568e-07 -4.62028e-07 -1.69289 -0.048808 -4.81853 -0.054537 -0 -0
-2.90956 0.505418 -7.15278 0.124802 -0.0427834 0.0905786 -1.7572 0.013182 -5.26025 0.315891 0.048674 0.060842
2.7892 6.09401 -1.17761 -0.0132633 1.20805e-07 -9.2372e-07 3.79206 5.39296 0.250369 -0.088517 0 0
-2.85224 0.562134 -7.12331 0.150802 0.0446634 -0.107471 -1.93697 -0.063946 -5.37986 0.297801 -0.057848 0.015172
-9.68407 -3.98 -7.0846 0.283779 0.0864312 -0.105107 -10.4624 -2.95936 -6.07732 -0.034536 0.332531 -0.11952
-9.02216 -4.37254 -7.80978 0.286961 0.129475 -0.0833177 -9.84389 -3.24635 -6.93709 -0.009791 0.355574 -0.126445
-11.096 -8.32786 -12.0332 1.1062 0.947809 -0.966273 -10.1794 -7.45372 -10.9173 1.09119 0.720964 -0.544571
1.23333 1.17703 1.11991 -0.00566779 -0.051482 -0.0454663 0.905208 0.985345 0.86014 -0.07334 -0.090083 -0.039531
-0.329879 0.513827 0.545215 -0.508036 0.328661 0.205981 -1.39425 1.10512 0.722743 -1.01656 0.332509 0.115845
-0.233097 0.476604 0.488007 0.494474 -0.304463 -0.184892 -1.29729 1.0387 0.682765 1.0081 -0.42497 -0.216858
-0.247935 0.490933 0.48602 0.506193 -0.300957 -0.17759 -1.30015 1.03739 0.689861 1.00406 -0.420594 -0.212807
-0.400756 0.741331 0.592436 -0.53586 0.516564 0.301518 -1.40708 1.28865 0.738029 -1.03825 0.482613 0.182025
-0.186751 0.406457 0.413676 -0.560707 0.163642 0.0963856 -1.22564 0.883017 0.65164 -1.0662 0.177172 0.055655
-8.69237 -4.42367 -7.99166 0.288826 0.157759 -0.0740615 -9.53115 -3.32681 -7.23319 0.019298 0.380333 -0.133314
-0.512885 0.651244 0.450179 -0.484922 0.518992 0.252524 -1.4783 1.20088 0.644133 -1.02429 0.422892 0.109333
-4.51706 -1.11499 -8.7531 0.127735 -0.0382088 0.0907343 -3.65153 -1.75995 -7.1239 0.253944 0.056891 0.048971
-0.408239 0.404805 0.380186 -0.71106 0.197738 0.0466425 -1.43052 0.81537 0.732519 -1.25911 0.156967 0.012847
-10.5161 -10.2193 -9.6995 -0.0894101 -0.128306 0.0328825 -10.3218 -10.1405 -10.0431 -0.008406 -0.089332 0.001044
-23.9732 -20.1768 -15.2701 -0.0236903 -0.0323861 -0.0862292 -25.5626 -19.9196 -17.0278 -0.032061 -0.021691 -0.138055
-0.455171 0.570459 0.403158 -0.532693 0.356032 0.121029 -1.40978 1.0735 0.708978 -1.05676 0.266289 0.011359
-18.9534 -17.0879 -19.3415 0.141716 0.362884 -0.318869 -18.1274 -16.9602 -18.7711 -0.173688 0.235314 -0.644587
-23.3099 -22.7428 -22.92 0.258893 -0.00531935 -0.170395 -23.1495 -22.4729 -22.3252 0.121246 -0.133496 -0.259196
-0.629286 0.377745 0.505149 0.88994 -0.415352 -0.209235 -1.12045 0.778197 0.678456 1.32742 -0.464271 -0.200798
-0.685325 0.461208 0.462919 0.822811 -0.567424 -0.326691 -1.18732 0.811043 0.609253 1.28931 -0.653783 -0.350324
-6.03361 -2.73808 -10.1082 -0.00787814 5.47196e-07 -8.19738e-09 -4.83703 -3.27997 -7.86314 -0.047513 -0 -0
-0.40974 0.540647 0.797485 -1.04755 0.548402 0.308306 -0.534954 0.892031 0.744336 -1.47174 0.444794 0.29329
-15.5131 -15.0033 -17.3086 0.0413423 0.257248 0.075683 -14.7156 -14.7952 -17.7038 -0.04774 -0.000356 0.052902
6.06673 18.734 10.3557 0.294974 -0.470096 -0.150003 5.98473 16.8795 12.1504 0.355371 -0.314701 -0.084275
-0.228426 0.509762 0.903381 -1.02083 0.575648 0.344894 -0.224613 0.89046 0.838681 -1.37817 0.479345 0.321705
-0.337157 -0.337157 0.747893 -2.97549e-05 -2.15046e-06 -1.72192e-06 -0.098592 -0.098592 -0.108002 0.047549 -0 0
-0.146427 -0.146425 1.06574 -0.077707 -1.81967e-07 5.66869e-08 0.081505 0.081505 0.237272 -0.027323 -0 -0
-0.519288 -0.519289 0.646353 -0.130576 5.12655e-07 4.11764e-07 -0.357256 -0.357256 -0.157133 -0.132117 -0 -0
-0.221064 0.323355 0.944054 0.807876 -0.407874 -0.273907 -0.066724 0.655747 0.854132 1.10106 -0.361398 -0.19933
1.1548 1.44622 1.49525 -0.00358792 0.195211 0.0884761 0.816592 1.1872 1.1656 -0.07858 0.222094 0.150563
-0.26872 0.163462 0.901197 -0.760517 0.394153 0.247442 -0.095197 0.533832 0.779009 -0.983532 0.319175 0.202801
-0.2517 0.123218 0.903231 -0.688502 0.395328 0.257612 -0.06516 0.498258 0.738417 -0.875174 0.328821 0.206402
-0.222526 0.146647 0.947582 0.379411 -0.215942 -0.151557 0.062754 0.508197 0.73139 0.531512 -0.17808 -0.104474
-0.232698 0.0387551 0.919778 -0.237375 0.206202 0.142958 0.0759 0.407728 0.622939 -0.30668 0.171799 0.106567
-0.194946 -0.0796982 0.900059 4.54884e-07 -2.09964e-07 5.82346e-07 0.116601 0.367013 0.518992 0 0 0
-0.222543 -0.104888 0.881879 -0.0411541 0.199837 0.15945 0.057947 0.354123 0.507981 -0.012297 0.176043 0.105624
-0.215055 -0.103115 0.883288 0.0214015 -0.205418 -0.165234 0.07581 0.355658 0.502129 -0.011838 -0.178107 -0.111728
-0.252745 -0.0979759 0.873693 -0.190194 0.3936 0.306062 0.032624 0.316009 0.521421 -0.161505 0.342345 0.215134
-0.219616 -0.119414 0.875312 0.0426503 -0.410147 -0.33212 0.063569 0.353761 0.496948 -0.026857 -0.361682 -0.234858
-1.40469 -1.35466 -0.140893 -6.08671e-07 5.75131e-07 -2.61171e-07 -1.23153 -0.940344 -0.470599 0 -0 0
26.5417 26.3913 30.1572 1.82164 -0.264582 -0.126361 25.9109 26.0229 30.2429 2.15571 -0.111343 -0.482611
-0.211842 -0.130467 0.865711 -0.0633515 0.587235 0.469903 0.066759 0.374763 0.488131 0.079751 0.522004 0.338444
1.00903 1.17249 1.95843 -2.78479e-07 4.02669e-07 -5.90671e-07 1.43735 1.63955 1.58403 0 -0 0
-5.98996 -2.60542 -10.1908 0.131065 -0.0345165 0.0912225 -5.30639 -3.52414 -8.78983 0.27316 0.051891 0.047938
1.48015 1.66581 2.80022 -1.44051e-07 -1.60268e-06 -1.50508e-07 1.83374 2.21488 2.36342 0 0 0
1.54046 1.71672 2.83299 6.65886e-08 2.91891e-07 4.5832e-08 1.90778 2.26581 2.39642 0 0 0
26.6434 26.4105 30.3201 1.54316 -0.249859 -0.171785 25.9824 26.0419 30.4176 1.88525 -0.123958 -0.488351
26.6647 26.4132 30.3559 1.46957 -0.245413 -0.184795 26.002 26.0451 30.4628 1.81456 -0.12678 -0.485645
0.0511041 0.0511023 -0.217894 0.171949 5.24998e-08 -6.74843e-08 0.299774 0.299774 -0.935565 0.081593 -0 0
0.518383 0.824988 0.80257 0.00629409 0.185611 0.100274 0.169809 0.564012 0.481567 -0.04809 0.203667 0.131367
-3.22289 -3.26984 -2.56021 -1.0285e-07 -2.53703e-06 -5.34253e-07 -3.10514 -2.96396 -2.75871 0 0 0
-2.04885 -1.40018 -1.40458 -1.42154 0.28383 -0.40063 -2.00456 -1.23922 -0.382957 -1.44949 -0.022682 -0.069504
-3.35294 -3.44022 -1.90693 2.88838e-07 -1.83827e-06 -6.24573e-07 -3.53694 -3.16349 -2.06119 0 0 0
-3.3601 -3.48421 -1.92577 4.45352e-08 6.56083e-07 2.40501e-07 -3.54973 -3.15966 -2.0897 0 0 0
26.779 26.4142 30.5009 0.702664 -0.14911 -0.270491 26.103 25.9456 30.915 0.940938 -0.146706 -0.423053
3.20954 3.47644 4.05978 -5.65825e-07 -1.66352e-06 4.34174e-07 3.11202 4.14394 3.69104 0 0 0
0.275616 0.540209 0.510895 0.0146511 0.171396 0.0913188 -0.061588 0.277399 0.194428 -0.018463 0.172965 0.107524
-10.643 -2.76529 -4.5577 0.262714 0.033036 -0.126853 -11.3647 -2.02175 -3.62095 0.011882 0.302031 -0.106861
-14.2564 -14.5217 -18.2861 0.796125 0.0590672 -0.759577 -14.6686 -13.6524 -17.3272 0.494027 -0.060181 -0.692508
-2.01375 -1.23146 -1.03459 -1.4557 0.295767 -0.615044 -1.95245 -1.09063 -0.034776 -1.54648 0.062937 -0.276385
26.8491 26.5059 30.48 0.431076 -0.101712 -0.240009 26.1296 25.9436 31.0966 0.60689 -0.11581 -0.387531
0.0315927 0.215416 0.184368 0.0180485 0.139402 0.0731957 -0.291034 -0.057716 -0.127343 0.012449 0.115746 0.063529
26.811 26.5546 30.3154 0.240367 -0.0589583 -0.170534 26.1018 25.9847 31.0738 0.390177 -0.066524 -0.343917
-0.0540653 0.0934322 0.0669707 0.0136802 0.117253 0.0604754 -0.366462 -0.190102 -0.237646 0.015832 0.084057 0.0431
5.04454 5.34165 6.75689 -4.29367e-07 4.9549e-06 2.70662e-07 4.83501 5.94632 6.65302 0 0 0
5.10445 5.40325 6.78709 -3.55648e-07 1.0691e-06 -3.45684e-07 5.1817 6.07297 6.55328 0 0 0
5.05772 5.35764 6.75908 4.31811e-07 4.31455e-06 5.16865e-08 5.12329 6.03282 6.5376 0 -0 0
-0.252813 -0.476465 -0.713035 -0.0339538 -0.0312752 -0.0681855 0.101799 0.007588 -0.328214 -0.062936 -0.023439 -0.053606
-0.244263 -0.215555 -0.239191 -0.0208361 0.0146688 0.0179241 -0.554813 -0.550577 -0.554062 0.000939 -0.017197 -0.018486
-0.256682 -0.226534 -0.249833 -0.0141513 0.0127615 0.0154733 -0.609961 -0.602528 -0.60714 0.009181 -0.018894 -0.017955
-23.777 -23.7527 -23.832 0.04284 -0.0627471 -0.060392 -23.845 -23.8488 -23.8856 -0.016553 -0.084559 0.072685
-0.117807 -0.300075 1.488 0.0098241 -0.0174275 -0.0490807 0.265326 -0.034675 2.08042 0.008277 0.044506 -0.008781
86.4205 87.3091 86.7829 -0.394626 -1.46067 -0.019014 86.4792 87.1474 87.7462 -0.599965 -1.47734 -0.218683
6.95192 18.9069 9.5587 0.298182 -0.534854 -0.0181652 6.48649 16.7478 11.3362 0.362176 -0.335179 0.030883
-3.59605 -3.56596 -3.5884 -0.00896278 0.0121625 0.0103763 -4.05756 -4.05465 -4.05836 0.005346 -0.013925 -0.011516
0.119383 -0.156015 1.76453 -0.0708765 0.0063979 -0.0587584 0.652692 0.066853 2.24483 -0.18795 0.090138 -0.017913
87.5297 88.5663 88.0549 -0.973605 -1.31439 -0.899306 88.0949 88.3324 88.8417 -0.777221 -1.16894 -0.549449
0.201308 -0.101946 1.87426 -0.0874913 0.0115769 -0.0609118 0.76323 0.102734 2.28997 -0.23053 0.098274 -0.022973
-0.13362 0.846503 2.36708 -0.349102 -0.184708 0.0861535 -0.017489 1.51115 2.23625 -0.274525 -0.085699 -0.022585
0.622773 0.713288 2.66408 -0.34571 -0.129554 0.0207924 0.823514 1.22026 2.72313 -0.30585 -0.062592 0.045429
0.623797 0.442782 2.50343 -0.189672 -0.10643 -0.00342482 0.851504 0.828568 2.78984 -0.123025 -0.049229 0.035786
0.656519 0.467093 2.54798 -0.19893 -0.105537 -0.00289327 0.8841 0.862782 2.81084 -0.133411 -0.046436 0.033917
0.711147 0.512397 2.61342 -0.215198 -0.103197 8.92174e-05 0.938434 0.921835 2.83599 -0.149629 -0.040293 0.034762
-15.082 -12.6362 -13.454 0.720299 0.787241 0.634988 -14.1617 -11.9431 -12.7666 0.864819 0.523613 0.556289
7.17837 18.9704 9.5278 0.300382 -0.512144 0.0436826 6.62465 16.8156 11.2232 0.371507 -0.341167 0.079814
-11.401 -11.1381 -10.5402 -0.0895565 -0.11883 0.0321301 -11.536 -11.3656 -10.785 0.035555 -0.066961 0.045989
0.493442 0.117355 2.28418 -0.136103 0.0218905 -0.0703967 1.14781 0.316459 2.51078 -0.347655 0.110989 -0.044591
-0.353978 0.956114 2.02922 -1.55814 -0.572998 0.296104 -0.280128 1.45187 1.17276 -1.25881 0.069123 0.266938
-0.407254 0.920681 1.98111 -1.54211 -0.56883 0.249137 -0.386173 1.44565 1.06003 -1.27309 0.067006 0.197093
7.22455 18.9999 9.55156 0.303394 -0.497727 0.0836461 6.6571 16.8653 11.1981 0.375497 -0.342615 0.122252
99.098 93.2504 106.805 0.190544 -0.75336 -0.615118 99.513 93.3196 105.61 0.501668 -0.438093 0.000359
98.9308 93.4778 106.898 0.204115 -0.694713 -0.617496 99.447 93.4811 105.72 0.503281 -0.401466 -0.005141
-1.42091 -1.25594 -0.138917 0.11876 -0.0275664 -0.0491771 -0.996871 -0.565168 0.657864 0.093084 -0.009058 0.005055
-15.6221 -15.7813 -15.3125 0.403239 -0.155331 0.255859 -14.8693 -14.9464 -15.0245 0.189579 -0.217567 -0.132223
-0.00434544 0.1456 1.12261 0.146735 -0.0347797 -0.0565501 0.592678 1.05176 2.1605 0.102407 -0.012916 0.001709
-7.69521 -2.2389 -6.31072 1.14089 0.786543 -0.637468 -8.23385 -2.35603 -5.83208 1.72843 0.79149 -0.365382
14.6275 18.4128 10.7933 0.177008 0.10471 -0.147471 15.3219 16.797 11.0167 0.421151 -0.066907 -0.031359
-22.01 -22.3699 -22.9931 0.331282 -0.0587161 -0.255336 -21.9126 -22.0988 -22.2594 0.400922 -0.26944 0.019435
-8.43771 -7.9769 -7.57467 0.00213676 0.00829368 -0.0575212 -8.21439 -8.26971 -7.81249 -0.021335 -0.002305 -0.027181
0.779959 0.915772 1.82629 0.163208 -0.0393452 -0.0608945 1.48067 1.95261 2.99141 0.106249 -0.015 -0.000742
97.6392 94.5747 106.777 0.23233 -0.448634 -0.631568 98.1223 94.1933 106.241 0.557993 -0.257639 0.006608
-15.4288 -14.874 -17.4352 1.06862 -0.175424 -0.0190568 -14.5296 -13.6063 -18.4138 0.922719 -0.111425 -0.070772
97.139 94.6977 106.619 0.240421 -0.41704 -0.535404 97.5408 94.3618 106.338 0.556566 -0.237031 0.011716
-10.8371 -10.1439 -8.84435 -0.139488 0.0599895 0.715851 -9.83539 -8.73116 -8.71971 -0.099164 0.759379 0.119462
-13.7749 -13.6478 -13.8736 -0.385995 -0.0622745 -0.0644081 -12.9702 -13.0353 -12.8486 -0.208382 0.02935 0.109887
0.754501 0.282635 1.44127 0.666618 -0.313556 0.945804 0.776879 0.05938 1.53403 0.788175 -0.204618 0.950914
-21.1238 -12.9477 -6.54725 -0.100752 0.0379436 0.0167308 -21.098 -12.2436 -7.04336 -0.026155 0.069144 -0.090983
96.2451 95.2127 106.961 0.224453 -0.13511 -0.0649375 96.5344 95.3743 106.924 0.621475 -0.213438 0.212002
1.43556 0.975414 3.5899 -0.259668 0.0754207 -0.0836562 2.17843 1.09226 3.23587 -0.546812 0.160756 -0.134598
96.3857 96.0653 107.485 0.270133 -0.0495145 -0.0595167 96.7684 96.3755 107.347 0.741771 -0.263294 0.32145
-3.08716 -0.141581 -2.63824 2.55612 0.728544 -0.17018 -4.08767 -0.554804 -3.14871 2.43973 1.00994 -0.274051
-13.061 -12.9897 -13.0858 -0.415724 -0.0729836 -0.104183 -12.2293 -12.2997 -12.0447 -0.281016 0.000577 0.138598
-15.0552 -14.0277 -15.3367 0.295015 0.483773 -0.704065 -13.8774 -14.0318 -14.4347 0.351744 0.39697 -0.641709
-3.65993 -3.50769 -2.12878 0.084109 -0.0209973 -0.0400034 -3.54377 -3.17406 -1.78271 0.073225 -0.003668 0.006401
-24.2858 -24.0642 -24.4331 0.00399692 0.0681526 -0.0279961 -24.1846 -24.1019 -24.3411 -0.091289 0.008536 -0.060884
-22.9739 -23.4684 -23.7927 0.208796 -0.177933 -0.172474 -22.7446 -23.3667 -23.4879 0.138668 -0.31863 -0.047048
-10.9973 -1.79436 -1.86422 0.374722 0.235002 -0.377672 -11.8515 -1.56 -1.18582 1.09585 0.443969 -0.319389
-23.7446 -23.7507 -24.1089 0.107832 -0.356986 0.0343511 -23.6803 -23.7251 -23.8264 0.253087 -0.325004 0.023638
2.31624 2.44734 2.77176 0.358279 -0.215807 0.273541 1.96966 2.15075 2.77348 0.215325 -0.121222 0.45384
-18.9848 -19.2894 -21.4262 0.688773 0.513915 0.189732 -18.3042 -18.843 -22.299 0.454436 0.377131 0.168891
-23.3465 -23.8045 -24.0832 0.13396 -0.141357 -0.170224 -23.1965 -23.7705 -23.815 0.066453 -0.270614 -0.007926
61.8874 62.0814 49.4466 -0.167849 0.196077 -0.108277 63.7065 63.6859 46.1655 -0.025263 0.248472 0.024362
1.88578 1.50006 4.1608 -0.272291 0.0977141 -0.100253 2.63258 1.60341 3.64232 -0.559868 0.188585 -0.208582
-23.6584 -23.3628 -24.2762 -0.101114 0.0179209 -0.0791842 -23.5264 -23.3001 -24.0064 -0.227976 0.047766 -0.086414
-16.3217 -15.9057 -18.384 0.90586 -0.124115 -0.0386928 -15.4812 -14.6773 -19.5434 0.761804 -0.086486 -0.082325
-13.1261 -12.555 -12.8391 -0.493366 -0.211186 -0.372862 -12.6089 -11.9008 -12.2022 -0.154565 -0.288274 -0.556544
-0.772424 -0.661403 -0.4325 -0.0780525 -0.0480917 -0.00431168 -0.634125 -0.465239 -0.223483 0.011211 -0.053188 0.048421
37.3182 38.6377 36.2063 -0.532349 -0.239825 -0.419781 37.0083 37.4698 35.9306 -0.2437 -0.671396 -0.963044
-0.360428 0.190473 0.624617 0.118123 -0.0360045 0.048923 1.04583 -0.441799 0.594873 0.235184 0.083389 0.051188
-3.60621 0.979185 -2.99561 2.33029 0.688038 -0.30323 -4.59053 0.438753 -3.61964 2.23045 0.943328 -0.159497
0.0376487 -0.0472832 -0.186482 -0.247551 0.0023395 -0.0968043 0.208934 0.038736 -0.08999 0.051903 0.059293 -0.132514
-13.2045 -12.8543 -13.0028 -0.695221 0.0790874 -0.1722 -12.7586 -12.2297 -12.0758 -0.495213 -0.010319 -0.292871
38.349 64.5513 50.9967 -0.483048 -0.37709 -0.326895 39.8909 62.1668 51.9042 -0.138878 -0.367195 -0.303047
0.229134 0.828714 1.13601 0.130536 -0.0353232 0.0529025 1.78579 0.216647 1.16118 0.24686 0.086796 0.054127
38.342 64.6024 50.8541 -0.509677 -0.377045 -0.327129 39.6594 62.3367 51.6877 -0.137292 -0.36937 -0.32446
24.6155 24.4892 24.4788 -0.101583 -0.000146542 0.00891564 23.9643 24.503 24.7948 -0.21388 -0.17058 0.317105
-24.437 -24.4441 -24.4789 0.0943018 -0.0767862 -0.0600056 -24.3761 -24.4216 -24.5337 0.000718 -0.115404 0.087486
0.0828304 -0.1328 -0.204422 -0.321745 -0.347754 -0.230759 0.234224 -0.036829 -0.053108 0.01166 -0.306435 -0.207843
-24.5039 -24.3568 -24.3798 0.109986 -0.111614 -0.092848 -24.4556 -24.3473 -24.3474 -0.049478 -0.147035 0.018573
0.0723745 -0.0623433 -0.094097 -0.312115 0.335681 0.0189016 0.297178 -0.041853 0.044852 0.031666 0.400161 -0.092589
0.0598681 -0.111865 -0.157017 -0.199789 -0.035154 -0.0617269 0.217613 -0.07762 -0.043024 0.097643 -0.012824 -0.066183
-0.0437127 0.00242823 -0.152495 -0.371736 0.119332 0.232304 0.164134 0.096057 -0.004513 0.043574 0.062961 0.219667
2.38193 2.00426 4.63979 -0.293358 0.0865109 -0.105636 3.09527 2.13782 4.03641 -0.574816 0.188174 -0.278326
38.8536 64.4811 50.3219 -0.567202 -0.433819 -0.339432 39.7281 62.5434 51.1016 -0.178973 -0.369673 -0.330899
-0.00185138 -0.0536211 -0.0991698 -0.455433 -0.0976408 -0.407173 0.133771 0.048412 0.107551 -0.143857 0.016273 -0.54103
-22.5282 -22.7102 -22.4491 0.0125201 -0.0895631 -0.0255896 -23.2912 -23.1294 -22.3212 0.084445 -0.140667 -0.070728
-0.000378278 0.0195773 -0.0708544 -0.488806 0.127205 0.248928 0.148814 0.079302 0.145499 -0.043155 0.004175 0.197537
37.1046 38.2219 36.7147 -0.476552 0.0221561 0.12304 36.6672 37.3631 36.4388 -0.50661 -0.385573 -0.320436
35.1455 32.6426 34.5432 -1.60963 -0.0606261 0.417749 33.9198 31.699 34.6798 -1.38477 0.375476 -0.112441
0.0217322 -0.0664338 -0.0399727 -0.461542 0.151613 0.205759 0.159915 0.058191 0.244008 -0.177843 0.024321 0.147325
-2.25145 -2.24927 -1.77679 -0.0539668 -0.101941 0.00565946 -2.36556 -2.16837 -1.75858 0.007112 -0.063768 0.040177
25.0291 25.2863 25.3692 0.0160018 -0.0706745 0.181407 24.5706 25.1098 25.1468 -0.212507 -0.073385 0.188151
-0.0456988 -0.021411 -0.0670615 -0.408823 -0.181647 -0.282641 0.09841 0.140992 0.197027 -0.01024 -0.186234 -0.350327
0.260193 -0.177077 -0.0021402 -0.457811 -0.339979 -0.34745 0.390432 -0.188163 0.302381 -0.066589 -0.333063 -0.294869
4.12732 3.73611 3.28139 -0.703832 0.446396 0.247558 3.58884 3.18188 2.57261 -0.680067 0.309323 0.091143
0.209164 -0.0404586 -0.0408508 -0.496414 -0.0608298 0.299499 0.318932 -0.034041 0.298903 -0.076418 -0.136913 0.154509
0.201253 -0.0326511 -0.0418135 -0.485032 -0.0591654 0.298837 0.307951 -0.028149 0.291863 -0.045423 -0.136499 0.145533
-24.4856 -24.4834 -24.5399 0.0682676 -0.0637346 -0.058145 -24.4442 -24.4695 -24.5802 -0.024337 -0.097747 0.079731
-22.6778 -22.8407 -22.6034 -0.0425286 -0.072182 -0.00573166 -23.6433 -23.4368 -22.2849 -0.004803 -0.119039 -0.020158
-0.0495786 -0.000640841 0.027644 -0.626672 -0.101507 -0.392945 0.078026 0.050532 0.330164 -0.258374 0.042181 -0.545755
0.0605494 -0.0534258 -0.0313465 -0.545724 0.123663 -0.232915 0.207815 -0.026473 0.428218 -0.198637 0.149873 -0.340174
-0.0600446 -0.00112337 -0.023236 -0.562712 -0.0677106 -0.114562 0.001957 0.078577 0.421081 -0.180259 -0.097325 -0.279703
0.0388908 -0.0154414 0.0651882 -0.569444 0.071835 -0.00673353 0.110468 0.004754 0.487704 -0.163672 0.037374 -0.152319
0.329533 -0.266968 0.0503297 -0.520719 0.193728 0.262747 0.518322 -0.313946 0.491504 -0.072263 0.222311 -0.01547
0.0113028 -0.0226898 0.113979 -0.589014 0.0609092 -0.032504 0.079386 -0.00756 0.546667 -0.158705 0.047228 -0.195447
-0.0351832 -0.0132225 0.0782307 -0.671106 -0.0260022 -0.210371 0.037404 -0.005536 0.486962 -0.241875 0.070802 -0.379768
-4.86688 -4.74412 -3.21814 0.0726298 -0.0210597 -0.0366002 -5.11172 -4.78648 -3.30736 0.052406 -0.002022 0.008385
60.7286 59.0507 51.1886 -2.22352 -0.139094 -0.522944 61.9177 60.6836 50.4165 -1.98596 -0.964122 0.069865
0.209206 -0.0836615 0.136197 -0.574174 0.266512 -0.315672 0.289992 -0.139139 0.539142 -0.188812 0.168514 -0.352262
0.27604 -0.236555 0.137736 -0.541333 0.0128393 0.266086 0.43736 -0.242627 0.571779 -0.070669 0.072826 -0.039741
0.360651 0.638936 0.00156022 -0.210629 -0.299189 -0.195683 0.568492 1.11527 -0.018048 -0.125962 -0.250776 -0.208336
-23.8512 -23.4964 -24.8929 0.327026 0.0515137 -0.0933623 -23.8204 -23.4736 -25.0925 0.231136 -0.003011 -0.044895
0.391925 -0.149893 0.189236 -0.537642 -0.0875345 -0.418271 0.508318 -0.236649 0.637512 -0.160559 -0.144589 -0.337006
0.446089 -0.23001 0.432918 -0.365692 0.837803 0.639268 0.253135 0.02921 0.124308 -0.570908 0.943678 0.443408
0.466315 -0.204054 0.440985 -0.443984 0.711872 0.508023 0.232252 0.069065 0.047735 -0.621068 0.778418 0.278749
0.394779 -0.119935 0.38372 0.483383 -0.734768 -0.0387036 0.207201 0.021859 0.009161 0.706695 -0.817812 -0.450659
0.430009 -0.174618 0.45547 -0.587365 0.662011 0.407674 0.256144 0.070137 -0.035491 -0.756806 0.707985 0.14064
-0.430727 -1.19781 -1.24707 -0.82362 0.444158 0.224632 -0.722325 -0.945664 -1.53252 -0.912559 0.673114 -0.107999
1.35067 0.89872 2.00341 0.893476 -0.518382 0.217993 1.07948 1.01204 1.80736 1.04771 -0.676292 -0.115894
1.33601 0.897588 2.00865 0.834312 -0.508575 0.220763 1.09126 0.997551 1.7765 0.950406 -0.701738 -0.095675
0.44348 -0.185158 0.382064 6.84742e-07 5.42593e-07 0.318832 0.034 0.039579 0.009376 -2e-06 -0 -0.000562
0.438523 -0.189692 0.378947 -6.47206e-07 -1.85578e-07 0.325593 0.027106 0.030577 0.014549 -0 -1e-06 0.006552
0.438523 -0.189692 0.378947 -6.47206e-07 -1.85578e-07 0.325593 0.027106 0.030577 0.014549 -0 -1e-06 0.006552
0.436909 -0.191208 0.377992 1.42833e-06 1.23944e-06 0.327852 0.024408 0.024601 0.014114 1e-06 -3e-06 0.008335
-0.298079 0.386024 0.214938 -3.91043e-07 -0.284929 -4.47656e-07 -0.069117 -0.052482 -0.096463 0 0.039193 -0
-0.0584179 -0.87836 -0.119088 8.04628e-07 -3.38513e-07 0.338977 -0.436441 -0.656606 -0.461564 0 1e-06 -0.00298
-0.342284 -0.702752 -0.0332186 -4.69101e-06 1.05539e-05 0.29618 -0.776121 -0.427754 -0.414502 -3e-06 1.7e-05 -0.019032
-0.101668 -0.921795 -0.160658 2.282e-07 -7.31892e-07 0.350403 -0.467853 -0.760991 -0.478279 -1e-05 -1.2e-05 0.013569
-0.400624 -0.726304 -0.0797037 4.2487e-07 -7.42859e-07 0.31684 -0.868745 -0.463028 -0.427338 -6e-06 5e-06 0.001897
1.24616 0.334683 0.820581 -1.80825e-08 -4.82569e-07 0.330466 0.896202 0.526531 0.430054 -0 -1e-06 0.010218
0.87478 0.329784 1.17753 0.00990714 0.1903 0.3224 0.444694 0.528757 0.849779 0.009542 0.213896 0.00205
0.870341 0.326649 1.17102 0.00264437 0.200274 0.324097 0.441652 0.523859 0.859495 0.003855 0.224808 0.006104
0.395265 -0.141509 0.35874 -0.289184 -0.087252 0.0330866 0.03231 0.000237 0.000377 -0.281585 -0.091168 -0.364391
0.388814 -0.108647 0.234031 -0.569335 0.158884 -0.392648 0.4625 -0.210285 0.685979 -0.196147 0.066799 -0.338405
0.402775 -0.136215 0.359649 -0.391853 -0.0149575 0.0249205 0.018575 0.031837 0.01013 -0.416068 -0.020405 -0.380925
-2.68248 -2.70347 -2.1616 -0.0464523 -0.118014 0.00935192 -2.85517 -2.66035 -2.2026 0.005816 -0.067489 0.037229
-0.561026 -1.54875 -0.618261 2.66973e-06 -1.41338e-05 0.361016 -0.89529 -1.35834 -0.912406 -9e-06 -4e-06 -0.002167
0.366951 -0.113094 0.349069 -0.386607 -0.167304 -0.101772 0.054833 -0.050828 0.034365 -0.352427 -0.186902 -0.524865
-0.631364 -1.61834 -0.689572 2.35462e-07 -1.1292e-07 0.372871 -0.935081 -1.51633 -0.940142 9.3e-05 2.4e-05 0.022344
1.48415 1.26349 1.42287 -8.24972e-07 -2.94127e-07 0.28315 1.02195 1.54862 1.00147 0 0 0.008333
-1.14791 -1.19966 -0.455705 2.52156e-06 1.41758e-06 0.293104 -1.61084 -0.892618 -0.80021 0 -1e-06 -0.024873
2.06013 0.871997 1.2774 5.5418e-07 -1.4141e-07 0.342402 1.7633 1.02701 0.868447 1e-06 0 0.023691
2.12832 0.914252 1.3336 4.10507e-07 1.64508e-07 0.34459 1.84508 1.05088 0.932302 5e-06 -5e-06 0.018863
1.77127 1.43519 2.80747 0.509305 -0.0242186 0.33474 1.53468 1.49793 2.49605 0.561208 -0.12542 0.079379
-1.046 -2.19605 -1.10417 4.98606e-06 -5.57873e-06 0.369678 -1.35327 -2.01106 -1.3707 1.6e-05 -5e-06 -0.016219
0.234393 0.800106 0.135636 -0.15584 -0.168101 -0.0300589 0.48075 1.1914 0.121906 -0.091885 -0.026627 -0.001689
2.01923 2.01163 1.95658 -7.49345e-07 1.36935e-06 0.263238 1.52583 2.3123 1.51211 0 0 0.012732
1.98991 1.97714 1.92629 -1.451e-06 1.86376e-06 0.253354 1.51492 2.25032 1.49909 1e-06 -0 0.006496
-2.03216 -1.74379 -0.929559 -2.08885e-07 -1.19696e-06 0.288603 -2.51949 -1.38427 -1.25011 0 1e-06 -0.016038
2.9357 1.45798 1.79714 2.01433e-07 -6.83935e-07 0.347062 2.72762 1.57093 1.37514 1e-06 0 0.032821
1.84758 1.45135 2.83872 0.172861 0.344766 0.331423 1.4787 1.65542 2.55941 0.166044 0.36097 0.028485
0.360068 0.960003 0.131652 -0.293542 -0.130793 0.379814 0.681801 1.34027 0.046746 -0.186478 -0.024374 0.26549
0.269209 0.763584 0.146633 -0.175295 -0.10756 -0.414166 0.488369 1.22706 0.108044 -0.104554 0.018122 -0.458265
0.262709 0.801659 0.185604 -0.154176 -0.179356 -0.011573 0.481713 1.1767 0.169855 -0.082451 -0.021989 0.019475
2.78324 2.48755 4.98207 -0.289278 0.0783921 -0.14779 3.53291 2.72132 4.38129 -0.564754 0.201305 -0.361939
-11.394 0.0402953 3.462 0.47901 0.0099365 -0.0647132 -12.0127 -0.288818 3.65219 0.173529 0.18708 -0.084845
-15.8203 -15.8638 -16.7312 0.0740407 0.155102 -0.186806 -14.7945 -15.5052 -15.6431 0.04261 0.125316 -0.19616
0.253838 -0.215998 0.179479 -0.681018 0.0751447 -0.434322 0.353482 -0.345029 0.602156 -0.279828 0.020708 -0.444662
-0.0488719 0.886132 -0.614618 -9.56387e-07 -1.38881e-06 -0.0761771 0.309642 -0.053804 -0.017177 0 0 -0.207354
-0.0669197 0.874694 -0.624108 1.02134e-06 8.68249e-07 -0.0642349 0.310827 -0.033351 -0.003421 0 0 -0.179513
-0.096813 0.874429 -0.631366 9.68052e-07 -7.22678e-07 -0.000372956 0.254677 -0.017122 -0.0117 0 0 0.079008
-0.102267 0.859437 -0.632954 1.34796e-06 -1.3786e-07 -0.119291 0.247428 -0.052042 0.031396 0 0 -0.250662
-0.17142 0.847775 -0.663807 -1.56589e-06 -1.67208e-06 -0.0202499 0.146274 0.002768 -0.011427 0 0 0.021888
-0.152826 0.849732 -0.654087 7.75851e-07 -2.61449e-06 0.0289706 0.18819 -0.00706 0.006832 0 0 0.097032
-0.199656 0.839721 -0.660388 -8.24879e-07 1.96244e-06 1.18043e-06 0.094118 0.026694 0.02027 0 0 0
-0.184946 0.846534 -0.671864 5.67109e-07 -6.18945e-07 -0.0737156 0.120688 0.035587 -0.011036 0 0 -0.068751
-0.147698 0.872858 -0.649432 -2.09414e-06 9.53931e-07 0.136398 0.169715 0.038803 -0.002753 0 0 0.126715
-0.190388 0.849507 -0.671789 -9.65516e-07 2.22719e-06 -0.139369 0.103357 0.042199 -0.004072 0 0 -0.171094
-0.165632 0.864105 -0.65654 -1.08866e-06 -6.52003e-07 0.188371 0.129354 0.042006 0.001099 0 0 0.216128
-0.189545 0.844077 -0.652671 8.27377e-07 4.44518e-07 0.241774 0.101421 0.032625 0.024003 0 0 0.304483
0.0536538 -0.558567 1.1934 -1.58522e-06 4.55263e-07 1.11934e-06 0.283225 0.034682 0.326542 0 0 0
-0.201007 0.834954 -0.667745 5.87933e-09 -0.467575 -4.39574e-06 0.097066 0.044246 0.018504 0 -0.388968 0
-0.609139 0.265803 -1.64701 2.73741e-07 -1.48989e-06 3.06776e-07 -0.212686 -0.509707 -0.913698 0 0 0
-1.31619 0.35651 -1.05959 -8.08107e-08 -7.89398e-07 -2.06794e-05 -1.04501 -0.367226 -0.286049 0 0 0
-0.682417 -0.182376 -1.22649 -4.96441e-07 4.03996e-07 1.38646e-06 -0.299996 -0.901814 -0.524882 0 0 0
-0.177225 0.847168 -0.646161 2.1836e-06 -1.03895e-06 0.279843 0.09138 0.026332 0.019286 0 0 0.356463
0.191165 -0.0172061 0.288971 -0.54604 0.414896 0.0827959 0.264606 -0.035633 0.688277 -0.250669 0.230123 -0.083859
-0.201365 0.829885 -0.66971 3.02943e-07 0.694198 3.55403e-07 0.092678 0.068447 0.016496 0 0.559963 0
-0.195146 0.838819 -0.650021 -3.1888e-07 0.72646 -8.90762e-07 0.102628 0.042785 0.044622 0 0.702388 0
-0.183983 0.84244 -0.651391 0.639843 1.15195e-06 -1.16015e-05 0.095193 0.055253 0.018287 0.776476 0 0
-1.70768 -0.212434 -2.03901 9.48739e-08 9.13672e-07 -5.10149e-06 -1.35276 -0.89818 -1.21429 0 0 0
-1.78584 -0.65659 -1.62109 -2.48824e-07 5.92955e-07 -2.00663e-06 -1.43145 -1.2799 -0.825912 0 0 0
1.34901 1.91941 0.711075 -5.00956e-07 -1.08013e-07 1.76894e-05 1.53089 1.04253 1.23812 0 0 0
0.712629 2.46075 0.924066 4.21698e-07 -2.16828e-07 -1.88747e-06 0.827088 1.54589 1.53966 0 0 0
-1.00083 -0.29171 -2.57282 -1.0854e-06 1.27997e-06 -9.38224e-06 -0.487646 -1.07663 -1.76267 0 0 0
-1.01015 -0.292107 -2.61345 -1.2908e-06 4.26364e-07 -1.11395e-06 -0.511746 -1.02594 -1.82789 0 0 0
-10.981 -2.40354 -2.80327 1.30217 0.884899 0.248957 -11.1229 -2.04473 -2.5285 1.05094 1.48831 0.348426
0.643779 2.03687 1.33112 4.80568e-07 -1.28755e-06 1.70728e-06 0.750602 1.16656 1.93266 0 0 0
-11.3127 -11.3335 -11.2605 -0.0393186 0.0701657 0.0349007 -10.6296 -10.734 -10.7209 -0.146155 0.132424 0.073052
2.0678 1.85041 0.19487 -2.77256e-07 1.75082e-06 -1.21209e-05 2.40176 0.864377 0.664808 0 0 0
-1.38716 -0.833667 -3.49072 1.35686e-06 1.6121e-06 -2.64681e-06 -0.772666 -1.58803 -2.63079 0 0 0
-1.40254 -0.835314 -3.55128 5.57072e-07 9.58647e-07 2.79089e-07 -0.810236 -1.51754 -2.71147 0 0 0
1.04544 2.64094 2.24728 -8.19205e-07 -1.84757e-06 -3.68489e-06 1.0449 1.86133 2.75329 0 0 0
0.506429 0.660904 0.0320221 -0.222716 -0.40887 -0.258522 0.607118 1.12247 0.118795 -0.179701 -0.314092 -0.13382
2.84147 2.55554 5.02422 -0.269466 0.0709422 -0.15324 3.60967 2.81176 4.43007 -0.53975 0.199006 -0.379181
3.18675 2.36085 0.628136 -1.63434e-08 2.30403e-06 -2.66136e-06 3.52718 1.32815 0.98371 0 0 0
2.96852 3.0424 2.14685 2.0835e-07 -1.10407e-06 4.8579e-06 3.02878 2.08846 2.51253 0 0 0
3.0019 3.06952 2.20773 -6.75837e-07 -2.53761e-07 -1.74144e-06 3.10604 2.04302 2.59307 0 0 0
25.8531 26.6252 26.8021 -0.2839 -0.335854 -0.276016 25.1764 26.571 26.9759 -0.772492 -0.308273 -0.578424
1.63585 4.08073 2.56522 4.39508e-07 2.23616e-06 5.89575e-07 1.58667 3.09901 3.1039 0 0 0
25.8599 26.6197 26.7894 -0.288068 -0.337573 -0.277916 25.1497 26.5551 26.9552 -0.772362 -0.298886 -0.583941
-24.2182 -24.1031 -24.9629 0.132141 0.0431703 -0.098266 -24.3448 -24.1906 -25.0747 0.017442 0.041473 0.083928
0.20489 0.834471 0.290643 -0.244959 0.0843597 0.0510916 0.642678 1.11833 0.331896 -0.171848 0.266065 0.011162
-4.45198 -2.16995 -4.49173 2.03073e-08 -1.15094e-07 -4.47617e-06 -3.86993 -2.7335 -3.33561 0 0 0
-4.74423 -3.49608 -3.41517 -5.02944e-07 1.43283e-06 -1.30418e-05 -4.21818 -3.64688 -2.45797 0 0 0
0.841658 0.815248 -0.469368 -1.02882e-05 -3.85409e-07 -6.887e-07 0.998027 1.21874 -0.004387 0 0 0
-2.75968 -3.75842 -5.0728 -8.99341e-07 6.60764e-07 8.78856e-07 -1.93533 -4.12487 -4.1498 0 0 0
4.80019 5.31673 2.50819 1.45745e-06 3.92863e-06 1.2858e-05 4.96574 4.25197 2.75842 0 0 0
2.57147 5.72707 4.27392 -2.20329e-07 3.10689e-06 5.81371e-07 2.35574 4.71443 4.72813 0 0 0
0.576461 0.691662 0.0819731 -0.273442 -0.480832 -0.312489 0.657099 1.09443 0.254752 -0.208632 -0.360221 -0.115243
0.542045 0.713139 0.230555 -0.287604 -0.55721 -0.312328 0.605509 1.09591 0.405045 -0.197964 -0.410059 -0.181212
-15.9971 -15.9065 -16.9686 0.0809918 0.14111 -0.169738 -15.0733 -15.6277 -15.854 0.048902 0.132246 -0.148705
-6.96132 -2.70838 -6.89021 0.837668 2.04786 0.332495 -7.01606 -3.84554 -7.13974 0.261459 2.44576 0.495467
0.562035 0.733911 0.172471 -0.312036 -0.479066 -0.309656 0.663935 1.1043 0.448221 -0.233107 -0.43883 -0.124359
-13.5847 -13.5799 -13.5638 -0.112105 0.0103967 0.000349988 -13.3739 -13.3464 -13.3775 -0.042579 -0.011422 -0.102846
-13.2807 -11.5269 -12.6464 1.19994 0.0525223 -0.703793 -12.4655 -11.0868 -12.2944 0.928337 -0.111839 -0.582576
0.522566 0.812958 0.334369 -0.290022 -0.448377 -0.264261 0.693277 1.12919 0.595799 -0.248022 -0.352674 -0.175805
40.7694 64.9707 49.9085 -0.859251 -0.623768 -0.27888 40.7326 63.7278 50.2419 -0.528962 -0.278533 -0.202237
37.9937 37.6324 35.7681 0.414102 0.27771 -0.297982 37.9245 38.1957 34.2062 0.437435 0.296203 -0.24325
5.44784 4.5815 4.47204 -0.780183 0.226115 0.403565 5.27601 4.28055 3.82559 -0.589348 0.007181 -0.014016
0.241796 0.918939 0.290866 -0.13528 -0.181746 -0.738245 0.368694 1.48726 0.398357 -0.096991 0.063437 -0.716381
0.547558 0.810637 0.294968 -0.305017 -0.387107 -0.264636 0.744004 1.14758 0.615479 -0.259695 -0.367072 -0.138864
5.54829 4.72682 4.53048 -0.780064 0.290963 0.352491 5.30315 4.28691 3.82034 -0.627146 0.090322 -0.001384
0.462569 0.908355 0.359847 -0.284258 -0.198473 -0.179815 0.769847 1.19356 0.62509 -0.292934 -0.141586 -0.140285
1.55893 0.260381 0.0727497 0.0270629 -0.235942 0.0409166 1.16283 0.180839 0.051079 0.00175 -0.269114 0.056385
1.55879 0.261136 0.0735849 0.0268693 -0.235899 0.041396 1.16275 0.178287 0.053679 0.001684 -0.269094 0.05559
1.5821 0.271503 0.097874 0.0254037 -0.249958 0.041064 1.19191 0.197332 0.079 0.003233 -0.287423 0.046391
-17.8713 -17.6365 -19.8545 0.627648 -0.0373458 -0.057493 -17.042 -16.4408 -21.2028 0.486687 -0.039976 -0.095631
38.0582 37.7409 35.4542 0.316266 0.244158 -0.332994 38.2583 38.557 33.7277 0.320002 0.224801 -0.237224
-0.0853317 0.124415 -0.0553213 0.00344502 0.00585063 0.0885158 0.818517 0.962995 -0.037484 -0.012994 0.098071 0.048968
0.577141 1.10861 0.392157 -0.253765 -0.191974 0.606266 1.01044 1.57396 0.337381 -0.127621 -0.053597 0.53739
1.60225 0.246492 0.141134 0.0197014 -0.231105 -0.268091 1.1712 0.160705 0.134966 -0.000503 -0.265177 -0.297511
1.60784 0.240392 0.163056 0.0335155 -0.230472 0.317542 1.18895 0.134819 0.144902 0.003111 -0.265341 0.388299
3.04428 2.86788 5.10561 -0.158085 0.0429623 -0.214516 3.86619 3.19104 4.53515 -0.380694 0.186843 -0.488821
-23.2344 -23.0018 -25.3129 0.0319457 0.0849683 -0.0561598 -23.0063 -22.6935 -25.8245 -0.07569 0.02611 -0.064085
-23.5871 -23.3331 -25.5811 0.126768 0.0544221 -0.075304 -23.1347 -22.9344 -26.4118 0.051031 0.113105 0.012684
0.484921 0.712172 0.515317 0.00312346 0.00881943 0.0949949 1.49885 1.65523 0.529868 -0.015066 0.103787 0.049983
38.2287 38.0712 35.2991 0.0635135 0.246739 -0.362323 38.9359 39.0458 33.3487 0.171635 0.142734 -0.277943
2.24701 2.05969 2.22064 -0.322076 -0.0271458 0.0272483 2.45265 2.42722 2.39139 0.095468 -0.003504 0.011658
-11.1025 -0.231212 3.52076 0.254031 0.128731 -0.207081 -11.7341 -0.758537 4.12809 0.766304 0.391706 -0.2049
-2.63738 -2.76194 -2.44646 -0.288723 -0.0163005 0.0167506 -2.53916 -2.56993 -2.51098 0.026633 -0.000672 0.015063
1.63558 0.179149 0.31742 0.0178645 -0.227077 -0.275089 1.20664 0.060351 0.386283 -0.004644 -0.261352 -0.338828
1.62707 0.167286 0.368093 0.0359476 -0.222234 0.310257 1.26409 0.026349 0.410182 0.000108 -0.257473 0.409337
1.48772 0.21191 -0.0803203 0.0299904 -0.683945 0.0318921 1.22368 0.243914 0.152904 -0.006424 -0.832368 0.048825
1.23972 0.00294384 0.680631 0.0264086 -0.227756 0.020132 1.18998 0.018907 0.845224 0.002077 -0.259801 0.048311
-1.9923 -1.83993 -1.97401 -0.00300223 0.00532424 0.0597069 -1.52045 -1.41685 -1.98413 -0.007268 0.079014 0.047631
1.3627 0.0287209 0.677101 0.0365998 -0.227633 -0.000309011 1.15777 0.061739 0.833173 0.014333 -0.255664 -0.064301
1.32956 0.0304957 0.6912 0.0352076 -0.226487 0.00441778 1.1084 0.079354 0.793718 0.012044 -0.258977 -0.049174
1.5446 0.0867448 0.600103 0.0357346 -0.221607 0.122773 1.15647 0.056185 0.689294 0.012895 -0.251474 0.097652
1.56922 0.104284 0.579172 0.0190773 -0.222935 -0.104569 1.19905 0.052202 0.692139 -0.011046 -0.251035 -0.04844
-3.63829 -3.75209 -3.40936 -0.287503 -0.013814 0.0143928 -3.63158 -3.65033 -3.55822 0.018047 0.000158 0.015356
-5.39806 -2.05576 -5.26779 -1.23226e-06 -4.66867e-06 -4.63769e-07 -5.2413 -1.40956 -3.07678 0 0 0
-5.46773 -2.29047 -6.32827 0.504115 2.73014 0.13201 -5.39873 -3.5459 -6.56698 -0.182637 2.80542 0.640463
84.4171 85.1667 84.9388 0.604806 0.017305 -0.347632 87.2248 86.6024 87.1058 0.50286 0.095339 0.011787
86.2392 87.1529 86.6784 0.592399 0.0301818 -0.248381 87.404 87.3061 87.7896 0.457413 0.129871 0.087229
-23.5148 -23.4169 -25.5846 0.0759136 0.0452425 -0.0872903 -23.2029 -23.0491 -26.4457 -0.019535 0.047514 -0.030435
86.4244 87.2723 86.969 0.478127 0.0643058 -0.27538 87.8337 87.6288 88.2229 0.42719 0.1883 0.168005
86.4546 87.253 87.0494 0.477792 0.0984815 -0.289158 87.9795 87.7086 88.3692 0.396032 0.210352 0.202289
85.5493 86.4199 85.8919 0.66728 -0.0501072 -0.376316 86.4971 86.267 86.7314 0.513099 -0.011361 0.017482
-17.1898 -15.7372 -17.3436 0.123024 0.0871842 -0.12387 -16.7125 -14.9566 -15.6051 0.055322 0.097709 -0.001643
-10.7998 0.592981 5.86022 0.0158619 -0.107852 -0.076569 -11.3062 -0.128029 6.29107 -0.010753 -0.073131 -0.093188
0.170503 0.591348 0.23307 -0.0258677 -0.218473 -0.0343967 0.236139 0.542969 0.317827 0.025771 -0.138896 -0.039365
-3.77878 -3.8445 -3.12622 -0.0281136 -0.157198 0.0187581 -4.16707 -3.98563 -3.33688 0.006858 -0.073935 0.031509
-24.8189 -24.799 -24.9037 0.0439418 -0.0413512 -0.0502392 -24.7291 -24.7289 -24.6696 -0.039198 -0.058421 0.072378
-23.2302 -23.1145 -25.5115 -0.0487788 0.0994181 -0.069462 -22.1648 -22.0993 -27.3432 -0.049789 0.083978 -0.002009
8.77383 8.75188 9.86761 0.0198587 -0.00268494 -0.00498988 8.12746 8.11681 8.05996 0.011316 -0.010742 -0.019911
25.455 25.5309 25.3721 0.147765 -0.130917 0.133895 25.0549 25.2087 25.0202 0.285993 -0.146503 -0.015605
-21.2071 -21.4747 -23.2017 -0.209969 -0.0395797 -0.207518 -20.8368 -20.9532 -24.0079 0.030143 0.053419 -0.366225
-20.418 -20.4558 -20.4769 0.116793 -0.0689135 0.15529 -20.2861 -20.4101 -20.3581 0.02143 0.049643 0.234141
-11.0556 -11.0848 -13.868 0.614934 -0.386528 -0.237694 -10.078 -9.8952 -13.8263 0.938138 -0.280075 -0.733129
0.0994513 -0.650863 -0.65085 0.0966948 0.0952368 0.0966889 -0.206125 -0.912272 -0.912272 -0.097356 -0.014051 -0.097357
0.1441 -0.615143 -0.615144 -0.253464 -0.277146 -0.253462 -0.16493 -0.877957 -0.877957 -0.362777 -0.289399 -0.362778
0.123013 -0.782019 -0.782021 0.306483 1.20991 0.306483 -0.33713 -1.0506 -1.0506 0.720674 0.727466 0.720674
6.96915 6.70361 6.65519 -0.393281 -0.034091 0.0337436 7.14198 7.15757 6.93481 0.163393 -0.004755 0.00449
0.205188 -0.558279 -0.558282 0.0937845 0.0868207 0.0937822 -0.091828 -0.817421 -0.817421 -0.049588 0.068043 -0.049588
0.210573 -0.666145 -0.666134 0.0404369 1.4887 0.0404391 -0.196545 -0.869777 -0.869777 0.279153 1.30098 0.279154
0.228171 -0.64581 -0.645815 0.0357254 1.47552 0.0357222 -0.174335 -0.812576 -0.812576 0.277678 1.32767 0.277679
0.399327 1.23446 1.08805 -0.115739 -0.354125 -0.973647 0.537207 1.9224 1.22645 -0.127514 0.047513 -0.868898
0.261147 -0.604795 -0.604797 0.0189096 1.46504 0.0189047 -0.125292 -0.764279 -0.764279 0.245151 1.37608 0.245151
-22.2177 -22.3929 -24.1636 -0.198647 0.00618279 -0.188979 -21.6752 -21.7174 -25.5414 -0.010663 0.058727 -0.33235
-10.6627 0.706274 6.77573 0.106057 0.0222031 -0.0461118 -10.6865 -0.159147 7.07941 0.038135 0.031351 -0.081202
0.550456 -0.340153 -0.340153 -0.559847 0.985802 -0.559845 0.336988 -0.700269 -0.700269 -0.548401 1.15952 -0.5484
3.9151 4.50197 3.85684 0.0136897 -0.227982 -0.0142982 4.17277 4.4958 4.12887 0.035888 -0.149964 -0.024956
0.845561 -0.194417 -0.194407 -0.0391054 -0.283052 -0.039109 0.800203 -0.479561 -0.479561 0.19162 -0.175355 0.191619
-23.1334 -23.1762 -25.2671 -0.0921606 0.062395 -0.100779 -22.208 -22.1691 -26.898 -0.077869 0.123547 -0.152205
1.65072 0.725002 0.0479831 0.0356755 -1.10373 0.0198198 1.30455 0.717364 0.509201 -0.003308 -1.32444 0.03064
2.29236 2.246 2.41973 -0.0972934 -0.188823 -0.456159 1.92126 2.60453 2.64021 0.034134 -0.139399 -0.239307
-0.984869 -0.235098 -0.375465 0.0834058 -0.104346 0.0851369 -0.151768 -0.90443 -0.056339 0.158554 -0.030253 -0.003484
-0.984869 -0.235098 -0.375465 0.0834058 -0.104346 0.0851369 -0.152271 -0.904987 -0.057963 0.158555 -0.030253 -0.003506
-10.6347 0.727939 7.02314 0.0139943 -0.0980734 -0.0589407 -11.0285 -0.205376 7.60699 -0.010945 -0.079986 -0.089446
1.02422 -0.13514 -0.135145 -0.0409755 -0.285083 -0.0409773 1.03926 -0.291674 -0.291674 0.286111 -0.185863 0.286111
2.25152 2.09988 2.18822 -0.184112 -0.150156 -0.415822 1.82851 2.41731 2.42428 0.036552 0.116627 -0.217304
14.3584 14.3581 15.7024 -1.21215e-05 3.10128e-07 -1.05031e-06 14.56 14.56 13.2451 -0 0 0
-3.06215 -2.9376 -3.04617 -0.0123779 0.0129856 0.0400829 -2.91284 -2.83443 -3.10913 -0.004106 0.066035 0.045712
-1.05296 -0.20826 -0.370029 0.0879757 -0.109051 -0.230211 -0.215663 -0.893401 0.059359 0.17045 -0.039933 -0.376674
1.00628 1.7318 0.848416 -0.227292 -0.144879 -0.399933 1.19267 2.26416 1.53701 0.010927 -0.027127 -0.463447
-1.04351 -0.139992 -0.433398 0.0824854 -0.388432 0.0856126 -0.115384 -0.828488 -0.205575 0.166314 -0.377277 -0.006871
1.13446 -0.062018 -0.0620131 -0.0452437 -0.23961 -0.0452478 1.15979 -0.163046 -0.163046 0.33398 -0.143378 0.333979
-1.07182 -0.200988 -0.368791 0.0869795 -0.105622 0.396513 -0.239705 -0.877251 0.075354 0.168341 -0.019612 0.367133
-1.09821 -0.0796888 -0.403222 0.079762 0.19767 0.0763944 -0.156263 -0.752161 -0.187887 0.158713 0.366091 -0.001068
1.21678 -0.0227371 -0.0227431 -0.474796 1.05238 -0.474795 1.3535 -0.24036 -0.24036 -0.816776 1.22346 -0.816776
-1.09936 -0.149206 -0.379882 0.094618 -0.401501 0.0693048 -0.208045 -0.828749 -0.113221 0.170313 -0.358566 0.000905
0.537835 -0.897523 -0.344215 -0.226744 0.000827365 -0.0245504 0.876431 -0.423315 -0.37918 -0.158729 0.013704 -0.026459
-0.173581 -0.46319 -0.280002 0.250797 0.00407267 0.0070571 0.021005 0.010516 -0.008833 0.009083 -0.002509 -0.004346
0.402169 -0.823517 -0.296851 -0.0856683 0.0106125 -0.018095 0.673754 -0.335946 -0.231697 0.043379 -0.007162 -0.010556
-0.183727 -0.456671 -0.275205 0.235952 0.0838337 0.103076 0.024503 0.012652 -0.007871 0.005323 0.154842 0.147593
-0.160577 -0.467086 -0.253754 0.398449 0.00400628 0.00444231 0.024089 -0.011606 0.018427 0.293283 -0.006104 -0.002174
-0.17631 -0.466439 -0.280116 0.25082 -0.0808949 -0.0952008 0.019145 0.008731 -0.005341 0.006993 -0.178889 -0.174076
-0.0936193 -0.465435 -0.222012 0.309678 0.00442948 -0.00361091 0.071704 -0.013475 0.041068 0.344023 -0.010378 -0.00331
-0.119888 -0.324371 -0.208797 0.177114 0.000979989 0.00170124 0.108688 0.117677 0.065883 -0.007785 0.007556 0.013088
-0.251829 -0.453807 -0.346416 0.047384 0.00528678 0.0115929 -0.01118 0.061063 -0.07502 -0.453139 -0.005029 -0.015476
-0.616278 -0.876099 -1.25779 0.225003 0.00378065 0.00654914 -0.433156 -0.414117 -0.940352 -0.016489 -0.001627 -0.002819
-0.149991 -0.468276 -0.229817 0.579733 0.00425607 0.00358019 0.02635 -0.028153 0.039273 0.610513 -0.005411 0.000631
-0.179409 -0.46691 -0.277949 0.252334 -0.166954 -0.196918 0.017622 0.013842 0.002769 0.008208 -0.354624 -0.344048
-0.0712081 -0.448354 -0.193449 0.375712 0.00378683 -0.00790756 0.087121 0.002823 0.06654 0.541355 -0.007883 0.00066
-0.0621835 -0.42525 -0.169695 0.264706 0.000870888 -0.0142491 0.082349 0.017348 0.087917 0.425001 -0.009582 -0.007489
-0.378612 -0.455837 -0.400725 0.138592 0.00481124 0.0224346 -0.083638 0.090845 -0.137533 -0.473323 -0.008627 -0.022927
-0.176103 -0.418832 -0.247043 0.202115 0.233362 0.286987 0.066815 0.054902 -0.010183 0.006658 0.449534 0.423493
1.11173 0.81376 0.607044 0.258038 0.00438319 0.00759023 1.39472 1.40551 0.90704 -0.00935 -0.001949 -0.003377
-0.189006 -0.454376 -0.271432 0.240732 0.25848 0.311258 0.03622 0.018647 -0.006107 0.021874 0.52043 0.504927
-0.182687 -0.467266 -0.272907 0.254878 -0.256371 -0.301295 0.01099 0.01815 0.007992 0.012323 -0.538581 -0.523742
0.725149 0.377384 1.69661 0.30119 0.00354595 0.00614506 0.973136 0.895002 1.87459 0.067666 -0.006617 -0.011461
1.39624 1.94088 1.96744 -0.39204 -0.330774 -0.0350235 1.4909 2.49138 2.5748 -0.050717 -0.234802 0.073416
-1.82508 -2.04755 -2.06175 0.192696 0.00131827 0.00228723 -1.73496 -1.71041 -1.76058 -0.021263 -0.00597 -0.010341
1.59447 1.2696 1.62529 0.281346 0.0039162 0.00678041 1.88659 1.87058 1.8835 0.013871 -0.001388 -0.002405
-10.5625 0.785595 7.47092 0.0865608 0.00504385 -0.0387487 -10.4724 -0.265408 7.84671 0.030392 -0.010079 -0.083483
1.19683 0.820058 2.70444 0.326296 0.00235805 0.0040817 1.47835 1.36303 2.84427 0.099864 -0.008255 -0.014298
1.1809 -0.00489278 -0.00489823 0.299873 0.0857286 0.299869 1.24107 -0.071123 -0.071123 0.670315 0.193939 0.670314
-2.5785 -2.78846 -1.92515 0.18183 -0.000851335 -0.00147481 -2.54382 -2.53774 -1.74167 -0.005266 -0.015671 -0.027144
2.44746 2.13167 1.5426 0.273492 0.00424928 0.00736051 2.81515 2.83832 1.86012 -0.020064 -0.001756 -0.003042
0.910924 1.60875 0.482902 -0.10644 -0.0909572 -0.7474 1.04957 2.25462 1.20659 0.000448 0.084587 -0.642326
0.758206 1.39785 1.78595 -0.203282 -0.493129 -0.797879 0.804762 2.01882 1.82649 -0.141476 -0.085037 -0.677485
1.20997 -0.0872659 -0.0872623 -0.65301 0.769294 -0.653007 1.47211 -0.361616 -0.361616 -0.992487 0.914991 -0.992486
-3.37789 -3.5949 -3.78828 0.187928 0.00193601 0.00335682 -3.38246 -3.37951 -3.46038 -0.002558 -0.003181 -0.005511
1.48147 1.55994 0.895842 0.0212368 -0.013509 -0.0526736 1.37259 1.33519 0.876534 -0.014486 0.092036 -0.076676
-0.285384 -0.704192 -0.194788 0.00574304 -0.0438345 0.00241446 0.135351 -0.590015 -0.101541 0.14114 -0.06431 0.001373
2.6844 3.07247 2.109 0.0878187 -0.119357 -0.116374 2.52979 2.52017 1.98675 0.175305 -0.10767 -0.279709
-3.67461 -3.90165 -2.67721 0.196631 0.00117689 0.00203294 -3.73301 -3.76934 -2.52811 0.031464 -0.00918 -0.015901
3.85078 3.52204 2.53823 0.284697 0.00626891 0.0108603 4.30388 4.33747 2.84941 -0.029089 0.000445 0.000771
-2.17498 -2.17297 -1.76759 -0.00177374 0.000107374 0.000186903 -2.02387 -2.06375 -1.50784 0.033641 -0.024241 -0.042006
-2.10791 -2.19276 -1.7456 0.00208755 -0.00200991 -0.000179812 -1.94074 -2.08889 -1.4814 0.035565 -0.031179 -0.042013
6.89811 7.26123 7.04514 -0.177154 -0.306573 -0.665503 7.01232 6.89781 6.73815 0.067302 -0.352177 -0.16229
-2.12875 -2.09922 -1.68949 -0.00677678 -0.00881073 -0.0037843 -1.9724 -1.98851 -1.42705 0.02719 -0.041812 -0.039642
-1.18349 -0.108617 -0.287856 0.0931968 -0.119086 -0.429769 -0.333436 -0.751883 0.205215 0.156305 -0.055709 -0.539223
-1.18031 -0.117158 -0.257043 0.0934735 -0.117316 -0.436968 -0.319966 -0.766529 0.25192 0.166555 -0.045557 -0.543925
3.14341 3.2941 2.31296 -3.40412e-05 0.0583049 1.57914e-05 2.97525 3.11871 2.50925 -0.00037 0.033404 -0.000526
-0.430363 -0.430239 -1.26398 7.73439e-05 4.37912e-05 -4.76794e-05 -0.875671 -0.875637 -1.38226 3e-05 4e-05 -6.9e-05
-19.9431 -20.0576 -20.4002 0.0169376 -0.0371438 -0.00895217 -20.0306 -20.1082 -20.4746 -0.007214 -0.063805 0.026896
-1.11784 0.105609 -0.562066 0.0888382 -0.496846 0.0431144 -0.191366 -0.634443 -0.292563 0.160232 -0.402546 -0.027489
-1.97578 -1.90344 -1.42962 0.0110329 -0.0184344 -0.0109603 -1.76855 -1.7651 -1.17414 0.035037 -0.066417 -0.030817
1.17702 1.59593 2.45232 -0.220125 -0.467024 -0.395218 1.27904 2.26048 2.78464 -0.163592 -0.153776 -0.409343
-4.79443 -4.90507 -5.3347 0.0958479 -0.0046316 -0.00801749 -4.92399 -4.84363 -4.94444 -0.069592 -0.011092 -0.019212
-4.79728 -4.94989 -5.3594 0.132125 -0.000921738 -0.00159403 -4.91864 -4.8791 -4.97129 -0.034248 -0.00367 -0.006357
1.18015 -0.114524 -0.114508 -0.4356 0.614937 -0.435602 1.30138 -0.335305 -0.335305 -0.829472 0.778939 -0.829472
-1.34122 0.129648 -0.392909 0.0912148 -0.544369 0.0612061 -0.400567 -0.544358 -0.121969 0.162304 -0.476687 -0.015292
-1.13895 0.154524 -0.547198 0.0780356 0.318992 0.0708707 -0.159533 -0.633758 -0.24529 0.143329 0.420844 -0.012836
5.48779 5.03992 5.73163 0.387865 0.0053894 0.00933663 5.95052 5.84414 5.9585 0.092131 0.001153 0.001997
1.36956 1.76853 2.65228 -0.304784 -0.446672 -0.166443 1.50955 2.50237 3.06179 -0.146114 -0.232661 -0.125772
0.357082 1.42829 1.20127 -0.287373 -0.589566 -0.748925 0.396027 1.86623 1.20318 -0.022723 -0.266322 -0.713472
-10.4574 0.853709 8.16433 0.0630387 -0.0147972 -0.0314831 -10.2653 -0.396827 8.62296 0.020935 -0.043832 -0.084434
-0.454979 -0.214864 0.363347 0.272743 -0.0435468 -0.110106 0.096163 0.013023 0.370877 0.365159 0.03121 -0.207276
-0.547171 -0.289532 0.279413 0.282322 -0.0630339 -0.111652 -0.032051 -0.072435 0.268117 0.336957 -0.010009 -0.189564
-0.606761 -0.347143 0.232677 0.279494 -0.0735021 -0.111046 -0.108608 -0.128773 0.208993 0.317306 -0.037214 -0.178986
-0.71654 -1.32262 -3.61618 -8.15293e-06 -1.29953e-05 -3.18461e-07 -0.33645 -0.616862 -1.61986 0 0 0
-2.63154 -1.79464 -1.56966 0.00107759 -0.000382223 -0.021098 -2.44377 -1.59118 -1.33842 -0.070561 -0.005331 -0.131646
-0.712267 -0.435527 0.167615 0.254697 -0.0840288 -0.109059 -0.225237 -0.213542 0.133579 0.277757 -0.07597 -0.159929
1.21092 -0.113187 -0.113191 -0.146585 0.240355 -0.146583 0.317148 -0.041965 -0.041965 -0.327116 0.095395 -0.327115
-19.3517 -19.1982 -21.0526 0.353752 0.0239936 -0.0656469 -18.3949 -17.9768 -22.4678 0.268941 -0.013565 -0.091124
-1.22664 0.0162376 -0.052813 0.0895093 -0.111872 0.545144 -0.372237 -0.506396 0.300954 0.155827 -0.056121 0.407541
0.847394 5.82799 2.58869 1.78102e-05 1.9785e-06 9.98874e-07 0.86821 4.88284 6.19482 0 0 0
1.11008 1.75787 0.683381 -0.0619556 -0.0890352 -0.588416 1.28222 2.49997 1.32019 0.035368 0.027254 -0.515255
1.16851 -0.208851 -0.208858 -0.257848 -0.237743 -0.257843 -0.030036 -0.03992 -0.03992 -0.256976 -0.227045 -0.256976
1.15444 -0.205882 -0.205867 -0.350152 -0.320976 -0.350157 0.014602 -0.035233 -0.035233 -0.23148 -0.260114 -0.23148
1.15626 -0.204318 -0.204326 -0.315995 -0.285487 -0.315996 0.047673 -0.039005 -0.039005 -0.164838 -0.214713 -0.164838
-1.55264 -1.34132 -0.67646 0.0728242 -0.0488728 -0.0272676 -1.17275 -1.12485 -0.527406 0.075838 -0.102711 -0.011118
-1.28953 0.0121993 -0.0580564 0.0786149 -0.111154 0.575037 -0.435796 -0.528861 0.30682 0.1286 -0.00645 0.411359
3.13853 1.65251 1.65251 -6.9977e-06 -1.88759e-07 1.04078e-06 1.7178 1.71338 1.71338 -0 0 0
3.17047 1.68338 1.68338 -4.22178e-06 8.12818e-07 3.7131e-06 1.7454 1.74691 1.74691 -0 0 0
-1.30917 -0.0229593 -0.0747216 0.0903564 -0.115003 -0.457897 -0.476632 -0.549227 0.306232 0.168251 -0.03472 -0.492775
-1.06121 -0.807283 -0.114494 0.152958 -0.0852276 -0.0692578 -0.585065 -0.58568 -0.137608 0.14786 -0.125949 -0.076024
-1.10037 -0.858273 -0.154538 0.14011 -0.0842171 -0.0635096 -0.625323 -0.637053 -0.165626 0.134086 -0.126838 -0.0648
-1.72687 -1.93846 -1.10399 -0.120365 0.000635217 0.0327051 -1.35365 -1.70783 -0.939228 -0.066025 -0.082537 0.063825
8.12858 12.1099 3.93248 1.49109e-07 0.0875627 1.82708e-07 8.84715 10.4559 4.64952 0 -0.052851 0
-10.3962 0.878491 8.60065 0.0105075 -0.0758412 -0.0319677 -10.5997 -0.382105 9.39739 -0.013828 -0.078712 -0.078775
-2.49835 -3.61103 -3.61103 5.09123e-07 -7.03609e-08 3.75597e-06 -3.26291 -3.20222 -3.20222 0 -0 -0
11.1383 11.1256 12.8349 -0.0112207 -0.00413198 0.00738409 10.3885 10.3764 12.3431 -0.010586 -0.013847 0.024867
5.21611 3.63354 3.63354 1.33896e-06 7.65811e-07 3.728e-07 3.5971 3.59821 3.59821 -0 0 0
-2.84178 -3.8404 -3.13597 3.08346e-06 3.53864e-07 1.92007e-06 -3.61664 -3.23452 -2.81146 0 -0 -0
5.57092 3.88855 3.10444 -1.95678e-06 -5.38408e-07 -9.49083e-06 4.00208 3.50549 3.23663 -0 0 0
-1.6424 -1.88214 -0.946057 -0.129456 0.000983701 0.0407352 -1.23925 -1.61987 -0.81848 -0.070774 -0.09265 0.078487
-0.656179 -1.73957 -4.0359 -5.47628e-06 4.25139e-06 2.82532e-07 -0.413343 -0.953066 -2.27724 0 0 0
-17.9148 -17.2258 -19.9318 0.531351 -0.0185561 -0.156349 -17.1532 -16.5062 -20.6532 0.363743 -0.062713 0.042549
-1.27529 0.330578 -0.405504 0.0799297 0.37392 0.0650234 -0.391731 -0.481951 -0.058222 0.143536 0.249379 0.000553
-1.16544 0.145872 0.161872 0.0912537 -0.12008 0.360209 -0.337315 -0.279248 0.304201 0.155627 -0.056795 0.199195
-0.948452 0.198998 -0.245523 0.0833767 -0.361361 0.040686 -0.114635 -0.322013 -0.087147 0.128505 -0.163438 -0.031232
-0.94258 0.190818 -0.222185 0.0675265 0.14351 0.0462401 -0.135052 -0.30193 -0.088702 0.136888 0.101308 -0.014387
-1.13349 0.212447 0.344314 0.0838966 -0.132872 0.0555911 -0.303887 -0.226155 0.352694 0.144477 -0.042799 -0.033137
1.41914 1.87606 1.32168 -0.231097 -0.21191 -0.364817 1.65608 2.31868 1.71109 -0.015353 -0.200367 -0.446441
-0.97963 0.145663 -0.164468 0.0731096 -0.112064 0.0519828 -0.159997 -0.220197 -0.040778 0.124759 -0.023472 -0.019561
0.680843 0.883033 0.88304 7.15066e-06 -4.20151e-07 -2.78192e-06 0.337383 0.283534 0.283534 -0 0 0
0.832525 0.998163 0.998159 -8.72366e-07 1.85183e-07 -9.18239e-07 0.531923 0.379972 0.379972 -0 0 0
-4.17834 -5.17929 -5.17928 2.51326e-06 5.77132e-07 2.07892e-06 -4.70625 -4.64621 -4.64621 0 -0 -0
-4.16107 -5.17966 -5.17966 1.92553e-06 -2.06238e-07 1.30581e-06 -4.67737 -4.65698 -4.65698 0 -0 -0
1.0935 1.44089 2.24086 -0.47632 -0.699048 -0.331229 1.11986 1.99914 2.06763 -0.289056 -0.387171 -0.20148
-4.22386 -5.2381 -5.2381 2.8377e-06 4.7939e-08 1.02527e-06 -4.74565 -4.73542 -4.73542 0 -0 -0
-25.0943 -25.0795 -25.1702 0.0447993 -0.0354728 -0.0463497 -24.9052 -24.9059 -24.8127 -0.043268 -0.045573 0.069501
-6.96626 -6.96487 -7.88298 -1.53081e-05 -0.0116848 1.76758e-05 -7.1121 -7.03802 -7.00281 1.7e-05 0.060192 -1e-06
6.79578 6.95753 5.63191 0.00167387 0.0509237 -0.143779 6.11461 6.18182 5.26211 0.112275 0.151623 -0.096729
-3.61762 -3.50541 -3.59469 -0.0182751 0.0190661 0.0300073 -3.68596 -3.62396 -3.72946 -0.002643 0.05655 0.043757
-0.253072 -0.265195 -0.167497 0.0171945 -0.0365807 -0.175157 -0.377143 -0.378504 -0.067206 -0.030381 -0.029029 -0.137715
0.94282 0.888005 0.954351 0.0172927 -0.0401417 -0.167009 0.866576 0.86064 1.15233 -0.029605 -0.030672 -0.138232
1.40227 1.97444 1.12021 -0.0291327 -0.1759 -0.206507 1.58656 2.61789 1.46857 0.108157 -0.27776 -0.217217
10.057 10.2196 9.22856 -3.35387e-05 0.061979 7.76509e-06 9.98243 10.1564 9.60481 0.000986 0.053817 -0.000459
2.23202 2.12553 2.16062 0.0176172 -0.0443723 -0.158065 2.18428 2.21767 2.44859 -0.028576 -0.031605 -0.135473
-0.150164 -0.294404 -0.294402 -1.44168e-06 -1.32246e-07 2.46077e-07 -0.233587 -0.807412 -0.807412 0 -0 -0
-8.32101 -8.14853 -9.33942 -2.27032e-05 0.0677562 1.85047e-05 -8.30154 -8.37346 -8.06928 -4.2e-05 -0.012948 3.6e-05
-10.9216 -11.3335 -11.1049 1.15696 -0.34809 -0.281704 -10.0129 -11.0356 -10.5987 1.59673 -0.668234 0.031649
-3.32019 -3.24736 -3.05582 0.0170951 -0.029382 -0.19293 -3.59653 -3.61508 -3.24413 -0.033971 -0.022867 -0.106915
-14.946 -15.3545 -17.6194 0.157116 -0.183289 -0.131077 -14.3347 -14.2651 -18.1155 0.513244 -0.06498 -0.569955
-12.9188 -12.9274 -12.9329 0.00528037 -0.00418232 -0.00762434 -12.0984 -12.1073 -13.0435 0.00684 -0.007474 -0.013817
-3.85428 -3.74687 -3.82192 -0.0206777 0.0219057 0.0260649 -4.02692 -3.97311 -4.00829 -0.002235 0.051361 0.043056
2.18264 2.73389 2.59146 0.0136222 0.026124 0.0200792 2.93059 2.60201 2.85248 0.037286 -0.026553 0.030906
5.10905 4.86923 4.84103 0.0195011 -0.0548921 -0.138646 5.06328 5.12004 5.27732 -0.029018 -0.036065 -0.123675
8.74496 5.39868 5.43486 7.71684e-06 9.21797e-06 -3.04228e-07 8.12955 8.19957 7.29489 0 0 0
0.553143 0.366195 0.32512 0.0355662 -0.0214557 -0.0978535 0.152658 0.030198 0.04353 0.049122 -0.022926 -0.115103
-20.627 -20.6056 -21.0449 0.193688 -0.0889358 -0.0905263 -20.8605 -20.9353 -21.2169 0.088743 -0.124458 -0.023125
1.43985 0.864424 0.817768 -0.262781 -0.0712092 0.304081 1.36795 0.689278 0.475696 -0.424995 -0.060489 0.171522
75.7682 75.9885 61.4966 -0.198831 0.211776 -0.125485 77.1232 77.0852 58.3588 -0.005338 0.27392 0.00645
13.139 13.1391 12.5064 8.76984e-05 3.1314e-05 -5.52415e-05 12.9481 12.9485 12.7779 0.000378 2e-06 -3e-06
-0.286213 -0.286381 -0.293618 0.00119558 -0.0126678 0.000225157 -0.651236 -0.655937 -0.649903 0.006701 -0.02187 0.005995
-15.5607 -15.9859 -18.2077 0.0774062 -0.153214 -0.131861 -15.0139 -14.9533 -18.7877 0.435293 -0.022055 -0.542026
77.8214 78.7291 77.0498 -0.0617669 0.272623 -0.0707667 79.2845 80.2651 79.1394 -0.250491 0.46696 0.185887
-0.343307 -0.340117 -0.343925 0.00609019 -0.0111107 0.00771321 -0.678186 -0.692667 -0.69501 0.006009 -0.012889 0.011935
-0.312589 -0.317947 -0.317945 1.83752e-08 3.53454e-07 3.00693e-07 -0.567962 -0.59604 -0.595809 -0.000201 1.1e-05 0.000104
6.70617 6.38369 6.32266 0.0213086 -0.0611493 -0.128634 6.60437 6.72489 6.83179 -0.029455 -0.038211 -0.121462
15.3797 19.3682 11.3357 2.1022e-07 0.109981 5.60433e-07 15.9323 17.1315 11.7793 0 -0.06743 0
-0.308646 -0.35162 -0.354457 -0.092359 -0.0307762 0.0394386 -0.652332 -0.774358 -0.747188 -0.095026 -0.026857 0.039398
1.10339 -0.243284 0.129847 -0.0725503 0.0121654 -0.00372879 1.65005 -0.094868 0.038468 0.001196 -0.04311 -0.019101
1.10344 -0.241951 0.13229 -0.0718865 0.0121246 -0.00338635 1.64988 -0.094041 0.03889 0.001635 -0.043992 -0.018387
2.01173 1.42205 1.64661 0.0291325 0.461498 -0.0171526 1.86619 1.86873 2.37598 0.00943 0.522897 0.004062
-12.1228 -12.132 -12.0703 -0.00816477 -0.0035093 0.00642954 -11.5137 -11.5257 -11.695 -0.01098 0.018383 -0.03167
0.811354 1.75463 0.766728 0.0386453 -0.154431 -0.0355271 1.19904 1.61405 2.01792 0.009356 -0.131742 -0.002878
1.11879 -0.255904 0.171331 -0.061546 0.0318766 0.209443 1.55925 -0.102438 0.104622 0.014593 -0.010168 0.25033
1.12708 -0.281471 0.150294 -0.0641692 0.0291633 0.210653 1.54588 -0.098858 0.084025 0.009079 -0.021165 0.224653
1.12414 -0.311684 0.102332 -0.122343 -0.381077 -0.0699071 1.63228 -0.179383 0.159629 -0.033889 -0.355968 -0.051142
-12.7739 -12.6499 -12.7023 0.0432656 -0.141555 0.170785 -11.8956 -11.4986 -11.8003 0.393536 0.04099 -0.045694
1.97526 1.34556 1.70354 0.0309981 -0.868285 0.00257439 1.97882 1.68187 2.20926 0.02224 -1.0293 0.017502
80.6304 81.3277 79.575 0.245264 0.283849 -0.0290482 80.5042 80.9993 80.2443 -0.019174 0.403158 0.34121
-3.20598 -1.04674 -1.28195 0.100234 -0.0585556 -0.0653642 -2.31088 -0.308906 -1.83955 -0.015222 0.241381 0.018003
-2.01632 0.914045 -3.16208 2.31429 0.452267 -1.53187 -1.58957 0.679763 -2.77544 1.79203 0.090642 -0.91408
-2.77217 -0.619161 -0.965322 0.0179615 -0.0515513 -0.0764096 -2.08229 0.019155 -1.51132 -0.16972 0.282744 -0.115191
-13.4888 -14.1709 -13.7323 0.45013 -0.709289 -0.517124 -13.7432 -13.715 -12.8143 0.13349 -0.487788 -0.527788
79.645 80.7382 78.9129 -0.223158 0.29975 0.0448409 80.2226 81.0081 79.7085 -0.242386 0.54353 0.275576
1.03774 -0.279891 0.208745 -0.234026 -0.0540868 -0.301065 1.44153 0.004633 0.279287 -0.13896 -0.04311 -0.309367
1.03461 -0.294583 0.190215 -0.232812 -0.035334 -0.299531 1.4271 0.019485 0.255802 -0.148272 -0.048009 -0.317342
-10.7929 -10.7935 -11.6274 -4.63455e-06 -0.00528359 1.84211e-05 -10.6589 -10.7146 -11.4285 0.000299 0.000946 -1.5e-05
-4.81023 -4.8176 -4.8176 -3.17185e-08 -7.04374e-08 4.88667e-09 -5.37857 -5.40098 -5.40098 0 -0 -0
-2.0347 0.0122579 0.247475 -0.150473 -0.0416478 -0.147925 -1.46398 0.51978 -0.276839 -0.258774 0.169209 -0.262472
-20.5393 -20.9073 -20.9588 -0.0613795 -0.153121 -0.165825 -20.5436 -21.0117 -20.8693 -0.006485 -0.111524 -0.235611
-25.4269 -25.2208 -25.6205 0.0053091 0.0670218 -0.0179589 -24.7107 -24.7859 -24.8197 -0.10397 -0.024028 -0.076368
1.0178 -0.246648 0.344517 -0.293777 -0.0439198 -0.182017 1.27424 0.039649 0.527841 -0.165712 -0.038076 -0.200099
1.04788 -0.251824 0.323437 -0.299885 -0.0347029 -0.186492 1.29087 0.048213 0.494636 -0.166565 -0.018149 -0.213209
6.66753 7.37443 6.92992 0.0255497 0.0330875 0.0245008 7.58605 7.17785 7.37858 0.046292 -0.028952 0.035512
-2.04338 -0.138959 -0.114178 -0.12832 -0.0104409 -0.116492 -1.47417 0.414318 -0.650728 -0.240997 0.276801 -0.232117
-0.178563 -0.772832 1.53869 -0.179681 0.0270099 0.25548 0.378235 -0.166542 0.902642 -0.140774 -0.166619 0.256998
1.05171 -0.232507 0.322248 -0.327428 -0.00795246 -0.251474 1.27751 0.09869 0.479188 -0.220155 -0.000621 -0.281239
0.968629 -0.244141 0.380604 -0.31726 0.00115369 -0.0581166 1.16449 0.032932 0.64874 -0.177522 -0.032907 -0.027628
0.900266 -0.201706 0.422395 -0.287926 -0.194163 -0.0437445 1.19079 0.103677 0.670547 -0.170056 -0.129112 -0.065217
-6.05935 -3.64396 -7.17013 2.05478 0.292877 -1.80828 -5.63846 -3.72102 -7.10856 1.34864 0.314541 -1.11072
0.909175 -0.258892 0.337094 -0.274148 0.0695322 0.0254412 1.16269 0.049429 0.624383 -0.168088 -0.027827 0.044191
81.2526 81.4104 79.844 0.405845 0.295628 -0.104446 80.981 81.4717 80.7219 -0.014521 0.472346 0.053075
48.6409 46.2946 47.6296 -1.40341 -0.234043 0.52421 47.499 45.5137 48.3875 -1.21554 0.220733 0.191273
80.4191 81.2204 79.2505 -0.255131 0.318094 -0.460018 80.4649 81.0139 80.8329 0.085363 0.417851 0.140857
18.0802 22.0314 14.0511 3.87864e-07 0.116365 -2.67165e-07 18.5427 19.5609 14.4558 0 -0.092003 0
-0.092563 -0.681337 1.67409 -0.175584 0.0302676 0.266883 0.480142 -0.05311 1.01237 -0.140448 -0.166869 0.256487
0.88287 -0.237062 0.436666 -0.29105 0.215767 -0.119775 1.15489 0.087419 0.754091 -0.224352 0.157461 -0.100263
-12.1904 -12.9091 -14.1377 -0.188165 -0.0153273 -0.058805 -11.3788 -12.014 -13.574 -0.294943 -0.071042 -0.046525
-11.1706 -11.6931 -11.461 1.35235 -0.620267 -0.368539 -10.2143 -11.3511 -11.0529 1.75942 -0.892195 -0.055245
-19.1088 -11.6368 -8.21087 0.080132 -0.0487555 0.00605351 -19.2363 -11.0995 -8.25039 0.054373 -0.073074 -0.017372
1.11936 -0.221363 0.610432 -0.273711 0.242494 -0.157055 1.36779 -0.040943 0.903354 -0.1623 0.02909 -0.09552
-0.114853 -0.114728 -0.0656115 -4.90564e-05 -3.83013e-06 -5.9277e-08 -0.064304 -0.064296 -0.02093 1e-06 -1e-06 -0
-0.408986 -0.408945 -0.395795 5.71385e-05 4.13271e-06 -4.09626e-06 -0.341684 -0.341684 -0.299715 0 -0 0
-0.883982 -0.540414 -0.449429 -6.26532e-05 1.80179e-06 -3.84841e-06 -1.00767 -0.38652 -0.41913 -7e-06 -6e-06 -2e-06
80.4116 81.1582 79.5357 -0.0770485 0.313601 -0.564778 80.4356 81.0317 80.8855 0.200951 0.392466 0.048199
1.36438 0.889617 0.72365 -2.98482e-05 -1.62262e-06 3.58347e-06 1.953 0.766577 0.890276 1e-06 0 2e-06
1.49556 0.764964 0.728955 -3.66367e-05 -3.72752e-06 -2.97624e-06 2.03467 0.666162 0.866328 0 1e-06 0
-16.9135 -17.2892 -19.4346 -0.0106386 -0.115668 -0.134428 -16.456 -16.3694 -20.2118 0.334428 0.027501 -0.484823
0.97673 -0.31261 0.304084 -0.355755 -0.480814 0.0238556 1.24869 -0.023506 0.574774 -0.276729 -0.326099 -0.047057
-2.15794 -1.56235 -1.20401 5.92667e-05 -2.10063e-06 4.3337e-07 -2.68563 -1.16817 -1.22499 0 0 0
-2.33779 -1.36374 -1.19117 5.88388e-05 1.83927e-06 -3.77038e-06 -2.87801 -1.01892 -1.22582 1e-06 0 0
-24.8354 -24.7345 -25.7196 0.189874 0.0350347 -0.0927279 -24.789 -24.7118 -25.4761 0.063246 -0.012332 0.0608
-1.25876 -1.25383 -2.9839 -4.19201e-05 -0.259682 3.05045e-06 -1.29288 -1.25331 -2.76157 -2e-06 -0.632193 -1e-06
1.72328 0.299248 0.30042 0.0297765 0.02364 -0.150038 2.08409 0.084865 0.118634 0.059198 0.0452 -0.11887
1.72127 0.27667 0.260323 0.0309217 0.01728 -0.156228 2.11019 0.073857 0.058095 0.050322 0.028971 -0.124849
-12.2962 -12.4035 -13.7941 -0.10223 0.105747 -0.0379324 -11.2427 -11.5204 -13.4257 -0.187957 0.048915 -0.095215
0.965082 -0.272119 0.198583 -0.23274 0.297196 0.186529 1.48004 0.000142 0.270736 -0.168449 0.240542 0.229709
-1.14222 -1.32392 -1.3648 -0.0989205 0.00192568 0.0141531 -1.28486 -1.55314 -0.822769 -0.053717 -0.000415 0.017854
0.0248352 -0.575944 -0.692141 0.119522 -0.00489014 0.0773324 0.041614 -0.726905 -0.135301 0.163045 -0.035212 0.111418
-0.175604 -0.805274 -0.849014 0.0205203 -0.00162036 0.0698527 -0.18723 -0.976313 -0.298303 0.069502 -0.027415 0.096676
-0.408409 -0.96745 -0.979989 -0.046446 0.00222066 0.0597045 -0.45053 -1.15408 -0.440734 0.006581 -0.022408 0.081642
-0.637821 -1.09303 -1.09518 -0.097005 0.00481389 0.0452154 -0.707936 -1.28972 -0.55595 -0.044632 -0.019806 0.058328
-0.890714 -1.21193 -1.21524 -0.123849 0.0031816 0.028068 -0.99556 -1.41494 -0.675223 -0.073859 -0.006668 0.033055
1.7437 0.306037 0.273732 0.0306301 0.0230806 -0.36098 1.99994 0.137412 0.151054 0.051878 0.041902 -0.341122
1.7195 0.310432 0.327381 0.0287415 0.0178277 0.0459888 2.07082 0.160697 0.145705 0.054872 0.036716 0.13598
2.08484 1.88044 1.79581 0.069771 -0.123004 0.224706 1.5862 1.1799 1.0472 0.034931 -0.141356 0.178437
10.2363 9.71629 9.58415 0.0271118 -0.0753491 -0.109011 9.97181 10.1656 10.192 -0.027964 -0.043804 -0.110678
80.3455 80.6854 79.8869 0.738217 0.309634 -0.554886 80.2967 80.7918 80.7425 0.422343 0.595356 -0.468824
49.7486 47.4435 48.7064 -1.38104 -0.237807 0.533672 48.614 46.6352 49.4862 -1.20454 0.20488 0.205551
-4.20388 -4.20399 -4.71532 -1.54079e-06 1.47961e-06 6.28693e-07 -4.57838 -4.57838 -4.61395 0 0 0
3.61831 2.40512 2.67201 -0.136603 -0.232151 0.144912 3.91644 2.63184 2.12094 -0.262519 0.007707 0.339606
1.76642 0.428338 0.409133 0.052609 -0.516623 -0.144829 2.12332 0.393086 0.267806 0.043543 -0.370025 -0.09688
1.77449 0.445821 0.427007 0.0522066 -0.514787 -0.145128 2.1295 0.39062 0.296552 0.042978 -0.37035 -0.100037
1.75818 0.436913 0.424577 -8.26198e-05 0.550438 -0.143108 2.12158 0.396354 0.260533 0.061324 0.468983 -0.095391
0.214255 -0.368143 2.10318 -0.131849 0.0415224 0.299535 0.822834 0.304324 1.34548 -0.117925 -0.160203 0.257245
1.77895 0.411739 0.334528 0.031531 0.0196979 -0.408625 1.85939 0.243935 0.295964 0.038231 0.039976 -0.34511
1.8022 0.394619 0.304224 0.0320427 0.015484 -0.397286 1.88436 0.21673 0.254908 0.030445 0.032351 -0.319351
1.78872 0.401583 0.286923 0.0339574 0.013366 -0.392973 1.86534 0.217407 0.234798 0.033475 0.02788 -0.326173
-12.6759 -11.5855 -13.5336 0.61185 0.211952 0.0319956 -12.0721 -10.7623 -12.6055 0.397861 0.01639 -0.002449
1.96974 1.82836 2.37135 0.0280538 -0.553802 -0.00455256 1.90361 2.40455 2.97784 0.007372 -0.492958 0.016345
1.8071 0.588312 0.374844 0.0354526 0.013632 -0.317179 1.76351 0.329887 0.384441 0.035195 0.037051 -0.224317
0.325286 -0.222049 2.27729 -0.102225 0.0356012 0.312354 0.958064 0.474152 1.48283 -0.089911 -0.154819 0.254867
1.79951 0.546879 0.340142 0.0302568 0.015646 -0.358427 1.73796 0.358466 0.266516 0.028911 0.035489 -0.283338
-19.9245 -19.6754 -20.8231 0.0299507 -0.0962993 0.0126692 -19.8748 -19.8989 -20.6032 -0.149743 -0.320253 0.156834
1.78376 0.542188 0.343831 0.0270894 0.0158233 -0.379754 1.71637 0.412618 0.260728 0.025856 0.042508 -0.32069
0.940109 -0.183409 0.431435 -0.345451 0.0856309 0.00889207 1.41184 0.332091 0.654936 -0.242554 0.015646 0.031879
-0.764526 -0.0379876 -0.44103 -0.415683 -0.17074 0.0943359 -0.738783 -0.292917 0.034447 -0.591133 -0.071056 -0.12722
-0.777981 -0.0517505 -0.493637 -0.41356 -0.177553 0.0745336 -0.761854 -0.312261 -0.022407 -0.58905 -0.090186 -0.147069
7.6231 7.62284 8.24617 7.78892e-07 -2.76839e-06 -7.38998e-07 8.31798 8.31798 8.44609 0 0 -0
1.78788 0.660047 0.470035 0.0252965 0.0151171 -0.313448 1.64447 0.459749 0.688105 0.041545 0.029515 -0.243934
1.04263 -0.227082 0.351306 -0.16301 0.0811324 0.256021 1.67979 0.28215 0.712432 -0.108562 0.085705 0.229551
-0.720324 0.00991417 -0.515071 -0.418571 -0.44041 0.000860724 -0.647237 -0.282593 -0.070801 -0.547635 -0.309979 -0.220609
1.77517 2.08014 2.04044 -0.418733 0.00803491 0.280282 1.13586 1.41906 1.79626 -0.234409 0.070773 -0.025082
-14.7123 -15.284 -15.6657 1.02029 -0.841305 -0.289202 -14.4249 -14.9726 -15.4278 1.09195 -0.83617 -0.135007
-20.1429 -19.9235 -21.0251 0.0202002 -0.10634 0.0233943 -20.1337 -20.1434 -20.8556 -0.141735 -0.290997 0.147632
-13.3506 -14.068 -14.2337 1.1902 -0.889393 -0.337925 -12.8429 -13.6387 -13.9494 1.38917 -0.914382 -0.146755
-12.7462 -12.7533 -13.4879 7.97578e-06 -0.00182611 2.13998e-05 -12.6478 -12.5971 -12.5119 -9.2e-05 -0.033273 5.2e-05
-0.728087 -2.01068 -1.02019 0.163427 0.00386097 0.0463778 -0.526164 -1.97064 -0.563562 0.24858 -0.010096 0.064015
0.506934 0.0100787 2.51198 -0.010643 0.0126453 0.325495 1.17452 0.763347 1.67488 -0.003823 -0.138544 0.229318
-0.702344 -2.02816 -0.991351 0.167492 0.00372692 0.049289 -0.492296 -1.97701 -0.541791 0.252991 -0.012705 0.067299
-0.678988 -2.04577 -0.964316 0.169617 0.00324058 0.0520822 -0.457914 -1.98592 -0.521867 0.255334 -0.013238 0.069035
-0.239197 -0.299715 1.06697 0.314971 0.285828 0.247192 0.306304 0.863696 0.547223 0.312476 0.255067 -0.002171
-0.0118426 -0.365293 1.19652 0.224078 0.208398 0.268325 0.561449 0.785918 0.680674 0.268664 0.188947 0.042712
-0.70645 0.098464 -0.815169 -0.283842 -0.142932 0.338073 -0.687785 -0.025191 -0.688373 -0.437272 0.009274 0.177389
0.0307501 -0.365578 1.24032 0.214543 0.189433 0.271918 0.605918 0.780966 0.730407 0.263752 0.177562 0.052942
-0.584477 0.236105 -0.683075 -0.485181 -0.728348 -0.108402 -0.598853 -0.139643 -0.310909 -0.538288 -0.607003 -0.28825
-15.3118 -14.8192 -15.2636 0.381572 0.126933 -0.197148 -14.5927 -14.0335 -14.981 0.456961 0.031793 -0.076718
0.580264 0.0854803 2.5647 0.0456237 0.00889182 0.328334 1.24192 0.865026 1.71694 0.048512 -0.114054 0.211617
-0.609266 0.165486 -0.967869 -0.328597 -0.273831 0.156127 -0.678955 -0.015423 -0.669575 -0.390007 -0.139073 0.071373
0.216962 -0.334318 1.45587 0.191636 0.132522 0.291745 0.783646 0.785864 0.910898 0.25572 0.146151 0.090487
1.90235 0.855835 0.571382 0.0222164 0.807437 -0.149013 2.38114 0.885505 0.556791 0.053803 0.913129 -0.065099
0.611281 0.110613 2.57346 0.0726096 0.00756726 0.329142 1.27185 0.909062 1.73334 0.074608 -0.099572 0.205312
1.92037 0.880495 0.634446 0.032944 0.837895 -0.151879 2.40187 0.874815 0.596643 0.060087 0.898189 -0.041761
-7.81034 -7.81035 -9.02678 -4.80657e-06 2.48304e-06 -3.35145e-09 -8.54487 -8.54487 -8.50025 0 0 0
0.356751 -0.272511 1.62923 0.182628 0.0870955 0.310335 0.916792 0.839814 1.05437 0.249945 0.128386 0.1195
0.402188 -0.24566 1.68768 0.186509 0.0770714 0.316213 0.956885 0.852268 1.09751 0.247392 0.124771 0.12887
20.4836 20.7687 21.6003 0.183738 -0.0172545 -0.0127517 20.9068 21.2325 22.5781 0.236408 -0.083652 -0.065664
-0.516671 0.217626 -0.940346 -0.442778 -0.535488 0.0142508 -0.463294 -0.086765 -0.565116 -0.562404 -0.434241 -0.121239
-0.650329 0.118354 -0.667015 -0.354938 -0.231278 -0.590923 -0.620444 0.095568 -0.349356 -0.498242 -0.138893 -0.744195
3.13266 2.89142 2.82779 -0.346253 0.00285115 8.66474e-05 3.28163 3.36033 3.07362 0.043626 0.032897 -0.015769
-13.7342 -12.8469 -14.612 0.474938 0.293739 0.0141797 -13.2564 -12.2347 -13.9088 0.35259 0.128244 -0.062498
0.65889 -0.0933724 2.1125 0.202176 0.0535452 0.336135 1.22784 0.918167 1.4184 0.240638 0.09642 0.164761
-0.765505 0.231353 -0.690836 -0.306703 -0.146701 0.341285 -0.580378 -0.073643 -0.487715 -0.5071 -0.059588 0.078461
-0.411755 0.143857 -0.327939 -0.427039 -0.226243 0.585158 -0.221807 0.105207 -0.056439 -0.605135 -0.14835 0.311137
-16.4339 -16.0073 -15.96 -0.0559345 -0.00988945 -0.0959904 -16.2034 -15.7645 -15.4875 0.147725 0.195363 0.051472
-19.1173 -11.3268 -5.26072 0.0529223 -0.0523344 0.0917001 -19.0463 -11.2614 -5.34448 0.003394 -0.062729 0.016836
-14.9293 -14.9367 -14.9707 -0.00646986 -0.00297289 0.00552375 -14.3152 -14.3286 -14.9018 -0.012294 0.013085 -0.022543
-15.4869 -15.3342 -15.1524 0.0108868 -0.00952042 -0.0987992 -15.484 -15.3252 -14.7205 0.134195 0.157249 0.09804
20.5714 20.9882 21.8731 0.292237 -0.0308276 -0.0225705 20.9096 21.3953 22.6644 0.355901 -0.100679 -0.0578
-0.750699 -0.750699 -0.750696 -6.89165e-07 -4.77701e-07 -2.1137e-07 0.217376 0.217376 0.217376 -0 0 -0
20.5796 21.0157 21.9047 0.308162 -0.032709 -0.0231457 20.9125 21.4178 22.6756 0.372769 -0.104274 -0.057486
-1.63234 -1.68275 -1.68276 2.61068e-06 -0.519795 1.42397e-07 -1.24252 -0.827294 -0.827301 0 -0.543433 -0
-2.1259 -2.1259 -2.1259 2.43425e-06 2.384e-06 2.20366e-06 -1.53658 -1.53658 -1.53658 -0 0 -0
-0.476604 0.163288 -0.299188 -0.606188 -0.415814 -0.11169 -0.294865 -0.203978 0.007802 -0.864576 -0.393768 -0.295514
19.9339 20.9076 21.5387 0.717467 -0.102262 -0.0601495 20.3939 21.528 21.9801 0.84629 -0.183111 -0.052429
-17.6931 -17.2115 -17.3536 -0.18761 -0.133258 0.00514009 -17.5832 -17.0789 -17.0731 -0.108727 0.133869 -0.028636
-16.5897 -17.0185 -17.8805 -0.0355438 -0.045394 -0.00803096 -16.2901 -16.6722 -17.7318 -0.057008 0.028378 0.205892
-14.9658 -14.025 -15.1146 -0.0477774 0.974923 0.370851 -14.5099 -13.9597 -15.0671 -0.040712 0.540328 0.241956
-20.281 -20.6207 -20.7441 0.113425 -0.0889735 -0.165753 -20.6005 -20.7746 -20.5359 -0.036029 -0.028204 -0.079263
-3.41156 -3.41156 -3.41156 -2.43288e-06 -2.57368e-06 -2.64268e-06 -3.03522 -3.03522 -3.03522 -0 0 -0
-21.1421 -21.2607 -21.5318 0.0680191 -0.0602551 -0.0203149 -21.4109 -21.4694 -21.8827 0.027435 -0.085189 0.016286
-13.451 -13.284 -14.1938 -2.11147e-05 0.0654328 2.05516e-05 -13.4908 -13.4741 -13.8305 -7.6e-05 -0.046723 6e-06
-13.4486 -13.4485 -14.0842 8.58177e-05 3.72958e-05 -5.73017e-05 -13.2736 -13.2735 -13.8767 9e-05 -1.2e-05 2e-05
1.35098 2.07975 0.698656 -0.461344 -0.277637 0.226129 1.65541 1.83691 1.47566 -0.28372 -0.35924 0.26598
-16.1084 -16.7239 -17.3996 0.0398565 -0.104762 -0.089723 -15.8399 -16.2956 -17.3764 0.027295 0.018205 0.122287
82.137 80.1342 90.1926 0.0354742 -0.0267047 -0.208246 83.5171 80.7668 92.7716 -0.129521 0.199391 0.124072
1.07761 1.86569 0.224958 -0.670731 -0.218085 0.333196 1.42945 1.7592 0.924041 -0.430412 -0.298909 0.409047
-20.6403 -20.8982 -21.0785 0.0477323 -0.0416207 -0.0996397 -20.9844 -21.1162 -21.0545 -0.046322 0.007955 -0.050702
-21.0096 -21.0408 -21.4933 -0.000214159 -0.0524702 0.00255073 -21.2519 -21.2059 -21.8296 0.022197 -0.085998 0.005724
-22.4872 -18.102 -13.9478 -0.0105602 0.0721684 0.0318179 -23.4429 -17.1563 -15.2688 -0.041217 0.020961 0.02403
6.06922 5.77603 5.58623 -0.397396 0.00322057 0.0028376 6.25862 6.34599 5.92975 0.072537 0.032502 -0.018082
-0.664392 0.339158 -0.405128 -0.421985 -0.346797 -0.711844 -0.558535 0.41089 -0.05361 -0.526276 -0.153205 -0.943723
-13.9887 -14.0006 -14.6163 0.104065 -0.0347147 0.0263195 -13.9373 -14.2233 -13.8222 0.23949 -0.017865 0.024626
-15.6943 -16.4452 -17.1001 0.146605 -0.176164 -0.19428 -15.4126 -15.897 -17.177 0.132014 -0.014905 0.015535
-15.6413 -15.5456 -15.2758 0.0711961 -0.10295 -0.234442 -15.7121 -15.5641 -14.7963 0.201323 -0.096099 -0.121303
-1.03798 -0.663674 -0.63075 -0.0962704 -0.171685 -0.0676362 -0.310649 -0.62274 -0.449107 0.138377 -0.149369 0.127843
-13.7733 -13.1326 -14.4322 0.47623 0.298079 -0.403544 -13.4878 -13.2805 -13.509 0.3539 -0.006285 -0.064052
-16.0646 -15.7522 -15.99 0.241449 0.0951294 -0.164744 -15.4286 -15.0539 -15.9682 0.307579 0.019604 -0.099561
1.45448 0.841652 -0.162962 -0.267769 0.0332653 0.19615 0.835485 0.072537 0.392219 -0.310673 -0.108855 0.292321
32.0451 53.7549 44.4327 -0.238887 -0.501722 -0.235438 34.3439 51.1614 46.3824 0.386503 -0.20057 -0.291344
-19.5858 -19.9079 -21.863 -0.0539987 0.0192387 -0.088801 -19.0543 -19.1665 -22.9159 0.166324 0.027256 -0.180184
0.105153 -2.39525 -0.610424 -0.0678981 -0.0432122 -0.0488358 0.86702 -2.22878 -0.527034 0.044037 -0.080638 0.22402
-0.106229 0.324021 -0.179034 -0.382652 -0.260433 0.436486 0.09999 0.448561 0.122023 -0.628259 -0.209794 0.36939
-17.5922 -17.4395 -18.9826 -0.0318713 0.397666 0.0085654 -17.423 -17.0494 -19.0473 0.036461 0.304023 0.004141
0.15844 -2.3689 -0.416796 -0.0600335 -0.0319169 -0.0212399 0.859726 -2.17711 -0.336292 0.044447 -0.067989 0.185799
0.173571 -2.36297 -0.359406 -0.0544836 -0.0284482 -0.0114026 0.850531 -2.16687 -0.280543 0.044066 -0.064745 0.169534
2.34528 1.59145 1.10295 0.00634094 -0.781297 -0.187441 2.70208 1.24815 1.21163 0.010498 -0.95594 -0.016143
0.563134 0.197689 0.388327 -0.00183024 0.00629379 -0.16355 0.436416 0.143733 0.465226 -0.009831 0.007449 -0.043723
2.35314 1.56914 1.0461 0.0196864 0.803665 -0.190208 2.7163 1.21677 1.09884 0.066842 1.07005 -0.0335
2.32986 1.56356 1.00516 0.0197624 0.806233 -0.16402 2.6845 1.24858 1.07622 0.037889 1.04583 0.000605
26.514 26.5151 29.4088 0.000656199 -0.00313212 0.00547075 26.7298 26.6923 29.6107 -0.031764 -0.008244 0.014453
-13.4039 -13.5165 -13.711 0.166308 -0.0371681 0.0743733 -13.0573 -13.3559 -13.5197 0.426434 0.047752 0.092685
-13.1516 -13.2916 -13.6712 0.108783 -0.0234333 0.0951571 -12.766 -13.0073 -13.6316 0.370576 0.046527 0.065151
25.6624 25.6625 25.366 1.48432e-05 2.7474e-05 -3.73998e-05 25.3183 25.3181 25.2582 -0.000212 -0.000295 0.000511
0.357461 -2.16221 -0.842212 0.191388 0.00849431 -0.160925 1.05362 -2.04551 -0.717284 0.288967 -0.038032 0.235193
-21.2295 -21.3485 -21.6001 0.0277388 -0.0348401 -0.00098022 -21.5411 -21.5665 -21.9391 0.01358 -0.05591 0.028422
-14.8996 -14.2034 -15.7383 0.357138 0.250111 -0.0110271 -14.5083 -13.7935 -15.3201 0.296294 0.059114 -0.116048
86.6949 87.9854 86.0412 0.582545 -0.0587168 -0.618413 86.7539 87.7891 87.8739 0.632234 0.637494 -0.468553
86.6232 88.2837 85.6746 0.479892 -0.0441888 -0.660346 86.8267 87.6426 87.6874 0.689065 0.817385 -0.558204
86.6925 88.3349 85.6176 0.441565 -0.0345713 -0.696499 86.8845 87.6355 87.6572 0.684287 0.843504 -0.601796
55.0086 81.1113 108.068 -0.115064 -0.0702773 0.482431 59.5457 78.6026 105.691 0.081124 -0.648886 0.081542
-18.8563 -18.7351 -20.1487 -0.138341 0.371896 -0.0624513 -18.4806 -18.2179 -20.6556 -0.062477 0.310785 0.023788
-0.708112 0.374957 -0.398357 -0.266446 -0.280251 -0.680108 -0.419499 0.384061 -0.022158 -0.336129 -0.016242 -0.973471
-21.2318 -21.3479 -21.5941 0.0258993 -0.0324206 0.000463939 -21.9069 -21.8287 -21.9715 0.024076 -0.054338 0.031756
-2.43896 -2.71234 -2.45147 -0.00146659 0.0057655 -0.175268 -2.68213 -3.02238 -2.64658 -0.011177 0.004661 -0.02782
-13.7034 -12.7532 -14.1577 0.704988 0.365424 -0.605951 -13.4874 -12.593 -13.0082 0.61176 -0.056642 -0.123331
0.358132 -1.9898 -0.712119 0.383598 -0.0216955 -0.0164415 0.99249 -1.82979 -0.476563 0.441683 -0.017261 0.338429
-12.3912 -12.4589 -12.3971 -0.0440703 0.040345 0.0499612 -12.0068 -12.0644 -12.0295 0.154259 0.089291 0.16927
-1.94298 -1.76023 -1.45146 -0.12778 -0.191019 -0.111007 -1.55749 -1.86691 -1.41926 0.092764 -0.173573 0.079657
-0.928714 0.142019 1.35341 0.587017 -0.0478625 0.0051244 -0.419346 0.440347 1.11074 0.915936 0.128456 -0.249517
-12.4814 -12.5127 -12.4893 -0.0413752 0.0178249 0.0137923 -11.9181 -11.9632 -11.9689 0.043637 0.0283 0.06355
0.361939 0.325868 0.241136 -0.0319896 -0.00414025 0.131436 -0.215515 -0.168384 -0.126365 -0.014528 -0.017519 0.182225
-12.4908 -12.5132 -12.5003 -0.0270357 0.0104259 0.00633496 -12.0566 -12.1275 -12.1467 0.034209 0.038522 0.068164
0.350588 0.315461 0.26308 -0.0158537 -0.0083216 0.110377 -0.227411 -0.179035 -0.150558 -0.004218 -0.014591 0.141933
-11.6836 -11.8808 -11.7321 0.136668 0.070639 0.154943 -11.1985 -11.3739 -11.2881 0.293065 0.091295 0.313928
0.266831 0.266832 0.266834 1.44963e-07 7.2546e-07 -4.46023e-07 -0.027216 -0.027223 -0.027219 -1e-06 3e-06 -1e-05
0.26632 0.26421 0.266287 -0.00165433 0.00430233 0.00346767 -0.16135 -0.164542 -0.153694 0.000169 0.001457 0.002542
1.97423 1.66122 1.3019 0.0610463 0.241637 -0.185243 2.37214 1.41551 1.83922 0.050346 0.242667 -0.074699
0.246098 0.237896 0.239767 0.000372514 -0.000390996 0.0260532 -0.225276 -0.2192 -0.218583 0.001463 0.00362 0.032463
0.0570381 0.540807 0.0527433 -0.392176 -0.336202 0.24433 0.135398 0.751403 0.552755 -0.610089 -0.350296 0.135582
0.286286 0.261942 0.258834 0.00586399 -0.00633671 0.059734 -0.248662 -0.216353 -0.213382 0.003318 -0.002639 0.07263
0.467517 0.44873 0.438317 0.0496868 0.0663032 -0.0101151 -0.057637 -0.058644 -0.075933 0.050138 0.069723 0.001578
-0.088504 0.72759 -0.384164 -0.43505 -0.0143395 -0.0406336 0.094977 0.93994 0.065927 -0.424026 0.045105 -0.249724
2.02496 1.55807 1.38844 0.0149601 0.00446866 -0.214405 2.48903 1.36557 1.93529 0.019654 -0.013822 -0.110728
0.521502 0.496998 0.486757 0.0610128 0.08097 -0.0147917 -0.017326 -0.0205 -0.044602 0.063132 0.080897 0.001478
2.00585 1.53938 1.45839 0.0332636 0.0484751 -0.198791 2.42635 1.36931 2.03376 0.005819 0.040708 -0.101706
1.70941 1.96641 1.9664 -1.64788e-06 0.665419 -3.58866e-06 1.17342 1.55538 1.55538 -0 0.522157 -0
-17.7617 -18.2203 -20.4865 0.682259 0.0777488 -0.129924 -17.5259 -17.3956 -21.0154 0.407369 0.048392 -0.239849
0.0410994 0.813104 -0.0359889 -0.443362 -0.0161943 -0.0467929 0.135034 1.04207 0.475933 -0.442233 -0.002952 -0.338103
-21.3499 -21.1549 -22.2445 0.0422807 0.0393871 -0.0491161 -20.7564 -20.6416 -24.443 0.04525 0.012446 0.002622
0.641769 0.601045 0.594773 0.09059 0.109694 -0.0250938 0.077875 0.058935 0.026265 0.087293 0.107019 0.005203
2.32202 1.75771 1.25682 0.0274538 0.430985 -0.217909 2.65389 1.38738 1.64976 0.012893 0.414787 -0.052978
-18.1235 -18.7396 -20.8607 0.624705 0.116809 -0.106699 -17.9139 -17.866 -21.5143 0.33528 0.083645 -0.207157
89.0384 88.9064 86.4688 -0.00524522 1.48607 -0.0693605 87.5879 88.2198 87.1656 0.014913 1.4707 0.159837
-21.019 -21.2322 -22.4465 -0.0758542 0.0502725 -0.0578885 -20.0902 -20.2137 -24.0467 -0.015118 0.027548 -0.055436
81.0473 81.5494 81.8024 0.378526 0.108467 -0.141907 82.7557 82.8315 83.2524 0.447118 0.124951 -0.082341
2.46326 1.91464 1.33776 0.019937 0.479117 -0.228881 2.74621 1.48568 1.69849 0.025561 0.460409 -0.050887
2.49574 1.92574 1.30958 -0.00372334 -0.480998 -0.227602 2.79112 1.48665 1.58241 -0.023225 -0.434952 -0.021563
-0.259753 0.592793 0.342776 -0.357299 -0.376501 -0.4741 -0.050128 0.652054 0.668734 -0.447666 -0.137786 -0.806424
0.778006 0.717309 0.719609 0.125191 0.140035 -0.0327117 0.194301 0.155655 0.10962 0.12382 0.133575 0.016316
89.1586 88.8938 86.4631 -0.024905 1.56758 -0.0934883 87.6203 88.1095 87.08 -0.003812 1.52469 0.233302
-17.106 -17.115 -17.0205 0.00492611 -0.00288323 -0.00516351 -16.8078 -16.8126 -17.9111 0.002652 -0.004048 -0.007772
-2.30104 -2.30104 -2.30103 8.57052e-07 2.37728e-07 -1.94527e-06 -2.77033 -2.77033 -2.77033 -0 -0 0
5.77172 5.18732 5.27397 -0.002483 0.00525781 -0.151355 5.68774 5.47793 5.66685 -0.008288 0.012327 -0.032115
82.4054 82.7058 82.9083 0.365326 0.0040215 -0.122242 83.411 83.327 83.3715 0.617673 0.04268 -0.251798
82.8705 83.4906 83.3773 0.404673 0.0946971 -0.178502 83.3399 83.929 83.5495 0.508521 -0.028886 -0.159254
-20.9741 -21.3461 -22.3932 0.103412 0.107964 -0.0252443 -20.0531 -20.2676 -24.0053 -0.026457 0.02187 -0.065538
82.6301 83.2807 83.2756 0.415463 0.016351 -0.103212 83.2421 83.6996 83.6393 0.480881 -0.048599 -0.146409
0.435788 0.633812 0.212149 -0.134873 -0.281339 -0.422899 -0.171956 0.100603 -0.146797 -0.115801 -0.34969 -0.321405
-20.7692 -20.1993 -21.5232 0.115843 0.169412 -0.150943 -19.9012 -19.6092 -22.8771 -0.093808 -0.020963 -0.063695
0.102922 0.670556 0.090695 -0.35265 -0.250845 0.0243066 0.20255 0.901207 0.555772 -0.497727 -0.26811 -0.12368
0.670912 0.65112 0.759941 -0.0430821 0.216953 0.0706956 0.016867 -0.011869 0.064886 -0.002395 0.203323 0.049508
-20.9016 -21.3185 -22.3873 0.123387 0.11265 -0.0253362 -20.2542 -20.4841 -23.9721 -0.022739 0.003444 -0.090747
0.562775 0.670746 0.467432 0.0820553 -0.179631 -0.240192 -0.185903 0.127864 -0.094414 -0.018265 -0.225273 -0.205929
-3.83312 -3.83312 -3.83312 2.91926e-08 -3.00147e-06 -2.59126e-06 -4.36646 -4.36646 -4.36646 -0 0 -0
0.556876 0.734239 0.393671 0.00541563 -0.232167 -0.34753 -0.178933 0.20189 -0.080766 -0.078735 -0.300398 -0.290749
0.566354 0.717323 0.428348 0.0530179 -0.217499 -0.303981 -0.185252 0.183369 -0.078136 -0.049093 -0.274842 -0.252417
18.1092 14.3161 16.6762 -1.933 -0.0388139 0.931569 18.8752 14.4166 16.9987 -1.53919 0.269139 0.285419
-0.0463386 0.697147 -0.363112 -0.337729 -0.0386767 -0.237952 0.185184 1.03551 0.036095 -0.427341 -0.006861 -0.413712
28.6479 28.9311 27.8759 -3.73914e-05 0.104308 2.35212e-05 28.4269 28.6411 28.1851 -0.000114 0.075148 -2.8e-05
-8.65876 -8.65875 -8.65875 -1.19942e-06 -1.23287e-06 -9.64379e-07 -9.5055 -9.5055 -9.5055 -0 -0 -0
-12.2583 -12.1628 -13.7889 -0.0162282 0.000835062 0.000259415 -12.8155 -12.6753 -12.7957 -0.033002 0.008919 0.000483
-12.3574 -12.0763 -13.7683 -0.0491357 0.00772209 0.00208486 -12.9609 -12.4884 -12.751 -0.07955 0.02613 0.006373
-12.3056 -12.3142 -13.5687 -0.0350571 -0.00115327 0.00822055 -12.6003 -12.6179 -12.4952 -0.056296 -0.000773 -0.002992
-12.5285 -12.1521 -13.4795 -0.100976 0.0526529 0.021204 -12.9236 -12.3239 -12.4272 -0.154646 0.058598 0.024542
-12.585 -11.9211 -13.653 -0.123471 0.0498461 0.00972831 -13.2921 -12.1553 -12.6531 -0.181462 0.064883 0.023882
23.8517 23.5934 23.683 -0.128959 -0.111544 0.228691 23.9324 23.3927 24.2269 -0.205931 -0.196915 0.137768
0.871269 0.836231 1.0208 -0.0320751 0.299297 0.0820339 0.193201 0.157274 0.240518 0.011746 0.269316 0.039126
-12.6906 -12.0286 -13.4131 -0.150833 0.100738 0.0243674 -13.1594 -12.0753 -12.3752 -0.209367 0.116034 0.037003
-17.7025 -18.6948 -17.813 -0.118964 0.098416 -0.165636 -17.7606 -17.8011 -17.9064 -0.07985 -0.038049 -0.389941
0.479269 0.751692 1.14207 -0.502128 -0.148759 0.0932628 0.652865 0.970476 1.13018 -0.553875 0.013345 -0.185195
-12.8107 -11.8522 -13.4532 -0.198907 0.122949 0.01694 -13.5345 -11.8461 -12.4702 -0.252361 0.152678 0.054183
-12.8256 -11.8541 -13.436 -0.203201 0.128773 0.0172436 -13.5371 -11.8276 -12.4477 -0.255244 0.153171 0.058702
-5.25505 -5.25505 -5.25505 2.67163e-06 3.49022e-07 4.03369e-07 -5.74111 -5.74111 -5.74111 -0 -0 0
-2.40109 -0.671786 0.279818 1.56375 -0.182776 0.213624 -1.68472 0.068639 -0.294036 1.88944 -0.232272 0.277572
-2.3653 -0.551086 0.301394 1.54965 -0.182692 0.20814 -1.64681 0.159927 -0.297947 1.86697 -0.223006 0.249484
35.4546 53.0469 43.8049 -0.482215 0.0216195 0.106289 36.1181 52.0527 45.1027 -0.000734 0.010763 -0.162352
-7.47422 -7.65261 -7.17638 -0.305159 -0.000525643 -0.0024396 -7.45248 -7.4494 -7.42193 0.187536 0.008367 0.015096
29.1281 29.1281 28.884 -2.2222e-05 1.42477e-05 -2.1676e-05 28.9862 28.9863 29.0342 5.1e-05 7e-06 -1.2e-05
23.8753 23.8214 23.7766 -0.197381 -0.123481 0.169044 24.159 23.7749 24.3308 -0.310576 -0.260097 0.085052
-2.11594 0.052272 0.543216 1.39966 -0.153875 0.208604 -1.43139 0.703845 -0.12456 1.68727 -0.106181 0.104541
87.3444 88.268 85.8582 0.667826 -0.606512 0.0493804 86.067 86.7332 86.9527 0.190148 0.063297 0.54473
30.0354 30.0416 33.2925 0.00524037 -0.00275215 0.00471971 30.664 30.627 33.6604 -0.031828 -0.006907 0.012188
7.94097 7.94097 7.94097 -5.05287e-06 -5.18193e-06 5.20013e-07 8.19995 8.19995 8.19995 -0 0 0
23.5953 23.5462 23.734 -0.198587 -0.0171283 0.181228 23.2363 22.8887 23.4489 -0.328077 -0.18337 0.227966
-2.86244 -1.52976 0.0681061 1.59896 -0.137829 0.349135 -2.23407 -0.550424 -0.129779 1.93254 -0.098206 0.505991
-16.8323 -16.7563 -16.7561 0.0829866 0.0349899 -0.0834183 -16.3701 -16.2918 -17.1651 0.105787 0.010084 -0.064788
-2.9552 -1.65236 0.07118 1.59699 -0.132506 0.361658 -2.36002 -0.614742 -0.097686 1.91668 -0.06101 0.531359
87.3616 88.9868 86.6145 0.236613 -0.59893 0.183682 85.8964 86.8696 87.2326 -0.382958 0.205165 0.954238
1.25798 1.22312 1.66583 0.0215528 0.549571 0.0906712 0.769613 0.71834 0.950527 0.045489 0.506278 0.047491
-0.612583 0.895779 2.12885 0.723074 -0.0317741 0.0674437 -0.015651 1.19583 1.65767 1.07637 0.132351 -0.230463
1.17755 1.24996 1.72224 0.0718227 0.68115 0.177066 0.915553 1.00111 1.17849 0.090292 0.592065 0.077146
1.2147 1.25805 1.74436 0.0600975 0.655715 0.145252 0.884278 0.937813 1.16224 0.078096 0.580859 0.067291
-9.14064 -11.4662 -11.7524 0.552854 -0.722384 -0.352465 -8.46406 -11.3259 -10.9408 0.871366 -0.598063 0.03649
-15.4017 -15.2444 -15.9472 -2.37207e-05 0.0610636 3.0072e-05 -14.8923 -14.6976 -15.0385 -0.000187 0.073024 -0.00025
35.2938 35.2964 39.017 0.00356896 0.0204577 -0.0120773 37.1023 37.2234 36.4908 0.037216 0.013415 -0.05368
35.0481 34.9731 38.763 0.117524 0.061424 -0.0739309 36.5108 36.7026 36.2885 0.156318 0.140303 -0.244935
-0.640568 1.18449 2.15039 0.819457 -0.0159318 0.132224 -0.050137 1.47347 1.57473 1.14235 0.143863 -0.169722
2.5577 1.97827 2.65495 0.268098 0.305955 0.0183504 1.78009 1.79443 2.02703 0.380142 0.247574 0.127449
34.9821 35.0313 38.6656 0.0481929 0.0349736 -0.111389 36.6489 36.577 36.3177 -0.001868 0.149267 -0.256244
-18.2287 -18.9682 -18.0921 -0.0545784 0.0337738 -0.17481 -18.5358 -17.8184 -18.1818 -0.062331 -0.130202 -0.324073
34.9937 35.0457 38.7084 0.0631229 0.0363547 -0.101372 36.6089 36.6132 36.3061 0.044515 0.158854 -0.263184
-20.113 -20.3777 -20.3144 0.0207318 0.00411168 -0.0766429 -20.4704 -20.5561 -20.0354 0.120174 -0.039184 -0.004938
-20.1738 -20.4301 -20.4106 0.0195588 0.00109786 -0.0731981 -20.5348 -20.6335 -20.1014 0.118167 -0.035172 -0.008976
-2.85065 -2.80226 -2.25126 -0.165294 -0.226233 -0.13547 -2.84488 -3.16761 -2.4177 0.047022 -0.185489 0.017452
-20.4144 -20.5832 -20.8496 0.0113558 -0.00522901 -0.0430616 -20.762 -20.879 -20.4068 0.066442 0.000469 -0.009037
35.1559 35.06 38.6908 -0.0982032 -0.0396432 -0.106649 36.4138 35.6442 37.9417 -0.256949 0.073234 -0.240743
10.7503 9.90106 9.87533 -0.00289133 0.00328031 -0.156126 10.4689 10.3535 10.4332 -0.006025 0.01545 -0.035833
35.4147 35.3712 38.7189 0.0597601 0.0285607 -0.225199 36.7968 35.9251 37.6998 -0.170523 0.153747 -0.439654
-8.63019 -8.80533 -8.23408 -0.299926 -0.0011998 -0.0017727 -8.45924 -8.46782 -8.39699 0.183113 -0.003232 0.013848
23.7831 23.5885 23.6781 -0.184462 0.00274628 -0.0051751 24.4264 24.2357 24.7895 -0.186435 0.00169 -0.000851
24.0332 23.0704 23.589 -0.885991 -0.00575458 0.0104173 24.7459 23.6603 24.7268 -0.982945 -0.004866 0.010143
23.9726 23.5241 23.8802 -0.387746 0.0156733 -0.0271018 24.5987 24.1178 24.8669 -0.415783 0.006084 -0.010545
23.9612 23.5676 23.9096 -0.335123 0.0143461 -0.0244801 24.5736 24.148 24.8726 -0.35945 0.001815 0.000656
24.0717 22.995 23.633 -1.02192 0.0217533 -0.0401034 24.8034 23.5698 24.7044 -1.14853 0.014583 -0.018306
24.0751 22.8344 23.5602 -1.17466 -0.0171779 0.0314921 24.8147 23.3885 24.6738 -1.31899 -0.003424 0.016866
24.129 22.8519 23.6823 -1.20625 -0.0377426 0.0691023 24.8398 23.3823 24.7382 -1.3573 -0.01332 0.037266
-17.7656 -17.4289 -16.8979 0.0595192 -0.096731 -0.0132826 -16.8496 -16.3528 -18.3537 0.163275 -0.168349 -0.016215
2.7614 2.7215 2.38989 0.333996 0.121032 0.104613 2.04542 1.64273 1.63097 0.159417 0.098834 0.157855
91.8501 91.2345 85.5883 -0.128369 0.759842 -0.437742 89.9707 90.5287 86.3252 0.456295 0.54896 -0.155119
-17.1325 -17.0664 -17.2488 -0.0246899 -0.0509159 0.0198951 -16.8077 -16.8111 -17.8501 -0.0244 -0.058229 -0.049637
35.3619 34.7432 37.8467 0.0222655 -0.0524616 -0.0818361 36.1925 35.5537 37.3263 0.063505 -0.169966 -0.289864
-17.125 -17.1281 -17.0856 0.0111534 -0.000570795 -0.0161141 -16.8765 -16.8902 -17.7732 0.010537 -0.007159 -0.01661
-15.7556 -16.5758 -16.7939 -0.0202941 -0.12805 0.0446444 -15.7293 -16.3336 -16.453 0.102521 -0.084788 -0.010632
3.37065 2.61495 3.96472 0.233257 0.302619 0.0761137 2.54805 2.75073 3.39115 0.414309 0.278136 0.157337
-16.1631 -16.9042 -16.9802 -0.0495958 -0.110661 0.0293929 -16.1734 -16.5565 -17.1518 0.046177 -0.068541 -0.005664
24.5276 21.3522 22.7555 -1.35262 0.149816 0.836047 25.124 21.172 23.1714 -1.24779 0.291794 0.135511
-15.4031 -14.9469 -15.702 0.0485529 0.129182 -0.162705 -15.3431 -14.8701 -15.3125 0.201196 0.060733 -0.15572
35.8335 35.7431 38.4083 0.068713 0.105974 -0.447642 36.9987 36.6132 37.4209 -0.304902 0.238213 -0.795278
-15.387 -15.4809 -16.4545 0.219896 0.089351 -0.00637057 -15.3713 -15.2963 -16.2468 0.244054 -0.003409 0.212642
-17.1796 -17.1844 -17.1487 -0.00429887 -0.00203766 0.00393744 -16.9809 -16.9952 -17.8761 -0.013095 0.003916 -0.006751
-16.5596 -16.5949 -17.0487 0.0693108 0.0378782 -0.0416227 -16.4608 -16.4396 -17.2514 0.060567 0.012368 0.11185
-17.2239 -17.2085 -17.1643 0.0437634 0.00801432 0.0139907 -17.0145 -17.0131 -17.8887 0.002221 0.009488 -0.007772
-18.9587 -18.643 -17.659 0.0276785 -0.0390343 -0.164761 -19.5218 -17.2209 -17.7271 6.4e-05 -0.173093 -0.171293
-17.2367 -17.1923 -17.1643 0.12172 0.0191962 0.0180948 -16.9839 -16.9538 -17.8432 0.045582 0.011898 -0.02596
3.27915 3.40876 2.79496 0.333044 0.197992 0.0965763 2.6052 2.27903 2.12755 0.141649 0.118458 0.125895
0.88656 -0.519441 -0.574683 0.0458988 3.43469e-06 3.06849e-06 1.40561 -0.987258 -0.326211 0.050643 0 0
35.3979 35.2162 37.2303 -0.0415039 0.0177917 -0.00342814 36.7066 36.5658 36.6363 -0.054748 0.331643 0.220628
0.89389 -0.527594 -0.591845 -0.0163392 0.107905 0.10272 1.37607 -0.961359 -0.340394 0.005813 0.100818 0.156108
0.893365 -0.529085 -0.592917 -0.0170677 0.108051 0.102648 1.37933 -0.962274 -0.337349 0.005063 0.101166 0.15606
0.897434 -0.51904 -0.577117 -0.0160439 -0.0987434 -0.126761 1.40559 -0.955035 -0.331467 0.008617 -0.110659 -0.181176
-15.2191 -14.9119 -15.9617 0.266286 0.148856 -0.192326 -15.2908 -14.7314 -15.6368 0.332152 -0.053281 0.030035
0.906569 -0.53093 -0.616042 -0.140789 0.17676 0.185296 1.32438 -0.908878 -0.352132 -0.093498 0.107626 0.249604
-16.6922 -16.5986 -16.8894 0.403752 0.0286087 -0.0662304 -16.4073 -16.1854 -17.2608 0.287045 0.01096 -0.015544
0.914161 -0.521232 -0.572801 -0.160142 -0.158186 -0.228871 1.3719 -0.906195 -0.311377 -0.117787 -0.125281 -0.304287
-15.2881 -14.9952 -16.0329 0.249834 0.147293 -0.187449 -15.3911 -14.8368 -15.7238 0.327796 -0.054265 0.034343
0.920651 -0.526875 -0.612199 -0.263847 0.166785 0.211203 1.22687 -0.87712 -0.211094 -0.148551 0.070599 0.243688
0.914597 -0.543406 -0.624311 -0.271085 -0.162093 -0.214293 1.24367 -0.906949 -0.207266 -0.156979 -0.05574 -0.248001
-17.0314 -17.9989 -18.4349 0.15825 0.000591013 0.0219436 -17.5316 -17.429 -18.1578 0.43815 -0.305098 0.346056
-16.3512 -16.2001 -16.7792 -2.22832e-05 0.0579873 2.82597e-05 -16.04 -15.8736 -16.1152 5.9e-05 0.074662 -0.000354
1.07939 -0.561918 -0.520448 -0.192667 -0.324993 -0.298018 1.47923 -1.15981 -0.03229 -0.033774 -0.23805 -0.003749
0.979284 -0.502308 -0.632149 -0.277211 0.32338 0.154009 1.16118 -0.869321 0.074834 -0.204662 0.215097 0.20748
0.951239 -0.511453 -0.558386 -0.309637 -0.100863 -0.113624 1.11403 -0.85994 0.000124 -0.106253 -0.034343 -0.116891
1.06954 -0.580785 -0.535149 -0.191995 -0.336909 -0.314777 1.51314 -1.19133 -0.008144 -0.044374 -0.289249 -0.01469
3.51387 3.78767 2.95271 0.324501 0.244419 0.122035 2.84998 2.6259 2.33857 0.139822 0.136622 0.12226
1.01374 -0.477566 -0.375252 -0.312646 0.0774874 -0.261727 1.27927 -0.815758 0.170331 -0.228282 0.174267 -0.253003
-0.715801 1.4991 0.149765 -0.454011 -0.0193522 -0.121231 -0.254248 1.89986 -0.086531 -0.689896 0.173742 -0.06778
-0.724497 1.4895 0.119785 -0.452544 -0.019393 -0.123403 -0.27053 1.88473 -0.120117 -0.686356 0.168919 -0.068785
-14.7731 -14.978 -15.8473 0.708075 0.0239146 -0.346977 -14.7131 -14.4571 -15.6402 0.660033 -0.045646 -0.036086
1.05791 -0.441046 -0.17577 -0.329511 -0.0850069 0.26964 1.32302 -0.746756 0.255828 -0.249854 -0.211 0.268466
-0.792205 1.53588 0.170011 -0.51205 -0.274793 -0.195264 -0.293472 1.91472 0.00482 -0.73569 -0.167245 -0.128433
1.0611 -0.515583 -0.385974 -0.270596 0.240464 -0.331504 1.36953 -0.996832 0.30313 -0.14983 0.186064 -0.217586
1.068 -0.484124 -0.341003 -0.246626 -0.232264 0.333259 1.36096 -0.973287 0.327729 -0.119141 -0.162261 0.207153
1.03373 -0.414686 -0.406721 -0.205786 0.478203 0.0351997 1.25727 -0.890069 0.213579 -0.199835 0.228675 0.115607
1.03543 -0.445271 -0.462054 -0.229156 -0.492492 -0.037231 1.23617 -0.936177 0.193944 -0.225668 -0.248224 -0.121897
1.0794 -0.556168 -0.406715 -0.219842 -0.127924 -0.348958 1.49211 -1.18827 0.213347 -0.059506 -0.18132 -0.107774
1.10943 -0.522648 -0.320498 -0.228821 -0.0893736 0.337161 1.44493 -1.06819 0.321914 -0.060913 -0.033121 0.156796
-0.787066 1.51366 0.0571976 -0.384202 -0.00370601 0.263069 -0.260736 1.88552 0.055738 -0.647228 0.192242 0.365621
-0.754795 1.42886 -0.00498279 -0.505741 -0.0141301 -0.650447 -0.310926 1.90785 -0.135741 -0.699967 0.189054 -0.553251
1.09245 -0.416311 -0.164072 -0.223671 0.264201 0.0145877 1.32862 -0.951432 0.39529 -0.249749 0.176317 0.035977
-1.09046 1.42424 0.504676 -0.526185 -0.0138306 0.0441791 -0.461783 1.77086 0.414646 -0.743736 0.190395 0.133328
-0.783741 1.55635 0.334538 -0.313077 0.184519 0.0222636 -0.344581 1.78963 0.191573 -0.38799 0.423051 0.062629
-0.761801 1.55911 0.343467 -0.309367 0.185322 0.0185447 -0.316182 1.78489 0.199347 -0.385969 0.417525 0.056748
-0.875617 1.64216 0.286348 -0.518586 -0.289524 -0.169699 -0.27624 1.78081 0.26457 -0.663228 -0.211372 -0.111712
-1.03601 1.44389 0.509412 -0.453187 -0.0436426 0.0868429 -0.454901 1.77912 0.383353 -0.677519 0.055158 0.135837
-0.891803 1.6293 0.301886 -0.513297 -0.328211 -0.206643 -0.324228 1.78867 0.261436 -0.651611 -0.260321 -0.137874
-16.2661 -15.8968 -16.5317 0.0863914 0.13324 -0.120723 -16.2417 -15.8848 -16.03 0.155611 0.077447 -0.112531
-0.901364 1.51337 0.474525 -0.339755 0.0360195 0.073376 -0.388095 1.78489 0.310603 -0.504455 0.121103 0.064802
-1.06981 1.41834 0.523048 -0.464605 -0.0348657 0.101843 -0.515301 1.76172 0.436574 -0.676404 0.050691 0.201212
1.11341 -0.440231 -0.102134 -0.196138 -2.49808e-07 -9.39334e-08 1.31687 -0.975531 0.59884 -0.250607 0 0
-16.3112 -15.9463 -16.5767 0.0878386 0.135249 -0.116128 -16.2752 -15.9252 -16.058 0.146233 0.072576 -0.108844
78.3643 77.46 85.409 -0.548694 0.00688791 0.482465 79.9628 78.4267 87.1844 -0.674956 -0.338399 0.451796
-25.6019 -25.3815 -25.914 0.00716798 0.0766256 -0.00384697 -24.4487 -24.705 -24.6043 -0.104634 -0.049778 -0.085502
-0.146509 0.814245 0.15639 -1.31872e-07 0.106575 5.91048e-08 0.613612 0.252295 -0.116192 0 0.071746 0
-0.136673 0.811405 0.154808 -5.67184e-08 0.105127 7.09375e-09 0.622903 0.259058 -0.112779 0 0.069956 0
-0.136974 0.82188 0.216084 2.30646e-07 -0.123249 -1.64569e-08 0.620257 0.301076 -0.094036 0 -0.07011 0
61.7848 84.9284 115.876 -0.185187 -0.214174 0.555578 65.0487 82.6314 114.604 -0.114265 -0.704096 0.13412
0.0541329 0.52861 0.135022 4.01564e-09 3.93717e-08 -2.43499e-08 0.551113 0.066789 0.057248 0 0 0
3.49992 4.51353 2.55351 0.1453 0.0202909 0.142842 3.20798 3.78388 2.44584 0.120199 0.004306 0.038146
3.84946 4.84818 3.02977 0.300435 0.167692 0.160453 3.37501 3.7551 2.6903 0.198268 0.133408 0.051592
-0.0277273 0.631131 0.0322047 2.23643e-07 7.50837e-09 -0.398951 0.508648 0.099572 0.047509 0 0 -0.234676
-0.05153 0.641336 0.0324624 1.13511e-07 -5.58344e-08 0.418624 0.478442 0.134147 0.014914 0 0 0.268024
-0.0567372 0.644497 0.0353074 1.19442e-07 6.16643e-08 0.426255 0.466468 0.143017 0.006725 0 0 0.280143
-0.126974 0.875329 0.0430852 1.98492e-07 0.404302 -2.60285e-08 0.703871 -0.088716 0.32315 0 0.253363 0
-0.164083 0.881125 0.0233454 1.45147e-07 -0.409232 -8.00658e-09 0.676894 -0.066966 0.29897 0 -0.262508 0
0.114802 0.691786 0.34848 1.91059e-07 9.24862e-08 3.95547e-08 0.551461 0.349984 0.26642 0 0 0
-0.872169 1.56979 -0.017146 -0.594487 0.0410325 -0.82632 -0.240703 1.98564 0.070099 -0.687186 0.242204 -0.863085
-16.6327 -16.6849 -16.7646 0.275707 0.0322625 -0.157412 -16.8274 -16.8204 -16.6754 0.265527 0.187844 -0.097186
-1.00583 -0.370959 -0.690398 1.7209e-07 -5.77082e-08 5.0962e-08 -0.688076 -0.768123 -0.907902 0 0 0
-16.7377 -16.5895 -17.1142 -2.2552e-05 0.056541 2.67004e-05 -16.554 -16.4163 -16.6208 0.000151 0.067055 -0.000169
-19.0294 -19.0315 -18.3922 -0.0222957 0.0061374 -0.0171586 -17.9127 -17.8738 -20.5583 -0.000236 -0.009396 0.005501
-0.252498 0.914725 -0.0470869 3.17218e-07 1.1463e-07 -0.700619 0.219894 0.284008 0.128925 0 0 -0.289916
78.4176 78.117 85.8639 -0.425017 0.174186 0.197818 79.5723 78.855 88.3546 -0.313592 -0.210504 0.253205
-0.0587142 0.9284 0.174415 2.03061e-07 -0.400804 -1.1944e-08 0.686286 0.021938 0.539053 0 -0.298477 0
-0.0142329 0.911086 0.262328 1.28645e-07 3.71035e-08 -0.398482 0.523745 0.24904 0.490736 0 0 -0.213033
-0.0426128 0.931558 0.236167 1.60847e-07 -6.24383e-09 0.40496 0.490974 0.26636 0.492996 0 0 0.21759
78.4214 78.1605 85.9101 -0.417023 0.154079 0.148441 79.5392 78.9064 88.4523 -0.286934 -0.19193 0.230365
-2.8205 -2.18261 -2.41283 2.77191e-10 1.03296e-07 5.32485e-08 -2.68422 -2.77104 -2.86579 0 0 0
-0.367668 1.1989 -0.0455306 1.24481e-07 1.02013e-07 -0.55492 0.024534 0.465447 0.257771 0 0 -0.286273
0.0095139 0.876664 0.376537 4.68055e-08 0.218815 2.20591e-07 0.607838 0.263091 0.684557 0 0.149723 0
-0.010778 0.866653 0.385695 1.84164e-07 1.57414e-07 0.163655 0.529032 0.380424 0.645137 0 0 0.15108
0.0883461 0.857035 0.450209 1.1621e-07 0.214682 1.78975e-07 0.698624 0.222451 0.738297 0 0.146449 0
-0.0493114 0.901317 0.355563 2.28754e-07 2.08705e-07 0.165254 0.467152 0.396147 0.654818 0 0 0.158292
-7.76615 -1.12988 -1.20093 0.0848921 0.0216908 0.0727099 -8.76007 -0.853636 -1.19662 0.021192 0.126205 0.024137
-0.0523434 0.857383 0.419039 3.43338e-08 -6.87508e-08 2.38361e-07 0.494289 0.438314 0.717689 0 0 0
-0.764571 1.24885 -0.26408 1.71523e-08 -0.567146 -4.92484e-08 0.019075 0.381181 0.244214 0 -0.396129 0
-10.5743 -10.5223 -10.0858 -0.166617 0.195433 0.4072 -11.1627 -10.086 -9.85319 0.120332 0.261197 0.486919
-0.374864 1.33646 0.0423329 1.35074e-07 -1.56835e-07 -0.247099 -0.065827 0.574848 0.417192 0 0 -0.221726
78.6121 78.3753 86.3702 -0.218647 -0.0370604 0.0138043 79.8843 79.4298 88.9866 -0.284897 -0.173113 0.248995
78.76 78.48 86.5255 -0.16573 -0.0547269 0.0244667 80.0431 79.5908 89.1099 -0.288395 -0.19604 0.25739
79.4658 79.1758 86.997 -0.109389 -0.0530024 0.0578599 80.5138 80.264 89.4058 -0.247697 -0.271225 0.187015
79.9326 79.6977 87.4653 -0.0990855 -0.0392213 0.0895057 80.6754 80.6298 89.4591 -0.241754 -0.325767 0.078557
80.0425 79.8415 87.5757 -0.0909924 -0.0403172 0.0642734 80.6746 80.7178 89.5033 -0.248818 -0.359156 0.023674
0.456471 0.158013 -0.0350501 -1.9953e-06 1.31261e-06 -0.354614 0.079817 -0.024688 -0.199223 0 0 -0.158278
0.455746 0.160013 -0.0388006 -1.48145e-06 5.20667e-07 -0.361787 0.051534 -0.017356 -0.225798 0 0 -0.198168
-16.7867 -16.2951 -16.9497 0.00334357 0.143488 0.152256 -17.2883 -16.8731 -16.9087 0.013242 0.01208 0.110476
0.366095 0.0342001 0.117402 -1.95855e-06 1.52528e-06 -0.22123 0.046564 -0.258719 0.021005 0 0 -0.077302
0.365662 0.0351664 0.118535 -2.18461e-06 1.60865e-06 -0.216286 0.040958 -0.257307 0.021007 0 0 -0.075482
0.368696 0.0328758 0.121754 -1.31144e-06 8.15176e-07 -0.230775 0.06167 -0.260606 -0.012731 0 0 -0.090476
0.368696 0.0328758 0.121754 -1.31144e-06 8.15176e-07 -0.230775 0.060044 -0.262122 -0.015369 0 0 -0.094255
0.559488 0.136033 -0.195229 -4.01547e-06 1.14962e-06 -0.803512 0.050164 -0.159343 0.003298 0 0 -0.627274
-4.53445 -2.06677 -3.14132 -0.0496591 0.101834 0.0622935 -6.41963 -1.95679 -3.33725 -0.109896 0.185771 -0.007319
0.569726 -0.168222 0.359152 -2.00234e-06 7.29029e-08 -0.0345407 0.144991 -0.278641 0.266334 0 0 0.08664
-5.164 -1.7827 -3.16087 -0.00801102 0.100901 0.0841448 -7.09604 -1.74499 -3.20094 -0.073542 0.182425 0.024591
-16.9859 -16.74 -17.2389 0.0579175 0.106495 -0.0241228 -16.8227 -16.6412 -16.6901 0.010249 0.068684 -0.033316
0.455922 0.0327089 0.0863811 0.172203 -0.32316 -0.270832 0.144322 -0.070247 0.043506 0.010549 -0.198515 -0.148777
0.471029 0.0562061 0.110611 0.161566 -0.332124 -0.279048 0.143904 -0.058828 0.058596 -0.01921 -0.218554 -0.137428
-16.9861 -16.9827 -17.4546 0.0888638 0.0487449 -0.113852 -17.132 -16.8569 -16.9953 0.054586 -0.001204 0.0311
-0.374746 1.79908 0.0253235 -0.66736 -0.0145595 0.426531 0.605587 2.00847 0.241895 -0.768935 0.094162 0.708736
2.53928 2.12705 2.17409 1.69049e-06 -5.76586e-07 -0.222942 2.33685 2.03852 2.1975 0 0 -0.109973
0.534024 0.176461 -0.0976528 -5.14056e-06 2.3179e-06 -0.696752 -0.015442 -0.093 0.250918 0 0 -0.538091
-17.034 -16.9813 -17.151 0.197592 0.0566604 -0.101867 -17.4625 -17.2953 -17.2426 0.201458 0.184897 -0.0511
-16.9943 -16.5413 -17.1563 -0.0351668 0.113017 0.107686 -17.1402 -16.768 -17.0202 -0.061138 0.118984 0.066238
-16.9574 -16.7623 -17.2948 0.0342412 0.0723457 -0.0213012 -17.6414 -17.4585 -17.2291 -0.057191 0.112265 0.054309
-17.0726 -17.0102 -17.1863 0.188691 0.0588529 -0.095407 -17.538 -17.3322 -17.3051 0.195193 0.194387 -0.046052
0.503703 0.00647877 0.182487 -4.90145e-06 1.56837e-06 -0.263146 0.034296 0.035986 0.306069 0 0 -0.068265
0.49852 -0.0070425 0.146863 -4.62916e-06 1.54434e-06 -0.276107 0.049891 0.028759 0.271709 0 0 -0.085296
-17.0595 -16.8662 -17.3314 0.0295165 0.0791611 -0.0116391 -16.9068 -16.7905 -16.8459 0.004681 0.056172 -0.012851
-17.1198 -16.7392 -17.2947 -0.0604154 0.0887304 0.0557759 -16.9386 -16.6335 -16.8298 -0.058848 0.169519 0.004825
-17.122 -16.7569 -17.3069 -0.0598649 0.0843101 0.0495229 -16.9391 -16.6527 -16.8389 -0.056683 0.160587 -0.000593
-17.1207 -16.8561 -17.3611 -0.0393946 0.0641243 0.0168198 -16.9474 -16.771 -16.911 -0.032805 0.104983 -0.004551
-17.1094 -16.8842 -17.3756 -0.0284167 0.0602236 0.0108154 -16.9512 -16.8081 -16.9373 -0.021978 0.08349 -0.002666
-17.0776 -16.9201 -17.3869 0.00855665 0.0600951 -0.00159587 -16.9402 -16.8543 -16.9376 0.000822 0.050003 -0.002337
-8.70086 0.138552 2.03568 -0.0508649 -0.0076445 -0.000143569 -8.87901 -0.222315 1.38786 -0.055231 0.000431 0.001663
73.8625 74.0783 74.3631 -0.311712 -0.387439 0.0596335 74.651 74.4105 74.5898 -0.356228 -0.197772 -0.151197
0.548221 0.16586 -0.161387 -0.0478409 -0.52952 -0.413086 0.464015 0.298376 -0.148594 -0.157806 -0.613006 -0.15363
0.516636 0.151328 -0.0934072 0.074626 0.586567 -0.425127 0.459285 0.211035 -0.039083 0.173758 0.593187 -0.132602
0.506138 0.162901 -0.0598479 -0.0705158 -0.607017 -0.407412 0.469428 0.167819 -0.020161 -0.180411 -0.576764 -0.103662
-16.7237 -16.7543 -17.3615 -0.156827 -0.195062 -0.0291827 -17.2931 -17.3451 -17.6811 -0.216926 -0.087859 0.081931
33.4887 30.6081 30.95 -1.04722 0.0476975 0.752329 33.131 30.3307 31.2121 -0.967435 0.378009 -0.20581
-1.17876 -0.710438 -0.952793 -0.0336379 -0.204457 -0.055876 -1.36671 -1.19853 -1.2179 0.041013 -0.073344 0.053336
-17.069 -16.9222 -17.4018 0.00289921 0.0561455 0.000390674 -17.8134 -17.8037 -17.6217 -0.00071 -0.065849 -0.000636
1.59594 2.14876 1.73712 -0.00956748 -0.202912 -0.0426751 1.69417 1.90371 1.74941 0.016214 -0.043458 0.058525
-15.3891 -14.8258 -15.6956 0.468118 0.181472 -0.337885 -15.7064 -14.7932 -15.5408 0.375029 0.094689 -0.285634
75.8574 76.1763 75.9207 -0.165824 0.307147 -0.159005 74.7958 74.8142 75.0631 -0.455756 0.233527 -0.271482
7.74723 8.63093 7.71968 2.25124e-07 -1.33561e-07 4.67421e-08 8.56564 8.42417 8.05561 0 0 0
2.66009 3.25576 2.77096 -0.00192108 -0.203938 -0.0374393 2.83812 3.0525 2.86124 0.018554 -0.029025 0.0579
-15.7706 -15.2495 -16.0929 0.458333 0.169056 -0.349358 -16.1391 -15.2362 -15.9973 0.349235 0.081941 -0.27001
-15.8618 -15.3536 -16.1846 0.455607 0.16406 -0.352087 -16.2473 -15.337 -16.0987 0.343588 0.080953 -0.266676
94.8379 94.8837 81.4548 -0.33124 0.249531 -0.379995 97.2154 96.8613 78.8226 -0.306619 0.065818 -0.031384
-0.152238 1.9424 1.26149 -0.407726 -0.0639735 -0.421469 0.711365 2.28779 1.38164 -0.551949 0.236124 -0.200579
-0.747986 0.347653 -0.709952 -0.398744 -0.479895 -0.0999443 -2.00389 -0.374636 -1.14225 -0.298992 -0.508262 -0.271408
0.383046 1.97108 2.60995 -0.327194 0.220667 -0.0979654 1.47629 2.64884 3.10623 -0.566675 0.259455 0.076989
-17.3247 -17.3414 -17.7178 0.0427603 0.0182886 -0.0526905 -17.4782 -17.3835 -17.3304 0.025822 0.017232 0.012957
-0.195102 2.05216 1.71878 -0.489811 0.233683 -0.63625 0.619821 2.45583 2.02992 -0.583873 0.425613 -0.820803
0.304478 2.05678 2.67163 -0.363698 0.25121 -0.234024 1.40059 2.65167 3.12122 -0.491599 0.343332 -0.263993
-18.9707 -18.9803 -18.86 0.00569019 -0.00112654 -0.00200811 -19.0318 -19.014 -20.7018 -0.014147 -0.001679 -0.003522
-0.149839 1.96486 1.91466 -0.354973 0.279934 -0.441081 0.825851 2.46985 2.21853 -0.474222 0.378665 -0.589144
-17.3613 -17.3783 -17.7444 0.0381201 0.0157471 -0.0465237 -17.5215 -17.439 -17.3717 0.025125 0.019403 0.011154
-10.834 -8.72192 -10.6201 -0.39354 0.508419 0.0451456 -10.8174 -8.95842 -10.1963 -0.393251 0.18473 0.471595
9.35606 10.3305 9.26124 -1.53784e-07 1.31283e-07 3.65336e-08 10.2318 10.0414 9.64838 0 0 0
-17.3784 -17.3956 -17.757 0.0359228 0.0145712 -0.043612 -17.5412 -17.4644 -17.3915 0.02413 0.020858 0.010419
-17.3738 -17.4161 -17.6767 1.52381e-05 0.0017828 3.49273e-05 -17.5138 -17.5203 -17.4243 0.000874 0.028751 4.4e-05
-10.355 -10.3627 -12.0056 -0.27497 -0.30459 0.81135 -10.8373 -10.2145 -10.6668 -0.224019 -0.310664 1.12175
0.555232 0.25384 -0.823454 -0.0748262 0.301419 0.0335737 1.06227 0.401069 -0.935868 -0.085525 0.374648 0.287295
0.518036 0.213118 -0.883599 0.0711931 -0.285622 0.0573177 1.06407 0.398142 -0.956845 0.088752 -0.351707 0.303419
-17.5045 -17.3908 -17.6257 0.0725961 0.054593 -0.051393 -18.241 -18.177 -18.1289 -0.027946 0.031945 -0.019277
-11.4928 -9.43789 -11.3422 -0.488715 0.455162 -0.0136911 -11.4804 -9.67657 -10.98 -0.497861 0.139889 0.359718
0.454663 0.13293 -0.908608 -2.54378e-07 7.3491e-07 0.0738618 1.10054 0.463433 -0.916797 0 0 0.336289
-15.4452 -15.2875 -15.5767 -0.611474 -0.191745 -0.000577823 -15.4847 -15.5997 -15.4298 -0.65123 -0.294935 -0.355946
-13.546 -11.7886 -13.631 -0.59167 0.383191 -0.0548321 -13.6067 -11.9846 -13.2163 -0.689366 0.253041 0.13645
-16.2072 -14.9724 -16.3354 -0.639277 0.387582 -0.000875872 -16.1629 -15.0036 -16.0838 -0.596722 0.335513 0.053891
-16.3222 -16.7261 -16.5352 -0.229643 -0.200899 0.262725 -16.1794 -16.8059 -16.0369 -0.177019 -0.261864 0.362725
11.0617 12.1422 10.8895 -3.05837e-07 -6.91063e-08 2.42649e-07 11.9848 11.7372 11.3291 0 0 0
68.9742 72.9049 77.2892 -0.365502 -0.145112 -0.00976205 69.1393 73.2322 78.2152 0.105953 -0.249471 -0.328352
8.85409 17.6129 13.6531 -0.220656 1.02382 -0.0688891 6.15635 16.7899 14.6674 -0.312157 1.20081 0.032501
-16.654 -16.3244 -17.2048 0.383213 -0.0548765 0.111361 -16.6486 -16.3738 -18.6117 0.133265 0.05989 -0.152231
-17.3345 -17.2734 -17.7092 0.154336 0.0065062 -0.203636 -17.7332 -17.4894 -17.7135 0.107103 0.028265 -0.003124
-12.9555 -13.9229 -13.0303 -0.0184336 0.247691 0.017628 -12.3321 -13.9909 -11.6811 0.023008 0.306424 0.066811
-17.304 -16.7973 -17.6087 -0.386817 0.189416 0.0560127 -17.4572 -17.1712 -17.5866 -0.265583 0.204979 0.031113
-17.3682 -16.9072 -17.6761 -0.345695 0.164511 0.0536637 -17.4842 -17.2196 -17.5742 -0.206368 0.195202 0.075267
-17.7405 -17.5795 -17.9147 -0.0982855 0.0549288 0.0570045 -17.5082 -17.3668 -19.6092 -0.110732 0.05059 0.0219
-16.5375 -16.4368 -16.5444 -0.345004 -0.0795232 0.122271 -16.5171 -16.1914 -17.9438 -0.376344 -0.092061 0.060903
-16.4467 -16.2579 -16.0648 -0.354988 -0.123933 0.115571 -16.3743 -15.9575 -17.3171 -0.389017 -0.125795 0.009897
1.17755 1.13395 0.833585 2.57109e-07 -3.29847e-07 -0.446227 1.05343 0.980127 0.700507 0 0 -0.314007
0.581784 0.0834136 -0.0743177 -5.05583e-06 -4.94317e-08 -0.866274 2.35713 2.12424 0.164047 0 0 -0.785217
-19.0685 -19.0278 -19.1282 -0.088149 0.0287422 -0.00924447 -18.673 -18.6427 -20.7797 -0.059015 0.006743 -0.023417
70.3263 72.3362 77.6165 -0.25094 -0.0908638 0.00866935 70.0671 72.5274 79.5225 0.220373 -0.145708 -0.252367
-17.6323 -17.6456 -17.9385 -0.0165334 0.000324413 0.010481 -17.7908 -17.8027 -17.6932 -0.005073 0.031985 0.014518
-17.6215 -17.7039 -17.9619 0.00978121 -0.0239716 -0.0491492 -17.686 -17.7938 -17.6838 0.018415 0.010427 0.014257
-20.6056 -16.3449 -11.3481 0.0166473 -0.0326114 0.0227847 -21.5644 -15.8039 -12.7545 0.030977 -0.024822 0.021638
-16.9473 -17.1921 -17.419 -0.116995 -0.0987421 -0.177235 -16.566 -16.8805 -18.1488 -0.208455 0.006333 -0.02139
70.7244 71.9619 77.6842 -0.247515 -0.0881042 -0.0444252 70.3559 72.1054 79.9363 0.187148 -0.114552 -0.230978
-16.9032 -16.783 -16.9873 -0.202979 0.02455 0.067118 -17.0113 -17.0325 -17.0511 -0.109554 0.181486 0.032439
-18.73 -18.6671 -18.9464 -0.192577 0.0453101 -0.0398897 -18.4218 -18.4161 -20.413 -0.135073 0.011218 -0.061316
-17.1625 -17.3778 -17.6141 -0.156456 -0.0710472 -0.175656 -16.9096 -17.0984 -18.3769 -0.212496 -0.029056 -0.078672
-8.77546 1.18286 4.99682 -0.0333529 -0.0386739 0.00091636 -8.80892 0.332943 5.18357 -0.03148 0.005856 0.005276
5.28327 19.2759 18.5222 -0.327755 0.360144 -0.0502234 5.40691 18.1972 19.3988 -0.292149 0.545822 -0.088826
74.2488 73.4466 73.0744 -0.491877 -0.124466 0.628726 73.9625 72.1057 74.0849 -0.765679 0.418174 0.338891
71.4023 71.9185 77.8018 -0.256742 -0.0180044 -0.128296 70.8585 71.6885 80.3275 0.053423 -0.030905 -0.165512
-17.6424 -17.7685 -18.0382 -0.20952 -0.0189825 -0.154966 -17.368 -17.479 -18.9106 -0.224597 -0.015115 -0.113328
-17.5613 -17.4985 -18.0869 -0.0182209 -0.0655009 0.0129351 -17.4862 -17.8263 -17.724 0.004803 -0.017926 -0.01365
-4.85136 0.444055 -1.71913 0.669819 -1.63257 0.525498 -5.34018 -0.551806 -0.737583 0.856448 -1.61964 0.358438
-17.4013 -17.3553 -18.0697 -0.0584536 -0.0881941 0.0472233 -17.4814 -17.795 -17.8069 -0.017065 -0.056304 0.004048
-13.5095 -13.4204 -13.0725 0.0193418 0.196414 0.0135821 -12.5752 -13.0256 -11.3882 0.10552 0.161621 0.091675
-16.9274 -16.9383 -16.9308 -0.00557644 -0.00643573 -0.00706508 -16.9402 -16.956 -16.956 -0.005975 -0.005407 -0.008087
72.2228 72.3821 78.411 -0.0551287 0.0696341 -0.0851599 71.7224 72.2004 80.614 0.105903 0.092759 -0.215789
-17.7387 -17.5955 -17.9701 0.0632272 0.053918 0.0422919 -17.6861 -17.6747 -17.7875 0.041477 0.018039 -0.019847
-17.6031 -17.6992 -17.7874 0.0144905 -0.0272862 0.00170007 -18.4172 -18.478 -18.8584 0.004486 -0.008302 -0.01828
-17.7426 -17.5251 -17.9298 0.0585006 0.0486948 0.0500409 -17.913 -17.7757 -17.8075 0.094259 0.052038 0.017053
-17.7322 -17.6005 -17.965 0.0607492 0.052585 0.0409883 -17.9097 -17.8267 -17.9098 0.040021 -0.004899 -0.000473
-13.9406 -13.1748 -12.8874 0.0394505 0.168378 0.0092255 -13.4155 -12.5075 -11.3848 0.147795 0.123721 0.107969
-17.6479 -17.6462 -17.8073 -0.000465421 0.00107891 -0.00143704 -18.5101 -18.5063 -18.8456 -0.000787 0.004663 0.00259
-17.6501 -17.6499 -17.8106 0.00010269 2.34673e-05 -3.54992e-05 -18.514 -18.5137 -18.8506 1.1e-05 0.001069 -0.00023
-17.7301 -17.6124 -17.8113 0.0450768 0.0172079 -0.0409202 -18.4252 -18.3117 -18.7877 0.039968 -0.019616 -0.002595
-25.1351 -24.9795 -25.4228 0.0578166 0.00405019 0.10029 -24.1435 -24.0559 -24.0685 -0.073826 0.02019 0.068405
-16.4712 -16.3733 -16.3289 0.118933 0.0797903 -0.145475 -16.6473 -16.6371 -16.5498 -0.153065 0.094068 -0.211261
-16.6969 -16.6015 -16.6049 0.0948532 0.0503909 -0.14664 -16.8696 -16.7101 -16.7287 0.088381 -0.022065 -0.134291
-11.6419 -11.8101 -13.6476 -0.455834 -0.399031 0.683953 -12.142 -12.0065 -12.6625 -0.083653 -0.353446 0.744179
-15.6556 -15.7983 -16.9508 -0.32538 -0.134844 0.339154 -16.2542 -16.0546 -16.4469 -0.060274 -0.017704 0.362904
-8.70073 1.38293 5.88609 -0.0439569 -0.104594 0.0142815 -8.57331 0.298138 6.57665 -0.097957 0.081366 0.00423
-22.3005 -22.3995 -23.1329 0.0205662 -0.0287008 0.0015945 -22.5896 -22.468 -22.9798 0.006407 -0.001435 -0.003271
34.6396 30.8378 25.2311 -8.23822 0.845849 0.696896 33.7 30.418 33.7108 -1.50717 -3.46324 -0.370419
66.1709 67.9139 67.8452 -0.4652 0.0682378 0.170127 64.8076 67.6942 67.4638 0.274971 -0.251288 0.626822
66.2857 67.9554 67.9273 -0.469167 0.0702149 0.116088 64.8781 67.7685 67.5052 0.25589 -0.256082 0.565635
66.4408 68.0467 67.9793 -0.492219 0.0658114 0.0278566 64.9506 67.8237 67.5342 0.235178 -0.258624 0.481691
-19.5163 -19.5131 -19.9307 -0.0276078 0.0272844 -0.0291853 -19.8811 -19.8241 -19.899 0.032276 0.012251 -0.079442
-25.2003 -24.9773 -25.4828 0.0444938 0.0645151 0.0428131 -24.0483 -24.1872 -24.0352 -0.097642 -0.028062 -0.023957
-25.1992 -24.9752 -25.4831 0.0424688 0.0659701 0.0401849 -24.0372 -24.1881 -24.03 -0.096198 -0.027609 -0.027402
-19.2051 -19.1993 -19.2811 -0.0403879 0.0532937 -0.0595553 -19.4528 -19.3596 -19.3257 0.025144 0.048712 -0.133084
-19.0984 -19.0922 -19.0793 -0.0426895 0.0630866 -0.0691078 -19.3238 -19.205 -19.1295 0.02813 0.043746 -0.161762
-19.3077 -19.3169 -19.4588 0.0056291 -0.00043337 -0.000880575 -20.5126 -20.5104 -21.4093 -0.004882 -0.00213 -0.004247
-14.6165 -15.0573 -14.4919 -0.601797 -0.573422 -0.00111725 -15.126 -14.9372 -15.1345 -0.232274 -0.424636 -0.154862
-18.7223 -18.7223 -19.8016 4.08646e-08 2.31322e-07 -2.04017e-07 -18.9814 -18.9814 -19.2616 -1e-06 -0 0
-18.706 -18.7054 -19.7334 -0.0417178 0.00268601 -0.0187273 -18.9667 -18.9679 -19.1811 -0.210541 0.006147 -0.01853
-18.6942 -18.691 -19.6799 -0.0564763 0.00560975 -0.0335027 -18.9612 -18.9857 -19.1544 -0.285894 0.00349 -0.043431
-18.6604 -18.6497 -19.5256 -0.0884224 0.0161581 -0.0763698 -18.9326 -19.0026 -19.0849 -0.425402 0.012511 -0.084201
-18.602 -18.5806 -19.2625 -0.131218 0.0380824 -0.149325 -18.9034 -19.0146 -18.9706 -0.588697 0.028521 -0.144464
-8.0554 1.67698 7.39506 -0.00350036 0.000159699 -0.00024884 -7.8629 -0.016198 8.89061 -0.003108 -0.00125 0
-17.1237 -16.3635 -17.5084 0.62246 0.265856 -0.164002 -16.6733 -16.3401 -18.0992 0.531977 0.148408 0.057423
-8.06184 1.67579 7.40131 7.83062e-07 -2.79995e-05 -1.68477e-07 -8.00409 0.059203 8.91843 1.6e-05 -2.1e-05 0.000164
-18.4938 -18.4608 -18.7867 -0.196542 0.0827048 -0.278353 -18.8263 -19.0118 -18.7128 -0.796751 0.050387 -0.257176
-18.3599 -18.3123 -18.1585 -0.280751 0.146221 -0.433685 -18.7057 -18.9719 -18.3726 -0.988459 0.08166 -0.383193
-19.4649 -18.4595 -19.1189 0.682504 0.0425902 0.0285466 -19.0642 -18.157 -21.5456 0.740391 0.073801 0.010544
-24.5586 -24.4814 -25.3237 0.172349 -0.00452722 -0.0966222 -24.6735 -24.7186 -25.1601 -0.027082 -0.019793 0.013496
-2.92751 1.49047 -2.05209 0.661443 -2.29433 0.90511 -2.91405 0.21206 -0.927106 0.794649 -2.27393 0.280181
-16.6408 -10.1111 -7.83725 0.0758454 0.0263969 -0.0143699 -16.1419 -9.44839 -7.81092 0.128856 0.071808 0.011
-2.77931 1.56435 -2.02048 0.622233 -2.34247 0.949227 -2.76959 0.355553 -0.874631 0.775946 -2.33442 0.308236
42.895 39.2527 34.391 -4.827 0.410964 0.454872 42.1361 38.2623 37.3155 0.984626 -2.76578 0.283265
33.7888 34.5603 35.2494 0.141189 1.1932 -0.00837879 32.1141 36.1233 33.8822 0.960493 2.71817 1.18969
35.0805 34.7686 34.2585 -0.709918 -0.357057 1.82426 32.9341 35.8429 34.1445 -1.32136 -2.51658 2.47182
46.5066 44.2164 46.6565 -0.172273 0.0196669 -0.0514973 46.8883 44.0441 47.367 0.455321 -0.294481 -0.5006
-22.396 -22.4905 -23.234 0.0177707 -0.0279988 0.000540421 -22.4309 -22.2482 -22.6474 -0.006632 0.012938 -0.027451
44.796 40.6224 38.0781 -3.49634 0.112638 0.292685 44.5264 40.6291 39.4014 1.06048 -2.93245 0.419554
64.5901 64.6778 64.6104 -0.035497 0.0227188 0.0188253 66.1488 66.1238 66.1609 0.035638 -0.045988 -0.070725
42.8891 42.9459 42.8371 0.322271 0.0100854 -0.0632279 40.203 41.7628 42.2817 -0.055649 -0.513366 -0.701431
-12.4008 -14.9402 -15.1896 0.639127 -0.319075 -0.133149 -11.8869 -16.6077 -16.8213 0.915754 -0.06654 -0.119075
-12.5962 -14.6185 -15.3618 -0.590295 -0.49418 0.0555977 -12.4248 -16.0306 -17.1024 -0.739738 -0.116792 0.06528
66.3332 66.3782 66.2872 -0.153317 0.00696597 -0.00104132 66.5396 66.3745 66.5576 -0.067481 0.096138 -0.06038
34.5296 33.4816 33.2361 -0.813926 -0.0338249 2.03944 32.3637 34.2733 32.7964 -1.36203 -2.53395 2.11527
6.52804 19.388 22.6436 -0.238693 0.226487 -0.0466903 7.39087 18.5175 23.7162 -0.161393 0.341936 -0.060267
67.7707 67.8318 67.7561 -0.172618 -0.168438 -0.0101906 67.2564 67.2483 67.5475 -0.585998 -0.079637 0.085122
-9.55843 -12.9483 -13.3751 0.432725 -0.100944 -0.114206 -8.15141 -14.8201 -15.6302 0.483225 0.009532 -0.153696
-15.8897 -15.8854 -15.8911 -0.00059396 0.000102195 -0.00140492 -15.6493 -15.6508 -15.6503 0.000743 -0.001911 0.003033
48.4492 46.2807 48.6109 -0.138641 0.0166037 -0.0294217 48.5137 45.8664 49.1766 0.369666 -0.294052 -0.408251
67.2187 67.2327 67.1881 -0.301138 -0.0223498 -0.0306577 66.953 66.6932 66.9953 -0.236336 0.175447 -0.099473
-3.76379 -3.12519 -3.29217 -1.6792e-08 -2.54455e-08 -5.07491e-08 -3.5282 -3.09899 -4.1989 0 0 0
-17.161 -9.23928 -5.48969 0.0657318 0.0571119 -0.014048 -16.44 -8.82726 -5.97478 0.093858 0.059534 -0.00273
-14.6885 -15.7226 -16.3859 -0.787961 -0.564206 0.130814 -15.1026 -16.6939 -17.2282 -0.887964 -0.237677 0.152654
-15.9435 -15.8984 -15.9626 -0.00169977 0.00183378 -0.0179806 -15.6033 -15.625 -15.6069 0.014912 -0.026204 0.033508
-17.9469 -17.9202 -17.9775 -0.0961035 -0.108593 0.0578028 -18.3121 -18.0105 -18.1483 -0.066595 -0.047948 0.01957
-14.9697 -15.3729 -14.9636 -0.597899 -0.366031 0.0366481 -15.2978 -15.359 -15.5901 -0.17503 -0.258317 -0.185249
48.9962 46.408 45.3875 -0.317246 0.272792 0.712663 47.4511 46.1109 45.4418 -0.425436 0.610179 -0.428848
-15.9607 -15.8895 -15.9851 7.94252e-05 0.00371175 -0.0289784 -15.6472 -15.6818 -15.6509 0.023784 -0.043183 0.043808
40.3999 37.6377 42.405 0.306954 -2.33469 -3.84827 51.8769 60.2013 45.9781 -8.82815 -0.769142 -1.42319
-19.1177 -19.1183 -19.5378 -0.000725599 -0.000370652 0.00095455 -19.3992 -19.4017 -20.3401 -0.002801 -0.002695 0.004679
-15.9668 -15.8671 -15.9934 0.00551244 0.00540632 -0.0414788 -15.7942 -15.8063 -15.8109 0.020698 -0.046909 0.01734
-19.7799 -18.9575 -19.7076 0.55453 0.0345288 0.0343217 -19.3311 -18.6083 -22.0958 0.575598 0.054774 0.012228
-15.9643 -15.8479 -15.9909 0.0105697 0.00772724 -0.0494932 -15.9537 -15.9157 -15.9771 0.029362 -0.033588 -0.023111
-15.9581 -15.8281 -15.9819 0.0162836 0.0120149 -0.0568106 -16.0617 -15.9948 -16.0775 0.101395 -0.01259 -0.039923
53.9923 53.9918 54.9337 -0.000377805 -0.000104241 0.000157014 54.7918 54.7915 55.0255 -0.000314 3.6e-05 -6.3e-05
51.217 45.2103 47.822 -0.607197 -0.266538 0.214937 50.576 46.4241 48.6901 0.96856 -3.08917 0.364834
86.3361 85.798 82.0185 0.0631844 -0.256348 0.093602 84.5959 84.1563 84.7683 0.006022 0.088163 0.072956
-17.0532 -17.0416 -17.0715 -0.413297 -0.0559938 -0.0754575 -17.4396 -16.9785 -17.5698 -0.132172 0.084526 -0.141367
51.8195 49.8832 52.0225 -0.114008 0.0277577 0.0234021 51.4635 49.066 52.4274 0.235721 -0.22258 -0.28591
-12.0971 -11.3611 -12.2663 -0.266913 0.879301 0.570354 -13.1431 -12.6665 -13.7292 -0.049028 0.318084 0.22065
47.5384 45.8556 46.5873 0.759902 -1.49374 -3.02735 57.5777 64.7684 44.2228 -8.00783 0.75628 0.53285
-24.3387 -24.3349 -24.5507 0.0493206 -0.0187328 -0.00241501 -24.2676 -24.2325 -24.149 -0.033005 0.042863 0.041713
71.5746 68.8024 74.9898 1.47929 0.0376476 0.0692775 71.2493 68.0131 76.428 2.15978 0.062103 -0.076935
-18.8322 -18.5427 -18.9053 -0.161664 0.132906 -0.181734 -19.2649 -18.6241 -19.373 -0.019006 0.275878 -0.120686
71.4614 69.7186 75.0967 0.707859 -0.00469691 0.0746546 70.9189 68.7883 77.16 1.2717 0.046658 -0.097212
7.3037 18.4398 26.1455 2.95035e-06 -5.97535e-05 -5.78952e-07 8.65841 16.9407 27.52 -0 0 0
71.7749 71.1932 75.9488 0.138505 -0.0455088 0.0171398 70.8663 70.2106 77.5798 0.351578 0.031541 -0.050873
71.6785 70.9333 75.7067 0.215683 -0.0434815 0.0317931 70.9035 70.0261 77.5527 0.483652 0.027263 -0.047281
71.4375 70.2102 75.2362 0.4405 -0.0356364 0.0848612 70.8634 69.3701 77.4116 0.865803 0.039019 -0.067649
57.6625 58.0905 57.9455 -2.03352e-05 0.156482 1.2324e-07 58.7748 59.1458 58.0871 -0.001083 0.195081 -0.00012
-19.0113 -19.0112 -19.3448 6.30913e-05 -2.52165e-06 1.50729e-07 -18.9537 -18.9541 -19.1002 -0.000334 -0.000111 0.000193
-11.9462 -11.8673 -13.0046 -0.790694 0.0866039 0.937214 -12.7537 -13.1658 -14.0699 -0.402024 0.011719 0.52214
78.8473 103.044 138.067 -0.252163 -0.37406 0.584191 83.5551 101.725 138.094 -0.127017 -0.873533 0.180972
-18.799 -18.6366 -19.6308 0.437843 -0.0115991 -0.0463663 -18.3057 -18.3218 -20.0958 0.259083 0.003775 0.047676
-20.0186 -20.0184 -20.447 1.60872e-07 4.097e-07 1.73506e-08 -21.5311 -21.5311 -22.1994 0 0 0
-18.8908 -18.7433 -19.7434 0.421342 -0.0197459 -0.0419222 -18.3843 -18.4203 -20.1782 0.243835 -0.001927 0.046293
61.5249 62.0233 63.5796 -0.132966 0.0683192 0.0151623 59.7303 60.4415 63.9329 -0.136016 0.06306 -0.02622
53.8331 59.3483 59.166 -1.76934 0.0601258 0.0629786 51.8786 59.6314 57.4043 -1.52445 -0.498252 -0.028751
-19.1842 -19.1841 -19.5878 4.27659e-05 -4.6178e-06 9.89755e-06 -19.0708 -19.071 -19.2213 -0.00013 -7.7e-05 0.000133
57.1501 61.617 61.8875 -1.15003 0.191739 0.259719 55.8165 61.2444 61.6524 -1.06428 -0.368656 0.133432
-11.9331 -12.2473 -13.3681 -0.819038 0.00423248 1.03778 -12.7342 -13.5216 -14.402 -0.450204 -0.088357 0.642868
-11.958 -12.3299 -13.4234 -0.826631 -0.00701386 1.05705 -12.8781 -13.5836 -14.4165 -0.424379 -0.073326 0.65394
-22.1331 -22.0692 -23.7227 -0.0552871 0.0146527 -0.00846123 -22.7231 -22.6953 -24.8411 -0.018713 0.025137 -0.017649
59.1794 56.2235 55.2616 0.153611 0.0856359 0.615113 56.9463 56.2181 55.608 -0.034167 0.390395 -0.640798
60.1267 53.7624 57.5672 0.63116 -0.0415177 0.277499 58.7284 54.292 59.221 0.391833 -2.18406 -0.310719
59.3043 58.3697 60.0098 -0.0238418 0.0201239 0.0233057 58.2162 57.0531 60.1356 0.122661 -0.073452 -0.113176
-19.4086 -19.4284 -19.98 -2.34643e-05 -0.00435173 2.80914e-05 -19.129 -19.1084 -19.1723 2e-06 0.00437 1e-06
61.0387 54.9134 58.4537 0.580147 -0.00085679 0.219398 59.9272 55.3368 60.1244 0.189482 -1.9221 -0.307356
61.3785 55.3846 58.7716 0.539576 0.0169672 0.187725 60.3201 55.7348 60.4413 0.092178 -1.82172 -0.300358
59.3203 59.4267 59.4304 -0.111402 0.0558587 0.0840629 59.8249 59.8764 59.9415 0.055513 0.087758 -0.172667
60.7141 59.8637 61.4981 -0.0112554 0.0106331 0.0170764 59.565 58.5109 61.6442 0.115316 -0.089222 -0.104704
-19.4343 -18.9372 -20.6072 0.245057 -0.0129061 -0.015312 -18.965 -18.5435 -21.564 0.108222 -0.089951 0.033705
-23.6011 -23.5882 -23.7957 0.0470753 -0.0219155 0.0042562 -24.1087 -24.0031 -23.8392 0.002713 0.009964 0.106827
59.7499 59.9103 59.9217 -0.122861 0.161117 0.0190511 59.9659 60.0961 60.1894 0.026653 0.145543 -0.309178
-14.2883 -14.852 -15.9952 0.461787 0.053677 -0.366978 -14.2055 -14.2636 -15.4194 0.511226 0.008488 -0.044665
57.1357 57.2016 56.9087 0.181132 -0.0353809 0.0558276 57.17 56.4609 57.1818 -0.128401 0.83582 -0.57557
41.6873 59.8326 82.5295 0.00237675 0.0732635 -0.496788 44.7282 58.984 82.0038 -0.008482 -0.12489 -0.3773
28.4628 44.3149 45.3686 -0.352058 0.0574482 -0.0223044 28.5338 47.1164 46.7225 -0.144457 0.551498 0.01155
-19.5438 -19.1125 -20.7409 0.21155 -0.0107781 -0.0106682 -19.057 -18.6933 -21.6888 0.083411 -0.084028 0.034209
61.0973 62.7212 48.9661 1.07561 0.0256886 0.15425 70.5929 65.5902 51.3176 -4.78395 0.851955 -0.804347
60.3316 59.6797 59.9411 -0.192723 0.0654178 0.100189 60.0741 59.759 60.5827 0.07059 0.039666 0.06865
-19.661 -19.6747 -20.2264 -2.57644e-05 -0.00499762 2.45552e-05 -19.1989 -19.1826 -19.2826 -1e-06 0.003898 6e-06
-15.4524 -14.6636 -15.8519 0.28076 -0.468808 -0.143954 -15.2134 -14.571 -15.8534 0.432885 -0.338981 -0.112902
52.4054 50.915 50.8583 1.70608 -1.56607 1.10769 50.5825 50.8941 52.3864 0.373372 -1.81523 1.85135
86.4113 109.938 147.245 -0.270535 -0.439646 0.59587 90.3673 108.71 146.712 -0.135476 -0.931228 0.197317
52.6189 51.1574 51.0242 1.71079 -1.58699 1.09653 50.8118 51.1101 52.6084 0.401952 -1.78359 1.84615
-19.1588 -18.5102 -20.2231 0.138079 0.198806 0.12695 -18.7955 -18.4759 -20.2791 0.130489 0.073223 0.267205
31.2095 43.6429 44.7933 -0.27126 0.0472573 -0.0156008 29.9498 45.344 46.0679 -0.05522 0.417539 0.00139
63.3622 64.3372 53.8088 1.81051 -0.0620102 1.28813 74.9113 64.0709 52.4895 -2.30507 -0.379028 -1.60908
58.5008 58.842 58.4793 0.216443 -0.0255591 0.077473 59.4597 58.7822 59.2716 -0.107411 0.845201 -0.191154
-19.2902 -18.6944 -20.3931 0.113785 0.176578 0.113079 -18.89 -18.5883 -20.4001 0.110816 0.054831 0.240657
61.5329 56.7737 54.6522 0.883795 0.727767 0.586217 56.7354 54.3754 52.089 2.95063 0.255722 -0.103145
58.7749 59.1958 58.8147 0.227328 -0.0240362 0.0524048 60.0022 59.3589 59.7111 -0.056648 0.874888 -0.04997
62.7975 57.0257 58.8397 1.03445 0.150186 0.0763234 59.5026 54.665 56.3139 2.68743 0.057874 0.039559
-17.3867 -18.0998 -17.5248 0.394951 0.10822 -0.170488 -17.2533 -17.2124 -17.6072 0.131099 0.083475 0.340023
52.4423 55.4497 54.2394 -0.494814 0.76828 0.860887 54.6316 54.956 52.7624 0.730516 0.826902 -0.248133
-19.8719 -19.8791 -20.4302 -2.52921e-05 -0.00554696 2.22324e-05 -19.2005 -19.1889 -19.3217 -2e-06 0.003549 -3e-06
-17.9893 -17.943 -17.7926 0.662472 -0.051824 0.0272235 -17.7562 -17.7223 -18.1809 0.68659 -0.177852 0.11684
63.3581 58.7238 48.6861 0.202944 0.116388 0.130252 55.9394 51.9451 48.5458 0.899393 -0.016317 -0.894588
65.4965 63.0862 65.1495 0.215132 -0.365511 -0.304494 64.4497 62.2416 66.1213 -0.033807 -0.447477 -0.306375
60.5242 60.4183 59.413 0.0452469 -0.248056 0.44103 60.4703 60.9977 61.6389 -0.406183 -0.280424 -0.457899
-20.0102 -19.8284 -21.2249 0.056237 -0.00575095 0.00914495 -19.3899 -19.2692 -22.0907 0.006699 -0.049972 0.031113
65.6328 63.5064 65.5139 0.203041 -0.307436 -0.255326 64.5587 62.5961 66.452 -0.009459 -0.395156 -0.301749
61.1418 61.2369 61.2317 0.0925966 0.043024 -0.0569498 61.9433 61.8994 61.6053 -0.402545 -0.000327 0.199394
65.5068 58.9033 62.6482 0.935147 -0.83841 0.434241 62.8452 56.8194 63.0355 1.76189 -0.552092 -0.177971
65.7853 59.2582 62.9332 0.89048 -0.781974 0.542251 63.3175 57.2891 63.4839 1.63604 -0.549111 -0.179878
66.1941 59.8926 63.434 0.787762 -0.554459 0.566507 64.1496 58.2047 64.0212 1.46968 -0.474255 -0.137675
61.3795 61.5185 61.5109 -0.0691184 -0.0216264 0.0558311 62.4196 62.3752 61.9443 0.127153 -0.08266 -0.414432
-19.2493 -18.9424 -19.7575 -0.0278219 0.150206 -0.0304357 -19.0055 -18.2935 -18.8384 0.011191 0.188415 0.052363
59.9241 60.503 60.1021 0.207432 -0.0255384 0.0366406 61.4993 61.3842 61.416 -0.150827 0.799537 0.638065
65.3995 65.3293 66.6687 -0.0101546 -0.00193241 0.00244553 64.0501 63.9597 66.903 -0.026173 -0.011714 -0.004183
65.4867 65.3731 66.7377 0.039954 0.000415638 -0.00456325 64.1352 64.0404 66.9854 0.022199 -0.001969 -0.009777
65.6178 65.3241 66.7752 0.0837893 -0.00820621 -0.016967 64.2896 64.0213 67.1107 0.066912 0.000594 -0.031838
30.2948 47.5091 50.6876 0.183122 -0.0364265 0.071359 32.4387 49.128 49.6117 0.283336 0.012315 -0.002906
-19.2259 -13.9624 -8.90784 0.0132009 -0.00232174 0.0107328 -19.1729 -13.0737 -10.0361 0.022998 -0.002592 -0.001263
-19.2474 -13.9562 -8.77288 0.00799336 -0.00134916 0.00653317 -19.2326 -13.1457 -9.92051 0.012728 -0.002209 -0.000413
59.8588 60.6867 60.8527 0.459524 0.139364 -0.24265 62.9 62.4506 60.8306 -0.851328 0.189357 -0.000313
59.5732 60.5706 60.815 0.314209 0.0533773 -0.162787 62.9114 62.5455 60.6525 -0.838002 0.124086 -0.001631
-19.0027 -19.5528 -20.0204 0.0261177 -0.0502534 0.0202615 -18.4596 -18.9796 -20.4174 0.15047 0.085006 0.1186
56.5399 56.5012 56.5291 0.0617588 -0.0479521 -0.00877158 57.3672 57.3364 57.3666 -0.026675 -0.004132 -0.006564
-22.5319 -22.3172 -23.0094 0.142251 0.0266978 -0.102359 -22.8456 -22.8652 -22.7365 -0.011684 -0.062962 0.017747
67.8253 65.3047 66.6682 3.22002 1.011 1.62363 73.2772 63.3807 61.9344 3.25404 1.11875 -1.05505
59.3616 60.615 60.6951 0.433758 0.124198 -0.203621 63.2417 62.6912 60.3875 -0.867379 0.081612 0.104251
-19.3238 -19.7988 -20.3341 0.0154417 -0.0462395 0.0145338 -18.7863 -19.2222 -20.8432 0.114805 0.071427 0.123779
59.232 60.6156 60.5741 0.126617 -0.187145 0.0358461 63.3567 62.7341 60.2693 -0.871964 -0.004651 0.2196
-19.7864 -20.1354 -20.802 0.298024 0.233506 -0.125918 -19.595 -19.4932 -20.4587 0.027669 0.310279 0.208359
57.5474 57.5524 57.4 -0.100718 0.0596165 0.0326405 57.8814 58.1735 58.2993 -0.319959 -0.056634 0.21743
57.5275 57.5221 57.3918 -0.107572 0.0512216 0.0318125 57.8711 58.1547 58.2362 -0.308008 -0.047094 0.210114
57.9088 57.9652 57.6598 -0.114892 0.0134041 0.128834 58.1268 58.3417 58.7765 -0.370218 -0.099141 0.261554
57.29 57.1414 57.2264 0.0427202 -0.0217752 -0.0540247 57.8207 57.7588 57.7142 -0.162824 0.078144 0.030776
57.3262 57.1733 57.255 0.0401667 -0.0114997 -0.0419849 57.8455 57.8077 57.7504 -0.175862 0.078811 0.04293
57.3415 57.1874 57.2663 0.0384535 -0.00569004 -0.0354621 57.8595 57.8283 57.7721 -0.181477 0.082414 0.052298
-19.7847 -20.1223 -20.7858 0.00784196 -0.0274215 0.000272567 -19.2304 -19.5176 -21.449 0.07578 0.04663 0.094573
58.4129 58.4135 57.971 -0.109486 -0.0478368 0.219087 58.4919 58.5584 59.1974 -0.351251 -0.118435 0.351422
55.4521 58.3922 57.0081 -0.266508 0.579749 0.893814 57.903 58.8757 56.2276 0.416526 0.734402 -0.262689
72.0682 72.2279 71.6347 0.484898 0.1287 0.0864559 71.1758 72.0445 72.6289 0.260419 -0.139563 0.393255
55.9565 58.84 57.452 -0.250597 0.46621 0.846302 58.5919 59.5156 56.8306 0.424811 0.607173 -0.16257
70.9382 69.4937 69.0161 0.307933 -0.132198 0.396109 69.0813 69.6921 69.6948 -0.136478 -0.181969 -0.610702
-20.2878 -20.2681 -21.4287 -0.00923995 -0.00503252 0.0103605 -19.6119 -19.612 -22.2038 -0.010621 -0.016128 0.009731
-20.3149 -20.5736 -21.6123 0.240595 0.20557 -0.0925711 -20.0471 -20.0165 -21.1921 0.008411 0.336079 0.150806
-20.0256 -19.9789 -21.3861 -0.0114803 0.0194025 0.0161502 -19.3839 -19.3922 -21.3327 -0.002449 -0.009455 0.032405
-20.0868 -20.079 -21.3533 0.025553 -0.0154158 0.00238579 -19.4201 -19.4808 -21.1861 0.022845 -0.008257 0.011785
-20.3448 -20.2922 -21.402 0.0109589 0.00238677 0.00432157 -19.7863 -19.7489 -22.7893 0.009187 0.000893 0.005572
-12.3115 -12.27 -10.7595 -0.227494 -0.298197 -0.407563 -12.4331 -12.1474 -12.3696 0.073359 0.244133 -0.368337
-20.2456 -20.2781 -21.3955 0.00221523 -0.00732332 -0.0162375 -19.6152 -19.6145 -22.127 -0.008644 0.017651 0.000894
-20.0512 -20.1263 -21.23 0.0285132 -0.00258858 -0.0389675 -19.4655 -19.4446 -22.1277 0.008748 0.030559 0.022435
72.3542 71.362 70.8804 0.233094 -0.0918492 0.324693 70.7552 71.3246 71.8019 -0.162376 -0.175546 -0.59672
-20.113 -20.1586 -21.4213 -0.0270385 -0.0031551 0.00936772 -19.4471 -19.4708 -21.2768 -0.013407 -0.00938 0.020314
-20.213 -20.258 -21.3749 0.00532409 -0.00733925 -0.0216288 -19.7226 -19.6991 -22.2682 0.018482 0.023848 0.007413
-12.1204 -12.2729 -10.7674 -0.251607 -0.293443 -0.392784 -12.2854 -12.144 -12.4139 0.059616 0.265616 -0.364038
-20.2323 -20.2701 -21.3877 0.00336922 -0.00743852 -0.0184937 -19.4473 -19.4027 -22.0275 0.045389 0.031108 0.005273
-20.2512 -20.249 -21.327 0.000428536 -0.0101991 -0.0020055 -19.7533 -19.7603 -22.6177 -0.003201 -0.001086 -0.008396
26.2665 37.7556 48.9691 -8.62585e-07 -9.29777e-06 4.63595e-07 28.0209 36.0788 47.7955 -0 0 0
74.3949 74.8754 73.0484 2.87721e-05 0.173938 -1.03938e-05 74.9482 75.3249 74.2541 -0.000159 0.146456 -1.4e-05
75.6277 75.7391 75.2558 0.204618 0.0785093 0.135023 74.673 75.2241 76.9788 0.011279 -0.113175 0.177225
32.5603 49.2503 54.5224 0.201106 -0.0737634 0.0557378 35.5417 49.4721 52.5824 0.286759 -0.08422 0.004259
76.2066 76.241 75.3203 -0.0228516 -0.0386768 0.0265899 75.828 75.9222 78.8615 -0.022631 0.033361 0.018546
76.546 76.7304 76.8734 -0.153311 -0.0376098 0.0370422 75.5475 75.6213 79.3206 -0.124252 -0.028679 -0.097706
77.5487 77.1484 77.7525 0.0535837 -0.16379 -0.0452176 76.3717 76.0547 78.4004 -0.163497 -0.122199 0.144581
77.6311 77.1946 77.5563 -0.0579351 -0.138808 0.0369795 76.3656 76.3215 78.6791 -0.2214 0.096279 0.061249
77.444 77.6256 77.6711 -0.307307 -0.21191 -0.11523 76.3268 76.6736 78.4928 -0.245397 -0.012043 -0.222136
78.3471 79.1296 78.3961 -0.226608 -0.189015 -0.22437 77.4434 77.4946 79.0293 -0.030503 0.035212 -0.697596
33.6913 49.808 56.3553 0.199955 -0.124095 0.0354079 36.7441 49.5804 54.1496 0.270434 -0.105289 0.006357
-19.8273 -19.5524 -20.5749 0.0406856 0.168288 0.063707 -20.5358 -19.9421 -20.5829 0.140198 0.034802 -0.349207
78.1371 78.8718 78.9916 -0.146176 -0.254142 -0.116527 75.9041 76.1467 78.7883 -0.394556 -0.865833 -0.069384
78.8241 79.0211 78.095 -0.359639 0.324966 -0.187692 75.6563 76.9301 77.6476 0.686504 0.337652 -0.932858
77.9428 78.0987 78.6266 0.611565 -0.330177 -0.126205 76.1736 75.1015 78.9251 0.070877 -0.653389 -0.022503
81.0645 81.5708 80.0745 3.84487e-05 0.182141 -2.78766e-06 80.7619 81.0968 80.3828 -7.5e-05 0.143955 -3e-06
-20.1971 -20.0696 -21.2121 -0.0236132 0.121796 0.0404883 -21.0129 -20.3015 -21.2169 -0.023944 0.066298 -0.227747
-20.2625 -20.1678 -21.3837 -0.0202695 0.109934 0.0258987 -20.7239 -20.1151 -21.0944 0.076279 0.026892 -0.219458
-20.2944 -20.2145 -21.4911 -0.0147086 0.101368 0.0152234 -21.1531 -20.388 -21.3983 -0.10408 0.066916 -0.189789
-20.1232 -20.1263 -21.5112 0.00214272 0.00294849 0.0052144 -21.6407 -21.617 -22.3442 0.007147 0.005054 0.002632
-18.7741 -18.1338 -18.5865 -0.262026 0.163099 -0.247025 -19.0328 -18.6672 -18.9666 -0.165232 0.326975 -0.126679
-18.845 -18.2371 -18.6562 -0.251299 0.152128 -0.247055 -19.0202 -18.6253 -18.972 -0.122024 0.305406 -0.138398
-20.3889 -20.2954 -21.9115 0.0310581 0.0229085 -0.0321244 -20.8623 -20.1371 -21.3301 -0.156102 0.087824 -0.08012
-20.5849 -20.4763 -20.561 0.0789045 -0.0481556 -0.00301308 -21.0716 -20.7865 -20.9913 -0.023975 -0.070482 -0.008377
37.9754 50.1971 62.7543 -6.8324e-07 7.5365e-06 5.17711e-07 40.7046 48.5386 60.6759 -0 0 0
-19.5727 -19.3113 -19.4443 -0.122652 0.0254661 -0.21406 -19.831 -19.607 -19.7373 -0.030682 0.137846 -0.086888
-19.7587 -19.5686 -19.6687 -0.074132 0.01077 -0.201677 -20.0534 -19.8345 -19.8745 0.001603 0.099548 -0.044581
87.8533 88.761 87.9942 0.589036 0.380376 0.387729 85.4902 87.4655 85.5475 1.51827 1.04773 -0.589538
-12.3366 -11.2209 -11.5192 -0.453679 0.00322247 -0.485142 -12.156 -11.2402 -11.6522 -0.38287 -0.180816 -0.298603
88.3523 88.4327 88.5627 0.717937 0.554981 0.89511 84.8995 88.3963 83.7272 2.11779 1.71072 -0.251851
-14.0992 -13.4068 -13.5673 -0.427293 0.0883328 -0.516063 -13.6631 -13.1471 -13.4125 -0.426994 -0.092812 -0.426402
-19.945 -19.9473 -21.4432 0.00152879 0.00332392 0.00593176 -21.181 -21.1575 -21.9367 0.011387 0.005588 -0.001819
-15.1064 -14.32 -14.633 -0.341732 0.125845 -0.412282 -14.5633 -13.9574 -14.288 -0.36916 -0.126511 -0.395099
-19.2591 -19.0844 -19.5609 0.188633 0.0429346 -0.238102 -17.9692 -17.9521 -18.3242 0.030495 -0.04158 -0.101106
112.412 133.771 176.982 -0.301311 -0.686367 0.620089 113.017 131.768 174.99 -0.163301 -1.16439 0.244983
-19.8163 -19.6668 -20.1507 0.0530538 0.0677198 -0.0733014 -18.5264 -18.3942 -18.7604 -0.041397 0.034221 0.002339
-19.8968 -19.8028 -20.3077 0.0217524 0.0368474 -0.0200639 -18.7176 -18.5793 -18.9317 -0.007656 0.046295 0.005816
-18.8717 -18.8926 -20.0348 -0.072627 0.0601883 -0.151724 -18.718 -18.8776 -19.9463 -0.022219 0.138528 -0.194856
-15.9424 -15.1572 -16.3443 -0.324546 0.0292915 0.0940801 -15.5632 -14.6559 -15.5514 -0.110102 -0.20798 0.125931
-16.1647 -16.38 -15.155 -0.472173 -0.267146 0.398051 -15.7804 -15.7873 -15.2331 -0.447147 -0.308405 0.302343
-19.0848 -18.9683 -20.8097 0.00142547 0.00382542 -0.0162819 -18.9519 -18.8849 -20.6092 0.147277 -0.092967 0.072187
46.936 60.438 73.175 1.80211e-06 -1.09456e-05 2.70547e-07 51.6852 59.2681 71.8257 -0 0 0
-19.4508 -19.4051 -19.809 0.00179599 -0.00699592 -0.000980166 -18.2918 -18.2859 -18.6291 0.003228 -0.010594 0.001402
121.526 142.012 187.692 -0.302045 -0.783543 0.623477 121.416 140.228 185.36 -0.170801 -1.25957 0.25945
-18.8204 -18.8367 -19.5639 0.023861 -0.0180047 -0.0115066 -18.0594 -18.036 -18.3924 -0.03201 -0.006543 -0.032428
81.1298 92.617 106.534 -1.06539e-05 2.50115e-05 -2.57628e-06 82.626 89.4464 103.363 -0 0 0
-13.6183 -13.81 -14.0797 0.0552154 0.0167631 0.0159434 -15.3832 -15.5843 -15.8086 0.276844 -0.112445 -0.01299
-13.6297 -13.7807 -14.1328 0.0515717 0.0105967 0.00529115 -15.4474 -15.5019 -16.0991 0.195733 -0.086627 0.002429
144.582 157.595 201.896 -0.371123 1.57524 -0.656119 142.602 160.678 199.735 -0.145356 2.04558 -0.469297
199.605 208.844 286.78 -0.126835 -1.46025 0.546943 204.769 223.324 287.129 -0.1972 -2.2928 0.381959
-0.172115 -0.172113 -0.172115 4.85468e-07 1.91185e-06 1.28688e-06 -0.794195 -0.794195 -0.794195 0 0 -0
3.64041 3.64041 3.64037 2.86295e-07 4.19917e-07 2.81255e-07 3.29166 3.29166 3.29166 0 -0 0
-8.15789 -8.1579 -8.1579 -4.96791e-07 1.60119e-07 -1.81461e-06 -8.48161 -8.48161 -8.48161 -0 0 -0
-7.80605 -7.78805 -7.84433 -0.013369 0.00842022 -0.0183789 -8.233 -8.25037 -8.22521 0.008982 0.000506 -0.018684
8.42323 8.57307 8.38976 -0.0424614 0.0222478 -0.0206825 8.10046 8.33774 8.0702 -0.013525 0.056037 -0.00389
8.45883 8.70713 8.43676 -0.049103 0.0233128 -0.0320486 8.1128 8.43828 8.10017 -0.003696 0.048315 -0.003416
-11.6241 -11.6241 -11.6241 -3.90824e-07 3.72771e-09 -3.10372e-07 -11.8411 -11.8411 -11.8411 -0 0 -0
-7.12553 -7.02997 -6.80212 -0.0945111 0.533942 -0.0256875 -7.14587 -7.48926 -7.34637 0.084457 0.169569 -0.017184
-6.90703 -6.78066 -6.50402 -0.0998321 0.40875 -0.0719658 -7.03698 -7.34147 -7.12025 0.100177 0.159867 0.0061
-7.19811 -7.07176 -6.58135 -0.0229984 -0.144336 -0.0961251 -7.77581 -7.27428 -6.87923 0.025971 -0.016059 -0.259259
-6.69574 -6.49892 -6.5519 -0.07445 -0.110035 -0.166741 -7.16134 -7.00638 -7.19864 -0.03883 -0.08357 -0.107497
9.08554 9.52196 8.89966 0.0366394 0.0340253 0.0324869 8.81081 9.34697 8.53404 0.031115 0.075093 0.045833
9.20829 9.78235 9.21346 -0.16272 -0.0408334 -0.349484 8.97237 9.82284 9.02208 0.018038 0.023197 -0.165027
-6.98768 -6.70881 -6.50403 0.299104 -0.153399 -0.0889699 -7.37206 -7.00788 -6.829 0.078557 -0.060196 -0.371556
-3.8855 -3.8855 -3.88551 -4.282e-06 9.90207e-07 1.6297e-06 -1.90719 -1.90719 -1.90719 -0 -0 -0
-6.5557 -6.43222 -5.5224 -0.0127385 0.0708191 -0.220933 -6.75344 -6.92978 -5.95713 -0.032913 0.0914 -0.026144
-6.48445 -6.34514 -5.44945 -0.0156709 0.079951 -0.240006 -6.68314 -6.84861 -5.88881 -0.033468 0.090629 -0.025546
4.28289 4.2829 4.2829 -1.89978e-06 -2.52783e-06 -2.59299e-06 6.33425 6.33425 6.33425 -0 -0 0
-11.113 -11.113 -11.113 5.73998e-06 3.21303e-06 8.02242e-06 -9.10649 -9.10649 -9.10649 0 -0 -0
10.2014 9.91717 9.84562 -0.122229 -0.180356 -0.00545432 10.8247 10.2537 9.87765 0.033715 0.02702 -0.24181
-5.20567 -4.84639 -4.58043 -0.0849804 0.185387 -0.56917 -5.45676 -5.5185 -5.18815 -0.052295 0.094058 -0.039144
10.0703 9.77664 10.3354 0.159748 0.344409 -0.302024 10.3202 10.0436 10.3455 0.282528 0.440153 -0.007912
13.5167 13.5167 13.5167 -2.73129e-06 5.2168e-07 -3.02399e-07 15.7651 15.7651 15.7651 0 0 0
-20.3844 -20.4343 -20.3739 0.0028537 0.00084856 -0.0183888 -20.3247 -20.4047 -20.3035 0.004836 -0.00869 0.000702
-20.043 -20.168 -20.037 0.00713222 0.00164395 -0.0444184 -20.0296 -20.2291 -19.9723 0.00872 -0.023397 0.005677
-17.3928 -17.3928 -17.3928 8.85368e-06 -1.19442e-06 -9.25731e-07 -15.2044 -15.2044 -15.2044 0 -0 -0
18.6049 18.6049 18.605 8.42086e-07 -1.9529e-06 -2.43918e-06 20.9989 20.9989 20.9989 -0 0 0
-18.9966 -18.8647 -18.9235 -0.0114703 -0.0230853 -0.105603 -19.0008 -19.3228 -19.1044 -0.041315 0.077364 0.007907
-18.4975 -18.5331 -18.6496 0.194488 0.00633923 0.0486507 -18.5108 -19.0862 -18.9464 -0.052098 -0.056422 0.06088
-18.224 -18.0991 -17.8782 -0.245436 -0.119893 -0.310151 -17.9192 -18.9465 -18.4661 -0.105237 -0.046198 -0.03545
-17.7239 -17.6828 -17.8365 0.193975 0.0552439 0.0790639 -17.9223 -18.4638 -18.2087 -0.062646 -0.030537 0.188406
-3.51163 -2.42137 -2.18655 0.208108 -0.801607 -0.424542 -3.85424 -1.5166 -3.20657 -0.098046 -0.425124 -0.281875
-3.41069 -2.97473 -2.41955 -0.31748 0.238822 -0.501695 -2.57852 -2.68696 -2.70328 -0.3095 0.326486 0.132141
-2.46963 -1.15148 -0.0354361 -0.393883 -1.00008 -0.741983 -3.03287 -1.30833 -0.804546 -0.375485 -0.445122 -0.717959
-1.72254 -2.75487 0.319308 -0.310953 0.96268 -0.010019 -1.65817 -4.08303 0.299795 -0.115939 0.810828 0.443898
-0.304258 0.203069 1.07501 -0.732322 -1.73386 -0.634454 -0.171201 0.183132 -0.975616 -0.419937 -0.816291 -0.645443
-0.660212 0.516599 4.81643 -0.0302531 -1.16756 0.0916685 -1.07462 -0.288634 3.22437 -0.051997 -1.08595 -0.302455
0.137873 -0.742723 -0.44841 -0.0464821 -0.0438988 0.151351 -0.042779 -0.027033 0.044181 -0.013455 -0.001804 -0.016818
0.137873 -0.742723 -0.44841 -0.0464821 -0.0438988 0.151351 -0.042779 -0.027033 0.044182 -0.013455 -0.001804 -0.016818
0.140673 -0.735291 -0.445871 0.233327 -0.0408543 0.150087 -0.036532 -0.021081 0.050315 0.428354 -0.004963 -0.009232
0.14325 -0.73172 -0.442304 -0.0453836 -0.0446743 -0.131708 -0.033884 -0.024297 0.053469 -0.020753 0.001269 -0.456196
0.139338 -0.735627 -0.44125 -0.0433746 0.705709 0.152223 -0.040924 -0.017373 0.05475 -0.016342 0.686767 -0.020529
-0.635534 -1.98163 -2.23237 -0.0450996 -0.0463297 0.148251 -0.78421 -1.06258 -1.76668 -0.01769 -0.00466 -0.01855
0.147654 -0.71614 -0.439601 0.513362 -0.0381286 0.148403 -0.005442 0.004461 0.06469 0.866 -0.007782 0.001005
0.152493 -0.718932 -0.422093 -0.0441913 -0.0451481 -0.415599 -0.006395 -0.021655 0.085781 -0.027903 0.001916 -0.893008
0.951493 1.09826 0.80976 -0.0477175 -0.040795 0.144745 0.741121 1.79475 1.10977 -0.014231 0.002203 -0.017661
0.936425 0.512476 1.38064 -0.0477208 -0.0410824 0.154557 0.748232 1.03568 1.86341 -0.008501 0.0011 -0.018522
2.47367 0.0680058 0.347633 -0.047667 -0.0448505 0.150859 2.12154 0.753326 0.822717 -0.015909 -0.004144 -0.016108
0.147921 -0.731077 -0.435443 -0.0525215 -1.54121 0.150276 -0.032507 -0.017153 0.062595 -0.009092 -1.38111 -0.010915
0.166965 -0.731159 -0.363178 -0.0502164 -0.0418645 1.00341 0.039181 -0.033231 0.125799 0.003796 -0.012008 1.30029
0.1661 -0.674265 -0.419724 -0.88714 -0.051691 0.153341 0.043772 0.044112 0.041742 -1.33976 0.004254 -0.030403
0.176642 -0.687198 -0.378462 -0.0434543 -0.0463779 -0.702463 0.022816 -0.022129 0.123322 -0.036032 0.004532 -1.3357
0.15124 -0.701457 -0.403739 -0.036963 2.19259 0.154246 -0.023289 0.027043 0.113944 -0.023829 2.05459 -0.023457
-1.37815 -3.18663 -3.95796 -0.0436019 -0.0490324 0.145446 -1.45854 -2.04034 -3.58541 -0.021508 -0.009189 -0.018111
-1.40967 -4.29742 -2.90223 -0.0431682 -0.049085 0.164322 -1.48031 -3.63462 -1.98008 -0.009911 -0.010325 -0.009517
1.76995 1.79912 3.26369 -0.0493001 -0.0385638 0.158274 1.56153 2.11599 3.7581 -0.003751 0.003509 -0.020933
4.86394 0.900535 1.16539 -0.0487074 -0.0458755 0.15105 4.36914 1.5563 1.61402 -0.019637 -0.008176 -0.013994
-2.09031 -4.36353 -5.62821 -0.0424128 -0.0516727 0.142871 -2.10216 -2.98897 -5.37595 -0.026308 -0.013545 -0.017116
-2.13775 -5.99238 -4.0866 -0.0413864 -0.051633 0.170774 -2.13485 -5.43438 -2.92863 -0.00834 -0.013962 -0.008706
0.994437 1.97777 3.35537 -1.17977 0.175554 -0.756056 1.45297 2.30291 2.52574 -0.779554 -0.136576 -0.035218
-6.47993 -3.05429 -2.71737 -0.0421933 -0.0414808 0.15642 -6.03373 -2.22984 -2.18822 -0.006802 -0.002145 -0.022553
0.290606 -0.541534 -0.255506 -0.0500185 -0.0116404 0.133513 0.187635 0.184354 0.279998 -0.012262 0.009995 -0.048654
0.364973 -0.446359 -0.162063 -0.0511437 -0.0150702 0.130306 0.284806 0.284543 0.388312 -0.016879 0.001478 -0.057264
0.688959 -0.503991 -0.332113 -0.084178 -0.163586 0.106094 0.647645 0.307945 0.260636 -0.109284 -0.080199 -0.035142
0.492769 -0.292973 -0.00994492 -0.0548145 -0.0165476 0.123066 0.462031 0.463184 0.569435 -0.015715 -0.009564 -0.079308
-1.40281 -0.608493 7.35775 1.24433 0.0451426 0.0654636 -1.9134 -1.07033 9.5198 2.42 0.284033 0.107056
0.539838 -0.943494 -0.8015 -0.22037 -0.313373 0.300855 0.759047 -0.061526 -0.116914 -0.165368 -0.215741 0.122037
1.30652 -0.187158 0.0838567 -0.0435023 -0.293535 0.0693863 1.49945 0.731693 0.781399 -0.152414 -0.186356 -0.068851
-1.23931 -0.265648 7.4392 1.11363 -0.0501054 0.171591 -1.56195 -0.793805 9.3842 2.26614 0.10228 0.130232
-1.2001 -0.229231 7.43406 1.0912 -0.0737879 0.162127 -1.50304 -0.777363 9.3398 2.23798 0.06285 0.122243
57.0441 56.7727 57.0139 -0.138351 0.0781491 0.0019625 57.0553 57.3602 56.8905 -0.024365 0.002996 -0.029525
-0.501669 -0.108159 6.5295 0.755355 -0.207253 -0.110215 -0.949909 -1.10564 7.74769 1.59719 -0.182611 -0.003442
57.0834 56.7145 56.977 0.0264934 0.142389 -0.0654343 57.213 57.2486 57.1168 -0.088025 0.001976 -0.037593
57.1702 56.6804 57.0343 0.131761 0.106756 -0.043025 57.3565 57.3883 57.2496 -0.090156 -0.02471 -0.015861
-2.15962 3.50968 -8.60334 -0.00792522 -0.00688091 -0.197499 -3.57598 6.3397 -10.823 0.011823 0.060202 -0.188037
-5.60045 -0.661452 -11.434 -0.00852095 -0.009582 -0.188292 -6.89233 2.53087 -13.6142 0.012439 0.057469 -0.170212
57.4856 57.1474 57.3375 0.119298 0.169009 -0.0467232 57.6076 57.9987 57.2547 -0.070357 0.001577 -0.072049
57.4692 57.0524 56.9816 0.0547352 -0.0371621 -0.33957 58.3527 57.879 57.7267 0.045164 -0.1317 -0.219051
1.71723 1.43931 1.76562 -0.0876566 0.0819507 0.0881934 2.2043 2.37642 2.57782 0.012095 -0.06752 -0.204453
58.1878 57.3684 57.9981 -0.526129 -0.251215 -0.00748699 58.2853 58.2288 58.0067 -0.062161 0.062672 -0.068495
27.0201 13.5741 13.8777 -0.00757946 2.19909 0.00362177 30.4855 13.7433 14.3339 0.003584 3.53318 -0.077192
-0.63129 0.889452 1.11388 -0.171362 -0.000532384 0.545776 0.086366 2.12028 1.83902 -0.455719 0.268665 0.25775
21.152 15.5888 15.7926 0.119786 0.943459 0.000798183 22.1833 14.6612 15.4972 0.306454 1.81241 0.083861
-10.15 -11.3714 -11.5195 -0.123799 -0.275491 -0.0921298 -10.8695 -11.9043 -11.642 0.133146 -0.685726 -0.136014
-9.29612 -10.815 -12.1537 -0.139792 -0.380396 -0.203814 -9.27854 -10.9201 -12.4444 0.767171 -0.990102 -0.435411
-9.08141 -10.5821 -11.8278 -0.11022 -0.364281 -0.195967 -9.04361 -10.7156 -12.0928 0.770095 -0.933174 -0.40388
-3.78082 0.550455 0.396364 -0.38959 0.297557 0.292067 -2.992 1.4442 1.22899 -0.634024 0.530301 0.037129
57.4877 56.4764 57.1165 0.241406 -0.134997 -0.347378 58.4576 58.7351 57.6845 0.149098 -0.115253 -0.250557
6.77625 1.58108 1.75271 0.405015 0.940643 0.247454 8.7725 1.59044 -0.217139 -0.08836 1.42195 0.736019
-8.31552 -9.799 -10.7669 -0.151688 -0.274765 -0.20199 -8.36602 -10.0512 -11.0316 0.638073 -0.54577 -0.403762
18.0136 26.4577 8.23749 -0.00617295 0.00390866 -0.253641 17.0939 29.5107 6.76314 0.009897 0.080092 -0.274827
-1.00122 -1.06873 -1.04832 -0.00920216 -0.00822461 0.00254934 -0.915247 -1.15265 -0.98922 -0.002029 -0.051253 -0.005051
-7.79941 -9.58895 -10.3811 -0.163409 -0.171177 -0.109401 -8.35778 -9.84234 -10.6742 0.278272 -0.351141 -0.412296
20.4738 17.2337 17.9563 -0.0275486 0.862027 -0.238152 19.9141 16.786 18.743 0.594792 1.10933 0.116242
-7.74216 -9.51658 -10.3436 -0.171523 -0.145909 -0.134085 -8.25309 -9.78169 -10.6377 0.317988 -0.334154 -0.405778
6.86561 2.22107 3.44065 -0.0446615 0.90478 0.0126641 6.48007 1.45706 3.45298 0.289734 1.26579 0.463149
0.469638 0.337895 1.04113 -0.20607 -0.168563 -0.177594 -0.07879 -0.337505 1.01076 -0.133508 -0.154347 -0.067119
-0.516444 -0.522239 -0.446744 -0.111678 -0.0202381 -0.0900129 -0.674523 -0.520408 -0.62296 -0.161444 -0.015202 -0.127408
-7.91629 -7.91629 -7.91629 3.59526e-07 1.56215e-07 2.78852e-07 -8.09772 -8.09772 -8.09772 -0 -0 -0
-0.121461 -0.152446 0.0371981 -0.162857 -0.0494371 -0.13001 -0.387779 -0.283 -0.183848 -0.175389 -0.035131 -0.142046
3.23714 6.46529 9.16671 -2.31245 -0.0114994 -0.342064 3.09141 6.33448 6.28589 -1.65053 -0.303542 0.498398
-10.9322 -10.9322 -10.9322 3.59736e-08 2.00403e-07 6.04488e-08 -11.1453 -11.1453 -11.1453 -0 0 -0
3.34118 6.83041 9.55464 -2.41945 -0.022345 -0.297461 3.20384 6.60131 6.44311 -1.72506 -0.2632 0.576769
4.88182 7.65558 10.6755 -1.68695 0.127638 1.2225 5.52766 6.53404 7.26593 -1.82934 -0.148594 1.21286
2.53883 3.03835 3.20679 -0.0607105 0.056709 0.143135 3.43578 4.04549 4.40345 0.102248 -0.221875 -0.260247
7.89001 1.60746 4.12476 -0.000855751 0.981177 -0.0789015 9.10738 2.29242 3.46992 0.163498 1.17684 0.283103
2.2742 3.81694 3.23035 1.22836 0.0183221 0.135585 2.93795 5.32161 4.03976 1.94979 0.282674 0.038344
-13.7999 -13.7881 -13.7894 -0.00122767 -0.00220015 0.00677981 -14.0758 -14.0376 -14.0351 -0.005256 0.00321 0.006078
17.86 16.9703 17.082 -0.0811987 0.318829 -0.171746 17.9988 16.8381 16.9111 -0.190348 0.487514 0.089457
2.64338 3.30849 3.44656 -0.060747 0.0342147 0.155439 3.5799 4.35739 4.7067 0.108702 -0.230172 -0.254461
-33.6486 -33.7184 -33.5359 -0.0421324 -0.0420772 0.255154 -34.8233 -35.0577 -34.7402 -0.07314 -0.013341 0.069884
-33.5733 -33.656 -33.4362 -0.0468818 -0.0575824 0.312838 -34.6948 -34.9875 -34.5942 -0.091309 -0.0255 0.0968
17.4616 16.8323 16.9942 -0.0325338 0.231019 -0.219717 17.6855 16.7134 16.8282 -0.236341 0.322754 -0.085317
4.34544 8.4092 11.1784 -2.5329 0.0788954 0.281363 4.27155 7.83195 7.29638 -1.95297 -0.096294 0.928957
-33.3171 -33.2267 -33.3644 0.269524 -0.11726 -0.140123 -34.0039 -34.0921 -34.4141 0.040355 -0.098418 0.078752
5.48336 5.41481 6.17861 -0.737973 0.514215 -0.333875 5.69071 5.33676 5.71776 -0.584892 0.822218 -0.899021
2.86218 3.98167 3.95769 0.432471 -0.370373 0.272581 3.8039 5.30472 4.89339 0.927214 -0.031528 0.106919
-31.4036 -31.4342 -31.231 -0.365714 -0.422663 -0.252856 -32.179 -32.6969 -32.0773 0.091319 -0.236794 0.216147
-31.2796 -31.2976 -31.096 -0.385698 -0.464753 -0.251992 -32.0107 -32.5814 -31.9543 0.095201 -0.25912 0.224913
-30.0147 -29.7366 -30.0538 0.534389 -0.576166 0.116936 -30.5266 -31.3748 -31.159 0.205683 -0.316765 -0.328191
-31.3812 -31.2624 -31.1186 0.357574 0.148692 0.557707 -32.3117 -31.9917 -32.0515 0.135574 -0.217371 0.22204
3.31341 6.6944 8.86431 -0.169263 0.933903 -0.806723 3.82415 5.23379 9.83307 -0.096859 1.24745 0.246038
8.59726 8.02163 6.61867 0.263117 0.186018 -1.28483 8.52543 6.42585 7.42278 0.361556 -0.02596 -1.53615
9.14799 8.50634 7.27623 0.19147 0.312746 -1.24599 9.4498 6.96394 7.90487 0.195338 0.178337 -1.55931
9.76783 9.68625 9.1254 -0.245396 0.366923 -1.20291 10.422 8.30866 9.03685 -0.359134 0.060055 -0.984239
-23.1716 -24.8879 -24.58 0.0365746 0.852884 -0.103635 -21.4422 -26.3078 -25.3685 0.139271 0.742599 -0.138458
-24.0656 -25.5652 -25.2428 0.143126 0.60514 -0.0870046 -22.0337 -26.8095 -25.6028 0.209655 0.402956 -0.223323
-24.2617 -25.5962 -25.2558 0.176085 0.390728 0.00336455 -22.2606 -26.794 -25.2531 0.287722 0.165615 -0.099335
0.422672 0.571965 0.391329 -0.0657804 0.298341 0.0401813 0.065662 0.063047 0.010709 -0.004467 -0.010264 -0.001049
0.420267 0.566771 0.389063 -0.0663412 -0.297147 -0.0397728 0.07502 0.052665 0.065248 -0.004908 0.013157 -2.3e-05
0.422522 0.57133 0.392069 -0.0659116 -0.298476 -0.04031 0.07798 0.058157 0.067083 -0.005017 0.012004 -1.5e-05
0.422522 0.57133 0.392069 -0.0659116 -0.298476 -0.04031 0.07798 0.058157 0.067083 -0.005017 0.012004 -1.5e-05
0.420637 0.567302 0.392338 -0.0624802 -0.295889 0.181095 0.071804 0.056345 0.065758 -0.013809 0.005406 0.379451
0.421827 0.573743 0.390355 0.163619 -0.297172 -0.0363 0.069308 0.065547 0.072416 0.389828 0.007489 -0.009047
0.427948 0.581006 0.399601 -0.295656 -0.299581 -0.0444637 0.091339 0.070668 0.065142 -0.400432 0.015385 0.007704
0.41575 0.548221 0.36852 -0.0652967 0.348047 -0.0381009 0.066117 0.036935 0.04476 -0.00934 0.602676 -0.00673
-0.339874 -1.05081 -0.781949 -0.0621787 -0.272075 -0.0376021 -0.61526 -1.596 -0.810018 -0.003365 0.030831 -0.004013
0.434214 0.58338 0.41859 -0.0744408 -0.299211 -0.483737 0.1058 0.050616 0.110642 0.013265 0.023502 -0.760577
-1.63709 -0.197062 -0.363665 -0.062995 -0.287659 -0.0372561 -1.78124 -0.649938 -0.646548 0.006406 0.01447 0.00608
-1.65261 -0.204877 -0.372264 -0.0624191 -0.291913 -0.0380297 -1.79775 -0.657619 -0.654044 0.005903 0.010979 0.006545
1.19856 1.76921 2.03693 -0.0715468 -0.32353 -0.0422172 0.80401 0.954758 1.78102 -0.00205 -0.006376 -0.008463
2.53365 1.35024 1.16195 -0.0695729 -0.306938 -0.0422022 1.99419 0.773398 0.79485 -0.016415 0.009034 -0.008473
0.413432 0.530187 0.349479 -0.064382 0.988008 -0.035877 0.07645 0.036813 0.041854 -0.013099 1.18151 -0.016808
0.43581 0.585609 0.434135 -0.0552635 -0.292866 0.626931 0.086369 0.063725 0.110521 -0.025351 -0.016726 1.13266
0.434623 0.614698 0.404266 0.626848 -0.294048 -0.0287561 0.082329 0.125554 0.082714 1.177 -0.005342 -0.024276
0.465039 0.67438 0.503631 -0.0690895 -2.20765 -0.0444762 0.113215 0.168008 0.191383 0.011332 -1.75289 0.020662
0.45978 0.650859 0.479189 -0.0692144 -2.24663 -0.044241 0.08934 0.139351 0.153227 0.009717 -1.79103 0.018747
-1.07175 -1.78435 -2.81994 -0.0563129 -0.258299 -0.0352652 -1.35373 -1.72545 -3.17765 -0.009314 0.036558 0.011645
-3.63619 -0.942671 -1.09789 -0.0593148 -0.27824 -0.034557 -3.56901 -1.33008 -1.33971 0.018494 0.013055 0.010778
2.00452 2.99819 3.72292 -0.0769467 -0.34927 -0.0445762 1.56002 1.8817 3.56033 0.001934 -0.027553 -0.018446
4.69753 2.15441 1.95557 -0.0725084 -0.316959 -0.0443336 3.98751 1.51565 1.54775 -0.025786 0.003051 -0.017286
-1.77167 -4.14067 -3.01639 -0.0531441 -0.21357 -0.0331254 -1.97402 -4.6489 -2.51675 0.001886 0.07406 -0.01136
-1.8108 -4.2224 -3.09627 -0.0534562 -0.244626 -0.0337589 -2.02213 -4.74142 -2.58914 0.001579 0.04671 -0.01164
-5.5725 -1.6708 -1.81445 -0.0554911 -0.269271 -0.0315984 -5.29216 -1.99357 -2.01234 0.029257 0.006693 0.016509
2.8697 5.65371 4.06362 -0.0772918 -0.36758 -0.0471221 2.32309 5.41058 2.8497 -0.012676 -0.045472 0.006632
2.83905 4.2523 5.44696 -0.0824926 -0.374129 -0.0466489 2.34383 2.83741 5.3943 0.004961 -0.052452 -0.028693
6.9085 2.98067 2.77146 -0.0751678 -0.327163 -0.0464132 6.05624 2.28107 2.3199 -0.036252 -0.002642 -0.024944
-25.4945 -25.8023 -25.3386 0.152438 0.185131 -0.044327 -24.961 -25.697 -25.7392 0.065725 0.534233 0.174112
1.60669 7.33418 -5.01681 0.0293854 0.047764 0.00405731 -1.66544 8.43601 -5.51737 -0.086257 -0.02464 -0.11123
-1.81683 3.36926 -7.92036 0.0350404 0.0351601 0.00129532 -2.93718 4.52452 -9.41565 0.031468 -0.149813 -0.079091
-8.14814 -4.12891 -13.1825 0.0452585 0.0151502 -0.00346379 -10.5457 -1.86668 -13.7592 -0.057636 -0.116198 -0.114699
-27.9714 -28.1049 -27.8176 0.137578 0.313699 -0.0162526 -27.3968 -27.9597 -27.6527 0.01011 0.441785 0.17199
13.0189 19.99 4.71974 0.0148899 0.101596 0.0133652 9.98117 21.0016 4.26001 0.121618 -0.044647 -0.139701
-18.5431 -16.7417 -21.5516 0.0584797 0.000420838 -0.00956001 -19.6404 -12.6586 -22.1314 -0.045562 -0.1221 -0.113365
71.495 63.3375 66.8579 -1.36432 -0.578047 0.00424008 71.4222 63.2475 67.4536 -1.20874 -0.689815 0.120925
71.8494 63.1807 67.0644 -1.43004 -0.686217 -0.104366 71.6886 62.8249 67.66 -1.13531 -0.804378 0.069548
70.3453 63.6011 68.1436 -1.36145 -0.50792 -0.285025 70.4098 62.8946 68.7109 -0.945397 -0.943568 -0.232299
66.3897 64.705 68.9294 1.86801 0.114243 0.211478 65.9213 66.0503 69.1499 1.63753 0.051625 0.066059
66.3651 64.9007 69.7846 1.67927 0.473361 0.237861 65.9426 65.9483 69.9205 1.42323 0.237637 0.236537
65.8075 64.9602 65.8842 0.0322319 -0.205937 -0.326364 66.157 64.6457 66.7371 -0.324457 -0.495365 -0.239005
-15.2992 -15.3551 -16.5991 -0.022767 -0.332765 -1.17207 -17.5427 -17.3953 -18.56 -0.036535 0.043909 -0.81908
-17.791 -16.781 -17.8916 0.0795434 -0.126705 -0.763684 -19.5706 -18.9552 -19.5525 0.047848 0.020494 -0.675751
-18.2478 -17.2082 -18.0284 0.0411251 -0.140881 -0.621735 -20.0659 -19.2723 -19.817 0.018906 -0.062915 -0.522366
-24.3055 -23.5711 -23.8315 -0.392242 0.665406 -1.32309 -25.0201 -24.2309 -24.246 1.12551 -0.733439 -1.4545
-20.5474 -18.9942 -18.7053 0.175848 -0.0864396 -0.166548 -22.4589 -20.7241 -20.9554 0.114842 -0.300189 -0.189327
-32.4622 -33.2694 -32.6893 -0.294854 0.842099 -0.955207 -32.0858 -33.458 -32.1079 -0.004112 -0.025515 -0.255359
-23.134 -20.7842 -20.3168 -0.415921 0.321325 0.183248 -24.1717 -22.4554 -22.0854 -0.073391 0.03982 -0.200313
-31.3994 -31.6777 -30.9894 -0.0327336 0.0786413 -0.444642 -31.2993 -32.5468 -29.7684 -0.37942 0.178507 0.359351
-31.5586 -31.9472 -31.7221 -0.0642977 0.29218 -0.338595 -31.5965 -32.486 -30.6857 -0.394003 0.321347 0.234552
-24.5841 -23.7649 -23.9047 0.00942139 0.164954 0.349717 -25.6264 -25.2915 -25.6037 0.041518 1.07775 -0.304401
-0.0423481 -0.00526461 0.443196 -0.0671067 -0.0232872 0.0164274 -0.044857 -0.056487 -0.05576 0.003088 0.009807 -0.009483
-0.0351555 -0.00390452 0.455116 -0.0671097 -0.0228646 0.169234 -0.029241 -0.069706 -0.012499 0.005702 0.014325 0.221072
-0.0334884 -0.00231092 0.454005 0.0654143 -0.0293171 0.0143929 -0.043639 -0.049724 -0.051338 0.218747 0.016356 -0.015889
-0.0368339 0.000520804 0.448797 -0.0670944 -0.0247464 0.183023 -0.035233 -0.070732 -0.019267 0.005097 0.01075 0.243908
-0.0393148 0.00133866 0.445506 -0.0671169 -0.0251847 0.188218 -0.036591 -0.06576 -0.02584 0.005041 0.009928 0.255729
-0.0347586 -0.00322231 0.446581 -0.060569 -0.55539 0.0168204 -0.038041 -0.05276 -0.050516 -0.002838 -0.44838 -0.013947
-0.0408851 -2.34549e-05 0.449287 -0.0740003 0.515136 0.0143554 -0.048244 -0.054247 -0.054401 0.008038 0.473179 -0.011058
-0.0298665 0.0229281 0.455285 -0.342627 -0.0102808 0.0175333 -0.019393 -0.032123 -0.052062 -0.449808 0.002106 -0.014205
-0.118969 -0.0858547 0.37901 -0.0665792 -0.0249812 0.0142883 -0.11537 -0.148286 -0.098471 -0.000808 0.008286 -0.018532
-0.0374609 -0.000592836 0.456993 0.215975 -0.0370216 0.0182957 -0.042281 -0.027487 -0.065696 0.469451 0.02095 -0.0076
-0.0312066 0.00299111 0.466071 -0.0667531 -0.0201041 -0.314291 -0.036678 -0.046569 -0.07328 0.002138 0.011533 -0.51934
-0.0648751 0.0446383 0.491148 -0.0431449 -0.0935989 0.0262412 -0.049797 -0.013625 -0.012261 0.017882 -0.035961 -0.000479
-0.732878 -1.07418 -0.947066 -0.0677506 -0.0269583 0.0141676 -0.703034 -0.921653 -1.4766 0.005833 0.008777 -0.037228
0.690933 1.10544 1.88523 -0.0665197 -0.0198382 0.0145664 0.658311 0.841209 1.41144 0.001134 0.010801 0.012668
-1.74906 -0.704453 -0.264904 -0.0659554 -0.0229946 0.0130581 -1.58723 -0.760693 -0.735828 0.009296 0.013058 -0.017475
1.72164 0.714156 1.17517 -0.0687012 -0.0233948 0.0163523 1.55384 0.663232 0.646315 -0.000518 0.008093 -0.012226
-0.029896 0.0138098 0.468736 -0.080223 1.02819 0.0100877 -0.046825 -0.043639 -0.029318 0.015247 0.9155 -0.014908
-0.0162819 0.0497981 0.473509 -0.462642 -0.00575818 0.0192922 -0.000222 0.004597 -0.064681 -0.642499 -0.008061 -0.014376
-0.0284051 0.0213782 0.473932 0.332376 -0.0404396 0.0213701 -0.031937 0.021155 -0.077665 0.652529 0.033429 -0.006388
-0.0238252 0.0477386 0.464446 -0.494081 -0.00284498 0.0212232 -0.009306 0.003856 -0.065508 -0.702133 -0.004163 -0.012857
-0.0275349 0.0177425 0.483144 -0.0667927 -0.0267161 0.51443 -0.009634 -0.112097 0.082098 0.009278 0.015724 0.746646
-0.0146758 0.021311 0.491436 -0.0662572 -0.0194825 -0.465566 -0.007307 -0.037445 -0.05946 0.0034 0.010279 -0.748634
-0.0232334 0.0313349 0.474751 -0.0666728 -0.0288956 0.54317 -0.004671 -0.08866 0.069756 0.009172 0.012445 0.798082
-0.0136766 0.0130007 0.464586 -0.0476944 -1.59806 0.0182002 -0.029609 -0.020178 -0.022401 -0.012652 -1.34077 -0.012761
-0.0263027 0.0274442 0.485782 -0.0862288 1.54279 0.00757502 -0.039943 -0.009733 -0.02133 0.022078 1.35758 -0.012324
-0.0232757 0.0292044 0.483712 -0.0873836 1.57115 0.00833488 -0.044589 -0.01318 -0.016291 0.017854 1.38409 -0.00853
1.41252 2.80825 2.68174 -0.0779172 -0.0159495 0.0196045 1.40783 2.72182 1.75279 0.013128 0.018225 -0.038312
-1.41264 -2.11504 -2.30351 -0.0676808 -0.0303209 0.0112984 -1.34819 -1.75832 -2.85371 0.007986 0.008748 -0.059506
1.42923 2.21833 3.33069 -0.0668244 -0.0160557 0.0158101 1.37856 1.75746 2.87167 0.000978 0.015149 0.042004
-3.38557 -1.37899 -0.950889 -0.0650062 -0.0232838 0.0100651 -3.05374 -1.4268 -1.3798 0.014396 0.016713 -0.017863
-3.48936 -1.42004 -0.990319 -0.0649137 -0.0214366 0.0117307 -3.15336 -1.46537 -1.42466 0.013817 0.016237 -0.018691
3.59723 1.48093 1.94809 -0.0702228 -0.0252669 0.0173797 3.27793 1.42156 1.38312 -0.004518 0.006413 -0.004852
-0.0836691 0.699952 0.174968 0.0539495 0.0681111 -0.0945981 -0.012837 0.250522 0.165666 0.118504 0.047274 -0.033007
-2.06748 -4.02807 -2.73358 -0.0517758 -0.0313889 0.00862577 -2.05728 -4.06181 -2.61203 -0.003728 0.007574 0.029292
2.17058 4.27528 3.83488 -0.084195 -0.0136537 0.0256814 2.18555 4.18763 2.68576 0.012187 0.021715 -0.040952
-2.08966 -3.16073 -3.66889 -0.0690549 -0.0329384 0.0161254 -2.01099 -2.60269 -4.22839 0.00892 0.008453 -0.069044
2.19444 3.37533 4.83008 -0.0658223 -0.012331 0.0144875 2.13374 2.71173 4.38401 -0.002725 0.018263 0.073075
-4.97939 -2.04179 -1.62528 -0.0643285 -0.0232022 0.00649643 -4.49027 -2.08785 -2.0207 0.020109 0.016558 -0.022399
-5.13608 -2.10262 -1.68237 -0.0641565 -0.0205569 0.00808889 -4.63277 -2.14239 -2.08458 0.018484 0.018254 -0.024366
5.48387 2.25326 2.72976 -0.0721363 -0.0262981 0.0164669 5.02757 2.18604 2.13271 -0.007565 0.005243 -0.001001
-28.2793 -27.14 -28.0955 -0.0284742 0.262662 -0.318192 -28.9113 -28.0984 -28.8671 0.03257 1.05559 -0.763626
0.241831 0.90038 1.3205 0.142173 -0.651753 0.104607 0.463769 0.898638 1.02436 0.166119 -0.445401 0.067647
-0.335428 0.138897 0.925363 -0.00422961 -0.120462 0.444826 -0.025697 0.116562 0.89901 0.020252 -0.058948 0.669535
-0.555158 -0.260657 0.387798 -0.179494 -0.1603 0.0680096 -0.451045 -0.234671 0.331189 -0.115955 -0.123672 0.074515
-36.0482 -36.7311 -36.4649 0.0220626 -0.0799667 -0.0532429 -35.5581 -35.8626 -35.9088 -0.130035 -0.071028 0.069961
-6.23585 -5.99524 -6.15525 -0.0133663 -0.229887 0.221062 -5.11341 -4.91326 -5.43304 0.147832 -0.813718 0.688249
-35.2413 -35.8701 -35.7406 0.00151121 -0.0765098 -0.161158 -34.5657 -34.8843 -35.0233 -0.207664 -0.087665 0.043964
-32.754 -32.8403 -33.241 -0.129136 0.112582 -0.364947 -31.743 -31.5928 -32.1911 -0.363603 0.071614 -0.077737
-0.878955 3.52405 -6.3949 0.242852 0.0168534 -0.0690599 -1.64898 3.86091 -7.14041 0.19794 -0.015655 -0.079986
-3.83068 0.0871296 -8.95352 0.233446 0.0164648 -0.0637416 -4.48768 0.736196 -9.60423 0.189947 -0.016995 -0.07678
9.0021 14.6493 2.32192 0.272124 0.0148067 -0.0923861 8.01998 14.4679 1.53251 0.22375 -0.012258 -0.089583
14.5223 14.5212 14.394 -0.028496 -0.276258 0.259996 15.6362 15.9126 15.3209 0.199041 -1.05315 0.864332
-8.37025 -8.47348 -0.6679 -1.88416e-05 2.3718e-06 -1.92866e-06 -7.10774 -6.73336 -1.95359 0 0 0
-11.7477 -9.26633 -15.583 0.203415 0.0127163 -0.0534935 -11.9153 -7.46459 -16.1198 0.173877 -0.018813 -0.06706
16.5579 22.7084 9.12001 0.293996 0.00982855 -0.114543 15.5726 22.715 8.30501 0.239328 -0.012812 -0.099346
2.90597 1.78696 2.02339 -0.271132 -0.381403 0.723183 3.24466 1.84768 1.68933 -0.106465 -0.461225 0.876511
-36.7353 -36.1281 -36.364 0.11226 -0.0689074 -0.123882 -37.5122 -36.665 -36.4968 0.062422 0.000533 0.099507
-36.953 -36.4708 -36.6519 0.0878918 -0.0613678 -0.0819024 -37.7476 -36.9924 -36.8645 0.054494 -0.025214 0.093817
3.22785 1.86079 2.07315 -0.680942 -0.442887 0.779966 3.58721 1.84362 1.79987 -0.413182 -0.452987 1.00194
3.16929 0.0285017 1.05511 -1.0148 -0.460297 1.25773 3.79722 0.547618 1.01863 -0.673807 -0.506854 1.46691
133.758 133.785 133.855 0.385805 0.186873 0.109778 135.549 135.626 135.45 0.144229 0.063593 -0.033214
0.36036 0.0890445 0.0613439 0.126764 -0.351085 -0.0108742 -0.071608 -0.058258 -0.082619 0.000461 0.016691 0.018628
0.459705 0.208303 0.0961912 0.185773 -0.371404 -0.0477921 0.032258 0.060343 -0.037637 0.054851 0.005188 -0.009752
0.41323 0.148931 0.212081 0.123499 -0.355279 0.14205 -0.057698 0.051369 0.046905 -0.015748 0.006679 0.179333
0.448343 0.180415 0.10563 0.142173 -0.373788 -0.09671 0.019384 -0.012213 -0.003943 0.006135 -0.012389 -0.080961
0.403897 0.122773 0.239326 0.138577 -0.369002 -0.00755011 -0.061175 -0.054573 0.148705 0.002533 -0.001286 -0.005014
0.37666 0.213782 0.227196 0.127402 -0.369883 -0.0123828 -0.117998 0.077854 0.115516 -0.013745 -0.015312 0.009843
0.481855 0.0282494 0.161123 0.144001 -0.345024 0.182228 0.073378 -0.114722 -0.066975 0.007431 0.023973 0.212435
0.455047 0.141648 0.194789 0.132932 -0.365872 -0.0241756 0.026648 -0.043317 0.085704 -0.006665 -0.001693 -0.014846
0.542651 0.274634 0.231253 0.139378 -0.369231 -0.0258221 0.105195 0.112509 0.093832 -0.00173 -0.00474 0.004386
0.448629 0.190768 0.14948 0.151449 -0.421372 -0.0372037 0.018569 0.036989 0.020113 -0.008705 -0.081241 -0.007384
0.477623 0.193522 0.199926 0.0577328 -0.366592 -0.0128636 0.050404 0.039063 0.071563 -0.106189 -0.032176 0.01019
0.404174 0.0574366 0.374724 0.136619 -0.360268 0.0784918 -0.082161 -0.112769 0.305153 0.003567 0.012002 0.050826
0.405499 0.429824 0.0278385 0.136418 -0.369785 -0.1297 -0.101465 0.355676 -0.128885 -5e-06 -0.007863 -0.037774
0.320027 0.289582 0.277427 0.131317 -0.365943 -0.0175316 -0.257299 0.200222 0.192858 -0.001702 -0.000752 0.008739
0.714494 0.0788301 0.0173964 0.153011 -0.375109 -0.0365061 0.503224 -0.19254 -0.197936 0.001991 -0.005134 -0.004483
0.438496 0.185921 0.0972777 0.159084 -0.362581 -0.0379053 0.000202 0.045444 -0.035771 0.03114 0.01657 -0.004323
0.165139 -0.152419 -0.153988 0.184471 -0.296755 0.00205557 -0.24198 -0.30153 -0.278827 0.096753 0.113447 0.024199
0.326126 0.179753 0.153537 0.135632 -0.366855 -0.0214533 -0.189012 0.055991 0.044872 0.000767 0.000126 0.008939
0.458526 0.179452 0.123329 0.142445 -0.35529 -0.0190367 0.030623 0.022424 -0.025201 0.012952 0.013526 0.009394
0.927647 0.666147 0.640552 0.257497 -0.46294 -0.0341907 0.446749 0.468595 0.455141 0.100119 -0.088252 -0.009748
0.949387 0.678815 0.621929 0.282052 -0.475706 -0.0356751 0.474595 0.473874 0.436784 0.12548 -0.100532 -0.008027
0.519472 0.0327235 -0.00130466 0.140185 -0.371632 -0.026429 0.204554 -0.20419 -0.189784 -0.007977 -0.009753 0.000507
0.235118 -0.0679425 -0.0780441 0.366869 -0.391344 -0.00822516 -0.186255 -0.208552 -0.194946 0.271076 0.058622 0.01976
0.415682 0.23744 0.105287 0.169722 -0.352662 -0.0471023 -0.053115 0.106438 -0.025298 0.048735 0.027601 -0.007106
0.295622 0.268257 -0.0240658 0.13047 -0.362079 -0.0439566 -0.204523 0.234514 -0.172389 -0.006246 0.000381 0.039643
0.459183 0.266564 -0.131324 0.142415 -0.375457 -0.131838 0.091918 0.139678 -0.314378 -0.002327 -0.014102 -0.042973
0.494685 0.109948 0.166188 0.130156 -0.342801 0.106315 0.088779 -0.032604 -0.026274 -0.003184 0.02561 0.135269
1.11146 0.715228 0.926603 0.125835 -0.367964 0.0921285 0.639715 0.497938 0.748607 -0.022431 0.004957 0.08978
0.4151 0.142606 0.0726768 0.1372 -0.368002 -0.0920726 0.00437 -0.038041 -0.035878 0.003308 -0.00655 -0.078233
0.74362 0.0363531 0.0081855 0.132016 -0.373928 -0.0270951 0.559595 -0.252054 -0.22396 -0.024242 -0.011278 -0.000892
0.354763 -0.0707586 0.607876 0.134019 -0.352443 0.180695 -0.180786 -0.256787 0.604454 0.005295 0.028259 0.093607
0.306366 0.623179 -0.137859 0.132661 -0.370521 -0.23364 -0.248088 0.657532 -0.296597 -0.001006 -0.013538 -0.081504
0.233073 0.410287 0.35931 0.137291 -0.359757 -0.0256082 -0.442947 0.370513 0.294176 0.010885 0.008874 0.011147
0.532482 0.289291 -0.204744 0.139845 -0.362418 -0.0798407 0.197976 0.172046 -0.478235 -0.005378 -0.006955 0.03694
0.463404 0.344947 -0.406425 0.145025 -0.382304 -0.237666 0.142121 0.219214 -0.65751 -0.00397 -0.036626 -0.094481
0.559066 -0.0235425 0.564778 0.122605 -0.36306 0.680445 0.104843 -0.041271 0.266762 -0.025551 0.001397 0.686036
0.552218 0.305997 0.259467 0.841541 -0.668684 -0.0458978 0.072436 0.135406 0.111224 0.739887 -0.150535 -0.020365
1.50863 1.12124 1.56696 0.146743 -0.371896 0.134793 0.941738 0.875088 1.43007 0.001779 0.01773 0.084099
0.268708 0.872877 -0.239306 0.129581 -0.372156 -0.334472 -0.372289 0.981737 -0.440197 -0.002569 -0.015796 -0.124512
-0.016654 0.574375 -0.51661 0.143322 -0.374709 -0.331098 -0.624308 0.697104 -0.68193 0.011773 -0.019597 -0.12347
0.543291 0.272207 0.245131 -0.917701 0.0783981 -0.0097945 0.168641 0.144688 0.107632 -1.11833 0.214377 0.032445
-1.61872 -1.75954 -1.94795 0.12396 -0.338934 -0.041923 -1.96876 -1.74483 -1.96002 0.004091 -0.007319 0.028432
2.49468 1.98501 2.93532 0.15414 -0.374252 0.295244 1.80742 1.65121 2.81968 0.00602 0.034263 0.157905
-0.538553 -0.865167 -1.03174 -0.179362 0.487503 0.375846 -0.869244 -0.971878 -1.11887 -0.227909 0.103111 0.244711
3.89995 3.62234 3.77178 0.155887 -0.415063 0.00383531 3.24604 3.26467 3.48158 -0.017871 0.005238 -0.025529
4.29746 3.16807 3.19744 0.145957 -0.430168 -0.00825115 4.15451 2.55303 2.66923 -0.061605 -0.035497 -0.00616
-3.44284 -3.73192 -3.50509 0.122633 -0.322404 -0.00252674 -3.68984 -3.64924 -3.25978 0.026049 -0.005663 -0.015601
4.44015 4.77515 4.72119 0.174633 -0.416335 -0.0190185 3.49216 4.54048 4.43366 0.007609 0.015957 -0.006008
-5.24653 -5.16633 -5.6286 0.101102 -0.294188 -0.0753246 -5.40351 -4.76306 -5.35321 0.018967 -0.011867 0.061685
-5.48943 -4.78083 -6.15748 0.105908 -0.309164 -0.490874 -5.78591 -4.23094 -5.88838 0.029671 -0.028344 -0.22036
135.613 135.757 135.899 0.145659 -0.113973 -0.173241 136.399 136.044 135.973 0.206182 0.224134 -0.249578
135.969 136.107 136.531 -0.155344 -0.216855 0.170692 136.796 135.817 136.206 0.422308 0.019334 0.126553
0.327286 0.322639 0.423628 -0.000198843 -0.0296974 0.0375429 0.041071 -0.123922 1.16752 0.01295 0.010026 0.013383
136.191 136.591 136.701 -0.175169 0.142149 0.0450096 136.389 136.581 136.183 0.405191 0.128227 0.034781
11.5341 11.2304 11.7783 0.185002 -0.52274 0.0816079 10.4808 10.5357 11.3189 -0.057473 -0.003863 -0.09295
136.174 136.543 136.661 0.051415 0.338161 -0.139671 136.456 136.563 136.347 0.313395 0.160163 0.033879
-10.1422 -10.1841 -10.2975 0.0842329 -0.243939 -0.0237034 -10.1096 -9.47887 -9.48647 0.052246 -0.006776 0.03324
137.645 137.76 137.847 0.210937 -0.164205 -0.249881 136.876 136.635 136.282 0.383395 0.073858 -0.026265
-4.23349 -4.25336 -3.41297 -0.00167223 -0.0279204 0.026679 -4.23008 -4.35891 -2.80613 0.017428 0.015346 0.007367
-5.18947 -5.20763 -4.21335 -0.00146455 -0.0263152 0.0240232 -5.10225 -5.22476 -3.62825 0.017607 0.016099 0.005992
-26.7563 -26.4864 -26.5878 0.00585823 -0.144709 0.144001 -25.1201 -25.0726 -25.4414 0.078487 -0.52148 0.442865
-0.546339 -1.22809 -0.526172 -0.0404565 0.00646431 0.0239556 -0.725029 -1.10188 -0.170884 -0.024282 -0.196311 0.06379
-7.57278 -7.57928 -6.22664 0.00017312 -0.0194548 0.0165728 -7.25928 -7.37453 -5.77339 0.017676 0.024649 4.7e-05
-1.09358 -1.90249 0.636922 0.20857 0.0933577 -0.141341 -1.03817 -1.7414 0.63231 0.209956 -0.034216 -0.145322
-8.19614 -8.19803 -6.7629 0.000969875 -0.0166353 0.014258 -7.77767 -7.8716 -6.39953 0.019415 0.02886 -0.001233
-4.58729 -5.45702 -3.97865 -0.0250763 -0.0792955 0.0205243 -4.86288 -5.40354 -3.77322 -0.020791 -0.209012 0.056126
0.0162363 -0.11912 0.0127201 -0.0202594 0.268425 0.150883 0.053481 0.048764 0.060538 0.008776 -0.003286 0.005074
0.352023 0.279436 0.240956 -0.232942 0.0785533 -0.0923124 0.077837 0.072619 0.080581 -0.009158 0.002997 -0.00446
0.253227 0.281824 0.170687 0.236507 -0.0828782 -0.0779165 0.03295 0.050836 0.018984 -0.004136 -0.000133 0.00906
-0.13896 -0.286689 -0.16421 -0.104922 0.139332 -0.283986 -0.098434 -0.121871 -0.101435 -0.234709 -0.237499 -0.230367
0.344425 0.276914 0.211197 -0.242038 0.415231 0.329742 0.094001 0.073093 0.076139 -0.009905 0.336163 0.373999
0.353043 0.285498 0.226164 -0.238231 0.42874 0.34636 0.086905 0.070672 0.077677 -0.010349 0.347309 0.394854
0.361683 0.0116283 0.511103 0.379568 0.0710524 -0.100166 0.093328 -0.063462 0.233863 0.619489 0.007006 -0.013067
0.345643 0.569779 -0.00705211 -0.844445 0.0882639 -0.0804899 0.071495 0.236665 -0.039915 -0.624996 0.007405 0.002691
0.356105 0.571738 -0.00432332 -0.866354 0.0848523 -0.086888 0.081921 0.233019 -0.040722 -0.653936 -0.000883 0.001861
-0.470899 -0.551073 -0.430168 -0.0283955 0.264751 0.148533 -0.409584 -0.336275 -0.339462 -0.009251 -0.017125 -0.016022
-0.118642 -0.267072 -0.153273 -0.212387 0.0355178 -0.386063 -0.075882 -0.113201 -0.083937 -0.435984 -0.425297 -0.395166
-0.126034 -0.276024 -0.156311 -0.230839 0.0142627 -0.41413 -0.082097 -0.119796 -0.092697 -0.459854 -0.461209 -0.444035
0.394573 0.304095 0.316466 -0.207534 -0.572397 -0.914634 0.104103 0.121609 0.13953 0.008241 -0.628163 -0.745475
0.353978 0.28546 0.204561 -0.254687 0.739578 0.736863 0.096215 0.066206 0.068518 -0.02271 0.657685 0.732309
0.394579 0.304099 0.327417 -0.212084 -0.589525 -0.931315 0.103235 0.120564 0.146818 -0.001929 -0.645529 -0.763326
0.340703 0.72057 -0.121547 -1.13736 0.0941324 -0.0713062 0.05477 0.324563 -0.102212 -0.916183 0.006719 0.006316
0.361704 0.724985 -0.116519 -1.18453 0.0876928 -0.0842541 0.088878 0.324384 -0.091761 -0.974291 -0.004151 0.005575
2.08491 1.92017 1.22639 0.0258211 0.273098 -0.148779 2.0123 2.0165 1.27063 0.006837 -0.007852 0.015632
-1.27216 -1.16753 -1.99247 -0.489495 0.100022 -0.0564448 -1.34083 -1.25886 -2.22226 -0.150114 0.030043 0.008982
-1.34229 -1.23653 -2.12242 -0.484548 0.0910321 -0.0649298 -1.40426 -1.32328 -2.37379 -0.144801 0.016758 -0.000672
-0.0925858 -0.247937 -0.138071 -0.326402 -0.0781748 -0.496665 -0.036956 -0.096433 -0.062428 -0.636978 -0.616658 -0.563828
-0.0972603 -0.249259 -0.136088 -0.347232 -0.103048 -0.530985 -0.048681 -0.10228 -0.068014 -0.665129 -0.658839 -0.623055
-0.0684878 -0.200236 -0.074039 0.452118 0.662048 0.28022 0.007529 0.022099 -0.037598 0.753881 0.728351 0.720774
0.371953 0.294499 0.198327 -0.257681 1.07387 1.15726 0.114502 0.06073 0.050284 -0.024983 0.984275 1.11094
0.380366 0.305877 0.211242 -0.248715 1.10542 1.19562 0.128055 0.082281 0.085294 -0.013675 1.01553 1.15491
2.70669 2.53148 2.67315 0.0433802 0.267023 -0.152857 2.62477 2.62279 2.65185 0.016465 -0.007086 0.008549
-2.91386 -3.03797 -2.91264 0.00132464 0.25265 -0.150445 -2.74816 -2.75608 -2.76863 -0.016176 -0.014656 -0.017654
-2.03642 -1.85566 -3.03141 -0.615244 0.109366 -0.0447456 -2.00275 -1.89745 -3.27035 -0.219738 0.048464 0.00872
-2.10083 -1.91128 -3.17246 -0.608397 0.104737 -0.0446646 -2.05607 -1.93639 -3.45085 -0.212969 0.036461 0.008108
2.95273 2.60838 3.7697 0.162634 0.0540133 -0.142113 2.35392 2.24526 3.75802 0.196339 -0.025094 -0.037412
-3.35748 -3.59426 -2.82239 0.022007 0.085281 -0.072529 -3.54073 -3.62519 -2.63831 0.121702 0.018028 0.010518
4.32435 4.12895 2.61497 0.0259717 0.27661 -0.144151 4.12565 4.13998 2.65121 0.016735 -0.017888 0.04317
4.37579 4.4989 3.53498 -0.522043 0.0720902 -0.115506 4.05188 4.15307 3.03357 -0.153951 -0.002163 -0.023254
-1.18008 -0.752289 -1.18501 0.541934 -0.344188 0.29269 -1.32582 -0.798179 -1.17597 0.257639 -0.321207 0.330129
0.747484 0.726524 0.597256 0.23548 0.257557 0.338563 0.74652 0.85185 0.797512 0.389566 0.031604 0.35225
-4.81466 -4.9038 -4.86021 -0.230262 0.104924 -0.0404613 -4.79512 -4.82683 -4.73916 -0.019485 0.036155 0.017075
-5.0797 -5.15138 -5.15339 -0.204756 0.0851031 -0.0575883 -5.07065 -5.06631 -5.06545 0.0009 0.019533 0.00059
-5.06505 -5.37776 -4.26329 0.136504 0.0886377 -0.0613251 -5.2024 -5.32877 -3.91975 0.181554 0.020211 0.016239
-0.374749 0.318042 -0.227699 -0.161341 -0.0687872 -0.107374 0.062977 0.055111 0.06319 -0.003691 0.008513 -0.002445
-0.374749 0.318042 -0.227699 -0.161341 -0.0687872 -0.107374 0.062977 0.055111 0.06319 -0.003691 0.008513 -0.002445
-0.3756 0.321807 -0.229078 -0.0184033 -0.0689153 -0.105071 0.071144 0.055264 0.04911 0.21671 0.015242 -0.006005
-0.374661 0.322782 -0.230504 -0.159734 -0.0584143 0.0306911 0.06057 0.050414 0.072163 -0.007084 0.02649 0.214599
-0.371729 0.3097 -0.237524 -0.161254 0.338628 -0.0970698 0.065762 0.054408 0.063449 0.002658 0.374007 0.014108
-0.367352 0.325406 -0.226702 0.0853204 -0.0598624 -0.107195 0.091315 0.078808 0.039119 0.377157 0.035904 -0.018988
-0.377243 0.329166 -0.223182 -0.173348 -0.0326288 0.122526 0.057257 0.035279 0.108337 -0.021255 0.064865 0.352323
-0.370286 0.329739 -0.225886 0.112352 -0.0666973 -0.103965 0.091336 0.073465 0.038286 0.418951 0.026487 -0.010042
-0.367193 0.329462 -0.211354 -0.447425 -0.0652601 -0.112995 0.049635 0.084306 0.091265 -0.432835 -0.002678 0.003931
-1.00739 -0.830488 -1.12109 -0.163649 -0.0450806 -0.110226 -0.559117 -1.08984 -0.712493 -0.001553 0.021874 0.001303
-0.99707 -0.569739 -1.39771 -0.159433 -0.0442917 -0.104089 -0.545283 -0.71955 -1.09727 0.007603 0.025403 -0.010928
-1.78556 -0.342493 -0.881843 -0.160051 -0.0663028 -0.106665 -1.28709 -0.588695 -0.566385 -0.01283 0.012241 -0.001599
6.21462 6.14431 6.0242 -0.245355 0.0544578 -0.150896 5.68145 5.70034 5.63045 -0.009418 -0.026785 -0.041861
0.295059 1.26222 0.996416 -0.167191 -0.0832036 -0.113261 0.719311 0.880204 1.29208 -0.019152 0.002656 -0.000629
0.316158 1.28711 1.02614 -0.166112 -0.0821465 -0.113038 0.732826 0.901804 1.32728 -0.019202 0.004343 0.000738
-0.364684 0.307275 -0.241389 -0.160474 0.745658 -0.0867189 0.073475 0.066111 0.070303 0.009162 0.74224 0.031887
-0.366074 0.341578 -0.214134 -0.178247 -0.0205602 0.24339 0.062471 0.024394 0.137255 -0.029031 0.085936 0.535773
-0.358194 0.34016 -0.220467 0.217109 -0.0625456 -0.105107 0.114207 0.105378 0.020554 0.576382 0.04198 -0.018532
-0.356553 0.340925 -0.189131 -0.173763 -0.0916964 -0.490207 0.093509 0.082025 0.097781 0.003364 -0.04211 -0.593154
-0.37099 0.352795 -0.196708 -0.569659 -0.0578442 -0.117188 0.049211 0.128276 0.102555 -0.611088 -0.007159 0.005884
-0.367762 0.350883 -0.19821 -0.575859 -0.0599007 -0.116812 0.039951 0.114992 0.098662 -0.616829 -0.009624 0.007638
-0.358517 0.336867 -0.191533 -0.175407 -0.098767 -0.528584 0.092501 0.087618 0.092348 -0.00022 -0.040623 -0.661818
-0.358167 0.334626 -0.196852 -0.608663 -0.0674784 -0.115339 0.058259 0.116282 0.10817 -0.679521 -0.011684 0.0051
0.853387 0.998035 1.04365 0.203712 0.421621 0.325408 0.9423 1.09777 1.10742 0.373369 0.125523 0.242179
-0.358292 0.393121 -0.145785 -0.174503 -1.193 -0.141595 0.077676 0.106455 0.117383 -0.042485 -0.990511 -0.074285
-0.367938 0.287167 -0.261295 -0.154785 1.094 -0.0787572 0.066777 0.051198 0.06228 0.013433 1.04953 0.050909
-0.3609 0.297826 -0.251494 -0.157499 1.12875 -0.0774192 0.079368 0.066733 0.068607 0.012803 1.08567 0.048936
6.5637 6.34106 4.02718 0.0303089 0.274589 -0.13841 6.24672 6.27269 4.08 0.042572 -0.02022 0.072962
6.60739 6.37743 4.02791 0.024247 0.276153 -0.139483 6.28516 6.30279 4.07319 0.034873 -0.025624 0.072904
-1.62786 -1.96226 -1.99749 -0.163073 -0.0280674 -0.112465 -1.16935 -2.22358 -1.47047 0.001097 0.030642 0.004896
-0.2372 0.395009 -0.146226 -0.192767 -0.0412502 -0.129927 0.213583 0.140544 0.195908 -0.029687 0.063257 -0.025513
-3.11307 -0.970338 -1.50357 -0.158106 -0.0644216 -0.106442 -2.55447 -1.19437 -1.16412 -0.020661 0.016726 0.004538
0.983098 2.6939 1.64179 -0.161933 -0.096934 -0.109191 1.39112 2.42512 1.70181 -0.017329 0.002693 -0.030493
6.58884 6.80557 5.28963 -0.674258 0.0702169 -0.125199 6.27158 6.40586 4.62651 -0.225121 -0.010012 -0.034484
6.82297 6.6167 4.16328 0.0197824 0.29122 -0.145344 6.54139 6.56727 4.2079 0.026484 -0.011116 0.063292
1.02846 2.28315 2.30679 -0.171686 -0.0958049 -0.118728 1.42352 1.77263 2.62326 -0.036379 0.003011 0.004506
2.58376 1.69541 1.1369 -0.164041 -0.0665733 -0.110764 2.88323 1.39711 1.37985 0.017728 0.008776 -0.011721
-0.197633 0.423964 -0.118014 -0.201709 -0.0360037 -0.133727 0.247575 0.165226 0.248774 -0.038934 0.075111 -0.02436
-2.23271 -3.04019 -2.83764 -0.162065 -0.00617426 -0.115306 -1.75201 -3.29428 -2.19122 0.004704 0.041106 0.011798
-2.19873 -2.25998 -3.64407 -0.152934 -0.00335236 -0.0967563 -1.71984 -2.18133 -3.33512 0.025234 0.049314 -0.024544
-2.26038 -2.34568 -3.74547 -0.152013 -0.0180608 -0.0930212 -1.76932 -2.24621 -3.45815 0.02644 0.033916 -0.018228
-4.39387 -1.57634 -2.09592 -0.158198 -0.059068 -0.106994 -3.77048 -1.77896 -1.73716 -0.032943 0.025227 0.005553
1.69334 3.92365 2.61165 -0.15835 -0.117395 -0.110618 2.07771 3.6631 2.53852 -0.028746 -0.006799 -0.046032
1.38056 1.52918 1.47837 0.224305 0.400268 0.319522 1.51202 1.60602 1.60027 0.418979 0.101707 0.251534
1.67302 3.95409 2.6063 -0.156707 -0.118915 -0.105952 2.05313 3.69667 2.5129 -0.025027 -0.016427 -0.032881
1.69131 3.22544 3.51648 -0.178768 -0.117591 -0.123519 2.07058 2.59163 3.81788 -0.058574 -0.005828 0.00614
1.7628 3.30538 3.61421 -0.178179 -0.109778 -0.124503 2.13812 2.6687 3.95413 -0.055774 0.003454 0.00698
4.06132 2.3757 1.81377 -0.161223 -0.0646063 -0.112822 4.25918 2.06643 2.03823 0.028556 0.009119 -0.019635
4.24583 2.46826 1.90109 -0.164374 -0.0669529 -0.112945 4.49574 2.14602 2.13866 0.023208 0.017002 -0.014857
-0.721735 -0.256356 0.403637 0.201936 -0.405888 0.2066 -1.03427 -0.182413 0.494851 0.064366 -0.409705 0.325742
-0.600695 0.39573 -0.194075 -0.0848764 0.139834 -0.0527143 -0.203074 0.12935 0.036907 0.033707 0.163134 -0.054619
-7.14486 -7.24549 -7.16266 -0.229915 0.115009 -0.021584 -6.96962 -7.01868 -6.88963 -0.027073 0.049352 0.02993
-7.18506 -7.26663 -7.20811 -0.220951 0.122263 -0.0140335 -7.00906 -7.03578 -6.95343 -0.013049 0.05717 0.040255
-7.61292 -7.67054 -7.5981 -0.0666524 0.260999 -0.156322 -7.17649 -7.20134 -7.29528 -0.083664 0.002312 -0.040482
-7.96517 -8.05409 -7.92619 -0.0510705 0.231028 -0.154162 -7.5521 -7.56495 -7.59938 -0.043186 -0.019934 -0.037848
8.92787 8.68831 8.86163 0.0656601 0.273332 -0.167962 8.63183 8.6229 8.71221 0.057827 -0.011306 0.041537
9.41072 9.34815 9.17281 -0.249848 0.0530896 -0.173179 8.77205 8.81388 8.67496 0.000178 -0.022775 -0.053509
9.49615 9.41232 9.25859 -0.252984 0.0442176 -0.178332 8.84812 8.85163 8.7816 -0.012163 -0.041371 -0.063742
0.0604468 1.20703 1.52581 0.214014 0.157898 0.286859 0.376286 1.29515 1.63355 0.441387 -0.041414 0.22948
-0.536044 0.234407 0.28831 0.231157 0.139603 0.1903 -0.446473 0.37612 0.349095 0.419055 -0.07693 0.186925
0.143747 1.20981 1.70585 0.235305 0.191609 0.264709 0.493789 1.33135 1.8024 0.439517 -0.049072 0.167879
-0.00191831 0.096765 0.0443429 0.0921622 0.257211 0.275402 -0.139615 0.221509 0.059468 0.257792 0.020397 0.283333
0.514485 1.05011 0.361883 -0.267145 0.00831819 -0.143445 0.983102 0.821025 0.913886 -0.110149 0.201357 -0.06226
-0.299182 -0.181087 -0.170322 0.160687 0.208162 0.296113 -0.612802 -0.215943 -0.424289 0.201604 -0.04722 0.261898
-0.284975 -0.210535 -0.156381 0.117546 0.245884 0.277185 -0.557173 -0.212447 -0.394914 0.171596 -0.055519 0.272943
-0.0219963 0.0245176 0.0913922 0.177942 0.283897 0.336097 -0.10463 0.158268 -0.037287 0.169227 0.025313 0.352207
-0.144534 0.603713 0.231998 0.0137572 0.242898 -0.0765032 0.441304 0.456524 0.710383 0.104963 0.211695 0.184026
0.504292 0.567704 0.591036 0.0902717 0.261845 0.183428 0.710382 0.75703 0.713388 0.058112 -0.080678 0.105441
0.584763 0.586718 0.620423 0.0593359 0.187771 0.103803 0.788726 0.69976 0.777784 -0.065503 -0.221209 -0.058905
0.235569 1.07592 0.650744 -0.0048288 0.490304 0.142693 0.726781 0.788965 1.0532 0.075193 0.450718 0.251978
-5.27287 -5.75755 -2.66783 0.144622 0.0338521 -0.11801 -5.07406 -5.67854 -2.54917 0.16888 -0.033 -0.112367
-3.09065 -0.500427 -6.14057 0.233851 0.014077 -0.152333 -3.41495 -0.009194 -6.41106 0.34936 0.044142 -0.1927
0.0873124 1.35018 0.740608 -0.0234992 0.571212 0.248228 0.474594 1.0118 1.03424 0.104603 0.544852 0.130843
-0.0914122 2.83739 -3.53154 0.0202681 -0.136088 -0.192928 -0.586318 2.85907 -4.1771 -0.083501 -0.10124 -0.111406
-5.62056 -3.30613 -8.46269 0.226259 0.0163277 -0.143398 -5.89991 -2.63718 -8.66477 0.343232 0.043406 -0.179139
8.54812 12.0898 4.81823 0.268546 -0.00559813 -0.2163 8.12051 12.1186 4.16023 0.378002 0.046071 -0.254952
0.0357678 3.67222 -4.68541 0.199377 0.086701 0.050725 -0.07385 3.79835 -4.74169 0.489669 0.004351 0.109925
-2.68813 0.635576 -7.15063 0.193449 0.072308 0.0482944 -2.71165 0.998358 -7.08214 0.471732 0.008023 0.10508
5.98048 10.1985 0.744523 0.215344 0.116281 0.0569696 5.72053 9.91703 0.509244 0.525862 -0.002522 0.12523
-7.7632 -5.60442 -10.5769 0.0174737 -0.0749394 -0.157115 -7.90587 -4.91329 -10.8321 -0.080088 -0.106148 -0.088273
3.79882 3.95202 3.70504 0.207055 0.588669 0.440946 3.69327 3.98835 3.69633 0.401804 0.294997 0.426743
1.69987 1.31355 0.830481 0.367949 0.00533595 0.499775 1.57594 1.42643 0.888941 0.531261 -0.055313 0.449547
-1.23054 -1.36801 -1.36053 -0.0572536 -0.0860757 0.0151401 -1.3752 -1.36386 -0.978231 -0.052305 -0.000612 0.03636
-6.2842 -7.2065 -5.33134 -0.0169136 -0.0960403 0.0188474 -6.66885 -7.2807 -5.35546 -0.01845 -0.204738 0.05206
2.23632 1.77164 1.25011 0.42847 -0.0438225 0.554968 2.09893 1.87579 1.2906 0.572359 -0.073908 0.484497
-1.15151 -0.241805 -0.184741 -0.671345 -0.0847839 -0.416093 -0.346445 -0.193599 0.79787 -0.33727 0.035214 -0.52861
5.08169 4.68346 5.11118 1.03416 0.737726 0.457884 5.12569 4.88969 5.2193 1.33053 0.454694 0.231392
0.359577 2.70365 1.66964 -0.194432 0.0156398 0.533267 0.797288 3.00868 1.61012 -0.064082 -0.145968 0.482036
-6.42541 -6.81037 -3.57879 0.126136 0.00898877 -0.11471 -6.30522 -6.86764 -3.53141 0.151633 -0.032138 -0.10228
1.33941 3.20414 2.2856 -0.00687928 -0.0226662 0.411355 1.85952 3.32293 2.27 0.071348 -0.094303 0.408545
1.43057 3.26788 2.33885 0.00757758 -0.0178461 0.411339 1.96641 3.39346 2.35269 0.086099 -0.101458 0.393152
1.52921 3.33849 2.40091 0.0182678 -0.0159253 0.418186 2.05729 3.43371 2.43732 0.100174 -0.086534 0.399597
16.2796 21.0347 10.2049 0.250448 0.156922 0.0717941 15.8224 20.6251 9.71083 0.57085 -0.016091 0.159832
5.70959 5.92933 5.91171 0.459962 0.628538 0.590807 5.90069 6.10739 5.85857 0.634516 0.452991 0.443188
-6.72288 -7.65619 -5.67123 -0.0145668 -0.097562 0.0181427 -7.18121 -7.81173 -5.80334 -0.017391 -0.20213 0.050225
3.17007 4.67296 3.59371 0.143542 -0.0601749 0.570564 3.4845 4.42415 3.95459 0.354577 -0.106114 0.382002
3.68519 5.10837 3.93272 0.214397 -0.0798357 0.617906 3.91483 4.73874 4.38894 0.362035 -0.121289 0.41733
5.58456 5.88882 5.21555 0.829101 0.855626 0.389572 5.50708 6.06089 4.71491 0.59433 0.497804 0.342818
-2.19995 -1.44672 -0.619352 0.343606 0.739812 -1.35308 -1.21646 -1.45078 -0.351693 0.508254 0.838185 -1.23323
5.87351 5.31983 4.61826 0.992665 0.00580528 0.746408 5.53331 5.29923 4.28423 0.877574 -0.121777 0.482188
6.3763 6.04138 5.35329 1.07299 0.153406 0.673986 6.06146 6.05642 4.99166 0.918001 -0.048947 0.427686
-18.8424 -18.4514 -18.5345 0.316349 0.268899 0.158954 -17.9507 -17.8223 -17.8498 0.517018 0.067828 0.265732
-2.51115 -1.89601 -0.448188 0.766064 1.21829 -1.7198 -1.43246 -1.74007 -0.31372 0.648254 1.16121 -1.53859
-17.6438 -17.2106 -17.3984 0.377969 0.266819 0.135384 -16.6115 -16.5745 -16.7081 0.60265 0.046147 0.229344
-5.07013 -5.16663 -4.68489 -0.0466693 -0.0494871 0.0192235 -5.6031 -5.59379 -4.71312 -0.039791 0.003196 0.031602
3.16822 4.36001 2.27577 -0.257403 -0.0526952 -0.39246 3.71325 4.21831 2.98334 -0.052892 -0.103406 -0.693909
-18.3892 -18.3323 -18.6426 -0.259765 0.0802599 0.153254 -17.6049 -17.7666 -17.4972 -0.143499 0.167129 0.136528
-7.62681 -7.89117 -4.55039 0.104342 -0.0209191 -0.111167 -7.80277 -8.31674 -4.74012 0.128445 -0.030324 -0.089206
-0.0231472 -0.304219 0.0434896 0.22406 -0.0575658 0.0433851 0.000284 -0.016559 -0.023766 -0.001861 -0.007713 -0.009459
-0.0231472 -0.304219 0.0434896 0.22406 -0.0575658 0.0433851 0.000283 -0.016558 -0.023767 -0.00186 -0.007714 -0.009458
-0.018372 -0.297149 0.0447982 0.339352 -0.0424312 0.0507552 -0.005739 -0.026552 -0.032627 0.182604 -0.003835 0.000521
-0.0258978 -0.327181 0.0611071 0.234889 -0.0528476 0.181036 -0.000888 -0.04981 -0.009886 0.012535 -0.014106 0.184863
-0.0179763 -0.275649 0.0289995 0.212064 -0.0619707 -0.099928 0.004065 0.018702 -0.033953 -0.015661 0.000632 -0.208482
-0.0183923 -0.287806 0.0614415 0.209755 -0.378674 0.0379657 -0.000564 -0.00653 -0.009776 -0.007939 -0.313597 -0.004224
-0.00368615 -0.283446 0.0670045 0.427722 -0.0289317 0.0489333 0.007247 -0.009051 -0.009123 0.315315 0.006615 -0.000222
-0.0175797 -0.303077 0.0382181 0.0181989 -0.102473 0.0132365 0.014914 -0.002174 -0.037315 -0.318532 -0.023319 -0.037814
-0.0205535 -0.339976 0.0859906 0.243895 -0.0502704 0.303822 0.013525 -0.078781 0.020668 0.023051 -0.021813 0.359508
-0.0182112 -0.306796 0.0522956 -0.0127428 -0.0929516 0.0146045 0.024036 0.001421 -0.010356 -0.375209 -0.019939 -0.038834
-0.0498951 0.23167 -0.203892 -0.041167 -0.00741816 0.226954 0.016901 0.184968 0.073505 0.011159 -0.036411 0.002016
0.000647495 -0.315035 0.0271401 0.253122 0.512363 0.0454315 0.035462 -0.021082 -0.053367 0.017633 0.526792 -0.039118
-0.655834 -1.36938 -0.79253 0.221657 -0.0448888 0.0644981 -0.609083 -1.14229 -0.789576 -0.001129 0.001758 0.024109
-0.0182826 -0.330583 0.00906801 0.254939 0.551589 0.0493316 0.023724 -0.03114 -0.059231 0.016872 0.569919 -0.03306
-0.677076 -1.40168 -0.814271 0.219979 -0.0465227 0.0678607 -0.631019 -1.17406 -0.802533 0.001782 -0.001519 0.02417
0.633794 0.785664 0.899484 0.228525 -0.0741045 0.0169767 0.638472 1.12099 0.760096 -0.004263 -0.017471 -0.043635
0.650294 0.820129 0.923773 0.228775 -0.0683984 0.0167807 0.655535 1.1587 0.778033 -0.007005 -0.012965 -0.045165
1.26439 0.322171 0.66107 0.227361 -0.0662306 0.0406218 1.24786 0.594652 0.604419 -0.001823 -0.009001 -0.009023
0.000978734 -0.272483 0.080602 0.525026 -0.0104403 0.0481484 0.009678 0.011976 0.009031 0.470035 0.0171 0.001127
-0.0193142 -0.301038 0.0397726 -0.0950301 -0.120388 -0.00427269 0.023153 0.012492 -0.040861 -0.48585 -0.023098 -0.052195
-0.019167 -0.351147 0.11006 0.251672 -0.0454683 0.42816 0.022773 -0.103887 0.047839 0.035689 -0.027115 0.538414
-0.0148333 -0.304179 0.063571 -0.137922 -0.109236 -0.00345398 0.035662 0.014796 -0.001311 -0.566348 -0.021245 -0.058815
-0.00992808 -0.299263 0.0780817 -0.153894 -0.103587 -0.0040071 0.041272 0.02163 0.014723 -0.59717 -0.020608 -0.060802
-0.0163344 -0.337593 0.00024563 0.270323 0.860178 0.0565025 0.034778 -0.02934 -0.067612 0.027087 0.861798 -0.040879
-0.000555535 -0.313095 0.0336991 0.273663 0.921378 0.0619416 0.05297 -0.006846 -0.028457 0.021571 0.936657 -0.034762
-1.19963 -1.88421 -1.9365 0.217361 -0.0374482 -0.00805831 -1.16844 -1.47746 -2.06568 -0.014396 0.017372 -0.073073
-1.20122 -1.88658 -1.96282 0.221491 -0.0262005 0.000499471 -1.17294 -1.46818 -2.11295 -0.009497 0.026228 -0.059107
1.25202 1.39856 2.15341 0.222711 -0.0993865 0.0828314 1.28432 1.53826 2.14456 0.000654 -0.044534 0.029564
1.27144 1.81347 1.73233 0.23102 -0.096901 -0.00931857 1.24862 2.15842 1.52538 -0.006583 -0.03052 -0.079247
-1.28923 -1.98682 -2.11455 0.229093 -0.034426 0.0128098 -1.26671 -1.54933 -2.27769 0.010425 0.012854 -0.041513
1.31947 1.48228 2.30302 0.215782 -0.0825523 0.078793 1.35962 1.61239 2.31555 -0.018027 -0.021906 0.013867
-2.59201 -1.59515 -1.22558 0.225824 -0.0606912 0.05411 -2.51475 -1.27481 -1.30163 0.016843 -0.028089 -0.009099
2.58374 0.966778 1.29822 0.229466 -0.0707216 0.0429121 2.52307 1.22121 1.25048 -0.008309 0.002262 -0.005566
-1.77046 -2.63231 -2.90221 0.210447 -0.0263632 -0.0323687 -1.73067 -2.17353 -3.0579 -0.025451 0.033605 -0.110185
-1.79941 -3.27344 -2.30035 0.222628 -0.0201895 0.0891951 -1.64848 -3.14622 -2.18073 0.001104 0.014917 0.061514
1.90409 2.28233 3.15861 0.22899 -0.118359 0.111395 1.94735 2.35668 3.16125 0.014912 -0.059116 0.059015
1.91107 2.28146 3.23249 0.219625 -0.119583 0.105836 1.9556 2.34432 3.26267 0.001821 -0.060269 0.045799
1.94133 2.9235 2.60004 0.236532 -0.115955 -0.0368476 1.89575 3.29154 2.31424 -0.006441 -0.036797 -0.114681
-3.73403 -2.14872 -1.77158 0.2266 -0.0557069 0.054745 -3.60789 -1.82015 -1.86538 0.021474 -0.032688 -0.010852
-5.53156 -5.62315 -5.04919 -0.0444263 -0.0441501 0.0199301 -6.13593 -6.12648 -5.17668 -0.038312 0.003484 0.030867
3.91187 1.61317 1.94003 0.233121 -0.0758874 0.0484566 3.79865 1.84393 1.91026 -0.007916 0.01242 -0.002802
4.01169 1.6849 2.00791 0.230463 -0.0664447 0.0445139 3.94384 1.91502 1.96877 -0.013352 0.017126 -0.011791
-18.2765 -16.7197 -17.3105 -0.0319975 0.237947 -0.0219658 -16.7003 -16.2605 -16.0975 0.041839 0.195134 0.028106
-24.5925 -23.4219 -24.6577 0.117242 0.0640486 0.34412 -23.833 -23.5742 -22.8675 -0.045041 -0.024378 0.500602
-5.93947 -6.02643 -5.36293 -0.042058 -0.0392399 0.0204777 -6.62275 -6.61306 -5.60377 -0.036911 0.003575 0.030117
0.741387 3.21592 -2.47273 -0.0222226 -0.0298993 -0.115299 0.251734 3.09844 -3.1662 -0.184555 0.024019 -0.037644
-1.85707 0.473618 -4.9345 -0.0233762 -0.0312319 -0.106344 -2.2636 0.453207 -5.44277 -0.180724 0.023373 -0.032599
39.1156 38.9793 39.3256 0.224236 0.402535 0.533137 38.8226 39.0379 39.3986 0.449481 -0.025107 0.262193
39.0171 38.8778 39.1921 0.199989 0.374229 0.517185 38.6875 38.9356 39.2248 0.425745 -0.011875 0.280618
39.2228 39.0555 39.5074 0.25813 0.39407 0.586245 39.0215 39.2079 39.6875 0.479577 -0.055108 0.222555
39.2484 39.0541 39.5718 0.249332 0.367928 0.58245 39.0561 39.2379 39.7597 0.474128 -0.071907 0.20986
-4.32322 -2.14895 -7.23627 -0.0251489 -0.0307195 -0.0972068 -4.64159 -2.06397 -7.61078 -0.174741 0.02295 -0.028838
38.5566 38.372 38.6365 0.178675 0.346151 0.522117 38.1612 38.48 38.538 0.366597 0.02831 0.330573
38.4077 38.2166 38.4623 0.162122 0.354168 0.520116 37.9804 38.3119 38.3062 0.358881 0.038857 0.335822
39.119 38.9036 39.5681 0.222979 0.313437 0.608787 38.9334 39.0986 39.7271 0.427217 -0.111284 0.219705
3.57782 6.98345 -0.556849 -0.872754 0.119152 0.223784 3.25921 6.81818 -0.715001 -1.05021 0.089246 0.061468
6.50689 10.1262 2.15192 -0.899832 0.132208 0.24316 6.1 9.7932 1.93252 -1.07766 0.088773 0.07433
9.616 13.3849 5.00681 -0.930716 0.14479 0.263956 9.14857 13.0138 4.77072 -1.10549 0.088316 0.087865
2.27583 3.49584 2.25711 1.19234 -0.395006 0.138629 0.915203 2.85297 0.849574 1.27135 -0.588282 0.321528
-0.163984 -0.13497 -0.251538 -0.222537 -0.470732 -0.208004 0.213517 -0.494301 0.801131 -0.256557 -0.370018 -0.308325
1.84738 1.50311 5.89433 0.262845 0.280756 0.0557785 1.18985 1.7408 5.24836 0.065302 0.216719 -0.209008
-7.42746 -7.39375 -7.54563 -0.209031 -0.446162 -0.208741 -7.10235 -7.74532 -6.51587 -0.204104 -0.295953 -0.277431
16.4296 20.3616 11.315 -1.00557 0.167273 0.309648 15.797 19.9589 10.9747 -1.16796 0.087825 0.117937
146.433 145.767 146.144 -0.237735 0.182314 0.181148 147.363 146.07 146.458 -0.210411 0.028181 -0.451033
1.77126 1.69888 6.38813 0.203499 0.277015 -0.0162657 0.997812 1.78855 5.43118 0.256069 0.208411 -0.25921
-0.495037 0.30252 5.88011 0.217271 0.0249737 0.226361 -1.0936 0.103698 4.81522 0.196859 -0.03783 0.357725
-0.727286 -0.155414 5.54966 0.194904 0.00267658 0.19108 -1.29187 -0.366127 4.5401 0.226897 -0.088384 0.295157
-0.898982 -0.52714 5.26397 0.183603 -0.0195014 0.152878 -1.41492 -0.744315 4.31828 0.25077 -0.123975 0.229331
-1.15463 -1.11059 4.75234 0.17661 -0.0873697 0.0557293 -1.57466 -1.34888 3.84227 0.291343 -0.202108 0.101629
-1.03524 -1.06099 4.76013 0.195297 -0.0829441 0.0549393 -1.4477 -1.31011 3.84762 0.320135 -0.187823 0.06979
-0.802865 -0.896156 4.8728 0.20876 -0.035331 0.0605305 -1.19236 -1.14143 3.95916 0.343321 -0.129522 0.023671
147.053 145.595 147.025 -0.532777 0.193583 0.313648 146.777 145.466 146.29 -0.272124 0.207714 -0.409844
-0.969312 -0.741504 4.8914 0.212233 -0.0929985 0.16345 -1.55315 -0.841164 3.94675 0.276334 -0.243139 0.29669
-0.226735 -0.185905 5.52555 0.0324845 -0.147842 0.0617343 -0.6703 -0.386467 4.34511 0.200777 -0.239231 0.034272
-0.570121 -0.214292 5.24695 0.235273 -0.119363 0.217335 -1.26448 -0.18293 4.11468 0.280045 -0.268993 0.399173
-0.477571 -0.0978064 5.32955 0.24014 -0.121882 0.225114 -1.1958 -0.034493 4.14803 0.282431 -0.267481 0.418387
0.187215 -0.268561 -0.000748652 0.208597 -0.0728457 -0.0706686 0.170759 -0.187746 0.040266 0.237216 -0.075078 -0.057801
0.149123 -0.201734 0.0770278 0.136968 -0.200114 0.24207 0.174247 -0.118368 0.136559 0.096683 -0.190051 0.275733
0.111898 -0.254553 0.059311 0.168335 -0.185957 0.23114 0.143849 -0.143068 0.104525 0.137298 -0.166979 0.273697
0.154606 -0.192182 0.0999497 0.154041 0.0535326 -0.395564 0.145821 -0.120207 0.087009 0.179394 0.0057 -0.39712
0.393766 -0.328707 0.259426 0.194056 0.267048 -0.139974 0.360574 -0.263901 0.287006 0.237171 0.246621 -0.064961
0.879152 1.10329 6.58869 -0.0748656 -0.210879 0.0755635 0.444221 0.873721 5.13039 0.178035 -0.31951 0.071133
0.0542707 0.0356072 0.447576 0.00112791 0.100603 -0.530326 0.087189 0.036392 0.434541 0.035413 0.024092 -0.513767
0.0455628 -0.00127338 0.34854 0.0342225 0.118506 -0.517069 0.116897 0.022109 0.330706 0.065669 0.058508 -0.488254
2.55753 3.63526 5.42227 1.11169 -0.304812 0.0548287 2.10935 4.50066 5.22383 0.840628 -0.225934 0.485795
144.269 140.466 141.744 -1.25289 2.09005 -0.157111 146.891 141.764 144.266 -0.432218 0.404052 -0.09026
-13.4084 -13.3703 -13.5447 -0.197385 -0.417114 -0.208588 -13.141 -13.7235 -12.5725 -0.166438 -0.237945 -0.250176
0.0193513 0.151977 0.589553 -0.127844 -0.189523 0.342375 0.011781 0.150293 0.576741 -0.121564 -0.211014 0.277448
-0.0296421 0.20826 0.645036 -0.141218 0.073695 -0.437961 0.07194 0.127767 0.707765 -0.073417 0.01713 -0.41844
140.189 140.19 140.166 -0.0373674 -0.00105032 -0.030453 142.455 142.449 142.443 -0.004857 -0.008772 -0.030914
142.71 140.457 142.703 -0.638649 0.848325 -0.163461 145.116 142.268 144.786 -0.184092 0.190792 -0.152977
143.201 143.215 140.472 0.350338 1.5585 -0.533727 145.498 145.141 142.011 0.133954 0.388754 -0.582731
-0.091601 0.195278 0.62297 -0.267694 -0.167053 -0.360621 0.090414 0.112211 0.668256 -0.211588 -0.173147 -0.328536
0.597431 -0.612897 0.495292 0.045057 -0.552041 -0.169275 0.52441 -0.453935 0.512275 0.100797 -0.48334 -0.120808
0.0752988 0.10044 0.740324 -0.158562 0.149205 -0.387073 0.150535 0.004891 0.691379 -0.108011 0.057363 -0.331142
2.11515 3.35917 6.69577 0.536811 -0.298119 0.17884 1.29505 3.96163 5.03294 0.4621 -0.167443 0.57776
-4.22308 -4.64836 -3.17066 -0.0687833 0.0148645 -0.205388 -4.18045 -4.50214 -3.1984 0.031536 -0.283801 -0.223871
-0.0139858 -0.0162173 0.814185 0.0968903 0.0374498 -0.104694 -0.227093 0.138807 1.01213 0.257247 0.041129 -0.043272
-0.0664994 0.233573 0.683721 -0.305098 -0.00480359 -0.218254 0.068119 0.070923 0.781715 -0.211764 -0.025743 -0.214777
-1.83051 -1.83337 -0.934673 0.0801079 0.030466 -0.0900858 -2.00828 -1.68718 -0.732374 0.25025 0.039819 -0.040026
142.423 147.752 141.053 -0.631904 0.817498 0.55827 143.858 149.836 141.506 -0.318899 0.753539 0.338416
1.91655 1.91422 2.67298 0.113774 0.0431946 -0.119268 1.70783 2.07834 2.85372 0.263742 0.041129 -0.046954
-0.0970633 0.361734 0.771667 -0.389236 -0.0706907 -0.0521261 0.049443 0.211707 0.980455 -0.311909 -0.113033 -0.041168
0.536305 -0.183247 1.01209 -0.218897 0.16726 -0.500454 0.408238 -0.22595 0.718062 -0.083392 0.035663 -0.295966
0.896472 -0.59576 0.74402 -0.187655 -0.313803 -0.428987 0.700428 -0.384016 0.768587 -0.07689 -0.24964 -0.250988
0.964868 -0.347695 1.05197 -0.209407 -0.225029 0.370987 0.650395 -0.204301 0.968673 -0.09148 -0.20849 0.162846
0.239348 0.0562016 0.768712 -0.434907 -0.67144 -0.27001 0.328162 0.091261 0.881809 -0.252685 -0.471038 -0.201189
0.224119 0.0425587 0.777082 -0.438029 -0.677561 -0.275328 0.319367 0.075032 0.866434 -0.256646 -0.476713 -0.205032
0.333952 0.0228008 0.732015 -0.445339 0.483076 0.191479 0.369403 0.109229 0.939027 -0.236449 0.207412 0.085189
-0.295413 0.435542 0.881806 -0.385978 -0.0265286 -0.241594 -0.104291 0.189055 1.06314 -0.309354 -0.034494 -0.253196
18.789 18.7151 18.8035 -0.263141 -0.511775 -0.213749 19.8623 19.0411 20.3885 -0.377539 -0.580026 -0.366539
140.841 140.151 140.503 -0.0489994 0.454239 -0.0520511 144.091 142.987 143.552 -0.009312 0.062405 -0.346611
0.712706 0.00783397 1.13486 -0.533368 -0.693368 -0.148762 0.689185 0.147676 1.33986 -0.294207 -0.467169 -0.074555
145.131 140.643 145.869 -2.14927 2.73953 0.661634 148.387 140.597 148.78 -1.22017 1.37225 0.448037
0.950995 0.0562022 1.42941 -0.525527 -0.18476 -0.0269931 0.856777 0.182998 1.60234 -0.307768 -0.166718 -0.022789
-4.59879 -5.02814 -3.43837 -0.0882629 -0.000426879 -0.20995 -4.61326 -4.95241 -3.51328 0.014716 -0.276591 -0.227071
20.4036 27.6062 38.2617 0.0788778 0.106715 0.523671 23.2226 29.2878 33.3282 0.09104 0.464732 0.230376
6.72733 5.75361 10.8635 -0.0304819 0.158894 0.286562 7.04467 5.84622 11.1452 -0.625617 0.035419 0.609113
-0.268722 -0.0995684 -0.25869 -0.0347008 -0.146236 0.0675399 -0.005376 -0.010512 -0.03799 0.00622 -0.000171 -0.00168
-0.268722 -0.0995684 -0.25869 -0.0347008 -0.146236 0.0675399 -0.005376 -0.010512 -0.03799 0.00622 -0.000171 -0.00168
-0.263277 -0.102006 -0.238761 -0.174074 -0.155216 0.0504015 0.004946 -0.005528 -0.022904 -0.202758 -0.00019 -0.015348
-0.265891 -0.102035 -0.236945 -0.177428 -0.154289 0.0505117 0.005377 -0.004525 -0.012225 -0.210111 -0.00259 -0.015951
-0.268023 -0.0823493 -0.238835 -0.0425582 -0.43308 0.0536671 -0.021631 0.002997 -0.010634 0.002784 -0.301292 -0.004361
-0.258491 -0.106292 -0.228406 -0.303735 -0.171289 0.0299581 0.020205 0.002119 -0.009684 -0.376803 -0.002379 -0.034362
-0.27038 -0.0919568 -0.286819 0.235545 -0.129546 0.0956576 -0.025099 -0.016827 -0.072698 0.431994 0.006273 0.019033
0.35031 0.662524 0.721191 -0.0517305 -0.186903 0.0663706 0.598631 0.69809 0.985954 -0.006185 -0.044783 -0.011017
-0.275238 -0.152915 -0.319743 -0.0134071 0.391297 0.100509 0.017459 -0.06323 -0.114482 0.014966 0.558866 0.00037
0.381602 0.714214 0.794392 -0.055251 -0.165096 0.0647445 0.628798 0.743225 1.0705 -0.015969 -0.026008 -0.010311
-0.411674 -0.300997 -0.481694 -0.02469 0.208973 -0.0396308 -0.155287 -0.176352 -0.238569 0.003185 0.05818 -0.004287
-0.261596 -0.117774 -0.283343 -0.0167463 0.425602 0.0966463 0.034104 -0.025785 -0.075148 0.010407 0.599622 0.000789
0.856218 0.502159 0.350892 -0.0374969 -0.153336 0.0648881 1.15063 0.565877 0.556484 -0.004879 0.014636 0.000788
0.919199 0.546341 0.390959 -0.0368796 -0.146562 0.0630225 1.23174 0.610342 0.594647 -0.005174 0.018344 -0.003619
-0.257325 -0.11005 -0.205512 -0.448595 -0.184714 0.00779519 0.031848 0.016422 0.005487 -0.57277 -0.008011 -0.051229
-0.346765 -0.18669 -0.294948 -0.0491532 -0.134603 0.0657032 -0.099567 -0.082835 -0.079331 -0.028341 0.018167 -0.004743
-0.339997 -0.171754 -0.360011 -0.0330834 -0.18083 0.0814903 -0.070267 -0.075248 -0.137454 0.008566 -0.034969 0.024609
-0.277856 -0.169886 -0.340193 -0.00198729 0.661218 0.11701 0.029527 -0.081137 -0.139982 0.018663 0.839246 0.002729
-0.243918 -0.00971831 -0.161025 -0.0585794 -0.985505 0.0247417 -0.03618 0.07084 0.090099 -0.008028 -0.872555 -0.010594
-1.41434 -1.94064 -1.71964 -0.0348777 -0.0876536 0.0962804 -1.0827 -1.9695 -1.41457 0.025655 0.053753 0.02381
0.991405 1.46524 1.72457 -0.0726195 -0.224941 0.0631235 1.21855 1.44101 2.02237 -0.018748 -0.082628 -0.022845
0.987581 1.45706 1.73647 -0.0729075 -0.225949 0.0645782 1.20422 1.42085 2.0284 -0.019938 -0.085367 -0.018862
0.97815 1.8383 1.298 -0.031206 -0.211186 0.0277662 1.1883 2.035 1.43106 -0.009019 -0.044336 -0.040068
-2.4106 -1.2523 -1.42638 -0.0297299 -0.129237 0.0742101 -2.21321 -1.11365 -1.17628 0.026044 -0.013744 -0.005948
-2.48349 -1.30157 -1.47122 -0.0292824 -0.139083 0.0767706 -2.31007 -1.17458 -1.22479 0.02608 -0.024736 -0.001121
2.00898 1.12064 0.978916 -0.0409703 -0.16224 0.0625325 2.34135 1.16678 1.18222 -0.012709 0.027847 0.007578
-0.387123 -0.225184 -0.432757 -0.0347846 -0.199246 0.0921452 -0.116489 -0.118056 -0.21443 0.010429 -0.054413 0.040791
-1.97627 -2.90111 -2.40803 -0.0445949 -0.0518084 0.0986746 -1.60325 -2.9923 -2.01438 0.017278 0.099522 0.036184
-2.00708 -2.2722 -3.09875 -0.00098751 -0.0466941 0.068985 -1.68213 -2.01789 -2.9884 0.035659 0.132161 0.017295
-2.00752 -2.26562 -3.11196 -0.000679099 -0.0457071 0.0680219 -1.67436 -1.99985 -3.00257 0.039105 0.13505 0.015604
1.62771 2.83748 2.1114 -0.0275538 -0.245307 0.00370128 1.8164 3.09044 2.19411 -0.016238 -0.068884 -0.062262
1.61878 2.88831 2.09929 -0.0204576 -0.253719 0.0119537 1.8103 3.14017 2.15088 -0.005707 -0.082299 -0.055946
-3.42375 -1.80392 -1.99501 -0.0232375 -0.12827 0.0789222 -3.27181 -1.65473 -1.73719 0.038221 -0.032 -0.012285
1.73927 2.40774 2.97047 -0.103249 -0.208681 0.0607424 1.95461 2.31418 3.34309 -0.063544 -0.074072 -0.032243
3.19632 1.75581 1.62289 -0.0445323 -0.173071 0.0607001 3.56022 1.77502 1.81367 -0.018975 0.037539 0.01108
3.39603 1.88851 1.74397 -0.0414051 -0.148931 0.0566408 3.79676 1.90391 1.90677 -0.02345 0.054754 -0.002863
6.77615 6.17764 11.1411 0.00516465 0.102425 0.221589 7.1963 6.20717 11.2664 -0.513151 -0.043875 0.571151
-0.289752 -0.156426 -0.43976 -0.0695716 -0.193886 0.119331 0.025476 0.014069 -0.232901 0.005026 -0.01027 0.062582
-16.9674 -16.627 -10.9568 0.294731 -0.184672 0.319861 -16.2674 -16.1628 -11.3191 0.090654 -0.201556 0.349108
-0.123701 0.00894195 -0.326207 -0.109068 -0.17673 0.0901884 0.232762 0.220267 -0.143535 -0.007529 0.067024 0.014516
-0.414885 -0.284083 -0.223522 -0.120885 -0.109792 0.00638232 -0.148649 -0.115507 -0.026225 -0.139382 0.011382 -0.097524
-4.46008 -3.02159 -3.89552 0.0298348 -0.425597 -0.0793283 -4.26561 -2.52029 -3.78883 0.307796 -0.629792 -0.198291
0.111426 0.0533654 0.121437 0.0392567 -0.0290327 -0.0147913 0.940176 -0.125049 -0.068817 0.020351 0.016332 0.004759
0.102575 0.033006 0.109989 0.0390397 -0.0275361 -0.00915922 0.893897 -0.058502 -0.101792 0.03105 0.029528 -0.030684
0.110982 0.0529862 0.118224 0.0409963 -0.0236172 -0.0135896 0.930845 -0.114591 -0.050653 0.025565 0.015945 0.000717
5.94289 6.25398 10.6089 0.239291 -0.113886 0.202337 6.62615 5.92283 9.65699 0.272514 -0.311909 0.523977
-12.0959 -6.07942 -12.3144 0.0107868 0.275804 0.195048 -11.9409 -4.0576 -12.122 0.159325 0.289253 0.139372
-12.0812 -6.09961 -12.383 0.0160768 0.264618 0.196711 -11.9724 -4.0487 -12.2339 0.15705 0.275335 0.134054
0.127095 0.0155226 0.347607 0.0404858 -0.0274768 -0.29102 0.994798 -0.128487 0.150177 0.03227 0.026139 -0.33107
0.133115 0.0457058 0.379664 0.0390703 -0.0290129 -0.300696 1.0472 -0.155097 0.23506 0.014844 0.008124 -0.387629
0.116905 0.078606 0.370228 0.0404596 -0.0314652 0.301519 1.04045 -0.13942 0.268085 0.024527 0.012303 0.453164
-18.2055 -18.1612 -18.3451 -0.186441 -0.386678 -0.206322 -17.8338 -18.3631 -17.298 -0.134451 -0.195663 -0.223043
1.15981 1.18974 1.19653 -0.317437 -0.380998 -0.143773 1.15609 1.31523 1.3323 -0.236238 -0.459791 -0.244288
0.201667 -0.202451 0.394919 0.0210025 0.875748 -0.00767798 0.972763 -0.328141 0.390695 -0.005015 0.76734 0.003589
1.06688 0.392214 0.89999 -0.464727 0.170008 0.163387 1.16721 0.576198 1.10775 -0.268229 0.136133 0.176541
0.204996 -0.195977 0.402688 0.0573253 -0.948341 -0.00605049 0.936034 -0.338405 0.450877 0.040371 -0.761028 -0.002316
0.229468 -0.108251 0.466591 0.0225303 0.885761 -0.0113847 0.992858 -0.245001 0.48802 0.000973 0.756026 -0.005279
0.0581611 0.205986 0.84484 0.042905 -0.0389196 -0.799712 1.11145 -0.106743 0.63063 0.026364 0.026545 -0.749715
0.0253345 0.288672 0.990609 0.039234 -0.03842 0.81095 1.15044 0.017799 0.743348 0.014303 0.027789 0.774415
-0.956543 0.276613 0.242341 0.0998037 0.113734 0.12226 0.054171 0.055649 0.019861 0.001338 -0.010905 0.011707
-0.956543 0.276613 0.242341 0.0998037 0.113734 0.12226 0.054171 0.055649 0.019861 0.001338 -0.010905 0.011707
-0.959765 0.273833 0.24001 0.100398 0.11437 0.119302 0.050936 0.053787 0.013692 0.001451 -0.008562 0.005994
-0.959765 0.273833 0.24001 0.100398 0.11437 0.119302 0.050936 0.053787 0.013692 0.001451 -0.008562 0.005994
1.33931 3.564 -1.8832 -0.377214 -0.270084 -0.0875526 1.02647 3.1547 -2.15768 -0.625876 -0.225141 -0.072976
-0.946267 0.295349 0.261407 0.318347 0.103864 0.140095 0.080332 0.067864 0.043461 0.219287 -0.018614 0.021804
-0.955531 0.286814 0.249427 0.339671 0.108745 0.13036 0.059468 0.053115 0.030552 0.250121 -0.01588 0.011303
-0.958564 0.268712 0.240945 -0.147037 0.118199 0.110735 0.046884 0.062408 0.011513 -0.254285 -0.004792 0.003358
-0.91293 0.361665 0.290445 0.0336777 0.0261356 0.0292561 0.11779 0.113422 0.094524 -0.053825 -0.104214 -0.136396
-0.911553 0.360726 0.297451 0.0389523 0.0287971 0.0250823 0.117911 0.125636 0.10207 -0.04791 -0.101215 -0.142238
-0.924053 0.346698 0.287394 0.0689937 0.0666932 -0.0397804 0.089907 0.080881 0.05611 -0.01384 -0.068888 -0.232282
-11.9855 -6.08565 -12.7261 0.0525626 0.129521 0.199413 -12.2369 -3.8008 -12.7936 0.168183 0.121356 0.077663
-0.944545 0.210049 0.294602 0.117563 0.167548 0.270903 0.030445 0.00131 0.002421 0.00301 0.055046 0.226814
-0.941177 0.315199 0.279838 0.534152 0.0950212 0.149811 0.085131 0.068166 0.04824 0.437223 -0.022563 0.023665
-1.59779 -0.866891 -0.409185 0.0874614 0.104313 0.136612 -0.507599 -1.01673 -0.600653 -0.000705 -0.013057 0.032774
-1.97826 -0.406225 -0.487249 0.100689 0.114545 0.125692 -0.984839 -0.564389 -0.635612 -0.002259 -0.012591 0.020571
-0.913008 0.335951 0.265364 0.0753962 0.103208 -0.15294 0.126946 0.109354 0.051556 0.001657 -0.028122 -0.355034
-2.00618 -0.425908 -0.504855 0.100757 0.113607 0.121003 -0.99719 -0.572579 -0.630547 -0.001791 -0.010349 0.013952
-0.949413 0.267855 0.244582 0.107924 -0.305414 0.117428 0.057542 0.058206 0.02454 0.010519 -0.504561 0.004567
0.0905415 0.968614 0.995707 0.0999158 0.113829 0.117205 1.12782 0.685171 0.691121 0.008842 -0.007512 0.002688
-0.212848 0.967911 1.39842 0.102148 0.114711 0.143125 0.71536 0.728424 1.20047 0.007688 -0.011963 0.020414
-0.928379 0.334967 0.295996 0.662117 0.0640358 0.177881 0.091851 0.098367 0.073432 0.572501 -0.045725 0.051261
-0.933106 0.331145 0.253088 0.0895122 0.670509 0.167669 0.07207 0.101567 0.051559 -0.020165 0.61803 0.063767
-0.915016 0.273366 0.267237 0.107637 -0.477473 0.118879 0.088276 0.083064 0.042331 0.014675 -0.697696 0.010991
-0.949725 0.272839 0.259518 -0.64102 0.125941 0.0935052 0.046379 0.096529 0.025014 -0.766508 -0.000572 0.002626
-1.19731 1.44253 -4.64558 -0.306472 -0.000807791 7.21797e-05 -1.12126 1.64848 -4.28578 -0.714414 0.069743 0.039094
-2.63379 -1.04689 -1.54933 0.0950484 0.113596 0.116018 -1.52366 -1.1714 -1.6775 -0.014828 -0.011196 0.026934
-1.154 0.989859 -4.27935 -0.368144 -0.240324 -0.0810597 -1.39151 0.665248 -4.38876 -0.603967 -0.224667 -0.068911
-2.38316 -1.58191 -1.57435 0.0909171 0.107723 0.103612 -1.20913 -1.73195 -1.78515 0.002332 -0.007675 0.006129
0.831251 2.22344 1.72217 0.108452 0.121589 0.110921 1.79388 1.88466 1.37281 0.0042 -0.00485 -0.014174
1.1221 1.6414 1.74986 0.098403 0.111179 0.110905 2.13938 1.29267 1.31749 0.018658 -0.014251 -0.004401
0.515707 1.64996 2.54514 0.105356 0.116288 0.1654 1.33894 1.39112 2.34976 0.017674 -0.014197 0.027688
-3.82811 -1.6443 -1.80141 0.104188 0.12017 0.154557 -2.76573 -1.66397 -1.76601 -0.016123 -0.012511 0.078067
-2.81013 -3.05937 -1.65647 0.0485096 0.075815 0.137932 -1.62106 -3.11127 -1.8239 -0.014369 -0.024358 0.061444
-3.02874 -1.71712 -2.8925 0.0868416 0.102309 0.096551 -1.74292 -1.86038 -3.09555 -0.02026 -0.01457 0.038769
-2.89819 -3.17125 -1.69569 0.0782383 0.0987254 0.138171 -1.69625 -3.25908 -1.85597 0.013667 -0.012075 0.045859
2.20662 2.33759 2.54218 0.099427 0.111328 0.103269 3.22658 1.9296 1.99312 0.027658 -0.015168 -0.018322
2.34414 2.43142 2.61992 0.101799 0.118852 0.109449 3.39356 2.01812 2.07174 0.022638 -0.006084 -0.01604
1.13683 3.8307 2.39219 0.147266 0.147305 0.118992 1.96224 3.39834 2.12965 0.013308 -0.009067 -0.01688
1.19602 3.937 2.41295 0.125914 0.133074 0.0994394 2.01545 3.5323 2.13393 -0.009844 -0.010804 -0.034515
3.98364 6.28365 0.681249 -0.388607 -0.297715 -0.0948899 3.59046 5.78593 0.31544 -0.648557 -0.224717 -0.077035
-4.21012 -2.3247 -3.22911 0.0904864 0.110959 0.114756 -3.00387 -2.35681 -3.25899 -0.027933 -0.011664 0.058739
-4.34015 -3.38417 -2.53806 0.0893366 0.103115 0.133145 -3.18486 -3.37459 -2.52034 -0.000113 -0.015945 0.045236
-4.40871 -2.45296 -3.42452 0.0956207 0.112021 0.0811071 -3.22349 -2.46911 -3.47096 -0.017552 -0.008705 0.001706
2.5267 4.10224 3.1744 0.123199 0.127752 0.0977185 3.44021 3.62025 2.72682 0.017256 -0.015278 -0.039736
2.54049 4.12293 3.17848 0.118549 0.124584 0.0953541 3.44861 3.64625 2.72055 0.014598 -0.015824 -0.037944
1.9141 4.11572 3.96495 0.137413 0.142024 0.158959 2.63194 3.71487 3.72967 0.022686 -0.00693 -0.005241
1.97906 4.19475 4.0538 0.12337 0.128875 0.152492 2.69011 3.81393 3.8328 0.008536 -0.014701 -0.002793
3.94983 6.9712 0.278619 -0.324897 0.00371309 -0.00186105 3.90655 6.85927 0.41728 -0.769752 0.078658 0.045569
1.18742 4.14577 -2.17227 0.162986 0.166889 -0.0845221 1.35872 4.12808 -2.06553 0.668291 -0.067421 -0.155585
-12.4013 -6.08219 -12.8769 0.069231 0.0614856 0.182082 -12.6494 -3.83105 -12.731 0.177119 0.03848 0.053352
0.255172 -0.00605314 1.13051 0.0146433 0.499609 -0.00447775 0.89732 -0.157097 0.87153 -0.006272 0.35148 -0.011677
-5.61827 -4.80923 -3.63326 0.0594679 0.0918434 0.161485 -4.3555 -4.66 -3.54326 -0.030124 -0.015521 0.10677
-5.20734 -5.64268 -3.84876 -0.121384 -0.0258628 -0.213245 -5.37588 -5.74833 -4.0654 -0.014497 -0.260731 -0.233468
-4.81583 -4.83497 -4.73085 0.0426921 0.0736502 0.0978538 -3.34138 -4.81844 -4.88224 -0.032559 -0.020363 0.060813
-4.97633 -4.96879 -4.89296 0.0683019 0.0962409 0.0812859 -3.48374 -4.98147 -5.04871 -0.005642 -0.008108 0.021341
4.63987 4.42948 6.13291 0.11182 0.124859 0.152793 5.2988 4.014 5.6359 0.062348 -0.018123 -0.035923
4.76151 4.53011 6.27384 0.109844 0.120865 0.172846 5.45959 4.08597 5.8101 0.049904 -0.014059 0.002701
3.43814 6.16523 5.94335 0.173263 0.168832 0.159901 4.02928 5.65376 5.67777 0.04582 0.003693 -0.042623
3.43661 6.19444 5.9904 0.147598 0.145019 0.166948 4.00298 5.69277 5.75303 0.026429 -0.014886 -0.016644
3.44649 6.21458 6.01366 0.139981 0.137401 0.164337 4.01106 5.71737 5.77867 0.020989 -0.016827 -0.012821
-5.79531 -3.51109 -8.93302 -0.299191 -0.00519622 -0.000191062 -5.50347 -2.92498 -8.39302 -0.662641 0.055588 0.029038
-5.75684 -3.76142 -8.59927 -0.353647 -0.179338 -0.0699988 -5.73045 -3.81773 -8.48622 -0.554391 -0.2229 -0.062259
4.31335 5.09582 4.87271 0.073733 -0.108083 -0.0436104 5.07983 4.62701 4.75616 0.068504 0.015853 0.015226
-18.5373 -18.3452 -14.356 0.285967 -0.0873886 0.193497 -18.3604 -17.6347 -15.1566 0.554852 -0.136286 0.510702
6.63752 9.956 3.04375 0.177675 0.203676 -0.0968905 6.68084 9.59299 2.98681 0.724368 -0.061446 -0.163657
-0.0584008 0.944819 2.0277 0.0232086 0.521522 -0.014086 0.751144 0.597174 1.084 0.010951 0.387123 0.005731
-19.8041 -19.4415 -14.3599 0.314005 -0.174512 0.302266 -19.1649 -19.0691 -14.5649 0.082898 -0.185134 0.320664
-0.0682705 0.79862 1.25222 0.0420109 -0.0474416 -1.03951 1.10493 0.124128 1.16233 0.005585 -0.012454 -0.879157
9.73825 13.0859 5.71839 -0.360639 0.00755513 -0.00627702 9.56017 12.6907 5.74536 -0.829142 0.088076 0.05209
-6.17667 -5.63547 -5.419 0.0516082 -0.0439139 -0.0294752 -5.401 -5.7442 -5.27881 0.039035 0.008238 0.014528
0.774383 0.825196 0.969349 -0.612537 -0.260069 -0.525978 0.845489 0.937066 0.94633 -0.582253 -0.275036 -0.537357
0.870284 0.912134 1.03344 -0.628047 -0.285577 -0.566019 0.924393 1.00518 0.99327 -0.59173 -0.303075 -0.566633
-19.8197 -19.8214 -15.7998 0.132371 -0.110666 0.0860335 -19.7652 -19.526 -16.2676 0.190788 -0.162507 0.210344
-0.14098 1.42977 1.88975 0.053599 -0.6465 -0.0398123 0.859388 0.708014 1.37226 0.007251 -0.753609 -0.006769
-0.117908 1.50503 2.28646 0.0335963 0.559468 -0.0412307 0.921218 0.793594 1.59927 0.014554 0.758997 0.003163
-19.9712 -19.9743 -16.0101 0.114746 -0.1152 0.0682081 -19.9368 -19.7619 -16.3588 0.169063 -0.164878 0.114873
-0.18574 1.54251 2.55956 0.0487545 -0.684624 -0.0371658 0.901829 0.876271 1.7127 0.01593 -0.799573 -0.013692
-20.0258 -20.0106 -16.1076 0.106639 -0.108981 0.0507297 -19.9805 -19.8222 -16.3883 0.162 -0.159424 0.046824
-0.0173021 1.41268 1.77596 0.0438073 -0.0598793 -0.732846 1.09979 0.474813 1.5432 0.004968 0.021854 -0.543191
-0.00199284 1.38986 1.75144 0.0410979 -0.0609641 0.623781 1.08232 0.443473 1.59676 0.014469 1.7e-05 0.475995
6.0633 23.9213 12.7541 -0.385646 0.449888 0.268848 8.13244 23.5978 13.5309 -0.321832 0.066936 0.043094
0.833059 0.261674 0.171556 0.058715 -0.0233068 0.205974 0.953369 0.350345 0.094364 0.130304 0.041463 -0.001738
0.832942 0.260096 0.166245 0.064838 -0.0103435 0.208937 0.972556 0.34807 0.08422 0.11756 0.049717 0.014977
-34.0181 -33.8289 -33.8898 0.00136038 -0.0853686 0.0934346 -33.8222 -33.8505 -34.1166 0.056731 -0.337286 0.288925
0.837773 0.242515 0.189959 0.0645181 -0.00725405 0.193182 0.941293 0.319134 0.096243 0.132747 0.041039 0.002408
0.0682224 1.56895 2.01731 0.0433588 -0.0618881 -0.0563162 1.07268 0.587299 1.74902 0.013646 0.017773 -0.04296
0.0506163 1.59166 2.02223 0.0429577 -0.0584452 -0.036456 1.07099 0.615954 1.74426 -0.002298 0.006654 0.002769
0.0421178 1.67643 2.42605 0.0360919 -0.0588938 -0.0224491 1.13839 0.653571 2.01445 0.000241 0.004597 0.002169
-0.00881456 1.64837 2.54622 0.0403996 -0.0624571 -0.0507228 1.14762 0.732656 2.12356 0.009765 0.008314 -0.018696
-0.232083 1.94463 3.26948 0.0425605 -0.920707 -0.0396619 0.821414 1.1028 2.42103 0.019757 -1.40825 -0.023126
5.6329 24.5723 13.8276 -0.388197 0.351669 0.256433 7.85185 23.8052 14.6179 -0.30863 0.043389 0.053789
0.772703 0.214892 0.487951 0.0656507 -0.0147884 -0.222402 0.856751 0.327647 0.303314 0.11758 0.040499 -0.473664
1.15052 0.601819 0.346358 0.201585 0.567767 0.220548 1.30058 0.565747 0.374013 0.21024 0.575204 0.044414
1.16501 0.629688 0.356694 -0.0530654 -0.625467 0.22429 1.32847 0.629411 0.339183 0.045283 -0.555181 0.045858
0.641152 0.858859 0.352411 0.0745226 -0.0108189 0.638975 0.736974 0.732149 0.472909 0.147348 0.00355 0.425633
16.1619 19.739 12.0233 0.21671 0.254836 -0.123302 15.9146 19.1236 11.8097 0.779762 -0.077501 -0.17803
0.530735 1.03836 0.651374 0.0756524 -0.0157842 0.455914 0.681855 0.915173 0.730895 0.131499 -0.003425 0.163737
0.53744 1.04752 0.690632 0.0781956 -0.0184703 0.445077 0.708261 0.89997 0.738418 0.1184 -0.006099 0.22488
-9.90833 -9.44295 -9.10251 0.045562 -0.0244743 -0.025463 -9.25277 -9.48595 -8.92987 0.037248 0.00137 0.009381
0.427399 1.06159 0.925477 0.0740604 -0.0226598 0.184423 0.748354 0.937799 0.865865 0.120962 -0.004864 -0.056711
0.352106 0.906396 1.08078 0.0743582 -0.0247985 -0.233944 0.767042 0.794963 0.994254 0.131755 0.008596 -0.316239
-6.00256 -0.714579 -7.88268 0.664777 0.227649 0.5883 -7.70115 0.89049 -9.92893 0.703336 0.360242 0.263274
0.505642 0.406416 0.687287 -0.00566619 -0.00943892 -0.0607082 0.497642 0.387565 0.748941 0.015919 0.088148 -0.135755
0.189927 1.05299 1.22924 0.0675397 -0.0182965 -0.303385 0.63857 1.00382 1.10785 0.104709 1e-06 -0.397521
-2.96837 0.908528 -5.45409 0.840116 0.422114 0.77583 -4.97824 2.41213 -7.75601 0.783456 0.657572 0.352139
3.78399 2.40372 2.61506 -1.60968 0.518168 -0.183443 3.58492 2.35493 2.88032 -0.989296 0.441826 -0.01239
0.189419 0.108059 -0.218745 -0.035205 -0.194144 0.0559514 0.000755 0.007505 0.009619 -0.000112 -0.004612 0.002423
-0.252766 0.167172 0.0628077 0.0573423 -0.0280258 -0.179433 -0.028436 -0.000735 -0.042179 -0.012684 0.016777 0.014277
0.207256 0.105207 -0.223357 -0.155751 -0.328001 -0.0711107 0.007134 0.011055 0.019066 -0.219895 -0.205957 -0.196778
0.194592 0.105645 -0.221393 -0.171143 -0.342778 -0.0830257 0.000856 0.014963 0.009679 -0.240328 -0.237336 -0.218436
-0.245692 0.158513 0.140488 0.0908329 -0.0394156 -0.200091 -0.026405 -0.026575 0.004353 0.03947 -0.012852 -0.015795
0.222514 0.104113 -0.222654 -0.285487 -0.476306 -0.204759 0.018351 0.022011 0.026779 -0.441551 -0.421903 -0.395312
0.178228 0.106004 -0.208343 0.19446 0.0598177 0.296509 0.03855 0.00766 0.021372 0.435557 0.410623 0.41266
0.194192 0.118795 -0.202233 0.219261 0.084004 0.320693 0.052903 0.014312 0.039792 0.480529 0.457984 0.451262
-1.49081 -1.5424 -1.38557 -0.0391736 -0.186119 0.0503486 -1.64413 -1.62313 -1.08558 -0.002991 -0.002899 0.003562
1.96028 1.8344 1.00226 -0.0305731 -0.201241 0.0613863 1.75176 1.72862 1.17719 0.004409 -0.000733 -0.00103
0.06227 -0.0568073 0.303699 -0.100912 0.203134 0.311171 0.111082 0.137483 0.084393 0.004547 -0.007938 0.006527
0.16939 0.122534 -0.200079 0.302404 0.168434 0.411237 0.068946 0.038134 0.03833 0.634246 0.592106 0.601503
0.173725 0.107509 -0.197575 0.305818 0.177537 0.415001 0.070534 0.022444 0.038885 0.647947 0.610131 0.612392
0.23699 0.123098 -0.20424 -0.444631 -0.642796 -0.363213 0.039851 0.063755 0.053882 -0.691088 -0.662301 -0.623103
-2.06102 -2.11588 -2.40511 -0.0400055 -0.184566 0.0462115 -2.16405 -2.17177 -2.13169 -0.005143 0.00316 -0.005549
0.211213 0.136817 -0.183473 0.352136 0.230333 0.459938 0.103178 0.037433 0.073572 0.739235 0.711464 0.694563
2.63528 2.52419 2.16565 -0.0324418 -0.203858 0.0673548 2.37888 2.38995 2.36679 0.002171 -0.002783 0.013128
2.85352 1.17658 1.71576 -1.0416 0.240467 -0.143909 2.76899 1.39431 1.69452 -0.598292 0.137191 0.155143
-3.09648 -3.11611 -2.50047 -0.0436506 -0.180746 0.0423566 -3.21036 -3.16816 -2.12189 -0.011809 9.2e-05 0.004324
3.78877 3.62437 2.26935 -0.0252816 -0.21065 0.065038 3.54798 3.51219 2.3543 0.009189 -0.005482 0.006006
3.94681 3.80887 2.40762 -0.0309239 -0.208291 0.0700235 3.72435 3.70105 2.51496 0.003256 0.008183 0.011653
-10.9814 -10.5351 -10.1486 0.0436346 -0.0217908 -0.0243442 -10.3549 -10.5464 -9.96836 0.040106 -0.003265 0.010882
3.19551 1.33139 1.78079 -0.784347 0.403175 -0.122853 3.24067 1.11559 2.068 -0.317667 0.183763 0.363386
-4.19086 -4.22018 -4.48002 -0.0439712 -0.177003 0.0330237 -4.2068 -4.21603 -4.14452 -0.011545 0.010367 -0.008426
5.22096 5.07905 4.68986 -0.0302049 -0.218966 0.0787121 4.90183 4.92369 4.87013 0.005838 -0.008352 0.026173
-4.63346 -4.62651 -3.57246 -0.0469547 -0.175034 0.0339198 -4.71488 -4.65752 -3.12444 -0.016488 -0.003991 0.002879
5.66764 5.45745 3.59865 -0.0222385 -0.220583 0.0695083 5.40367 5.35387 3.61453 0.005662 -0.005994 0.005655
5.73161 5.52363 3.61491 -0.0201841 -0.22307 0.0681349 5.46758 5.40632 3.6349 0.013929 -0.009653 0.002202
-0.469442 -0.233182 -0.605717 0.102327 -0.0221867 -0.156922 -0.047791 -0.428779 -0.538294 0.016785 -0.017063 0.031607
6.18242 5.94188 6.21875 -0.00323434 -0.0157604 -0.00826043 6.23721 6.06956 6.36131 0.019639 0.089779 -0.129396
2.28483 1.93146 2.01018 0.230666 -0.00786285 -0.0268439 2.70178 1.59421 2.04573 0.166239 0.005632 0.241491
34.302 34.0785 41.2217 0.414255 -0.00325233 -0.105102 34.0826 34.1828 41.4086 0.725714 -0.323437 0.14521
34.358 34.053 41.2435 0.48563 -0.00244904 -0.127475 34.1367 34.1702 41.3953 0.794678 -0.328842 0.135192
34.8268 34.0862 41.3172 1.00551 -0.0257461 -0.214129 34.5743 34.1053 41.3931 1.20784 -0.332957 0.131487
34.6155 34.0421 41.3148 0.770563 -0.0111245 -0.187441 34.3834 34.1298 41.385 1.03809 -0.343887 0.126367
-6.16588 -6.17296 -6.40428 -0.0483926 -0.170067 0.0194886 -6.10454 -6.11753 -6.00295 -0.018218 0.01622 -0.020804
0.868282 0.69554 0.69382 0.17203 0.0329601 -0.107641 1.09954 0.306762 0.682387 0.089743 0.06458 0.078067
2.64234 2.42909 2.47766 0.294162 -0.0147146 0.0353585 3.17149 2.31129 2.53117 0.316422 -0.035558 0.354318
2.74388 2.47726 2.56606 0.283714 -0.01799 0.0250473 3.28835 2.29129 2.6169 0.276082 -0.028771 0.347092
2.7044 2.47135 2.53864 0.292577 -0.0145394 0.0331198 3.24826 2.33272 2.59514 0.303094 -0.035707 0.356708
0.67433 0.551062 0.540961 0.16739 0.0343155 -0.114667 0.883423 0.155798 0.517732 0.08944 0.068915 0.063859
1.30951 1.33072 1.41698 0.466019 0.0209841 -0.164717 1.61348 1.08022 1.42809 0.590326 0.105109 0.070292
0.138724 0.189795 0.15016 0.1581 0.037249 -0.126175 0.290018 -0.218061 0.087611 0.08083 0.075243 0.033819
8.31309 8.01458 8.30233 -0.00231537 -0.0191471 0.0138396 8.38472 8.21756 8.4763 0.020695 0.089579 -0.127065
2.25634 2.08605 2.3479 0.30873 -0.0494453 -0.133254 2.69596 1.70913 2.37641 0.378186 0.03381 0.098631
2.02471 1.8515 2.12737 0.276396 -0.0306569 -0.150919 2.40699 1.4719 2.14179 0.305756 0.025312 0.032353
-21.2611 -21.2888 -21.906 -0.302549 -0.133181 -0.360337 -20.6674 -21.0821 -20.8733 -0.292081 0.028364 -0.148232
-0.365033 -0.0884412 -0.180102 0.149666 0.0303204 -0.117147 -0.251948 -0.49208 -0.262184 0.069148 0.056341 0.038923
-0.530118 -0.175908 -0.283318 0.137358 0.0215142 -0.110849 -0.436074 -0.586769 -0.374887 0.046662 0.042245 0.050085
2.50972 2.60537 2.3441 -0.0801608 1.09531 -0.135685 2.52529 1.9487 2.27398 0.170548 1.01967 -0.02439
-0.553611 -0.225091 -0.0852798 0.0346453 -0.0556712 -0.111229 -0.503188 -0.642823 -0.2098 -0.034061 -0.057791 0.019896
-5.03037 -4.76457 -4.85304 0.141292 0.0153929 -0.0966109 -4.94994 -5.06633 -4.87687 0.028494 0.031802 0.049799
-24.4707 -24.5601 -24.8362 -0.0816072 -0.0536351 -0.172843 -23.8093 -23.8444 -23.9244 -0.259399 0.326649 -0.191998
-28.5651 -28.2726 -28.4392 0.0520898 -0.106048 -0.0744436 -28.141 -28.0934 -27.9983 0.091324 0.109285 -0.062748
-29.036 -28.6248 -28.884 0.12117 -0.0905693 -0.00435029 -28.8187 -28.7422 -28.6679 0.145757 0.02936 -0.014357
-1.0244 -0.896041 -0.505596 -0.0484175 -0.0360666 -0.249726 -1.27097 -1.37806 0.435339 -0.055705 -0.093888 -0.178709
-1.88284 -1.76206 -1.2213 -0.0440349 -0.034016 -0.234769 -2.13172 -2.24315 -0.40631 -0.053411 -0.090201 -0.170971
2.9913 3.30087 3.5164 0.0513127 0.623504 -0.469656 3.00013 2.48955 3.19078 0.190596 0.541049 -0.360587
2.94675 3.30838 3.51589 0.112448 -0.700935 -0.440924 2.9805 2.49128 3.10257 0.117581 -0.514781 -0.321722
-4.54948 1.00775 -3.43955 -0.811641 1.33921 -0.416641 -4.53828 0.228305 -4.57165 0.046856 1.75095 -0.743361
-0.172429 -0.320642 -0.514404 -0.133804 0.0316883 -0.132647 -0.041949 -0.050759 -0.039731 -0.004052 -0.007042 0.008625
-0.169683 -0.311039 -0.52308 -0.132368 0.0259817 -0.00422193 -0.036092 -0.036993 -0.055042 -0.003876 -0.017631 0.200141
-0.168969 -0.31385 -0.518359 -0.268924 0.0346748 -0.132614 -0.040488 -0.044897 -0.047614 -0.242892 -0.002534 0.009341
-0.171311 -0.31595 -0.518837 -0.275041 0.0352952 -0.132501 -0.042505 -0.047537 -0.049434 -0.252962 -0.001841 0.010013
-0.158814 -0.31395 -0.483592 -0.134725 0.0450291 -0.349359 -0.04636 -0.050152 0.009968 -0.003142 0.012278 -0.322042
-0.164026 -0.29098 -0.532689 -0.125716 0.0231576 0.086881 -0.010194 -0.016026 -0.077915 0.004601 -0.026264 0.334509
-0.163196 -0.293128 -0.531349 -0.128401 0.0211034 0.099893 -0.014095 -0.018718 -0.075809 0.001303 -0.025836 0.353111
-0.171267 -0.328312 -0.48977 0.121395 0.031881 -0.129583 -0.033606 -0.03478 -0.003749 0.43964 -0.017391 0.011696
-0.16109 -0.299776 -0.518069 -0.379936 0.0334376 -0.134344 -0.027621 -0.034076 -0.052992 -0.441846 0.000718 0.005969
0.457669 0.409866 0.477029 -0.126347 0.0364573 -0.143303 0.550399 0.628227 0.961492 0.008553 -0.00371 -0.009186
0.47897 0.691844 0.209956 -0.137824 0.0365913 -0.126739 0.571298 0.97968 0.634995 -0.006559 -0.005041 0.016066
-0.171778 -0.328851 -0.492473 0.153295 0.0239772 -0.13216 -0.029648 -0.040627 -0.002138 0.491023 -0.017629 0.006642
0.490623 0.714865 0.22129 -0.138388 0.0333296 -0.128179 0.584734 1.0073 0.644063 -0.007293 -0.006868 0.01646
-0.16808 -0.316402 -0.50792 -0.126206 -0.442992 -0.119407 -0.032854 -0.043541 -0.039519 0.003446 -0.537361 0.026248
-1.16867 -0.927123 -1.10994 -0.132394 0.0321928 -0.135074 -1.06984 -0.628622 -0.601769 -0.000535 -0.008572 5.3e-05
-1.19939 -0.949167 -1.12426 -0.132347 0.0325066 -0.133048 -1.10843 -0.647897 -0.615093 -0.003944 -0.005894 0.002271
-0.15286 -0.304463 -0.466305 -0.134692 0.0508249 -0.462262 -0.045867 -0.046339 0.038218 -0.003603 0.022146 -0.493646
-0.172213 -0.264027 -0.545541 -0.114569 0.0232345 0.174221 0.002082 0.011449 -0.099062 0.01617 -0.029535 0.457026
-0.157765 -0.271089 -0.537508 -0.125378 0.015762 0.214586 0.003054 0.005375 -0.094443 0.005192 -0.035644 0.521011
-0.168119 -0.278935 -0.541128 -0.131404 0.0124296 0.278359 -0.017253 -0.002325 -0.079006 -0.004415 -0.034883 0.615101
-0.158248 -0.288777 -0.520235 -0.497931 0.0332324 -0.135424 -0.017039 -0.025403 -0.065571 -0.653256 0.00353 0.005547
-0.171404 -0.333168 -0.474703 0.283924 0.0237603 -0.130374 -0.028109 -0.033255 0.01827 0.710534 -0.02311 0.007619
-0.171452 -0.313591 -0.500992 -0.122225 -0.658535 -0.112671 -0.031202 -0.047096 -0.037212 0.012854 -0.77417 0.035999
-0.163121 -0.287638 -0.479839 -0.143278 0.745246 -0.152337 -0.031363 -0.021103 -0.004912 -0.015958 0.785761 -0.019731
0.417731 0.102877 0.039379 -0.18506 -0.0916104 0.0790026 0.515632 0.54476 0.355369 -0.074635 -0.03888 -0.036397
1.06908 1.13752 1.4251 -0.114512 0.0492378 -0.157183 1.13828 1.29983 1.90737 0.023905 0.004858 -0.033799
-1.38154 -2.16742 -1.88021 -0.121063 0.0214573 -0.144204 -1.17069 -1.88824 -1.33734 0.005272 -0.016381 -0.008027
1.10759 1.65227 0.915015 -0.1395 0.0511968 -0.118603 1.16947 1.95481 1.29237 -0.00832 0.003843 0.027801
1.12556 1.17947 1.52926 -0.120967 0.0365158 -0.153718 1.1805 1.34331 2.03776 0.0222 -0.001425 -0.023269
1.91552 0.947416 0.730164 -0.130841 0.0338754 -0.126867 2.1023 1.17102 1.12557 -0.002872 -0.006869 0.028454
-1.44783 -2.32591 -1.9288 -0.121968 0.0284707 -0.140543 -1.25047 -2.07867 -1.35122 -0.004953 -0.008447 -0.007606
-2.20037 -1.56575 -1.71909 -0.131396 0.0330655 -0.133194 -2.14851 -1.22894 -1.17834 -0.002191 -0.005378 -0.004095
-28.9673 -29.0055 -28.8852 0.0402796 0.0218489 0.107227 -28.8979 -28.7124 -28.7487 0.061273 -0.049338 0.098269
-28.9672 -29.0088 -28.8908 0.0379518 0.0230755 0.105456 -28.9018 -28.7179 -28.7536 0.060506 -0.046425 0.094308
1.71963 1.91638 2.41053 -0.100213 0.0555151 -0.173359 1.75886 2.02563 2.8818 0.042868 0.006859 -0.060059
1.79055 2.60233 1.68405 -0.147706 0.0566629 -0.106952 1.81564 2.88826 2.04054 -0.023547 0.004487 0.04072
-1.8965 -2.32809 -3.27894 -0.154617 0.0137021 -0.0953616 -1.65503 -1.88508 -2.86947 -0.03636 -0.025802 0.06538
1.78049 2.62098 1.668 -0.141998 0.0550658 -0.111394 1.80035 2.92363 2.01277 -0.015787 0.002568 0.034695
1.82999 2.78271 1.70884 -0.145026 0.0474242 -0.1166 1.85519 3.12353 2.03043 -0.013411 -0.000147 0.031638
1.80126 1.96274 2.5827 -0.113893 0.0402329 -0.164472 1.82323 2.07162 3.1019 0.037737 0.001809 -0.044195
-3.08833 -2.10736 -2.25633 -0.13122 0.031207 -0.139222 -3.04947 -1.73359 -1.68746 0.00127 -0.011927 -0.016223
3.00066 1.60323 1.37689 -0.130688 0.0348986 -0.124378 3.23228 1.81618 1.74078 -0.005475 -0.007868 0.032722
-28.958 -29.0199 -28.9266 0.0300439 0.0414079 0.0959635 -28.9009 -28.7259 -28.758 0.07406 -0.019844 0.074771
3.24256 3.55997 4.4056 0.0714509 -0.0403882 -0.527759 3.28945 2.71803 3.67986 0.138428 0.022015 -0.47098
3.1286 3.49057 3.59023 0.0911332 -0.0293375 -0.622058 3.09471 2.62287 3.07853 0.150192 0.016839 -0.528585
0.89306 0.605923 1.14827 0.0196108 0.246694 -0.531615 1.29062 0.652888 1.25667 0.226855 0.277712 -0.11271
-7.61888 -1.33437 -5.99654 -1.3025 0.127818 -1.18635 -7.1595 -1.1291 -6.85671 -0.82647 0.036839 -0.869985
1.66275 2.0325 2.46982 -0.194576 0.0206786 -0.0950672 2.18009 1.88241 2.34117 -0.108841 -0.014454 0.115733
-13.3534 -0.496438 0.379137 -0.110979 0.0816668 -0.308182 -12.5536 -0.186034 1.7369 -0.546623 0.097841 -0.329859
2.16134 2.61562 2.90834 -0.278932 -0.206685 -0.0835487 2.55857 2.39151 2.68353 -0.180672 -0.150508 0.079574
-0.129469 -0.588596 0.921615 0.0669641 0.0241515 -0.0428981 0.617358 -0.732345 1.32626 0.115122 0.009593 -0.125153
2.31174 2.9049 2.77528 -0.19368 -0.370717 -0.3244 2.31059 2.42498 2.41994 -0.129318 -0.232892 -0.138149
2.38588 2.97061 2.89707 -0.213211 -0.355872 -0.264697 2.46641 2.53709 2.55463 -0.140176 -0.223037 -0.098636
-2.37542 -2.68762 -0.942546 0.0608516 0.0150641 -0.0369373 -1.75702 -2.95394 -0.611435 0.100453 0.00769 -0.107858
1.53561 1.32857 2.4626 -0.0999886 -0.327107 -0.20525 1.52385 0.97516 2.25155 -0.252772 -0.298881 -0.133279
1.86779 4.86209 -1.32312 -0.678468 0.278293 0.215709 2.43189 4.74567 -1.23628 -1.21985 -0.219172 0.059056
-4.78716 -4.70868 -3.59314 -0.0316256 -0.0286668 -0.191871 -5.01951 -5.12888 -3.20959 -0.037648 -0.074649 -0.139271
4.37196 7.54513 1.18242 -0.700453 0.306619 0.227777 4.93092 7.30206 1.13799 -1.27591 -0.225649 0.061164
7.18137 10.1785 3.70684 -0.388702 -0.0868074 0.0861475 7.40421 9.45666 3.98986 -0.43256 -0.030593 0.138611
-2.96879 -3.66138 -2.47591 0.0179982 -0.0123175 -0.0527535 -3.21088 -3.4989 -2.37583 -0.012779 0.067134 -0.055329
4.34161 2.74778 3.75955 0.131458 -0.555995 -0.614815 4.48431 2.43152 3.69146 -0.359826 -0.680484 -0.307051
-5.38018 -5.31225 -4.07383 -0.0296063 -0.027873 -0.184387 -5.62206 -5.7277 -3.78075 -0.032444 -0.070862 -0.131424
4.69601 2.9919 3.47219 0.088637 -0.751105 -0.577771 4.95197 2.80838 3.28107 -0.280108 -0.452026 -0.085228
0.636263 0.2582 0.130482 0.121973 -0.0441087 -0.0563927 0.958885 -0.008236 0.112614 0.144019 -0.004945 -0.07111
-4.03145 2.89534 -3.64586 -0.978555 1.07252 -0.790273 -3.99766 1.69479 -4.89787 -0.232352 1.31897 -0.70789
-4.1108 -3.82096 -3.25202 -0.0507979 0.166668 0.031282 -3.87496 -4.09555 -3.18243 -0.065393 0.154891 0.039167
-15.1871 -15.5211 -15.4309 -0.154046 0.0182678 -0.0607644 -14.0999 -15.2738 -14.9973 -0.112225 -0.045418 0.284949
4.79673 3.10803 3.55913 0.0561312 -0.775493 -0.568282 5.05239 2.91807 3.33231 -0.267979 -0.459332 -0.086097
0.582767 0.333627 0.207949 0.133802 -0.0269997 0.25156 0.909666 0.06881 0.221047 0.162918 0.014723 0.268379
-16.1447 -16.4347 -16.3991 -0.142019 0.0235961 -0.0931435 -15.4096 -16.2561 -16.0625 -0.126419 -0.028249 0.20356
4.82854 3.16773 3.61907 0.0434561 -0.793007 -0.576326 5.07173 2.95186 3.36915 -0.260072 -0.480982 -0.088922
0.593014 0.328469 0.301369 0.10547 0.353192 -0.0487715 0.972008 0.055245 0.240383 0.166173 0.426329 -0.04683
0.607852 0.368666 0.311463 0.124988 -0.462074 -0.0726251 0.913562 0.110139 0.278 0.133258 -0.507933 -0.086526
-13.3123 0.294416 4.62924 0.0104583 -0.101075 0.0348171 -13.2091 -0.200191 5.26344 0.04731 -0.175191 0.011043
0.542518 0.301022 0.351365 0.117697 -0.295599 -0.115507 0.905732 0.048149 0.313522 0.197237 -0.269916 -0.152005
13.0448 16.2133 9.28986 -0.426636 -0.096806 0.100018 13.0714 15.2461 9.51375 -0.464156 -0.029363 0.150091
-13.608 -13.8549 -13.8039 -0.0897473 0.0102199 0.0193446 -12.1977 -13.4972 -13.2376 -0.078246 -0.118223 0.352239
-21.5434 -18.7873 -22.4419 0.0404201 0.0457523 -0.0278112 -21.6799 -18.1117 -22.4358 0.065506 0.294328 0.09871
-0.863499 -0.89648 -0.688629 -0.0545078 0.0918804 -0.0212922 -0.587133 -0.418241 -0.635823 0.01191 0.11901 -0.00718
0.453715 0.560317 0.349895 0.111298 -0.0278582 -0.61665 0.768656 0.257383 0.521858 0.158787 -0.016586 -0.439822
0.433979 0.537423 0.347198 0.109082 -0.020575 -0.63515 0.778738 0.240161 0.475492 0.161235 -0.003871 -0.47224
0.479973 0.600965 0.641301 0.12394 -0.440789 -0.0948791 0.836587 0.231964 0.593782 0.175066 -0.357331 -0.106286
3.50808 2.51977 4.02651 0.0912923 -0.364714 -0.34869 3.56142 2.10984 3.94033 -0.289383 -0.412281 -0.312387
0.604443 0.644379 0.71055 0.139806 -0.45514 -0.0748756 0.907363 0.14415 0.811595 0.153125 -0.367347 -0.047883
-4.05907 -4.74601 -3.38177 0.0195381 -0.0399542 -0.0485107 -4.37499 -4.67826 -3.40493 -0.014288 0.050923 -0.041893
-13.9202 -0.0208082 5.14461 0.10887 -0.0418513 0.0344778 -13.6637 -0.572533 5.73686 0.023814 -0.189618 0.045407
0.325363 1.05279 0.861022 0.110993 -0.478418 -0.0675231 0.749709 0.442191 0.847695 0.167558 -0.281448 -0.059113
-2.11713 -2.15395 -1.89092 -0.0433809 0.0725377 -0.0180625 -2.00558 -1.87311 -1.86968 0.00659 0.109101 -0.007557
0.450157 0.959726 0.945195 0.147703 -0.44046 -0.059999 0.785287 0.46285 0.934963 0.180667 -0.207823 -0.021271
0.341326 0.883251 0.706279 0.0943805 -0.0018726 0.594677 0.754741 0.556295 0.822465 0.187339 0.004031 0.318232
0.330009 0.839911 0.697315 0.146348 0.0222576 0.622862 0.743396 0.54268 0.965058 0.16401 -0.004178 0.383485
1.20289 0.537858 7.51908 -0.215341 -0.258176 -0.00931751 3.1609 1.66856 6.39164 -0.350837 0.35233 -0.426588
0.428659 1.16975 1.07381 0.150803 -0.404278 -0.0741599 0.827641 0.782025 1.20893 0.184825 -0.309688 -0.045172
0.311473 1.20618 1.00762 0.0882718 -0.393169 -0.0739773 0.761838 0.726921 1.13459 0.185091 -0.254937 -0.043865
0.358082 1.06088 1.0064 0.0784148 -0.0402707 -0.467013 0.781199 0.743086 1.25622 0.171964 -0.033667 -0.282603
0.381963 1.26736 1.03405 0.135147 0.379073 -0.0847177 0.760371 0.733439 1.24963 0.146338 0.241173 -0.045287
-0.684558 -0.243261 0.0846265 0.0528345 -0.0405723 -0.044837 -0.024091 -0.453292 0.169101 0.064023 -0.01855 -0.019342
0.412964 1.17196 1.19012 0.0705359 -0.0375671 -0.0770513 0.834075 0.850742 1.36671 0.186118 -0.028287 -0.04371
0.977686 1.45634 1.71542 0.0551713 -0.0445526 -0.0469709 1.69273 1.23627 1.80462 0.067692 -0.017426 -0.021679
-22.8302 -19.1246 -23.2413 0.083531 0.0345554 -0.00453752 -23.0343 -17.4851 -22.1835 0.169025 0.145215 0.035552
1.93119 0.83896 0.804537 -0.726154 0.694178 0.436242 1.81575 0.86653 -0.355234 -0.383125 0.624252 0.325766
0.118857 1.1715 0.927564 0.0731052 0.0152154 -0.0793537 0.527776 0.647515 1.24593 0.181021 0.014854 -0.072438
-17.468 -17.3231 -17.4318 0.1074 0.00995912 -0.0660502 -17.45 -17.5029 -17.3934 -0.05323 0.027344 0.074134
0.435794 0.209049 0.548496 -0.117434 0.000211565 -0.0429277 0.51561 0.315006 1.05798 0.12928 -0.04161 0.193396
1.97315 1.74965 2.04869 -0.108538 0.0174493 -0.0348378 2.09469 1.89875 2.61571 0.140158 -0.038617 0.206036
1.98322 1.84086 0.777999 0.306888 0.040338 0.0614478 1.96089 1.89086 0.70968 0.095999 0.008211 0.152826
-0.0917105 1.55882 1.04294 0.0902967 -0.00174612 -0.0970302 0.296133 0.513413 1.46125 0.168932 0.042947 -0.130079
-3.6257 -3.84836 -3.37581 -0.143143 -0.0468155 -0.0580447 -3.6395 -3.88444 -3.0493 0.100605 -0.055598 0.160989
1.32113 1.42896 0.34549 0.323921 0.00376537 0.0217276 1.29632 1.36267 0.170704 0.178712 -0.073527 0.053603
-1.89919 -1.43789 -2.99547 0.117512 -0.0995638 -0.465592 -1.42628 -1.4076 -3.51562 0.20366 0.015785 -0.517082
-0.816438 -1.10982 3.5105 -0.150367 0.0778858 0.186862 -1.04353 -1.18046 3.07022 -0.225153 0.189896 0.20298
-4.52828 -4.29411 -3.50739 -0.0426027 0.174883 0.0226042 -4.53389 -4.73246 -3.57806 -0.056209 0.161812 0.038057
3.00666 2.51753 1.67964 -0.0298008 0.0426132 -0.050754 3.19873 2.88373 1.57366 -0.08263 -0.000586 0.190244
0.715196 0.575767 -0.723682 0.0630714 -0.0132189 -0.220917 0.624795 0.832878 -1.25598 -0.077834 -0.094724 -0.163252
-1.27144 -1.62116 2.96264 -0.153431 0.0821439 0.0912588 -1.47119 -1.66522 2.7106 -0.22908 0.252311 0.150571
-1.28487 -1.62757 2.95195 -0.153765 0.083014 0.0880472 -1.48782 -1.66903 2.70438 -0.23 0.255135 0.148341
-1.28891 -1.64849 2.94757 -0.173144 0.0846495 0.0837666 -1.49523 -1.69166 2.70863 -0.254725 0.252516 0.142981
0.339466 0.24359 -1.01099 0.031082 -0.0213636 -0.208377 0.193353 0.481495 -1.59778 -0.108796 -0.083134 -0.174316
-0.899847 -1.69771 3.21389 -0.369555 0.0520661 0.0775429 -1.05319 -1.77992 2.86827 -0.578125 0.153746 0.113712
1.75537 1.68788 1.17184 0.042213 0.121567 0.167188 1.86853 2.40295 0.945667 0.00499 0.286388 0.281941
-0.412534 -1.49841 3.58331 -0.508438 0.0280305 0.112033 -0.575083 -1.58827 3.16001 -0.768065 0.095789 0.149056
0.0723422 -1.23971 3.94042 -0.614353 0.0208691 0.16168 -0.136859 -1.30912 3.43143 -0.899741 0.064455 0.201583
1.60738 1.56916 1.01106 -0.0637312 0.116156 0.122072 1.6339 2.22068 0.760384 -0.103924 0.318935 0.189477
1.55549 1.52571 0.956666 -0.101273 0.113448 0.1054 1.56289 2.15272 0.702656 -0.143202 0.323966 0.158701
-0.224731 -0.364513 -0.921059 -0.10606 -0.168904 -0.169412 0.216835 0.131281 -1.0002 -0.022866 -0.038528 -0.13023
1.83649 2.05446 1.07762 -0.0557444 0.0701832 -0.104577 1.5696 1.74947 0.689855 -0.087084 0.059022 -0.069208
2.90246 2.14943 2.07599 -0.195064 0.0951203 -0.443925 3.09217 2.59128 2.08158 -0.251577 0.187211 -0.458536
-7.5073 -7.1717 -6.61109 0.0504378 -0.0195444 -0.0340895 -7.02069 -7.24664 -6.52556 0.045402 -0.02656 -0.006218
33.2998 33.9314 33.5429 0.505191 -0.0203333 -0.168928 33.2757 33.1442 33.2855 0.426943 0.096531 0.155157
32.8305 33.3199 33.0727 0.265953 0.0991745 -0.0573707 32.7819 32.4301 32.7892 0.15594 0.140721 0.047556
32.5882 33.0796 32.8505 0.238039 0.113434 -0.0227945 32.5367 32.164 32.5281 0.131972 0.140989 0.042765
1.12472 0.960792 0.598533 -0.400266 0.0661275 -0.0482873 1.10696 1.31511 0.296499 -0.465265 0.285556 -0.058333
-12.6392 0.47437 9.05973 -0.0509009 -0.0823462 0.0257977 -12.0374 -0.090148 9.41969 -0.039985 -0.137665 0.026449
3.52063 2.67738 2.58809 -0.0881846 0.0670807 -0.370275 3.48704 3.47453 2.77856 -0.119403 -0.053314 -0.362958
4.73091 4.96563 3.96974 -0.0594441 0.0678102 -0.112307 4.39091 4.59536 3.56701 -0.093561 0.070662 -0.068771
33.6558 34.2041 33.8826 0.421312 0.002567 -0.116626 33.6889 33.3655 33.6891 0.307132 0.094163 0.13245
31.8338 32.4725 32.2734 0.233969 0.0768662 -0.129168 31.7779 31.3943 31.7812 0.133849 0.10706 0.034171
31.6886 32.3994 32.1754 0.25895 0.0424281 -0.234608 31.6549 31.2907 31.659 0.175915 0.10742 0.010964
-0.747252 -0.879564 -1.9522 0.0796111 -0.278354 -0.572482 -0.586825 -0.6452 -2.22699 0.03406 -0.198704 -0.455473
-13.0151 0.221939 9.01946 0.0387335 -0.0458525 0.0187068 -12.3537 -0.351367 9.37034 -0.032584 -0.191601 0.035268
-5.89006 -6.10081 -5.53724 -0.159416 -0.0701372 -0.0631629 -5.97866 -6.25006 -5.35325 0.076635 -0.061729 0.143312
-0.809619 -0.558731 3.67431 0.0294158 0.169648 -0.01563 -1.10333 -0.637431 3.33215 -0.233849 0.372384 -0.005127
7.21282 7.0124 7.20688 -0.0816519 0.0674275 -0.000102131 7.48371 7.31024 7.91175 0.161564 -0.026771 0.247668
0.186172 0.0714722 -0.128147 -0.0321459 -0.0454823 0.0433578 0.052582 0.060765 0.06829 -0.000781 -0.006671 0.012894
-0.149063 0.0618542 0.193484 0.0449456 0.027503 0.0351821 0.051389 0.0586 0.071316 0.002653 -0.005728 0.00183
-0.31513 -0.091068 0.0433423 0.029945 0.0253694 0.0219844 -0.119397 -0.092264 -0.080782 -0.011606 -0.00329 -0.015561
0.196244 0.0590699 -0.123407 -0.144858 -0.170772 -0.0738853 0.064149 0.055952 0.069727 -0.170598 -0.162695 -0.139271
0.19124 0.0693824 -0.124366 -0.161651 -0.194167 -0.0936687 0.065002 0.073269 0.076522 -0.195119 -0.198855 -0.172396
-0.14637 0.0344968 0.190825 -0.00151905 0.00278845 -0.0151333 0.078259 0.068844 0.046045 -0.010632 -0.001744 -0.009012
-0.245156 -0.0834663 0.0652946 -0.00863489 0.000315932 -0.0217923 -0.022863 -0.052555 -0.082334 -0.015532 -0.000752 -0.011647
0.228711 0.0635497 -0.118955 -0.246288 -0.296498 -0.185991 0.112946 0.057017 0.060425 -0.32299 -0.311965 -0.278322
0.169597 0.0664328 -0.13744 0.198557 0.213481 0.286875 0.05665 0.061866 0.0918 0.367289 0.327165 0.337871
0.197353 0.0727177 -0.116897 -0.298706 -0.349873 -0.2353 0.069852 0.081753 0.085524 -0.399538 -0.402224 -0.362295
-0.431162 -0.210394 -0.096438 -0.0364369 -0.0162667 -0.0423162 -0.233244 -0.174763 -0.243368 -0.027135 -0.002985 -0.021194
0.304642 0.0703076 -0.107207 -0.355546 -0.4266 -0.302037 0.200494 0.015078 0.055946 -0.443639 -0.450904 -0.419781
0.278892 0.0855629 -0.0959482 -0.350844 -0.430585 -0.293238 0.179107 0.069918 0.069895 -0.464551 -0.455961 -0.409342
0.213678 0.0675026 -0.112478 -0.394496 -0.450461 -0.320492 0.111735 0.083734 0.083564 -0.532195 -0.495653 -0.454377
0.205808 0.0726546 -0.112565 -0.414806 -0.469265 -0.336662 0.088754 0.093119 0.092901 -0.562647 -0.52327 -0.476766
-4.14909 -4.14035 -3.76289 -0.0251081 0.0377161 -0.00667592 -4.28855 -4.22476 -3.8365 -0.00239 0.086208 -0.01049
7.8308 8.0954 7.06984 -0.0620371 0.0691222 -0.118159 7.4137 7.63823 6.67032 -0.099595 0.082625 -0.069286
-1.91074 -2.00721 -2.15454 -0.0272202 -0.0276877 0.0386647 -1.98026 -1.95062 -1.90387 0.010957 -0.000703 0.008781
2.38659 2.23652 2.00143 -0.0343358 -0.0581076 0.0490066 2.20726 2.16891 2.15846 -0.000239 -0.005492 0.024659
-5.80962 -5.93247 -6.37862 0.0730361 -0.116866 -0.06733 -5.41915 -5.67563 -6.23577 0.013205 0.040293 0.026283
-12.5135 0.459354 9.75672 -0.0464695 -0.0736592 0.0241366 -11.8321 -0.08188 10.0939 -0.040469 -0.14203 0.022211
3.5254 3.32193 2.24149 -0.0219431 -0.0568221 0.0511635 3.32824 3.24449 2.27127 0.040647 -0.008173 0.006699
3.49165 3.30331 2.22173 -0.0299991 -0.0589988 0.0461379 3.30971 3.24856 2.25374 0.003639 -0.005576 0.008297
3.50189 3.33228 2.21085 -0.0332019 -0.0631502 0.0496632 3.34208 3.27928 2.23018 -0.005539 -0.011337 0.018609
-0.448503 -0.105189 4.06645 0.103624 0.176517 -0.0395775 -0.766963 -0.286913 3.65992 -0.186786 0.37853 0.008596
-4.00802 -4.07399 -4.17868 -0.0253161 -0.0129596 0.0295293 -3.98691 -3.95675 -3.89355 0.009151 0.002388 -0.00046
-4.30381 -4.33796 -3.29563 -0.0300262 -0.0143451 0.0338612 -4.33657 -4.25496 -2.83113 0.01771 0.001446 0.011883
-4.30694 -4.33765 -3.29069 -0.0305436 -0.0119605 0.0329059 -4.34793 -4.25771 -2.82111 0.015139 0.003972 0.010858
5.27116 5.09511 3.46505 -0.035625 -0.0714408 0.0524664 5.11621 5.02306 3.38897 -0.016646 -0.01539 0.023754
0.0650928 0.0427339 -0.476339 0.177849 0.0494081 0.00295671 -0.017239 -0.034585 -0.008019 0.237988 0.00321 -0.009307
0.0855237 0.0775881 -0.478033 -0.00652051 -0.115408 -0.181948 0.011794 -0.000759 -0.018261 0.005562 -0.203685 -0.238297
-0.517577 -0.497741 -1.34882 -0.0307859 0.0383909 0.00753919 -0.560708 -0.552414 -0.923574 -0.004042 -0.015894 -0.013609
-0.514908 -0.495689 -1.36547 -0.0307313 0.043268 0.00969416 -0.559365 -0.550081 -0.962849 -0.006206 -0.013076 -0.005701
0.696173 0.66849 0.443119 0.00683235 0.0600218 -0.00571527 0.578797 0.54563 0.988691 0.005591 0.02297 -0.012131
0.714946 0.684396 0.468488 0.00534982 0.060813 -0.00586906 0.595603 0.565464 1.01466 0.00367 0.023522 -0.011519
0.115095 0.0999853 -0.463989 0.0013543 -0.253211 -0.336179 0.037737 0.029457 -0.029374 0.011702 -0.373197 -0.439911
0.0468829 0.0492764 -0.487892 -0.00874626 0.36513 0.353279 -0.027581 -0.043602 0.031545 -0.004546 0.398662 0.424493
0.110512 0.0931116 -0.457147 -0.00120845 -0.267266 -0.356298 0.032712 0.020098 -0.025602 0.011759 -0.387341 -0.449829
0.0852354 0.127745 -0.523746 -0.529825 0.0584127 0.000696806 0.02848 0.041268 -0.010417 -0.645169 0.009506 -0.012431
0.0715824 0.0108723 -0.42657 0.551237 0.0438979 0.000130703 -0.020668 -0.050994 0.023624 0.710029 0.003938 -0.015271
0.173993 0.241568 -0.372626 0.0224556 -0.00209486 -0.0407087 0.078116 0.123381 0.072886 0.007694 0.029212 -0.023025
-1.40673 -1.43359 -1.63849 0.00868424 0.0565557 0.00942617 -1.46894 -1.49076 -1.09047 0.020728 0.023389 -0.005033
1.70052 1.7189 0.782473 -0.0356876 0.0490034 -0.00505314 1.62537 1.63114 1.18689 -0.02209 -0.009493 -0.008979
0.148394 0.120159 -0.442524 0.0107824 -0.405033 -0.506954 0.069998 0.058948 -0.044204 0.020588 -0.558231 -0.651632
-1.08796 -1.04925 -2.23714 -0.0506326 0.0343973 0.0166839 -1.08536 -1.05106 -1.87592 -0.014615 -0.029927 -0.003811
0.132916 0.0991774 -0.442626 0.00733352 -0.45062 -0.55328 0.056852 0.031027 -0.034457 0.019854 -0.612326 -0.696895
0.126611 0.0883402 -0.455924 0.00959555 -0.524938 -0.605789 0.052883 0.027413 -0.021107 0.010743 -0.717973 -0.768544
-1.95777 -1.95456 -2.4687 -0.0104307 0.0518958 0.0134302 -1.98087 -1.98422 -1.97972 0.017585 0.013777 -0.011455
-1.99203 -1.99619 -2.51896 -0.00928247 0.0479824 0.0167293 -2.01981 -2.01911 -2.03315 0.014948 0.004926 -0.001666
2.31134 2.30819 1.71624 -0.0155637 0.0558658 -0.0145495 2.19182 2.17918 2.18888 -0.015734 0.00582 -0.014804
-1.64611 0.937439 -1.13146 2.81524 0.270352 -0.981795 -1.41141 1.33855 -0.848393 2.7524 0.224667 -0.526765
-1.63815 -1.57809 -3.04022 -0.0742108 0.0196609 0.0141628 -1.60461 -1.55375 -2.71904 -0.025854 -0.056043 -0.016498
1.93573 1.86077 2.22195 0.05106 0.0811568 -0.0241706 1.75381 1.68639 2.88917 0.018797 0.067207 -0.019195
-1.47966 1.10211 -0.962901 2.8189 0.277556 -0.995148 -1.29501 1.43655 -0.735626 2.75143 0.223067 -0.541427
-0.0459472 -0.000940219 -0.63043 0.0459233 -0.0335952 -0.135413 -0.146068 -0.07682 -0.155085 0.041145 0.057652 -0.132214
117.439 117.164 118.707 -0.304266 0.31209 0.0396026 115.402 115.836 115.633 0.231709 0.137133 0.913228
3.17284 3.21766 1.9812 -0.0612682 0.0226422 -0.0201863 3.08743 3.10635 2.31412 -0.055095 -0.058466 -0.03108
3.30485 3.35801 2.04736 -0.065767 0.0421861 -0.0141236 3.23121 3.25892 2.36815 -0.05015 -0.028924 -0.013305
117.774 118.132 119.583 -0.336032 0.0705755 0.0902976 116.701 117.26 117.323 0.155872 0.151569 0.725741
-5.25969 -2.90732 -5.44061 2.89483 0.0392199 -0.678865 -4.85312 -2.1368 -4.83315 2.89724 0.145431 -0.180024
-7.83304 -7.58254 -8.61722 -0.034996 0.100383 -0.0634828 -7.84323 -7.74974 -8.8005 -0.058952 0.025209 -0.070971
-5.71062 -5.75547 -5.83271 -0.0210959 0.00205402 0.0226989 -5.6215 -5.5265 -5.42521 0.025577 0.004645 -0.00886
-5.76953 -5.82085 -5.8743 -0.0201736 0.00792404 0.0281495 -5.67483 -5.60369 -5.46355 0.020302 0.012093 -0.010822
-3.8684 -3.85498 -4.33764 -0.00881515 0.0528032 0.0230721 -3.83594 -3.83005 -3.83361 0.032235 0.020311 -0.002636
-3.90276 -3.90544 -4.39321 -0.00607988 0.0474444 0.0242362 -3.87769 -3.87318 -3.89525 0.029579 0.009674 0.005208
-4.14866 -4.16395 -3.75545 0.0270315 0.0910442 0.0206158 -4.13223 -4.1682 -3.11732 0.062065 0.104278 -0.00305
-4.15376 -4.18373 -3.74606 0.0327332 0.0803425 0.0187545 -4.14494 -4.1928 -3.09759 0.060285 0.084205 0.000603
-4.2124 -4.26268 -3.80296 0.0348029 0.0637371 0.0201464 -4.22417 -4.27941 -3.14338 0.059971 0.065365 0.001191
4.84274 4.927 3.28037 -0.102654 0.0168904 -0.0221897 4.78875 4.82572 3.53742 -0.087045 -0.069019 -0.023378
5.02223 5.10808 3.40261 -0.0971521 0.0358833 -0.0253601 4.96983 5.00923 3.64385 -0.08375 -0.049499 -0.019211
7.19084 7.00718 6.69171 -0.0427385 -0.0866289 0.0601255 6.93734 6.83756 6.79089 -0.016929 -0.018663 0.04533
7.22228 7.04874 6.71975 -0.0444739 -0.0886766 0.0589268 6.9613 6.88668 6.81081 -0.020211 -0.020557 0.045331
-12.3654 0.408457 10.4509 -0.0125536 -0.0629498 0.0217128 -11.5793 -0.055658 10.8012 -0.014746 -0.17149 0.006029
2.17608 2.43184 2.61252 0.116391 0.10156 -0.0847692 2.36676 2.36033 2.34902 0.105331 0.118833 -0.100385
2.77537 3.06287 3.19878 0.140551 0.116897 -0.101206 3.10737 3.06803 2.87901 0.128429 0.102613 -0.127885
115.74 116.367 117.17 -0.76967 -0.183286 0.0686107 112.946 114.28 113.18 0.04738 -0.100934 0.498794
-5.69155 -5.67818 -6.13613 -0.00532742 0.0491995 0.0256987 -5.5981 -5.58349 -5.61518 0.041384 0.013858 0.009883
1.55474 1.61133 1.31266 0.272482 0.113096 -0.33232 1.76338 2.0099 0.928841 0.415764 0.09647 -0.389346
0.131373 0.898402 4.51502 0.21189 0.0829605 -0.0620239 -0.117588 0.496295 4.01099 -0.044217 0.326738 0.026771
-12.3045 0.416321 10.8587 -0.035616 -0.0594865 0.0213885 -11.4599 -0.058077 11.1887 -0.037746 -0.151507 0.009964
7.03094 7.04447 6.36911 -0.0247591 0.0603544 -0.0528182 6.84473 6.81717 6.84578 -0.062185 0.003258 -0.036177
0.435512 0.259874 0.0489478 0.147551 0.159174 -0.142296 0.31591 0.348768 0.574169 0.166813 0.282667 -0.125453
0.14625 0.945015 4.51438 0.218546 0.0737741 -0.0629242 -0.085933 0.53509 4.03181 -0.026971 0.314288 0.015659
0.160849 1.00147 4.51803 0.225455 0.0648257 -0.0633048 -0.051224 0.58284 4.04205 -0.01077 0.309613 0.010925
0.193213 1.23493 4.49625 0.27991 0.0334654 -0.0597188 0.036408 0.77564 4.04143 0.088017 0.26492 -0.019836
3.29419 3.60197 3.71929 0.177757 0.132727 -0.119235 3.75069 3.68037 3.34249 0.198342 0.107852 -0.143843
0.184189 1.14579 4.50584 0.257301 0.0436441 -0.0613077 0.002542 0.69631 4.03919 0.044982 0.279513 -0.011761
-12.2693 0.406647 11.0359 -0.0323792 -0.0567778 0.0207469 -11.3921 -0.049719 11.3686 -0.037285 -0.155634 0.00765
-12.2561 0.402658 11.1011 -0.0307526 -0.0555775 0.0204459 -11.372 -0.056924 11.4305 -0.036557 -0.156904 0.007145
2.32969 -0.00101968 0.076574 -1.94636 0.613892 0.0745948 2.75669 0.117812 0.090331 -2.10985 0.586651 0.015611
0.675501 0.0757617 -3.52813 0.908451 0.380408 0.38334 0.191125 0.008805 -2.99011 0.838694 0.481952 0.546027
1.80506 2.18799 2.12807 0.0614371 0.11212 -0.192721 1.93344 2.04523 1.99465 0.097253 0.0864 -0.196193
6.22282 4.11303 3.95202 -1.81654 0.636968 -0.194818 6.68912 3.92707 4.04419 -2.05051 0.632149 -0.16274
9.94298 8.31767 7.52921 -1.83626 0.584781 -0.38161 10.2111 7.84694 7.41569 -1.95368 0.61409 -0.451526
0.858368 1.18009 1.4852 0.0793025 0.0428295 -0.0407721 0.862352 0.976657 1.28016 0.046766 0.052931 -0.036486
3.35512 3.46517 3.31138 0.246071 0.173494 -0.282208 3.95055 3.77999 2.84338 0.343688 0.070527 -0.264726
3.47991 3.60609 3.45352 0.244803 0.169854 -0.280282 4.09169 3.90028 2.97778 0.332123 0.072623 -0.252364
-5.67976 -6.34501 -4.6852 0.0256245 -0.0804401 -0.0432766 -6.21615 -6.53865 -5.03031 -0.017029 0.020156 -0.016996
0.263204 -0.0646485 -0.277041 -0.09637 0.241429 -0.116402 0.088641 0.094561 0.083451 -0.000943 0.001416 -0.007264
0.257814 -0.0616911 -0.287687 -0.0961508 0.242049 0.0431213 0.099002 0.108035 0.079375 -0.001342 -0.000178 0.216829
0.260687 -0.058752 -0.285553 -0.094787 0.239877 0.0488704 0.095282 0.104659 0.074547 -0.000384 -0.00265 0.224425
0.262831 -0.0710769 -0.273428 -0.0991228 0.244509 -0.276058 0.084136 0.084576 0.091126 -0.000203 0.007233 -0.230257
0.266777 -0.0661371 -0.269779 -0.0978652 0.242966 -0.281065 0.087678 0.087072 0.089544 -1.3e-05 0.003773 -0.237667
0.250328 -0.0587402 -0.297524 -0.0997841 0.249744 0.16417 0.098288 0.112019 0.063602 -0.01605 -0.000294 0.378282
0.251076 -0.0544005 -0.297961 -0.098052 0.247782 0.172792 0.099764 0.115192 0.064316 -0.009937 -0.002048 0.391931
0.256552 -0.103827 -0.304803 -0.0956502 -0.141082 -0.114892 0.082653 0.068195 0.055647 -0.003826 -0.415766 -0.000123
0.256965 -0.0866531 -0.279139 -0.107134 0.255054 -0.392844 0.075492 0.058364 0.095389 -4.9e-05 0.021048 -0.38106
0.255475 -0.0850312 -0.278351 -0.105886 0.251893 -0.402354 0.069965 0.060307 0.095625 -0.000475 0.016662 -0.397775
-0.329958 -0.721836 -1.23391 -0.0957386 0.231673 -0.107351 -0.460663 -0.497895 -0.93317 -0.004867 -0.003899 0.001009
0.25447 -0.0836818 -0.277648 -0.104892 0.249557 -0.409456 0.066384 0.064811 0.097141 -8.5e-05 0.014485 -0.410196
0.256106 -0.103055 -0.274169 0.212693 0.236572 -0.113411 0.109293 0.074044 0.0994 0.457324 -0.004181 -0.006926
0.269653 -0.076658 -0.284743 -0.0866055 -0.190407 -0.112753 0.09221 0.102362 0.080642 0.009431 -0.470677 0.000176
0.271188 -0.0630234 -0.263101 -0.0992343 0.244412 -0.445897 0.086013 0.083581 0.101828 -0.000667 0.006608 -0.468392
1.17339 0.506252 0.277668 -0.0976027 0.2507 -0.116464 1.05179 0.634377 0.612943 0.01001 0.005691 0.001192
1.23008 0.536182 0.308611 -0.0991625 0.24419 -0.118772 1.11929 0.661254 0.6355 0.006809 0.003805 -0.000296
1.2654 0.55507 0.327959 -0.100103 0.240111 -0.120168 1.1567 0.676903 0.647754 0.004542 0.002186 -0.001374
0.259491 -0.0453187 -0.298503 -0.0996907 0.25412 0.286314 0.119192 0.135614 0.055724 -0.031259 -0.005022 0.545182
0.0852931 -0.437331 -0.181816 -0.143167 -0.189451 0.107062 -0.076387 -0.098 -0.056372 -0.035169 0.000519 -0.013281
0.270401 -0.106404 -0.300055 -0.097402 -0.319333 -0.116347 0.093938 0.076959 0.057147 -0.004843 -0.609971 0.00594
0.257906 -0.080014 -0.27656 -0.107914 0.256103 -0.529381 0.073119 0.055213 0.101824 0.007494 0.03045 -0.566741
0.256929 -0.109847 -0.306516 -0.091935 -0.337826 -0.11297 0.081019 0.07044 0.052453 0.00091 -0.629954 0.003027
0.257237 -0.0348587 -0.304107 -0.092765 0.240173 0.363504 0.116289 0.139996 0.069208 -0.0025 -0.007806 0.657945
0.253076 -0.00699212 -0.225334 -0.10918 0.846547 -0.122134 0.090518 0.132908 0.132348 -0.010232 0.653381 -0.021039
0.273858 -0.0745615 -0.280432 -0.0813076 -0.405435 -0.11079 0.094561 0.111222 0.088433 0.015885 -0.705221 0.002473
0.25794 -0.0130453 -0.230096 -0.110019 0.88815 -0.119639 0.097804 0.115699 0.120057 -0.013026 0.705583 -0.017829
-1.51045 -1.20908 -1.37111 -0.109208 0.250879 -0.123229 -1.76442 -0.984483 -0.963538 -0.037415 0.012585 -0.024923
-0.856681 -1.29187 -2.06058 -0.0966119 0.208385 -0.10046 -0.953642 -1.00594 -1.78467 -0.007709 -0.016339 0.006036
-0.871418 -1.85938 -1.50739 -0.0620223 0.205641 -0.129939 -0.977643 -1.80549 -1.02967 0.021155 -0.01032 -0.029463
-0.850135 -1.2945 -2.07833 -0.100053 0.207569 -0.0996819 -0.949889 -1.00834 -1.81306 -0.009985 -0.018569 0.009811
-0.907989 -1.3573 -2.17223 -0.0951093 0.222748 -0.0981995 -0.994737 -1.06754 -1.93356 -0.011464 -0.008345 0.011986
1.42585 1.2212 1.55135 -0.104563 0.292352 -0.132705 1.19043 1.25371 2.005 -0.001993 0.029049 -0.020212
1.43717 1.75036 0.999961 -0.141052 0.290136 -0.10468 1.203 2.03908 1.23675 -0.02761 0.022607 0.015578
1.46117 1.2743 1.63227 -0.0969938 0.272959 -0.13187 1.22137 1.30442 2.11403 0.009306 0.01993 -0.019157
2.29262 1.18932 0.947804 -0.104436 0.238892 -0.123683 2.25071 1.27072 1.22737 0.011279 0.003869 0.004368
-1.41276 -2.66711 -2.08603 -0.0262609 0.190341 -0.140803 -1.49831 -2.62627 -1.56759 0.045724 -0.007997 -0.044098
-1.39669 -1.87774 -2.92536 -0.0942609 0.191228 -0.0899314 -1.45022 -1.53364 -2.69018 -0.002715 -0.027699 0.015718
-1.4135 -2.728 -2.09107 -0.0427873 0.186509 -0.135774 -1.48889 -2.71431 -1.56225 0.035841 -0.017286 -0.038239
-1.47157 -1.971 -3.09177 -0.0944121 0.214455 -0.0899623 -1.50966 -1.61948 -2.9145 -0.016209 -0.012834 0.018229
2.03564 1.90566 2.48833 -0.106377 0.315821 -0.142093 1.77801 1.87788 2.98142 -0.004295 0.045526 -0.030005
2.05307 2.69406 1.6665 -0.159894 0.311219 -0.0978307 1.78885 3.05148 1.83981 -0.040695 0.03362 0.028992
3.10039 1.72803 1.46212 -0.0976232 0.253312 -0.112975 3.09177 1.78787 1.73802 0.026874 0.005735 0.016692
3.11988 1.73327 1.46695 -0.0969447 0.257067 -0.11349 3.115 1.79245 1.7402 0.026996 0.007836 0.017193
-1.74385 -0.0228728 -2.59734 2.71154 0.0629391 -1.0314 -1.55 0.092894 -2.12713 2.43959 -0.118413 -0.405554
-3.63083 -1.61354 -4.64251 2.47742 0.205102 -0.220764 -3.16011 -1.51826 -4.53353 2.26145 0.073564 0.141542
1.46675 3.5718 0.793835 3.47084 1.35624 -1.99957 1.61012 2.84729 1.25475 3.0141 0.930263 -1.49219
1.32671 0.613082 -3.30082 0.647875 0.431385 0.342599 0.746769 0.335908 -3.2726 0.713319 0.671907 0.437131
-3.8029 -2.11445 -4.7057 2.82772 0.0715364 -1.03449 -3.50092 -2.08225 -4.04939 2.5074 -0.06058 -0.452945
0.53587 1.0125 1.308 0.081406 0.0299279 -0.0325004 0.519439 0.695852 1.05376 0.038148 0.028538 -0.03036
4.10181 6.56857 3.69194 3.16508 0.0154097 0.0878462 3.69419 6.35825 3.23931 2.79975 -0.069055 0.398213
-0.140811 -0.144801 0.573066 -0.00846778 0.13214 -0.0451428 -0.011247 -0.004592 -0.012835 -0.005594 -0.000458 0.014097
-0.112224 0.62734 -0.154242 -0.0640351 0.1235 0.092426 0.048522 0.067774 -0.021769 -0.012927 -0.004077 0.127266
-0.0998927 0.576459 -0.0834646 -0.056432 0.146274 -0.130372 0.049062 0.02227 0.043595 -0.015391 0.012473 -0.177841
-0.102668 0.610952 -0.119916 -0.0190376 0.331578 -0.0152403 0.049969 0.062959 0.028436 0.002254 0.234423 -0.017557
-0.118219 0.662269 -0.184591 -0.0659697 0.112955 0.20848 0.053769 0.101887 -0.046841 -0.006504 -0.012229 0.293657
-0.701353 -0.367091 -0.744177 -0.0459684 0.135341 -0.0533634 -0.471021 -0.881698 -0.567658 0.000561 -0.014677 -0.040939
-1.06747 -0.0122948 -0.710564 -0.0564477 0.136125 -0.00491651 -0.948411 -0.492077 -0.519254 -0.011664 0.016949 -0.014183
-0.0962831 0.612253 -0.108436 -0.119556 -0.251477 0.00201582 0.099177 0.036722 0.01247 -0.020695 -0.457958 -0.004008
-0.100237 0.612408 -0.119832 0.0143472 0.52783 -0.0197783 0.041946 0.080209 0.040102 0.008069 0.469037 -0.021775
-0.105585 0.627733 -0.114259 -0.44913 0.0673313 -0.0127179 0.04495 0.062675 0.034788 -0.50617 -0.008974 -0.02487
0.888427 1.26134 0.503606 -0.0485691 0.134522 -0.0161071 1.10594 0.616794 0.574766 0.000369 -0.013621 -0.016714
-0.106415 0.559837 -0.116315 0.474844 0.242926 -0.0132283 0.073656 0.016223 -0.028089 0.647178 0.018983 -0.003883
-0.093565 0.600098 -0.101642 -0.148044 -0.430703 0.00962733 0.120072 0.015594 0.006988 -0.023608 -0.6541 0.010353
-0.0882854 0.615322 -0.100333 -0.151707 -0.444328 0.00892715 0.126141 0.034503 0.010528 -0.026906 -0.684 0.003572
-0.0870698 0.595946 -0.100502 0.540673 0.238096 -0.00159289 0.096181 0.054438 0.01816 0.739687 0.015027 0.012212
-0.10642 0.635065 -0.109624 -0.662305 0.0346148 -0.0154718 0.056359 0.081154 0.054969 -0.787066 -0.018511 -0.034995
-1.67174 -1.01644 -1.35053 -0.0491741 0.136515 -0.0429196 -1.48253 -1.47511 -1.12467 -0.007933 0.007515 -0.036798
-1.33156 -1.07505 -1.7506 -0.0500364 0.138081 -0.0187998 -1.02099 -1.56498 -1.60514 0.004225 -0.016912 -0.013146
1.48583 2.23927 1.13155 -0.0613387 0.134939 0.0242133 1.63133 1.59941 1.18342 -0.010894 -3e-06 0.010876
1.14382 2.32416 1.54532 -0.0596041 0.132072 -0.00213741 1.17433 1.70949 1.69433 -0.019179 0.017176 -0.016764
1.5485 2.32607 1.19149 -0.0523556 0.13386 0.0254484 1.68749 1.67419 1.21492 -0.003377 -0.003636 0.008967
-1.24499 -0.640913 -1.95958 -0.0533717 0.137856 0.0413075 -0.956894 -1.09911 -1.83212 0.021397 -0.016419 0.047266
-1.28286 -0.681999 -2.0356 -0.0555527 0.138822 0.0462516 -1.00179 -1.15354 -1.9683 0.010531 -0.005992 0.041945
-1.34909 -1.45528 -1.41958 -0.0414469 0.136778 -0.0847166 -1.02322 -1.96194 -1.20004 0.002285 -0.01787 -0.06081
1.81744 1.8616 1.08932 -0.053189 0.134268 -0.0312448 2.04653 1.14413 1.08223 0.000672 -0.02594 -0.027298
1.8911 1.92778 1.14453 -0.0427768 0.133641 -0.0225083 2.16499 1.19503 1.14198 0.005853 -0.030557 -0.020146
-1.85636 -2.29958 -1.94422 -0.0224561 0.135622 -0.122405 -1.4701 -2.70876 -1.68833 0.03282 -0.044345 -0.086192
-1.91576 -2.40836 -2.00533 -0.0320486 0.136379 -0.119623 -1.51809 -2.85357 -1.74839 0.016088 -0.034013 -0.08687
1.70868 2.60983 2.74862 -0.067718 0.130471 -0.106684 1.70296 1.94483 2.93436 -0.057737 0.027114 -0.113217
1.70344 2.59935 2.77748 -0.0631585 0.124684 -0.117124 1.69429 1.91446 3.01238 -0.055374 0.024193 -0.116232
1.83502 3.71714 1.93563 -0.0712675 0.135574 0.117433 1.77843 3.1494 1.93046 -0.025617 0.04225 0.06447
1.87282 3.79428 1.98113 -0.0643254 0.13509 0.116951 1.80935 3.24048 1.97272 -0.013093 0.036081 0.066919
-3.05836 -1.80651 -3.05348 -0.0571912 0.140333 0.0504217 -2.81989 -2.1103 -2.80486 0.011495 0.007775 0.048269
-3.12849 -1.8786 -3.15573 -0.06137 0.140307 0.0528345 -2.91389 -2.18027 -2.93755 0.00149 0.010834 0.042614
3.08755 3.21554 3.03321 -0.0621376 0.134775 -0.0940296 3.18282 2.41823 3.04954 -0.030605 -0.010759 -0.085122
3.08633 3.21067 3.05259 -0.0539808 0.127568 -0.0957312 3.21073 2.40236 3.11582 -0.031225 -0.00285 -0.087173
3.13682 3.93031 2.44425 -0.0616804 0.133686 0.0641735 3.25403 3.19366 2.35863 -0.013836 0.004482 0.036684
2.4753 4.17839 3.34014 -0.053809 0.126852 0.00667518 2.36258 3.50726 3.50129 -0.02396 0.044228 -0.013883
-0.0814251 -0.494302 -0.64152 -0.188699 -0.664131 -0.234249 0.249145 -0.436559 -0.496071 -0.24018 -0.842005 0.131033
-4.43232 -2.93518 -4.39879 -0.0569305 0.142246 0.0739963 -4.13385 -3.12593 -4.0682 0.019312 0.014205 0.072786
-4.52534 -3.95307 -3.55089 -0.028427 0.136699 -0.0946295 -4.19785 -4.10694 -3.12307 0.020589 -0.00362 -0.0801
-4.55056 -3.05368 -4.58292 -0.0647516 0.142627 0.0792747 -4.29601 -3.23042 -4.31589 0.005972 0.011083 0.067862
-3.47481 -4.00688 -4.56142 -0.0150118 0.137668 -0.0460918 -2.93291 -4.2525 -4.28826 0.082239 -0.064929 0.004656
2.77676 3.3994 3.68772 0.0863274 0.0357425 -0.0452433 2.78578 2.99392 3.34228 0.052136 0.033247 -0.041429
-3.66119 -4.2633 -4.81614 -0.0444446 0.140661 -0.0342447 -3.04585 -4.57763 -4.61766 0.025958 -0.0553 -0.010805
4.82014 5.59463 3.81084 -0.0850621 0.128841 0.0886065 4.90749 4.78362 3.59196 -0.041006 0.006371 0.030753
4.83289 5.64815 3.80394 -0.0680621 0.131793 0.103966 4.94839 4.85503 3.6028 -0.02163 0.011458 0.05546
3.66747 5.75149 4.91728 -0.0884868 0.124582 0.0225284 3.4359 5.0153 4.99463 -0.098023 0.077907 -0.039473
0.687366 1.32825 1.63376 -0.00785989 0.0065933 0.0435571 0.587067 0.965333 1.24735 -0.047845 -0.009876 -0.016373
0.0384197 2.69881 0.186933 3.30651 0.684988 -0.607192 0.141493 2.7433 0.684883 3.31344 0.618205 -1.14199
-5.44495 -3.79341 -5.29844 2.70266 1.15127 -1.4835 -4.89755 -3.64295 -5.07189 2.64957 0.509402 -1.25191
1.13893 3.84693 1.51321 3.489 0.608638 -0.536827 1.07534 3.96077 2.09191 3.37027 0.510542 -1.17328
-0.145735 0.678056 -6.10542 0.126331 -0.0642834 -0.105528 -0.284683 0.383559 -7.22679 0.137241 0.068111 -0.018276
-5.95016 -4.25942 -6.76797 2.72059 0.0042029 -0.744503 -5.27579 -4.21796 -5.8016 2.49115 0.023027 -0.253026
-1.86434 0.567352 -2.44044 2.91717 0.612631 -0.670491 -1.33812 0.417276 -1.86173 3.01555 0.788157 -1.20284
-1.43676 -0.272294 -0.356564 -0.00103486 0.234568 0.612972 -0.808358 -0.872944 -0.744475 0.191048 0.196272 0.602488
-13.3368 -13.0342 -14.0742 -0.0205555 0.119372 -0.0425891 -13.1559 -13.1195 -14.0495 -0.055164 0.022609 -0.068327
-0.377348 1.0147 1.35233 0.215748 -0.0674081 0.466968 0.313729 0.263479 0.633561 0.414433 -0.082401 0.450925
2.75648 3.41602 3.72405 -0.281691 -0.0402451 0.233814 2.22793 2.87483 3.10567 -0.264614 0.050949 0.03388
2.89702 3.56002 3.84345 -0.294413 -0.0341612 0.232871 2.36165 3.01222 3.23101 -0.2701 0.069953 0.0328
-4.98816 -4.20495 -10.4523 0.124326 -0.0548935 -0.103176 -4.70734 -4.08134 -11.1476 0.123029 0.056511 -0.014662
11.3796 12.2288 4.59721 0.141322 -0.0543094 -0.109766 10.7137 11.4654 2.67029 0.167852 0.099323 -0.029172
-5.62793 -7.83602 -6.63503 -0.808792 -1.50693 -0.758291 -5.24164 -6.91164 -6.21709 -1.08396 -1.50494 -1.17186
4.5118 5.19985 5.29816 -0.289928 0.11132 0.139784 4.04109 4.5727 4.73991 -0.186137 0.294263 -0.064913
2.07276 2.65047 -3.39833 0.12001 -0.0417487 -0.533562 2.17217 2.42828 -4.64164 0.33189 -0.335742 -0.303385
22.4219 22.9332 21.7554 -0.0568748 0.117069 -0.11356 21.7405 22.0752 21.2939 -0.131493 0.124653 -0.064469
4.30869 4.44854 -4.9273 -0.0904027 0.105822 -0.0422551 4.31473 4.35232 -6.83875 -0.016474 0.1101 0.071414
2.84957 6.10026 -0.685834 0.287387 -0.0875452 0.0924043 3.46462 5.90419 -0.61629 0.34549 0.021331 0.07601
14.5445 15.3936 7.65878 0.149697 -0.0476969 -0.114718 13.9384 14.7093 5.6462 0.176569 0.109278 -0.031396
0.558816 3.32248 -2.71583 -0.147702 -0.0835621 0.0891033 1.15605 3.23273 -2.22286 -0.079077 0.105503 0.0274
-14.8399 -14.5266 -15.5242 -0.0164236 0.120883 -0.0375324 -14.6614 -14.6372 -15.4759 -0.05759 0.021633 -0.066094
5.37756 8.28726 1.89728 -0.148989 -0.0248189 0.206012 5.83882 7.73566 2.34093 -0.342318 -0.054612 0.084121
2.37051 2.67957 -4.90451 0.115408 0.0294946 -0.523774 2.34168 2.78822 -6.66505 0.300329 0.02267 -0.65394
-10.1683 -10.365 -9.56408 -0.18278 -0.0955121 -0.0753426 -10.5147 -10.8616 -9.80513 0.009803 -0.054835 0.103235
-5.4642 -2.75239 -8.91228 0.271261 -0.0597238 0.0780982 -4.57346 -2.49622 -8.18067 0.353975 0.040364 0.069842
-5.48454 -2.9509 -8.63928 -0.153178 -0.0624469 0.0855416 -4.72684 -2.91945 -7.82198 -0.148176 0.060581 0.032404
7.96686 11.0008 4.43096 -0.156487 -0.0253344 0.22118 8.3285 10.3493 4.85845 -0.355812 -0.048952 0.092917
7.83682 11.4452 4.31193 0.313014 -0.0988189 0.105183 8.35551 10.9393 4.07089 0.353602 0.026131 0.080076
1.9485 2.60808 1.95787 -0.201741 0.551834 -0.0692876 2.33083 1.87738 1.89739 -0.056901 0.450869 -0.042762
-27.4365 -27.4049 -25.4342 0.0572329 -0.079069 5.58555e-06 -28.175 -28.0206 -25.9684 0.063954 -0.132778 -0.003582
0.869156 2.22801 0.547411 2.4502 -1.19774 -0.927326 0.925956 2.644 0.602338 2.22546 -1.35706 -0.250566
-12.063 -11.9528 -12.0732 0.145718 0.0930003 -0.00851768 -10.6935 -11.2217 -11.8286 0.357767 0.111509 0.011025
-20.5198 -20.0602 -20.623 0.116206 0.63382 -0.162486 -19.9856 -19.4865 -19.9933 0.006491 1.69099 0.069431
-11.9529 -11.8354 -11.9609 0.145486 0.090904 -0.00895984 -10.5396 -11.1155 -11.736 0.3467 0.106575 0.008936
0.723547 1.63664 0.213628 2.5039 -1.25135 -0.784717 0.624329 2.17382 0.288997 2.30696 -1.31419 -0.164184
7.86286 4.95347 5.0693 -1.90895 0.285716 -0.995485 7.92731 3.89875 5.96892 -1.34651 0.089394 -0.854565
-1.26031 1.03281 -2.77098 4.22426 0.797377 -0.658454 -1.17375 0.933514 -2.09647 4.03077 0.343615 0.329487
14.414 15.9758 13.1194 -1.12678 0.196576 -1.54955 13.845 15.3486 12.9293 -1.42977 -0.395563 -1.46933
-2.24048 0.19457 -3.57554 4.17156 0.895061 -0.750734 -2.1114 0.045216 -2.94139 3.9931 0.42208 0.037172
-4.16433 -3.12379 -5.94611 3.41706 0.439018 -1.4206 -3.9288 -2.81945 -5.46885 2.67854 0.335869 -1.44277
-7.62928 -6.7618 -8.87647 2.02985 0.31075 -0.684888 -6.94319 -5.91655 -8.1757 2.14224 0.090342 -0.20804
14.0634 11.7194 12.1037 -1.02914 0.434699 -1.26052 14.2534 10.4596 12.3914 -1.11583 0.473792 -1.20277
-16.5168 -17.1947 -17.629 -0.257068 0.283336 -0.528454 -15.8865 -16.4837 -17.2475 -0.31632 0.37069 -0.702749
-15.198 -15.1288 -15.0664 0.0483264 0.0406904 -0.0578945 -14.8352 -14.877 -14.7722 -0.006365 0.041639 -0.105593
-9.90919 -8.25707 -10.6697 1.82644 0.0211992 -0.730907 -9.39717 -7.62944 -9.81742 1.69626 -0.189972 -0.302826
15.968 13.6201 14.1294 -0.909748 0.392062 -1.29112 16.1561 12.2878 14.2083 -1.07909 0.496141 -1.193
-12.6228 -11.9924 -17.0886 0.122183 -0.0270185 -0.103655 -11.8456 -11.3102 -17.3865 0.096858 0.037898 -0.006731
9.10302 29.1966 43.309 -0.20189 0.0333802 0.310646 11.6067 27.7644 42.7228 -0.24795 -0.251363 0.055885
-8.06551 -7.19747 -8.653 2.05096 0.0936052 -0.260589 -7.07939 -6.67989 -7.92989 1.94015 0.075746 0.089455
-25.6682 -25.5604 -25.9109 0.277859 -0.330147 0.304945 -25.5866 -25.4482 -25.7353 0.384952 0.382977 0.488137
-28.4894 -28.4208 -28.5413 -0.125981 -0.284045 -0.154656 -28.3605 -28.7331 -27.9619 -0.068763 -0.101425 -0.137616
-25.7832 -25.6905 -26.0117 0.287767 -0.35379 0.312537 -25.7362 -25.6718 -25.8796 0.414992 0.28674 0.461076
-7.36673 -6.3819 -7.8698 2.50827 -1.12846 -1.17055 -6.4974 -5.06332 -7.08444 2.84418 -1.25076 -0.658394
-0.0866076 -0.0537474 3.17974 0.0868312 -0.0989203 -0.0659112 -0.358579 -0.156839 3.33123 0.145335 -0.276276 -0.137093
-14.5812 -14.5824 -14.9384 0.149988 0.0604713 -0.386236 -14.0182 -13.8754 -14.847 0.016151 0.143321 -0.679124
-0.337824 0.547403 2.96019 -0.298242 -0.0613236 -0.282962 -0.577154 0.76443 2.48588 -0.314787 -0.064642 -0.40901
-0.352953 0.405292 2.87578 -0.29476 -0.0291488 -0.265185 -0.549706 0.57493 2.47378 -0.353819 -0.036372 -0.399639
-0.372294 0.221755 2.74801 -0.273694 -0.00552201 -0.21475 -0.520933 0.322225 2.4799 -0.366479 -0.025372 -0.346904
-0.230754 -0.26864 2.81667 -0.0851578 -0.112029 -0.0390203 -0.580774 -0.291134 3.27635 -0.09656 -0.22992 -0.049887
-0.213107 -0.283776 2.825 -0.0901304 -0.100344 -0.0459973 -0.587075 -0.304302 3.30751 -0.086036 -0.220563 -0.056966
-0.250284 -0.25284 2.81348 -0.0790002 -0.12533 -0.0301838 -0.584248 -0.29724 3.23396 -0.110158 -0.246562 -0.049604
-0.26391 -0.233954 2.81507 -0.0754389 -0.140315 -0.0207681 -0.550829 -0.271481 3.21627 -0.12327 -0.258225 -0.040141
-0.366013 0.0471375 2.68135 -0.231549 0.00165076 -0.145135 -0.500532 0.108784 2.57272 -0.328487 -0.022094 -0.24428
-0.277883 -0.172628 2.84392 -0.0728409 -0.170361 0.00419451 -0.518342 -0.215548 3.16261 -0.157204 -0.287732 -0.022644
-0.37035 -0.0787657 2.64166 -0.192426 -0.0067961 -0.0942307 -0.541189 -0.030434 2.69611 -0.262984 -0.044519 -0.171667
-16.4953 -16.6193 -17.0562 0.213406 -0.0691553 -0.129857 -16.0502 -15.8374 -16.8864 0.195042 -0.215074 -0.210656
-16.555 -16.6815 -17.1469 0.216584 -0.0693105 -0.130102 -16.1242 -15.9164 -16.9659 0.194886 -0.220026 -0.197475
-0.274249 -0.0385541 2.94146 -0.0562935 -0.217278 0.0426799 -0.443204 -0.0811 3.12374 -0.188816 -0.326984 0.004677
-0.264649 0.0169819 2.98916 -0.0521935 -0.232273 0.0571066 -0.410185 -0.011253 3.12959 -0.199418 -0.334253 0.008371
-0.245637 0.0737749 3.04732 -0.0466108 -0.246248 0.0727631 -0.367686 0.039597 3.14254 -0.223219 -0.34309 0.013843
-17.085 -17.2109 -17.8607 0.249325 -0.050546 -0.140575 -16.7413 -16.5527 -17.668 0.203816 -0.234085 -0.093422
-0.194119 0.207209 3.18053 -0.0382268 -0.269282 0.0981229 -0.279448 0.197017 3.16773 -0.240487 -0.358755 0.023059
-6.0806 -6.17893 -3.63304 -0.0913088 -0.10413 -0.0288384 -6.51708 -6.23467 -3.09873 -0.063122 -0.200043 -0.049346
-11.6973 -3.87413 -8.34642 -0.335922 0.0609484 -0.126446 -12.4868 -2.64708 -7.05464 -0.222966 -0.085149 -0.035263
19.3994 20.9364 18.0111 -0.851958 -0.0694734 -1.13488 18.7226 20.3288 18.1325 -1.07645 -0.697294 -0.936604
-4.96427 -4.86572 -3.65343 -0.0293892 0.17135 0.00473622 -5.74844 -5.8937 -4.27627 -0.034803 0.172054 0.03594
-7.08241 -4.55702 -8.05335 2.77301 0.748656 -1.32212 -6.31824 -4.48117 -7.55804 2.81654 0.302817 -1.15479
-17.5138 -17.6367 -18.5481 0.231183 -0.0365729 -0.134427 -17.3212 -17.1342 -18.3753 0.184114 -0.214532 0.002532
-2.55452 -2.65639 -2.39809 0.12824 -0.263358 -0.00815789 -1.21816 -1.65338 -2.40331 0.116681 -0.147022 0.07412
-12.0689 -3.61814 -7.70493 -0.155392 0.191596 -0.0887824 -12.9337 -2.48406 -6.6618 -0.081572 0.054242 -0.009418
-10.2793 -7.53802 -12.2785 1.49666 -0.23412 -0.544204 -9.28005 -6.95494 -12.6593 1.60652 -0.274737 -0.5898
20.3432 21.9166 18.8956 -0.823869 -0.0820688 -1.05283 19.6653 21.2413 19.0815 -0.98571 -0.704984 -0.850169
-2.35411 -2.44985 -1.45692 0.0888848 0.0248163 -0.247086 -2.10033 -2.47356 -1.42985 0.395106 -0.0548 -0.279606
-3.00915 -2.58659 1.13018 0.596259 0.164707 0.0142362 -2.61147 -2.30602 1.02433 0.644774 0.285096 0.048853
-5.17482 -2.01783 -3.60515 3.04641 -0.734396 0.328805 -4.61 -1.51153 -4.03498 2.99261 -0.664432 0.940189
-1.99258 0.225607 -2.65023 0.529204 -0.685127 -0.422213 -4.09982 0.387172 -4.57185 0.358227 -0.763373 -0.132332
-15.9614 -14.3067 -15.8682 1.03048 -0.040827 -0.334097 -15.1998 -13.8883 -15.6285 0.998719 -0.125647 -0.218269
6.7524 6.70369 6.83928 0.123783 -0.259298 -0.00419763 8.30949 7.74218 6.94397 0.136947 -0.18206 0.049023
8.26606 21.3686 11.4766 -0.183431 0.273839 -0.253287 7.44996 20.4658 12.2995 -0.276576 0.223447 -0.231772
-18.0497 -18.0512 -19.4563 0.21246 0.0518283 -0.112497 -17.8825 -17.6436 -19.373 0.04104 -0.044556 0.074646
-6.83885 -6.39839 -3.10567 0.584292 0.173028 0.0160626 -6.46539 -6.16327 -3.23858 0.60505 0.266984 0.04585
48.4723 77.7362 59.2969 -0.0695846 0.510033 -0.213076 51.1465 73.9806 58.2562 0.273318 -0.236379 0.012227
50.9997 74.7811 54.9848 -0.166156 0.730876 0.0180595 52.7423 74.9265 54.9852 0.123606 0.002745 0.153908
9.60611 9.57423 9.64092 0.121118 -0.257109 -0.00316515 11.1027 10.5024 9.69486 0.142818 -0.192004 0.042385
-12.1693 -2.40102 -4.96653 -0.17676 0.483447 0.0458161 -13.0482 -1.45932 -4.05192 -0.157414 -0.079676 0.035326
34.2489 33.6912 33.7706 0.0647963 -0.351291 -0.0592618 34.1145 33.0157 32.7248 -0.305983 0.140761 0.304848
8.82089 21.8578 11.1485 -0.249554 0.252909 -0.251939 7.86479 20.7867 11.823 -0.25883 0.285883 -0.202657
-3.11247 -3.29539 -2.11561 0.0412401 -0.00436704 -0.269353 -2.97401 -3.3493 -2.10503 0.340239 -0.062034 -0.289728
24.6892 24.683 24.6318 -1.14214 1.03482 -0.238115 23.6567 24.0437 24.3308 -1.70111 0.780156 -0.339138
-7.18938 -1.53665 -7.48889 0.00526387 -0.226725 -0.200537 -8.78795 -0.936082 -7.98445 -0.062582 -0.296821 -0.029926
35.9749 35.8437 35.6689 0.212249 -0.243518 -0.19213 35.959 35.1165 34.5797 0.00693 0.135791 0.234749
37.6799 38.1879 36.79 -0.309451 0.0762692 -0.28348 37.2297 37.8168 36.3048 -0.276006 0.057244 -0.08157
-8.8235 -8.17274 -11.5185 1.07766 -1.09151 -0.163321 -8.30516 -8.08605 -10.1507 1.28165 -1.49071 0.004243
-6.63945 -1.00458 -7.07405 0.0401366 -0.250915 -0.214513 -8.36344 -0.509302 -7.78656 -0.046321 -0.327722 -0.031474
37.7761 37.3583 36.9857 0.0392582 0.299284 -1.00591 37.2578 37.2977 36.0244 -0.186371 -0.012228 -1.03642
-8.69041 -5.26782 -6.343 2.63668 -0.0694512 0.374871 -7.96245 -4.24263 -5.87441 2.76808 -0.482011 0.278032
37.1775 37.243 36.5504 0.121681 -0.273094 -0.203658 36.8875 36.1675 36.0839 0.061306 -0.024664 -0.028055
33.3632 33.9484 33.8659 0.221989 -0.0171219 -0.0300798 33.0239 33.4164 33.1529 0.30627 0.108135 -0.099683
33.6124 34.1757 34.1247 0.242241 0.00924348 -0.0683975 33.2502 33.669 33.3514 0.294279 0.112454 -0.128769
38.2947 38.2169 37.2606 0.228995 0.0938472 -0.601789 37.6955 37.8661 36.3777 -0.139107 -0.118515 -0.712082
0.234177 -0.108766 -0.236239 0.409372 0.231424 -0.12568 -0.025588 -0.021764 -0.033893 0.003251 0.001687 -0.004049
0.360825 -0.101588 0.0107289 -0.126603 0.226064 0.409311 0.099119 0.094694 0.094018 -0.00379 -0.006937 0.000605
0.236728 -0.104725 -0.239677 0.403033 0.229699 0.058384 -0.027636 -0.014682 -0.039182 -0.002581 0.006538 0.235828
0.235706 -0.111894 -0.240847 0.404643 0.0692256 -0.123931 -0.017067 -0.020754 -0.036196 0.002668 -0.22686 -0.006549
0.234636 -0.10741 -0.233898 0.23373 0.226859 -0.11951 -0.02158 -0.024885 -0.024143 -0.249292 0.003353 0.000578
36.3955 37.4722 36.1069 0.117153 -0.131349 -0.0890692 36.1998 37.2321 35.1486 0.172273 0.191225 -0.280201
0.220264 -0.102044 -0.222541 0.0918489 0.22169 -0.105947 -0.053304 -0.031866 0.009692 -0.418926 0.008166 0.030026
1.06982 0.468085 0.33165 0.411276 0.2331 -0.12444 0.923874 0.521525 0.485317 0.003574 -0.000676 -0.006039
0.229575 -0.122753 -0.250977 0.401694 -0.0740617 -0.122996 -0.01881 -0.037048 -0.048643 0.007005 -0.42062 -0.006727
0.224377 -0.10765 -0.235298 0.424705 0.238627 -0.469345 -0.008314 -0.031998 -0.017961 0.026864 -0.001665 -0.436091
0.232735 -0.0863021 -0.209494 0.418129 0.551531 -0.127811 -0.031265 -0.007149 -0.012213 0.000611 0.459608 0.003885
-0.309628 -0.954755 -0.755411 0.412262 0.220828 -0.12555 -0.517033 -0.935392 -0.53922 0.0013 -0.003907 -0.008151
0.237542 -0.109512 -0.239547 0.400009 -0.0928837 -0.12226 -0.009143 -0.017229 -0.037152 0.003902 -0.454522 -0.010688
0.233607 -0.11938 -0.233408 0.748872 0.241413 -0.139142 -0.012532 -0.018365 -0.033655 0.483956 0.003226 -0.019167
-0.58565 -0.674115 -0.791172 0.40705 0.230735 -0.125961 -0.936583 -0.548666 -0.536604 0.003204 0.008424 0.002537
-0.354198 -1.00846 -0.791757 0.4107 0.225734 -0.126986 -0.570222 -0.999721 -0.574358 0.002099 0.001008 -0.008397
-0.339693 -0.662727 -1.11316 0.40785 0.223658 -0.122472 -0.539711 -0.562481 -0.989799 0.009536 -0.001679 0.002088
0.250585 -0.158832 -0.0780212 -0.188961 0.242473 0.37876 0.001089 0.015483 0.00327 -0.068142 0.011265 -0.018056
0.242153 -0.108166 -0.23572 0.399514 -0.194087 -0.123522 0.020484 -0.035464 -0.038192 0.009651 -0.585953 -0.011587
0.222842 -0.10262 -0.233753 0.437625 0.239558 -0.632792 0.008873 -0.034898 0.00596 0.04568 -0.007056 -0.618896
0.222716 -0.100667 -0.233197 0.435384 0.239623 -0.634879 0.012691 -0.030609 0.00139 0.043103 -0.010393 -0.628293
32.6844 33.4375 33.2643 0.22839 -0.0103232 0.0386976 32.3945 32.8348 32.6818 0.348436 0.166764 -0.033975
0.244147 -0.0820166 -0.252985 0.38702 0.222948 0.401692 -0.025976 0.0117 -0.046063 -0.020674 0.016265 0.659864
0.234368 -0.109589 -0.239216 0.396159 -0.247165 -0.121458 -0.004856 -0.01843 -0.037606 0.003569 -0.666874 -0.011716
0.226752 -0.0968087 -0.236616 0.428262 0.237319 -0.668979 0.010477 -0.018467 -0.011503 0.028087 -0.005324 -0.708349
0.227314 -0.129272 -0.225841 0.932364 0.245744 -0.145555 -0.010634 -0.012214 -0.030765 0.756978 0.002997 -0.025153
1.7982 1.01359 0.874345 0.424123 0.225863 -0.127164 1.7183 1.01899 1.00549 0.034648 -0.011539 -0.00593
-1.29114 -1.17491 -1.28397 0.400663 0.23985 -0.115091 -1.66736 -1.01722 -0.989632 -0.009849 0.017999 0.018732
1.36465 0.982933 1.46552 0.404004 0.263106 -0.130351 0.992196 1.03322 1.81593 -0.008696 0.024498 -0.014997
-0.830869 -1.11727 -1.894 0.413662 0.205331 -0.11614 -0.958716 -1.01872 -1.81711 0.019756 -0.020003 0.011948
1.35632 1.60788 0.84334 0.40464 0.257103 -0.124311 1.0057 1.82706 1.0256 0.01079 0.017585 0.012364
-0.825635 -1.11605 -1.89859 0.411879 0.205352 -0.116956 -0.955867 -1.01711 -1.832 0.016845 -0.020818 0.008573
-0.896108 -1.85353 -1.30432 0.412789 0.217499 -0.12718 -1.05502 -1.90871 -1.07499 -0.004005 -0.001458 -0.013543
1.4252 1.0616 1.56346 0.412533 0.248651 -0.131263 1.05528 1.10344 1.94076 -0.008836 0.013 -0.016861
-0.900156 -1.19611 -1.9755 0.406479 0.216652 -0.118596 -1.03727 -1.08644 -1.92728 0.015409 -0.004911 0.007653
2.61609 1.59684 1.4538 0.42832 0.22406 -0.132471 2.64926 1.56455 1.53201 0.042279 -0.01833 -0.017918
0.171616 0.16319 -0.0594961 -0.030072 0.204926 -0.0595386 0.02093 0.016587 0.030526 -0.004144 -0.0015 -0.000944
2.62758 1.57623 1.43501 0.418803 0.229815 -0.133412 2.6727 1.54469 1.49549 0.026605 -0.015686 -0.022454
-2.07882 -1.6897 -1.79779 0.399817 0.22621 -0.120344 -2.544 -1.49062 -1.4558 -0.008149 0.014559 0.014576
0.170294 0.168935 -0.0542713 0.173049 0.199523 -0.0604968 0.022778 0.031146 0.022289 0.226795 -0.007295 -0.003686
-1.35315 -1.60228 -2.71571 0.41479 0.194373 -0.112029 -1.41328 -1.50461 -2.69981 0.026391 -0.03157 0.018502
0.15889 0.169469 -0.0261304 -0.0252592 -0.0182174 -0.272671 0.011448 0.020103 0.055095 0.00333 -0.282403 -0.264028
1.94584 1.563 2.35622 0.407214 0.276273 -0.135934 1.51758 1.58928 2.79254 -0.007968 0.039948 -0.022072
1.9497 2.50124 1.41377 0.404171 0.267606 -0.125022 1.56134 2.79193 1.59063 0.017773 0.026156 0.016076
0.166059 0.172665 -0.0483972 0.35684 0.197485 -0.0596046 0.032583 0.053487 0.020725 0.418173 -0.007228 -0.006007
-0.397967 -0.410461 -1.02232 -0.0368241 0.225555 -0.0456512 -0.477899 -0.468758 -0.960631 0.001764 0.005162 0.014627
-0.0519293 -0.0262123 -0.25901 -0.07188 -0.213061 0.0922582 -0.194415 -0.182386 -0.156548 -0.031365 0.000271 0.039509
-1.44736 -1.7092 -2.82292 0.405058 0.209986 -0.114423 -1.52142 -1.59721 -2.84296 0.021905 -0.014699 0.013739
2.8919 1.73055 1.56137 0.410989 0.231809 -0.121998 3.02349 1.69824 1.59175 -0.00199 -0.011664 -0.02652
0.183743 0.156473 -0.0875926 -0.584671 0.222904 -0.0654265 0.02064 -0.014221 0.060287 -0.613399 0.016073 -0.00715
0.172254 0.147042 -0.0883585 -0.595061 0.221026 -0.0592751 0.018119 -0.012015 0.052802 -0.632686 0.00821 0.000591
0.173351 0.189079 -0.0380429 0.583917 0.189763 -0.0611196 0.037958 0.061341 0.015453 0.688186 -0.0185 -0.006593
0.151142 0.178679 0.00294316 -0.0247638 -0.239494 -0.484847 0.016234 0.034416 0.093631 0.00642 -0.558539 -0.525461
-1.34029 -1.34522 -1.18871 -0.031948 0.202086 -0.0636237 -1.43543 -1.44364 -0.973061 -0.018265 -0.000374 -0.008804
1.6908 1.68297 1.07614 -0.0162566 0.207225 -0.0538624 1.51169 1.52225 1.04251 0.013384 -0.004875 0.001765
-0.921047 -0.941003 -1.92432 -0.0481828 0.245674 -0.031579 -0.942176 -0.914807 -1.87605 0.008743 0.012493 0.032026
0.165805 0.21799 0.0337704 -0.0411535 -0.409617 -0.663552 0.052803 0.075882 0.122643 0.000522 -0.738839 -0.707995
0.150966 0.206162 0.0273939 -0.0377776 -0.434152 -0.676412 0.034078 0.063666 0.11984 0.005568 -0.780371 -0.729982
-8.71899 -6.12813 -8.34693 2.30788 -0.0732578 -0.0785376 -8.1588 -5.74705 -7.90454 2.39706 -0.117191 0.586347
2.2796 2.27331 2.05052 -0.0122854 0.185992 -0.068585 2.03037 2.0265 2.06308 0.008708 -0.011587 -0.017953
0.327695 -0.615967 -0.214975 -0.237773 0.34751 0.199385 0.188362 -0.567247 -0.244797 -0.181925 0.164188 -0.167131
-1.44597 -1.47275 -2.82131 -0.0595039 0.259496 -0.0192639 -1.40226 -1.36578 -2.77125 0.014283 0.024257 0.050397
-1.5223 -1.54303 -2.95544 -0.0553304 0.262693 -0.017337 -1.47779 -1.44297 -2.94366 0.019173 0.023465 0.043687
33.5484 34.3082 34.295 0.22605 0.147909 -0.0197315 32.9857 33.558 33.3053 0.227633 0.16451 -0.190777
3.25192 3.25143 2.25767 0.00482091 0.210854 -0.0461905 3.04131 3.06352 2.08634 0.032977 -0.00617 0.004336
31.7943 32.2092 32.5997 0.214242 0.0948617 -0.179172 31.262 31.3819 31.6643 0.202797 0.132231 -0.166593
35.1483 36.0667 33.5818 0.51841 0.256718 -0.448311 34.6018 35.3997 33.1855 0.181803 0.164458 -0.641557
-3.7038 -3.71917 -3.95446 -0.0679434 0.251562 -0.0399364 -3.58513 -3.58287 -3.63186 -0.031212 0.032542 0.033892
-3.83227 -3.84235 -4.0771 -0.0507705 0.235824 -0.0374404 -3.74397 -3.73916 -3.76181 -0.015657 0.010579 0.014921
4.47378 4.47519 4.25871 0.0130832 0.162973 -0.0794968 4.13555 4.13176 4.19407 0.024462 -0.033816 -0.050922
4.48709 4.48594 4.26356 0.00742987 0.166132 -0.0744134 4.15563 4.14883 4.20777 0.021756 -0.026364 -0.038386
4.51897 4.51938 4.30246 0.00532333 0.167482 -0.0712778 4.18417 4.18665 4.23704 0.018761 -0.020669 -0.029684
4.7215 4.70554 4.48951 -0.0164629 0.187877 -0.0703262 4.40839 4.39492 4.43812 0.004379 -0.011478 -0.018004
36.9581 38.2471 36.0342 -0.206783 0.120699 -0.425378 36.8871 37.7556 35.9487 -0.270923 -0.067882 -0.265078
36.8321 38.1085 36.1275 -0.296738 0.0712476 -0.446262 36.7384 37.5746 35.9748 -0.334527 -0.139057 -0.274371
-6.25688 -3.0918 -6.10574 -1.59073 0.577684 -1.26053 -6.69459 -3.94398 -6.79406 -0.78934 0.089843 -0.860047
-0.286471 -0.142797 0.00948076 0.0542084 0.170751 -0.0105344 0.01822 -0.012613 0.007609 -0.006487 -0.004841 -0.003439
-0.202755 -0.353275 -0.0691092 -0.244138 -0.178818 -0.357743 -0.063897 -0.012371 -0.063675 -0.213787 -0.22438 -0.228973
-0.19911 -0.365241 -0.0687223 -0.258329 -0.199922 -0.365988 -0.067146 -0.042511 -0.06262 -0.247444 -0.258045 -0.252971
-0.0212561 -0.160053 0.159562 0.32737 0.333885 0.217787 0.033415 0.009082 0.162663 0.490718 0.403376 0.282022
-0.190168 -0.344387 -0.0450048 0.266151 0.321883 0.164327 -0.095468 -0.034392 -0.025957 0.393989 0.402372 0.403661
-0.178624 -0.354016 -0.0491263 0.275141 0.333921 0.17102 -0.069376 -0.044562 -0.029191 0.405722 0.429626 0.425393
1.27293 1.0841 1.05974 -0.0593624 -0.00901792 -0.156901 1.40613 1.41035 0.994817 0.006301 -0.016307 -0.005471
-1.60315 -1.70831 -1.15814 -0.0613714 0.0220676 -0.189087 -1.47242 -1.36989 -1.0911 0.005117 0.027531 0.000127
-0.203009 -0.354774 -0.0681754 -0.464217 -0.408681 -0.572559 -0.054177 -0.016584 -0.054494 -0.492153 -0.525098 -0.507117
-0.0214843 -0.200982 0.171352 0.33569 0.310386 0.2187 0.072728 -0.048647 0.239679 0.488084 0.350801 0.276606
-0.0266068 -0.205381 0.158756 0.341336 0.31125 0.217364 0.070171 -0.054699 0.223269 0.488293 0.352547 0.282262
-0.0370625 -0.213368 0.127067 0.351103 0.315888 0.214027 0.067344 -0.056551 0.200709 0.48568 0.358063 0.295083
-0.0514122 -0.213148 0.0296688 0.376771 0.362623 0.246443 0.031063 0.020858 0.067234 0.504357 0.416143 0.391046
-3.57405 0.988258 -4.42704 0.259622 -0.435095 -0.328446 -5.97909 1.36708 -6.28033 0.074843 -0.543044 -0.062967
-0.177204 -0.291414 -0.0773835 -0.615082 -0.542573 -0.740486 0.011301 0.092883 -0.062786 -0.621701 -0.6435 -0.649627
1.85324 1.66877 1.97893 -0.0568535 -0.00833529 -0.153717 1.95972 1.97266 1.95499 0.007514 -0.009925 -0.004577
1.93815 1.75229 2.06102 -0.0603973 -0.00912323 -0.161996 2.04504 2.05342 2.0466 0.003645 -0.001508 -0.007644
-2.21011 -2.38495 -2.08291 -0.0653648 0.00462338 -0.172749 -2.06318 -2.05289 -2.05935 -0.007725 0.003274 0.008325
-0.207004 -0.345678 -0.0665353 -0.691972 -0.637898 -0.796916 -0.043523 0.009529 -0.034768 -0.764503 -0.80983 -0.779373
38.1494 37.8734 37.0358 0.333473 -0.160645 0.291171 38.135 37.0092 35.8112 0.298411 0.178332 0.382563
38.2688 37.9665 37.1306 0.353112 -0.160097 0.30839 38.2555 37.1138 35.8928 0.295717 0.196016 0.394698
-2.94292 -2.9453 -2.29734 -0.0764044 0.0295828 -0.231218 -2.77719 -2.55018 -2.17137 -0.010329 0.055032 -0.056716
-2.94369 -2.96668 -2.27186 -0.0698775 0.0371515 -0.217954 -2.79304 -2.58734 -2.1428 -0.001072 0.055086 -0.025762
2.77644 2.57865 2.2324 -0.0607823 -0.0229222 -0.143566 2.92153 2.92051 2.10639 0.00482 -0.036475 -0.015849
2.87321 2.67103 2.2799 -0.0619195 -0.0166453 -0.151525 3.03794 3.02305 2.15479 0.011039 -0.022214 -0.012809
-3.03272 -3.17622 -2.23748 -0.0674676 0.011115 -0.183145 -2.92141 -2.8854 -2.0947 -0.01354 0.021193 0.010586
-11.1975 -14.9093 -14.6782 -3.67115 0.363566 -0.989721 -11.0339 -14.554 -12.9422 -3.10735 0.363753 -0.992886
-5.51472 -5.54161 -5.78173 -0.0766753 0.257797 -0.03131 -5.2877 -5.29407 -5.34012 -0.032803 0.022925 0.031314
0.80349 0.0765047 -0.0392926 -0.146572 0.098008 0.0236842 1.24831 0.65923 -0.033307 0.009019 0.057124 -0.041018
0.80349 0.0765047 -0.0392926 -0.146572 0.098008 0.0236842 1.24831 0.659229 -0.033308 0.009019 0.057124 -0.041018
15.8374 15.822 15.7757 0.114773 -0.25347 -0.0014208 16.9985 16.3307 15.5155 0.157508 -0.215533 0.028199
6.80258 6.80782 6.5947 0.0305242 0.142144 -0.0772922 6.41333 6.40333 6.49722 0.03489 -0.045647 -0.061667
0.824842 0.0568023 -0.0274333 -0.139109 0.103929 0.023903 1.28479 0.622888 -0.017451 0.028283 0.03171 -0.051017
-3.92725 -4.01754 -3.76982 -0.0871796 0.013217 -0.190388 -3.72109 -3.61937 -3.65403 -0.010146 0.022262 0.015122
-3.91882 -4.04731 -3.76698 -0.0820002 0.0126243 -0.190587 -3.71541 -3.66534 -3.65485 -0.00789 0.023734 0.018889
-3.94198 -4.08409 -3.8082 -0.0747153 0.0105566 -0.194147 -3.735 -3.71351 -3.71377 -0.011227 0.02772 0.009276
-12.2247 -12.4569 -12.0334 0.119018 -0.24403 -0.00834549 -11.5802 -11.8611 -12.5289 0.092896 -0.104746 0.087528
-4.22621 -4.24249 -3.27991 -0.0759741 0.050005 -0.226748 -4.04358 -3.85651 -3.08602 -0.000248 0.083801 -0.021776
-4.2353 -4.26193 -3.246 -0.0657455 0.0547458 -0.218217 -4.05884 -3.89922 -3.04018 0.018103 0.09009 0.00261
-4.22959 -4.30673 -3.19155 -0.0630603 0.0457329 -0.208753 -4.07133 -3.97979 -2.96212 0.004609 0.072084 0.017495
-4.22961 -4.32234 -3.17288 -0.0704189 0.0358977 -0.207865 -4.08761 -4.00691 -2.93556 -0.008942 0.061858 0.015478
-4.37249 -4.49402 -3.26056 -0.0708106 0.0150617 -0.18909 -4.25394 -4.20644 -3.03865 -0.011704 0.035825 0.020273
0.794988 0.107848 0.0144448 -0.224654 0.131114 0.212054 1.18641 0.723395 0.058711 -0.066167 0.068895 0.199148
0.81671 0.111012 0.0219632 -0.229938 0.121502 0.210887 1.22515 0.725423 0.061813 -0.080243 0.015234 0.178389
0.832131 0.0951029 -0.00409622 -0.146916 0.0117563 -0.188731 1.25549 0.699936 0.071965 0.022906 -0.038367 -0.265292
0.90217 0.0414041 0.0455683 -0.19211 -0.209684 -0.0406356 1.39399 0.564779 0.063992 -0.002121 -0.233332 -0.055133
-15.6634 -15.5512 -20.9091 -0.0927584 0.16099 -0.0891996 -14.4299 -14.4002 -22.1846 0.020117 0.068264 0.057852
-3.68609 1.0545 -4.17997 0.142914 -0.351111 0.45307 -5.56384 1.15907 -5.7086 0.045948 -0.867593 0.551621
-1.84825 -2.01244 -1.12372 -0.0462203 0.127858 0.256039 -1.39913 -1.58319 -1.37208 -0.006004 0.207026 0.114822
-1.96795 1.17503 -1.04924 2.55584 0.377869 0.00119275 -1.33474 1.20861 -1.44194 2.51961 -0.431939 0.940168
0.753329 0.134052 0.0860516 -0.214241 -0.0133968 -0.29284 1.10311 0.777675 0.130935 -0.081697 0.003502 -0.334257
0.803691 0.165321 0.155137 -0.327424 0.128619 0.265401 1.10548 0.78667 0.321941 -0.127423 0.002096 0.203259
0.746848 0.138362 0.0915406 -0.218224 -0.0121706 -0.305855 1.09945 0.783798 0.119004 -0.091498 0.009334 -0.355762
-5.61196 -5.64983 -5.51552 -0.127302 -0.00777931 -0.2251 -5.33202 -5.19321 -5.31066 -0.050491 -2e-06 -0.053584
-5.6308 -5.68936 -5.47133 -0.105639 0.0139472 -0.19653 -5.36284 -5.23839 -5.26917 -0.021968 0.027221 0.019123
-5.62591 -5.7383 -5.46509 -0.0911648 0.0163031 -0.197583 -5.36188 -5.30677 -5.27165 -0.010841 0.036053 0.028618
-5.6625 -5.78492 -5.52125 -0.0821418 0.0134921 -0.202698 -5.40062 -5.37343 -5.35929 -0.011474 0.037904 0.014096
38.851 38.6338 37.3888 0.309091 -0.038048 0.0653929 39.0022 37.8594 36.6666 0.027144 0.233275 0.117723
0.844284 0.254991 0.22863 -0.40712 -0.183021 -0.243977 1.16066 0.86451 0.463663 -0.174541 -0.104485 -0.306654
0.752519 0.161907 0.232317 -0.381133 0.197501 -0.2694 1.1086 0.813663 0.281771 -0.18118 0.165461 -0.349985
0.801961 0.246825 0.260913 -0.311278 -0.070819 -0.245324 1.12933 0.887372 0.424642 -0.140068 -0.054426 -0.239017
39.0201 39.2098 38.177 -0.0916299 -0.16362 -0.223128 39.3324 38.0849 37.1341 -0.067879 -0.140077 -0.073996
-1.50683 -3.19832 -5.42199 2.54179 1.41675 1.17214 -1.09296 -2.75113 -4.22576 2.52602 1.34404 0.715674
1.03263 -0.00739497 0.224033 -0.32595 0.469526 0.237759 1.44616 0.486881 0.42848 -0.150045 0.291844 -0.014973
1.05781 -0.0316154 0.207165 -0.305202 -0.249266 -0.1468 1.51139 0.458241 0.348802 -0.06074 -0.266006 -0.064007
0.77631 0.293524 0.357248 -0.410871 -0.0631037 -0.158961 1.06816 0.95721 0.579173 -0.222971 -0.051519 -0.194783
38.6964 38.4635 37.875 0.215354 -0.163777 -0.289144 38.6749 37.3859 37.09 0.024886 0.021278 0.156359
0.82134 0.280831 0.367758 -0.465882 0.0325485 0.0426964 1.03243 0.940377 0.652078 -0.218161 0.012507 -0.013249
-5.73896 0.0247265 -5.90318 0.126897 -0.26736 0.380976 -7.33242 0.506091 -6.79924 0.001123 -0.634727 0.453392
0.780437 0.301743 0.375128 -0.458855 -0.0237609 -0.0687069 1.04583 0.982068 0.668975 -0.249949 -0.038641 -0.113253
0.665579 0.209167 0.306649 -0.432016 -0.0415657 -0.176763 0.941241 0.860731 0.423417 -0.274121 0.034066 -0.237579
1.76709 1.58928 1.67589 -0.0636961 -0.0252758 0.108481 1.95048 1.67366 1.85311 0.00156 -0.022581 0.061011
1.90002 1.7015 1.83761 -0.0760474 -0.00305002 0.113814 2.05145 1.79957 2.06469 -0.035247 0.001228 0.081717
0.657015 0.205789 0.305999 -0.480312 0.248958 0.0961919 0.908738 0.866684 0.503095 -0.291917 0.060625 0.092956
-3.73191 -3.97699 -2.63881 0.000873119 -0.0286338 -0.282174 -3.72556 -4.10344 -2.68875 0.287153 -0.067992 -0.297972
-0.18877 0.625974 -0.0325623 -0.105676 0.0545002 0.0232461 0.286571 0.908294 -0.013609 -0.12602 -0.017048 -0.064812
0.962186 0.896992 0.905238 -0.000971105 -0.0950633 0.0628369 1.25124 1.04788 1.01247 0.099259 -0.096789 0.010868
0.924745 0.265202 0.4764 -0.508955 0.483524 -0.012609 1.24997 0.878627 0.679192 -0.322914 0.216773 -0.034265
1.20127 0.0475953 0.406997 -0.463203 0.173016 -0.295034 1.49394 0.556677 0.734372 -0.179266 0.105662 -0.238581
-0.204811 0.692025 -0.139506 -0.129446 0.057963 0.0673528 0.248359 0.983193 -0.049265 -0.13704 -0.011057 -0.01472
1.14588 -0.00806951 0.507539 -0.430226 0.223715 0.299989 1.51875 0.53348 0.757973 -0.22848 0.174449 0.002895
1.10203 -0.0489996 0.500206 -0.419279 0.225427 0.302922 1.48703 0.48862 0.723158 -0.217201 0.186283 0.003556
-0.213514 0.578007 -0.0393291 -0.0637027 0.0515691 0.0466692 0.268229 0.859709 0.017398 -0.101323 -0.012582 -0.00271
1.16343 0.0745712 0.577439 -0.473167 -0.048856 0.299253 1.48923 0.630694 0.818743 -0.26325 -0.004722 0.038097
-13.4299 -13.6846 -13.2369 0.116806 -0.238246 -0.00724256 -12.8752 -13.1368 -13.7911 0.089399 -0.098725 0.088453
0.0190605 0.510203 -0.101507 -0.123584 0.392222 0.120372 0.397607 0.843797 0.041617 -0.126539 0.402597 0.073229
0.341796 0.353679 0.377006 0.0109774 -0.116949 0.0234716 0.624426 0.532553 0.492586 0.110391 -0.095835 0.001095
1.14928 0.205756 0.656048 -0.492231 -0.29873 -0.186246 1.54844 0.79657 0.950886 -0.322 -0.194242 -0.222023
-6.98764 -7.00213 -10.3877 1.58871 0.975019 0.723726 -6.50732 -6.65449 -8.93617 1.03636 0.998667 0.944367
1.30257 1.21246 1.80862 -0.30546 -0.0591229 -0.046007 1.48484 1.07397 1.81793 -0.221313 -0.014486 0.011591
1.18675 0.19475 0.813592 -0.48805 0.0606589 -0.160144 1.60512 0.826227 1.05518 -0.368903 0.004529 -0.160081
-0.00650118 0.471344 -0.0733293 -0.101046 0.349143 0.139601 0.400096 0.725325 0.084517 -0.128627 0.305499 0.105048
-0.124129 0.794481 0.014925 -0.303555 0.00476357 -0.463315 0.334381 0.996128 0.094839 -0.281998 -0.027757 -0.503286
-10.1114 -8.4821 -10.0747 2.10922 0.101561 -0.34049 -9.50732 -7.93984 -9.60655 2.21463 -0.121603 0.248307
-0.244043 0.633197 0.226265 -0.174871 -0.306651 -0.0543271 0.308451 0.870012 0.220689 -0.244527 -0.43473 -0.082145
0.122577 0.872196 0.134368 0.0301992 0.116723 0.413888 0.579036 1.18705 0.15168 0.016787 0.110502 0.402574
101.911 103.004 101.898 -0.400487 -0.585571 -0.424036 101.291 103.045 101.612 -0.285452 -0.389269 -0.240667
-11.0394 -7.73648 -9.936 1.53032 0.804357 -0.919662 -10.1507 -7.63422 -9.71322 1.88147 0.316936 -0.410823
100.382 101.786 99.0845 -0.213641 -0.770543 -0.351213 98.5941 101.31 96.8399 -0.408665 -0.317273 -0.363492
-5.3478 -1.31162 -5.3128 -1.8227 0.911614 -1.0415 -6.16174 -2.17053 -6.05278 -0.760386 0.252276 -0.668134
-0.143792 0.619341 0.482969 -0.372251 -0.500958 -0.0857987 0.280302 0.778684 0.443971 -0.404459 -0.544425 -0.047347
-15.4744 -14.8703 -13.8125 0.116696 0.0715986 -0.0262365 -16.1862 -14.5244 -13.7624 0.1919 -0.013313 -0.118591
-0.172012 -0.0691512 -0.0113273 -0.0569146 -0.106331 -0.0187495 0.032832 0.074079 0.145652 0.048698 -0.059991 -0.012636
-0.182474 0.544097 0.446241 -0.340396 -0.471193 -0.0837071 0.267419 0.769622 0.445469 -0.39025 -0.498476 -0.037734
-9.42847 -1.08117 -2.77 -0.409597 0.651908 -0.0728808 -9.47076 -0.922167 -1.74695 -0.376164 0.427196 0.188908
0.636749 0.125031 0.696106 -0.135358 0.513363 0.0616202 1.07868 0.27355 1.02701 -0.332425 0.725732 -0.033905
0.719305 0.193492 0.76439 -0.142312 0.492148 0.0506187 1.14609 0.319038 1.09182 -0.341446 0.716892 -0.049287
0.753221 0.222936 0.792702 -0.147344 0.480559 0.0436957 1.18454 0.345613 1.13097 -0.350357 0.707213 -0.059169
0.785174 0.252931 0.818013 -0.152598 0.467162 0.0356227 1.21826 0.373202 1.16391 -0.357459 0.696274 -0.065222
-0.0293645 0.015491 0.0844726 -0.113356 -0.108921 0.0407564 0.121197 0.083546 0.117535 -0.020322 -0.012656 0.029191
-0.219753 -0.101262 -0.0492138 -0.0887832 -0.101266 -0.0214353 -0.017558 0.035462 0.125439 0.020901 -0.043384 -0.021392
36.7552 37.4311 34.2759 0.869884 0.108247 -0.219307 36.0844 37.1427 33.5288 0.745315 0.015583 -0.141181
-15.5787 -15.1704 -14.1093 0.0638006 0.0267041 -0.0262508 -16.4038 -15.0913 -13.8874 0.124016 -0.057251 -0.072431
0.868106 0.514698 0.797873 -0.231573 0.122144 -0.0409937 1.1613 0.560839 1.09157 -0.332427 0.328472 -0.067115
11.7751 2.16656 15.7975 -0.00926968 0.046456 -8.47388 10.5378 0.932291 16.1915 0.067321 0.14776 -9.01334
-15.6002 -15.2947 -14.24 0.0350738 0.00255628 -0.0201149 -16.4831 -15.3589 -13.921 0.082987 -0.07584 -0.048388
-15.6019 -15.3791 -14.3315 0.0112943 -0.0167718 -0.0135211 -16.5249 -15.5513 -13.9321 0.052338 -0.088589 -0.032806
-15.5965 -15.4222 -14.3785 -0.00271323 -0.027914 -0.00956681 -16.5296 -15.6463 -13.9273 0.036373 -0.096063 -0.024308
1.32845 0.884936 0.809739 -0.369028 -0.0289981 -0.0220807 1.6306 1.42781 0.947593 -0.061813 0.005567 -0.007598
-1.59616 -1.96637 -1.95791 -0.338836 -0.0272951 -0.0255719 -1.21303 -1.44194 -1.87043 -0.076998 0.007613 -0.004949
-15.546 -15.5441 -14.4991 -0.0504775 -0.066056 0.000356847 -16.5207 -15.9619 -13.9343 -0.014374 -0.125433 -0.016239
4.04913 4.1917 4.25984 -0.0865276 -0.106476 -0.0172292 4.36789 4.42922 4.52777 0.009272 -0.053455 -0.027905
-0.00184938 0.541982 0.665042 -0.476453 -0.4816 -0.0597241 0.30844 0.788122 0.685665 -0.468243 -0.422342 0.01387
-0.0798702 -0.0157844 0.284272 -0.220025 -0.04396 -0.160638 0.059742 0.071629 0.453275 -0.068915 0.085966 -0.180377
-24.6969 -24.553 -24.6939 0.0316028 -0.0176442 -0.0110547 -24.775 -24.5575 -24.6951 0.031833 -0.022765 0.140862
0.070951 0.526684 0.760293 -0.485294 -0.466887 -0.0763309 0.396054 0.80687 0.771855 -0.465112 -0.429141 -0.00756
-24.7084 -24.5596 -24.6997 0.0381985 -0.0177332 -0.0123661 -24.7933 -24.5614 -24.6972 0.031422 -0.020329 0.13648
3.66273 6.874 0.371051 -0.180714 0.238615 0.243615 4.5156 6.29387 0.373985 -0.457386 -0.241956 0.008707
-20.342 -20.2047 -20.3859 0.684205 -0.0626466 -0.0543605 -20.1507 -19.8547 -20.4168 0.809171 -0.223569 0.186137
104.352 104.077 104.897 -0.178749 0.822881 0.563558 105.005 105.217 105.252 0.33873 0.426214 0.328771
0.331504 1.06251 0.520733 -0.372389 -0.103201 -1.06391 0.518627 1.32469 0.470171 -0.329601 -0.00542 -0.938408
103.922 103.384 104.562 -0.0164592 0.54403 0.721449 104.296 104.279 104.276 0.334762 0.57524 0.325819
0.211712 0.487856 0.919069 -0.569471 -0.395899 -0.0239288 0.393293 0.811175 0.971779 -0.509731 -0.330049 0.020394
0.368172 0.365976 0.767349 -0.556935 -0.0502222 0.0368613 0.702593 0.725976 0.851086 -0.48776 0.040839 -0.001766
-4.10735 -4.42806 -4.36007 -0.325474 -0.0267303 -0.0286374 -3.75399 -3.97599 -4.34969 -0.085624 0.010475 -0.002481
0.546175 1.57789 0.579665 -0.127207 0.119916 0.784638 0.994655 1.75127 0.68951 -0.007329 0.238203 0.782715
-20.534 -20.4036 -20.5576 0.660687 -0.0660768 -0.0511924 -20.3518 -20.0618 -20.6002 0.782373 -0.219132 0.190374
-24.784 -24.5926 -24.7261 0.0879392 -0.0150831 -0.0265783 -24.9196 -24.5609 -24.6856 0.031992 -0.010524 0.103097
0.458092 0.455938 1.00889 -0.68105 -0.199402 -0.0496716 0.687896 0.89901 0.999917 -0.569488 -0.211603 -0.051076
-24.8119 -24.5972 -24.7253 0.109815 -0.00890255 -0.0392283 -24.9585 -24.565 -24.6744 0.029867 -4.8e-05 0.084314
-5.03539 0.0627217 -4.74203 -1.82573 1.09748 -0.814185 -5.96069 -0.862917 -5.26137 -0.505162 0.551155 -0.413284
8.3961 11.8299 5.27371 -0.190442 0.284209 0.268027 9.28408 10.9369 4.94966 -0.514909 -0.283456 0.018619
-4.21447 -4.49884 -3.03302 -0.0333041 -0.0488457 -0.286802 -4.3613 -4.7403 -3.18163 0.238991 -0.068773 -0.303989
6.56407 5.95395 5.67668 -0.459822 -0.0343841 -0.0160841 6.72523 6.5704 5.88574 -0.045177 0.004123 -0.012372
0.211995 0.239852 0.699763 -0.264987 -0.152263 0.339621 0.111599 0.405342 0.836733 0.005634 -0.136031 0.205964
-2.55218 -2.01391 -2.01996 -0.00445416 -0.171237 0.0671632 -2.22455 -2.02622 -1.80486 0.034404 0.000649 0.024724
0.738769 0.698362 1.18014 -0.19979 -0.115807 0.37107 0.563409 0.843007 1.28627 0.094989 -0.120779 0.150449
-0.504703 -0.408486 0.104303 -0.383523 -0.183645 0.347553 -0.441601 -0.239998 0.284412 -0.179847 -0.184524 0.311664
-0.577807 -0.477346 0.0455026 -0.406342 -0.18318 0.355947 -0.500646 -0.306234 0.212975 -0.202397 -0.195729 0.322053
2.75534 3.54603 3.14768 0.0809248 -0.206033 0.092 3.24038 3.44671 3.49521 0.021778 0.017204 0.033826
2.02708 2.07844 2.42367 0.148931 -0.148207 0.480863 1.84828 1.87298 2.13876 0.261657 -0.063915 0.141665
-1.24555 -1.12808 -0.493304 -0.620222 -0.0919398 0.389907 -1.02041 -0.942352 -0.388837 -0.363104 -0.249879 0.427109
1.39776 1.48186 2.27294 -0.392314 0.106993 -0.408336 1.34836 1.15085 2.33709 -0.211281 0.19846 -0.51402
1.88386 1.83333 2.28056 0.047771 -0.10186 0.432191 1.54855 1.79263 2.25859 0.208214 -0.063359 0.162504
8.55992 7.87914 7.5069 -0.503866 -0.0370721 -0.0138913 8.60383 8.47612 7.74382 -0.043482 0.00613 -0.015063
0.543969 0.874638 1.11728 0.581843 -0.0313278 0.332456 1.20082 0.94136 1.01659 0.110476 -0.136483 0.748823
-10.6733 0.881 3.4491 0.699971 0.250623 -0.362146 -11.5186 1.07976 3.53594 0.766963 -0.173465 -0.462174
1.4419 1.29834 1.41551 0.07582 0.288258 -0.37429 1.18507 0.772392 1.53743 0.069426 0.607908 -0.239655
4.45513 11.1015 17.0772 0.0668714 -0.230402 -0.154868 7.41259 11.5894 16.656 0.035239 0.060291 -0.316114
1.05786 -0.00864289 0.00229755 -0.384677 0.325373 -0.424212 1.03582 0.345705 0.229799 -0.540474 0.372746 -0.045117
-7.24043 -7.52075 -7.35752 -0.320402 -0.0260597 -0.0314034 -7.01544 -7.25548 -7.48472 -0.079084 0.014684 0.000203
1.50091 0.441049 0.0597964 -0.0772956 -0.154651 0.0877579 1.75068 0.473661 -0.000203 -0.092083 -0.189851 -0.030408
1.50494 0.436565 0.0614831 -0.0758164 -0.153239 0.0898441 1.75424 0.469052 0.001834 -0.090652 -0.18836 -0.033949
1.50339 0.412497 0.0509918 -0.0776762 -0.162343 0.101387 1.76725 0.475444 -0.049028 -0.1124 -0.19244 -0.024563
13.759 17.2778 10.5793 -0.2015 0.321086 0.302171 14.5512 16.1024 10.1447 -0.573518 -0.322669 0.024247
1.06032 0.251693 -0.124192 0.0186241 0.0235241 0.0274737 1.17865 0.437161 -0.047085 0.004254 0.120635 0.003935
1.48518 0.502752 0.0494321 -0.0741992 -0.155763 -0.0536472 1.70769 0.511205 0.068315 -0.076555 -0.191592 -0.208458
1.52145 0.463949 0.0972868 -0.0832924 -0.156087 0.232418 1.71983 0.569717 0.091372 -0.114261 -0.202849 0.170563
1.50979 0.433533 0.0945152 -0.079315 -0.152993 0.236222 1.71925 0.53274 0.080101 -0.112303 -0.19449 0.172288
0.960923 0.850765 0.551937 0.0577444 0.137178 -0.13622 0.468693 0.653521 0.471523 0.098269 0.361152 -0.012953
-0.637433 -0.498071 1.42501 0.0907898 0.0822341 -0.165588 -0.4471 -0.27807 1.66445 0.153347 0.024938 -0.20663
0.254413 0.20191 -0.0615044 0.0685538 0.0851153 -0.0720395 -0.229072 0.019056 -0.252958 0.160973 0.311668 -0.049253
1.58246 0.58036 0.221998 -0.132961 0.358075 0.0951802 1.85774 0.839859 0.02273 -0.123395 0.305654 -0.019394
-1.31935 -1.14749 1.54991 0.195644 0.08286 -0.106915 -1.19664 -0.919411 1.77094 0.333166 0.050172 -0.13789
-1.36494 -1.21336 1.47618 0.167786 0.0790147 -0.105207 -1.22666 -0.991403 1.7269 0.291097 0.040189 -0.133395
1.56103 0.579937 0.147764 -0.0858167 -0.15624 0.204556 1.6648 0.7037 0.286244 -0.145325 -0.203225 0.156223
1.44784 0.56714 0.00618207 -0.0669337 -0.155602 -0.12075 1.59478 0.590718 0.069829 -0.113992 -0.167042 -0.27587
-1.36531 -1.31688 1.35734 0.0479084 0.0527377 -0.108 -1.17828 -1.10192 1.63302 0.099292 -0.00028 -0.132722
-1.26403 -1.25974 1.43349 0.0409251 0.0415486 -0.101044 -1.07128 -1.04201 1.67809 0.083072 -0.015826 -0.121994
-1.2289 -1.24043 1.46276 0.0422368 0.0381197 -0.0996225 -1.02975 -1.01807 1.69585 0.082589 -0.019747 -0.118585
0.624911 1.4542 1.69908 -0.426956 -0.161182 -1.09047 0.869437 1.81253 1.82854 -0.300202 -0.1867 -0.984745
29.7944 31.2704 34.1224 1.87729 -0.444102 0.245535 28.74 30.4097 34.452 1.66481 -0.3935 0.606818
-1.58312 -1.06258 1.5612 0.131221 0.066687 -0.0864267 -1.4847 -0.769719 1.79453 0.251899 0.042252 -0.084768
-1.841 0.978698 2.81151 0.199966 0.277066 0.014391 -1.90669 1.57226 2.33703 0.188811 0.104389 -0.185445
29.8523 31.2383 34.3563 1.67604 -0.411353 0.234838 28.8237 30.3599 34.6248 1.51594 -0.403779 0.512128
-1.59327 -0.884985 1.72402 0.139989 0.0705224 -0.081696 -1.52717 -0.565326 1.91102 0.273505 0.040945 -0.073543
1.4227 0.892683 0.112701 -0.102873 -0.143389 -0.0817336 1.57351 0.942069 0.349584 -0.12718 -0.136672 -0.182061
1.41072 0.877869 0.113218 -0.101557 -0.14054 -0.0944245 1.55123 0.937237 0.330385 -0.130564 -0.135435 -0.187453
1.56165 0.765747 0.203353 -0.0917815 -0.153388 0.0379151 1.59735 0.876934 0.435358 -0.156769 -0.18916 -0.015352
1.37648 0.875428 0.112206 -0.0829711 -0.139954 -0.0868838 1.52624 0.975079 0.274923 -0.123937 -0.135329 -0.159355
1.41409 0.695979 0.0101955 -0.0675085 -0.147992 -0.0943295 1.49645 0.734464 0.104821 -0.138952 -0.15819 -0.190607
-17.5548 -16.3226 -18.6566 0.184827 0.16547 -0.0186417 -17.2843 -15.5425 -17.9483 0.178664 0.087478 0.143158
1.50018 0.893818 0.182937 -0.0977408 -0.144239 -0.0669157 1.59096 0.970437 0.482738 -0.14882 -0.175017 -0.185425
-17.7109 -16.6916 -20.6604 0.728063 -0.0890107 -0.285609 -16.4616 -15.8584 -21.2214 0.368076 -0.445094 -0.30694
-1.50736 1.06477 3.04782 -0.0197751 0.298384 -0.0254034 -1.42071 1.82877 2.55133 -0.060625 0.140627 -0.25221
30.1873 30.1715 34.2774 -0.0878194 -0.0338567 -0.04004 29.2831 29.4955 35.0477 -0.170641 -0.29622 -0.07238
30.0278 30.4764 34.5894 0.250856 -0.123517 0.0591717 29.1242 29.7679 35.1178 0.18108 -0.324539 -0.014475
30.0002 30.6448 34.7863 0.433178 -0.174003 0.0864871 29.0858 29.8909 35.1545 0.381183 -0.359024 0.002826
1.5697 2.48009 1.82754 0.00988037 0.270471 -0.410675 1.88267 2.60822 2.27734 0.066821 0.342662 -0.51033
-1.38061 0.186213 2.61851 0.203821 0.143727 -0.117023 -1.51715 0.567077 2.47755 0.316259 0.065332 -0.147907
1.99302 2.12137 2.60033 -0.446284 0.0425995 -0.102963 2.2954 2.7055 3.03675 -0.337461 0.152656 0.062335
-1.2942 0.722429 2.94164 0.245846 0.183821 -0.1203 -1.48856 1.13064 2.63777 0.325162 0.072806 -0.186756
3.41371 4.04214 4.7471 -0.217428 0.500911 -0.381366 3.10917 3.26385 4.52453 -0.184268 0.123285 -0.622573
1.64063 2.66099 1.82697 -0.0415345 0.184981 -0.430357 1.80976 2.79682 2.1591 0.05371 0.212957 -0.622161
9.6526 9.63996 9.61006 0.0631994 -0.120599 0.0489739 8.92852 8.66868 9.22844 0.018816 0.075235 0.064285
4.16478 4.19781 -0.733072 -0.0284223 0.0235116 -0.01358 4.05999 4.03146 -2.35605 0.025029 0.018785 -0.010832
3.80494 3.4933 2.41398 -0.237201 0.223427 -0.120894 3.57571 3.21438 2.14927 -0.104539 0.414264 -0.24584
1.83165 1.07118 0.484282 -0.113171 0.613539 0.0655239 2.21275 1.39122 0.347142 -0.09856 0.710889 -0.019147
1.79163 1.01375 0.469919 -0.106604 0.597343 0.0672056 2.18845 1.30776 0.298851 -0.081432 0.653483 -0.018789
1.93636 2.89621 1.91563 -0.363144 -0.00477147 -0.077052 1.89827 2.99516 2.20996 -0.182824 -0.006471 -0.172668
1.81542 0.997043 0.478787 -0.0465027 -0.915404 0.109191 2.20936 1.27639 0.292897 -0.137642 -1.14662 0.038771
-0.954306 -0.381062 2.75229 -0.338662 -0.238721 0.084001 -0.791036 -0.087716 2.53567 -0.534062 -0.229335 0.122733
2.25774 2.65165 3.01358 -0.195936 0.468001 -0.278967 2.63771 3.04099 3.44797 -0.267639 0.334336 -0.186443
-8.4637 -8.47645 -8.94044 0.00259184 -0.0719586 -0.0151056 -8.43417 -8.6168 -8.47123 0.009718 0.028807 0.043158
2.64151 2.7705 2.21831 -0.447885 0.4498 0.200727 2.44444 2.63572 1.97755 -0.494677 0.504267 0.056961
2.0472 2.03953 3.88398 -0.743556 -0.158619 0.0193959 2.30022 2.57038 3.13502 -0.454934 -0.128581 -0.233687
12.6486 12.6181 12.6285 0.0696568 -0.129035 0.0562246 11.8299 11.5623 12.2166 0.022266 0.078436 0.06772
-0.0206909 -0.436015 2.96769 -0.0930767 0.21914 -0.0599245 0.263731 -0.290997 2.69063 -0.447761 -0.115408 -0.079841
-19.6052 -19.524 -23.3665 -0.0792384 0.144702 -0.0827475 -18.5897 -18.5702 -25.2865 0.022531 0.061182 0.045038
4.29881 4.31866 -0.0822696 0.0637028 0.13423 -0.00990323 4.36862 4.29863 -1.51718 -0.062422 0.15024 0.151445
11.4807 12.1615 8.45226 0.111794 0.286786 0.229657 11.2196 11.4304 7.18626 -0.105166 0.099912 0.049281
4.50102 4.16033 0.88853 -0.00640428 0.0708461 0.0289416 4.45613 3.81017 -0.291327 -0.116147 0.179493 0.378524
-10.4461 -7.48445 -12.4779 1.3385 -1.61258 0.152627 -9.98773 -6.73477 -11.8435 1.02409 -1.18218 -0.6219
2.19674 4.17372 1.71636 -0.626522 -0.319335 1.57528 2.52153 4.29713 1.98916 -0.481519 -0.374821 1.49081
-12.6453 -12.5521 -12.8236 0.0517883 -0.335934 -0.0458914 -11.9145 -12.0109 -12.2559 0.094604 -0.243156 -0.029895
-8.37991 -7.70475 -10.8495 0.0846574 0.274307 0.126466 -7.57623 -7.57393 -11.0201 -0.058746 0.022166 0.050243
-0.914189 -0.833263 2.26624 -0.111982 0.544775 0.20886 -0.489995 -0.790424 1.88624 -0.176227 0.528361 0.329297
-7.33045 -6.9471 -6.66937 -0.0736437 -0.148174 0.0421211 -6.99173 -6.92563 -6.71624 0.023702 0.00804 0.03673
1.1028 0.718737 0.688458 -0.00892289 -0.0330753 -0.211015 1.21855 0.824271 0.962068 0.046582 -0.060635 -0.273477
-7.60532 -7.5999 -11.7047 -0.00438648 0.0598268 -0.0345447 -6.63231 -6.64631 -12.4243 0.011611 -0.001497 0.000867
15.7748 15.7214 15.7862 0.0751055 -0.138111 0.0624265 14.9232 14.644 15.3332 0.021577 0.081878 0.070967
-13.3651 -2.91372 -2.2292 0.0412487 -0.145484 -0.115618 -11.6695 -5.02401 -2.56925 0.003095 0.080602 -0.094062
-20.7051 -20.9071 -20.7006 -0.100319 0.0431315 -0.0135255 -19.7299 -20.609 -20.6116 0.072218 -0.026874 -0.130503
0.806553 0.0129092 3.64111 -0.144641 0.357195 -0.0353114 1.03018 0.24714 3.11602 -0.596519 -0.013829 -0.055746
2.42551 1.86686 0.914524 -0.0846251 0.611144 -0.00611111 2.7257 1.73637 1.03671 -0.100037 0.825133 -0.040336
-0.91296 -0.658472 1.99462 -0.357053 0.640827 0.145212 -0.40663 -0.67884 1.61093 -0.427885 0.616211 0.235642
-0.939291 -0.675355 1.91136 -0.388788 0.655788 0.133929 -0.42003 -0.712554 1.50706 -0.456395 0.632424 0.214423
-1.00676 -0.818905 1.52398 -0.452608 0.722393 0.0554617 -0.364091 -0.861755 1.19327 -0.517646 0.691639 0.124882
-11.1947 0.824705 7.31228 -0.0926257 0.275121 -0.0269993 -12.0234 0.116727 7.3404 -0.032738 0.094083 -0.141397
-11.5451 -11.5815 -12.0219 -0.00324203 -0.0633384 -0.0238717 -11.364 -11.5245 -11.5131 0.008821 0.00235 0.043529
2.30693 1.68994 1.07221 -0.0284549 -0.95537 0.0615854 2.62217 1.56205 0.971617 -0.122197 -1.27007 0.044764
3.54014 3.77875 3.27551 -0.801764 0.243023 -0.170333 3.80763 3.87416 3.36656 -0.864481 0.336911 -0.05595
3.65428 3.88385 3.2253 -0.678863 0.39677 -0.103949 3.69047 3.95699 3.23172 -0.71902 0.506128 -0.133102
2.03445 1.27629 0.78675 -0.0454739 -0.993743 0.12196 2.49837 1.34791 0.700943 -0.183494 -1.35556 0.084385
5.86757 5.27004 5.12742 -0.0146077 -0.0382571 -0.194197 6.04715 5.54494 5.58117 0.058129 -0.06724 -0.299769
2.78129 2.33311 0.876427 -0.138987 0.130768 -0.103923 3.07155 2.14938 1.12427 -0.164133 0.104427 0.009387
-20.3823 -20.3067 -23.8658 -0.0765588 0.139449 -0.0799167 -19.3884 -19.3603 -25.8362 0.010458 0.061654 0.039167
1.89687 0.174652 3.78673 -0.36472 0.649077 0.165415 2.39452 0.64111 3.1238 -0.743797 0.263081 -0.154643
2.70997 2.2103 0.584686 -0.0622107 -0.511182 -0.0978193 2.98081 2.03652 0.936215 -0.034337 -0.675795 -0.041363
0.0973628 -0.142352 -0.00865476 -0.195773 -0.163782 -0.0236847 0.001895 -0.008765 0.006635 -0.008946 -0.003487 -0.00634
0.0960373 -0.143656 -0.00875108 -0.196447 -0.16465 -0.0239122 -0.001274 -0.009813 0.004586 -0.009853 -0.002775 -0.007378
0.0960373 -0.143656 -0.00875108 -0.196447 -0.16465 -0.0239122 -0.001274 -0.009813 0.004586 -0.009853 -0.002775 -0.007378
0.0993336 -0.120417 -0.0223214 0.00380845 -0.161388 -0.0198721 0.004277 0.013252 -0.014389 0.225013 -0.00983 0.006724
0.10367 -0.133066 0.000887155 -0.198439 -0.15072 -0.223053 0.011959 -0.017803 0.030556 -0.006859 -0.012427 -0.22703
0.0916266 -0.142039 -0.00513076 -0.195838 -0.341527 -0.0197821 -0.003081 -0.00523 0.007515 -0.006272 -0.210692 -0.012836
0.0996516 -0.1377 -0.00276216 -0.199945 -0.15797 -0.230362 0.005313 -0.015865 0.017532 -0.009669 -0.010393 -0.248357
0.0888691 -0.168057 0.00429839 -0.409912 -0.163929 -0.027571 -0.003397 -0.028866 0.035577 -0.265559 -0.001184 -0.007702
0.109089 -0.13442 -0.00819064 -0.200101 0.174511 -0.0349052 0.009102 -0.000711 0.02467 -0.009225 0.363029 0.016627
-0.690462 -0.671193 -0.524302 -0.198299 -0.165895 -0.0192574 -0.80728 -0.494398 -0.466082 -0.001817 -0.009188 0.004669
0.0948377 -0.101435 -0.0349854 0.198485 -0.160386 -0.0161638 -0.001706 0.041214 -0.038428 0.447106 -0.012267 0.008865
0.104042 -0.124122 0.00853829 -0.205286 -0.122584 -0.400828 0.017825 -0.014849 0.044118 -0.011128 -0.018969 -0.428225
0.090197 -0.139573 -0.0303075 -0.188366 -0.18703 0.36863 0.000961 0.025815 -0.012541 0.003543 0.005402 0.442879
0.10566 -0.125218 0.00816311 -0.204043 -0.132737 -0.413708 0.023009 -0.016457 0.048099 -0.010262 -0.020488 -0.446856
0.0864933 -0.136062 0.00238499 -0.19516 -0.519106 -0.0154985 -0.00511 0.002337 0.020466 -0.005414 -0.418208 -0.019855
0.0900698 -0.140742 -0.0289352 -0.188004 -0.18258 0.376637 0.001021 0.025451 -0.019616 0.003534 0.007878 0.451572
0.633546 0.375487 0.859974 -0.206085 -0.163625 -0.0292697 0.502975 0.483654 0.904744 -0.033435 -0.003533 -0.016323
0.64806 0.38828 0.88504 -0.208249 -0.165507 -0.0297259 0.512418 0.487471 0.937135 -0.037858 -0.002323 -0.01495
-0.460023 -1.00193 -0.533983 -0.21883 -0.164041 -0.0207586 -0.507854 -0.936703 -0.485137 -0.030117 -0.002608 -0.015917
0.657516 0.396678 0.901264 -0.209689 -0.166729 -0.0300332 0.521271 0.495356 0.963584 -0.039572 -0.003016 -0.014602
0.0854526 -0.190361 0.0217622 -0.615318 -0.162277 -0.030984 -0.000359 -0.045783 0.071957 -0.50254 0.003326 -0.006908
0.116921 -0.133158 -0.011422 -0.206153 0.314786 -0.0512173 0.0188 -0.004974 0.040038 -0.017979 0.47341 0.02743
0.0742653 -0.109478 0.0227898 -0.185954 -0.653334 -0.00131259 -0.014279 0.025874 0.03534 0.008058 -0.548267 -0.012492
0.0865517 -0.0755187 -0.0517748 0.367579 -0.156076 -0.011993 -0.002053 0.079674 -0.061587 0.626909 -0.021319 0.018844
0.0833828 -0.135024 -0.0466538 -0.185773 -0.21091 0.545211 -0.003563 0.046511 -0.01053 0.009074 0.007103 0.637725
0.0806235 -0.126164 0.0139153 -0.194782 -0.695769 -0.0111021 -0.008247 0.014088 0.03107 -0.00412 -0.627354 -0.027373
0.108756 -0.115299 0.0138808 -0.207984 -0.128014 -0.619876 0.033169 -0.024237 0.074639 -0.011588 -0.026657 -0.683996
1.94488 0.0246652 3.65063 -0.360692 0.691573 0.210514 2.5364 0.585191 3.00908 -0.714802 0.3041 -0.126252
0.100627 -0.123364 -0.000751419 -0.209783 -0.152403 -0.650347 0.005588 -0.018354 0.037113 -0.014988 -0.025955 -0.763761
-1.46381 -1.19666 -1.034 -0.200685 -0.169656 -0.0138188 -1.6108 -0.97917 -0.943945 0.001427 -0.011809 0.007216
2.86065 2.38018 1.21421 -0.104161 -0.119912 -0.102298 3.16436 2.29824 1.26535 -0.128123 -0.203423 -0.017262
-0.936996 -1.12889 -1.71864 -0.176591 -0.15711 -0.00898105 -0.943294 -0.94155 -1.7014 0.053142 -0.006459 0.02238
-0.951949 -1.76164 -0.990701 -0.240698 -0.156573 -0.0150518 -0.958489 -1.71941 -0.918641 -0.04265 -0.002571 -0.01836
-0.954453 -1.77419 -0.991956 -0.240063 -0.158604 -0.0155499 -0.961302 -1.74087 -0.923852 -0.042832 -0.003908 -0.019597
1.77949 0.98188 1.09572 -0.184855 -0.156523 -0.0308477 1.78065 1.0351 1.04075 -0.002369 0.000211 -0.008117
1.18107 0.91086 1.73539 -0.219319 -0.164422 -0.0329385 1.01487 0.988701 1.80344 -0.064709 -0.005672 -0.027098
1.22807 1.57582 1.06883 -0.148203 -0.162866 -0.0301227 1.05179 1.87552 1.02385 0.038547 -0.006452 0.013002
-1.00445 -1.84933 -1.04341 -0.240294 -0.162854 -0.0180457 -1.00225 -1.83979 -0.962674 -0.048542 -0.003577 -0.022649
-0.085047 -0.287183 -0.15626 -0.25218 -0.171694 -0.0354795 -0.220445 -0.153594 -0.119284 -0.062024 -0.067534 0.012048
-0.340078 -2.21911 1.26014 0.217899 0.727605 0.392038 0.508898 -1.30986 1.46824 0.18532 0.540456 0.280421
-2.23877 -1.71189 -1.53743 -0.203722 -0.174528 -0.0118634 -2.41825 -1.44719 -1.40218 -0.000797 -0.012987 0.005667
-1.46869 -2.54935 -1.46747 -0.261959 -0.151912 -0.0117423 -1.43488 -2.52726 -1.37697 -0.061385 -0.000511 -0.028761
2.56862 1.5247 1.61352 -0.180045 -0.15051 -0.0344109 2.60088 1.54658 1.536 -0.00649 0.00161 -0.013989
1.73908 1.46669 2.60104 -0.237 -0.162988 -0.0322101 1.5435 1.52567 2.69633 -0.098581 -0.007288 -0.035754
-22.2452 -22.1117 -21.9368 -0.0542009 0.0560344 -0.0506342 -21.9751 -22.1398 -21.808 0.104475 0.003898 -0.144044
1.84286 2.49749 1.66563 -0.125134 -0.160416 -0.0327854 1.61559 2.90572 1.56374 0.059529 -0.008247 0.016551
1.4695 -0.653296 2.97249 -0.284401 0.707835 0.264366 2.21789 0.164153 2.60752 -0.454661 0.34364 -0.047263
-22.7428 -22.7265 -22.8622 0.0437083 -0.0764626 -0.0644909 -22.95 -22.9689 -23.0628 0.000667 -0.089417 0.064017
7.69627 7.00641 6.81746 -0.0161306 -0.040432 -0.189367 7.85163 7.30453 7.31071 0.061748 -0.070549 -0.303698
0.648011 0.367546 0.650744 -0.162862 -0.00744257 0.043931 0.513667 0.393134 0.662882 0.065894 0.197396 0.092003
0.971307 0.496985 -0.0370801 0.149499 0.0208282 -0.0449739 1.79818 -0.066355 -0.008354 0.295403 -0.001316 -0.020807
0.998477 0.511292 -0.0125332 0.145017 0.0222446 -0.0469997 1.81018 -0.047102 0.020983 0.290356 -0.004664 -0.022544
0.84975 0.498618 0.115285 0.126097 -0.0807912 -0.0323897 1.68126 -0.136231 0.242304 0.258603 0.007127 -0.020245
0.926463 0.527916 0.0923488 0.152376 -0.0817256 -0.0603442 1.73725 -0.051598 0.170016 0.273079 0.016728 -0.047662
0.933466 0.630266 0.0943279 0.152337 0.213572 -0.0511551 1.75172 -0.013144 0.127606 0.268755 0.265638 -0.021652
18.7559 18.8648 14.4858 -0.094517 0.0104069 -0.00601132 19.435 19.4859 11.6919 -0.044106 0.022995 -0.013286
0.848568 0.549728 0.861401 -0.192079 0.0383497 0.0561817 0.684808 0.542594 0.89108 0.076949 0.255648 0.106103
0.872563 0.568401 0.0418832 0.167955 -0.0624848 0.263561 1.67567 0.004194 0.16265 0.365406 0.002217 0.194553
-20.8728 -14.4 -13.9982 -0.128651 0.0696482 -0.0086843 -21.2208 -12.6182 -13.3161 -0.118996 0.023672 -0.068545
0.894147 0.67452 0.205792 0.142417 -0.196573 -0.0160648 1.68368 0.06619 0.27618 0.259766 -0.202577 0.018179
-22.6557 -22.5816 -23.6808 0.193385 0.0687724 -0.102276 -22.6845 -22.527 -23.8035 0.063392 0.020047 0.106139
0.995584 0.688585 1.00617 -0.216328 0.0861027 0.0721077 0.836572 0.650041 1.05401 0.089904 0.29754 0.122463
-15.702 -13.413 -15.6963 1.54281 -0.110645 -0.434981 -15.0267 -13.2113 -15.6865 1.43268 -0.104826 -0.314857
49.7585 49.9173 38.4212 -0.133226 0.173048 -0.090308 51.8301 51.8291 35.353 -0.039583 0.223356 0.041032
1.04693 2.14761 5.636 -1.48842 -0.671486 -0.0545996 1.14565 2.22116 5.18365 -1.472 -0.437249 0.166977
0.922634 0.825986 0.281724 0.158576 0.31199 -0.0614695 1.74421 0.091143 0.471052 0.268502 0.342454 -0.012113
0.885843 0.782192 0.164608 0.134677 0.0425587 -0.554217 1.61568 0.179102 0.376585 0.19722 0.077504 -0.294568
0.741893 0.667435 0.71202 -0.120194 0.0764659 0.260015 0.741352 0.637013 0.684623 0.184868 0.314774 0.270764
-23.2944 -23.2487 -23.1684 0.297717 -0.0994867 -0.0537009 -23.445 -23.3451 -23.5169 0.390264 -0.115629 0.107557
9.6547 8.86261 8.62252 -0.0174621 -0.0428272 -0.185083 9.75187 9.18741 9.13968 0.065074 -0.074812 -0.306969
-10.6248 0.911606 9.83804 -0.0771657 0.291079 -0.022363 -11.0872 -0.106171 10.012 -0.047768 0.100692 -0.116301
0.807615 1.03772 0.346237 0.150597 0.450177 -0.028619 1.62617 0.25504 0.602537 0.267977 0.286255 0.02456
0.765738 0.894586 0.350229 0.200831 0.0725256 0.472482 1.54531 0.398892 0.549573 0.334736 0.043107 0.367119
-10.5939 0.911598 9.93349 -0.0749914 0.290171 -0.0229573 -11.027 -0.115389 10.1113 -0.048289 0.095538 -0.117212
0.846578 0.881279 0.397536 0.190533 0.0956344 0.473713 1.6484 0.391863 0.559758 0.29479 0.019136 0.34689
28.3831 28.4828 28.548 -0.218282 -0.128846 -0.00872288 28.19 28.0338 28.1774 -0.222462 -0.138898 -0.154948
0.845504 0.89839 0.344994 0.140474 0.0794653 -0.512572 1.61533 0.389999 0.525687 0.237967 0.076968 -0.235774
0.615971 0.898019 0.336574 0.132813 -0.386989 -0.00710626 1.43397 0.167737 0.511426 0.2467 -0.397957 0.042712
-0.983796 0.961603 3.71551 -1.62556 -0.384433 -0.596115 -0.302474 0.907004 3.31035 -1.61941 -0.440396 -0.529579
0.871328 1.07085 0.551945 0.163552 -0.393136 0.00312753 1.63111 0.45347 0.693634 0.243345 -0.176939 0.091299
0.632169 0.87863 0.192826 0.139953 0.109949 -0.629391 1.3007 0.264543 0.489027 0.222242 0.062523 -0.334478
-13.3492 -10.6725 -13.6904 0.572926 0.657186 -0.16908 -12.474 -10.7858 -13.1275 0.343731 0.300062 -0.308854
-10.0036 -9.69049 -9.21354 -0.0883565 -0.132541 0.0336866 -9.95889 -9.75832 -9.82119 0.045134 -0.053188 0.022863
0.843111 0.96257 0.638938 0.181006 0.104565 0.267305 1.65256 0.535125 0.765204 0.303487 0.035383 0.24976
0.70797 0.990297 0.60849 0.154058 0.298776 -0.0333135 1.48886 0.436025 0.876236 0.258125 0.150036 0.072866
29.3295 29.2544 29.2234 -0.407892 -0.0978077 -0.0143098 29.1651 28.6747 28.8111 -0.344083 -0.135577 -0.159925
0.539374 1.84733 5.46087 -1.75082 -0.589206 -0.335574 0.914839 1.95351 4.89404 -1.68637 -0.467574 -0.217842
0.86689 1.02364 0.732543 0.171372 -0.198736 -0.011777 1.6599 0.624326 0.83275 0.262075 -0.065057 0.082039
0.81009 1.0217 0.747955 0.17381 0.118109 -0.00751845 1.55143 0.579167 0.967973 0.232129 0.086718 0.122581
0.763016 1.00777 0.70339 0.162888 0.120799 -0.0148473 1.52699 0.575465 0.970667 0.255662 0.081727 0.102618
0.86756 1.00334 0.760996 0.173571 0.0970936 -0.0139261 1.6879 0.622743 0.897996 0.285874 0.067052 0.088383
29.9676 29.7672 29.6874 -0.496377 -0.135305 -0.029701 29.792 29.0498 29.28 -0.411291 -0.160327 -0.120621
-10.7457 -10.5901 -14.1284 1.3137 0.160614 -0.863317 -10.7387 -10.0249 -13.2653 0.96943 -0.028347 -0.64838
-21.0665 -20.9955 -24.2897 -0.0743038 0.133912 -0.0767469 -20.0599 -20.0161 -26.3264 -0.010711 0.064406 0.033538
0.426339 0.501159 -0.121855 -0.0773029 -0.0806852 0.366755 -0.031145 0.02895 0.017588 0.005208 -0.005225 0.058932
0.44105 0.502465 -0.131977 -0.0794883 -0.0786993 0.351336 -0.013475 0.027589 0.007462 0.001872 -0.003761 0.040943
0.436979 0.457188 -0.172806 -0.0848661 -0.0782564 0.325753 -0.005314 -0.01387 -0.019522 -0.005042 -0.000421 0.006682
0.439728 0.460261 -0.16729 -0.0838798 -0.0756667 0.321565 -0.004045 -0.013628 -0.017011 -0.003767 0.000342 0.003297
0.4397 0.460226 -0.167323 -0.0838714 -0.0756674 0.321568 -0.004196 -0.013784 -0.017168 -0.003763 0.000342 0.003294
0.416957 0.437427 -0.192932 -0.0847895 -0.0782011 0.325844 -0.012581 -0.019511 -0.024199 -0.005159 3.7e-05 0.007191
0.444283 0.466935 -0.157739 -0.082912 -0.0730383 0.319016 0.000854 -0.008556 -0.008188 -0.002296 0.002098 0.001804
0.49624 0.495938 -0.127609 -0.0849417 -0.0697584 0.278361 0.046432 0.001436 0.018565 -0.002258 0.004076 -0.043904
0.46764 0.509767 -0.131166 -0.0832866 -0.081507 0.323491 0.015761 0.029228 0.010663 0.003286 -0.01167 0.010424
0.485121 0.512912 -0.113334 -0.0715184 -0.0595178 0.301315 0.035779 0.028014 0.023946 0.004756 0.018587 -0.01717
0.533068 0.55596 -0.0650154 -0.0817457 -0.0708654 0.3179 0.077504 0.066736 0.072345 -0.000572 0.002977 0.001913
0.667214 0.695732 0.0730386 -0.12779 -0.0692963 0.308158 0.191866 0.186379 0.183025 -0.055379 0.009253 -0.008697
0.466788 0.494581 -0.126488 -0.080172 -0.0691006 0.315958 0.011783 0.004996 0.011555 0.001177 0.003446 0.000749
0.467143 0.494942 -0.126119 -0.0801734 -0.0690968 0.315959 0.013041 0.006353 0.012833 0.001148 0.003477 0.000763
0.479086 0.485931 -0.138548 -0.0848862 -0.0663446 0.281154 0.02965 -0.004961 0.003817 -0.002294 0.007373 -0.039126
0.485808 0.503079 -0.184741 -0.0844373 -0.0663335 0.286807 0.043651 0.011287 -0.039065 -0.003249 0.005947 -0.03352
0.429943 0.508469 -0.103749 -0.0801063 -0.0766662 0.370521 -0.036872 0.028804 0.029265 0.002151 -0.002951 0.064022
0.225098 0.25138 -0.375274 -0.0294665 -0.0519327 0.295211 -0.200056 -0.210367 -0.208197 0.043661 0.02659 -0.022835
0.741365 0.794573 0.120035 -0.0888433 -0.114312 0.364477 0.259254 0.29317 0.223801 0.000232 -0.041298 0.063537
0.449916 0.49149 -0.147697 -0.0838366 -0.0683832 0.321613 -0.001361 0.006059 -0.012167 -0.001916 0.00304 0.008308
0.319512 0.330035 0.0132903 -0.079352 -0.073305 0.325027 -0.166441 -0.15157 0.169185 0.001008 0.001618 0.018725
0.417119 0.443812 -0.168594 -0.0805846 -0.0765205 0.309131 -0.041381 -0.040162 -0.029096 0.000594 -0.002326 -0.010822
0.456839 0.490285 -0.129972 -0.0778624 -0.0645915 0.312776 0.001714 -0.002704 0.005531 0.004448 0.00348 0.000691
0.173804 0.283363 -0.481588 -0.0868118 -0.206295 0.332431 -0.257369 -0.162569 -0.328204 0.010641 -0.155129 0.034698
0.555123 0.638032 -0.511615 -0.0836257 -0.0632475 0.309931 0.156912 0.14993 -0.401922 0.001911 0.004667 -0.015274
0.535785 0.556583 -0.0578056 -0.53418 -0.0865894 0.31589 0.087641 0.06948 0.085602 -0.470217 0.018805 -0.007346
1.11305 1.05714 0.947948 -0.083845 -0.0719217 0.281645 0.567701 0.519575 1.07225 -0.002926 0.003725 -0.025848
0.0179781 -0.089108 0.323949 -0.0756648 -0.0707848 0.275933 -0.532674 -0.571184 0.541698 0.00277 0.010423 -0.022516
0.590469 0.763408 -0.931208 -0.0810282 -0.0633829 0.359051 0.241665 0.276495 -0.865815 0.004353 -0.002644 0.02758
2.04074 2.11523 1.01697 -0.0894001 -0.0719425 0.345032 1.55628 1.56812 1.01977 0.000498 -0.007399 0.027222
21.9332 22.0611 18.1055 -0.111158 0.0123978 -0.00716136 23.1589 23.2178 15.1621 -0.051148 0.026952 -0.015562
-1.5562 -1.5012 -2.15623 -0.0700132 -0.0646854 0.324754 -1.87699 -1.85747 -1.85999 0.007694 0.009862 0.007443
2.85646 2.82032 2.67606 -0.0935006 -0.0814557 0.308032 2.2175 2.20271 2.69453 -0.006672 -0.010697 0.007498
31.1102 30.3616 30.8974 -0.468702 -0.222178 0.209699 30.9307 30.009 30.4117 -0.465827 -0.127344 0.108297
31.1228 30.3678 30.9244 -0.463976 -0.21718 0.213394 30.9281 30.0237 30.4199 -0.464917 -0.125147 0.108487
31.1315 30.3701 30.9476 -0.459999 -0.212565 0.21731 30.9351 30.0352 30.4338 -0.463876 -0.123554 0.108878
-24.2058 -24.5355 -23.2233 -0.201442 0.115817 0.0920271 -24.8389 -25.0313 -23.4503 -0.057159 0.226387 0.193171
0.59055 0.930052 0.177691 0.127714 -0.495398 -0.026143 1.78414 0.805951 0.749629 0.244902 -0.443932 0.043192
-3.36832 -3.30535 -3.98704 -0.0685877 -0.0644827 0.338061 -3.54986 -3.52399 -3.52797 0.006429 0.020254 0.008197
-3.4829 -3.40453 -4.08971 -0.0621796 -0.0566136 0.332481 -3.6724 -3.63526 -3.64441 0.014649 0.021244 0.006069
31.0811 30.2607 31.0658 -0.464745 -0.257475 0.26247 30.871 29.9943 30.4075 -0.476082 -0.134647 0.105912
-24.0555 -20.465 -17.2655 -0.0317777 0.0563276 -0.0722317 -25.7548 -19.9118 -18.2518 0.008614 -0.005679 -0.150894
-14.9211 -14.658 -13.7488 0.0144824 -0.0333712 -0.2823 -14.9689 -14.7566 -13.3532 -0.002092 -0.110555 -0.383626
-0.431388 -0.412693 0.460362 0.0169291 -0.0268659 -0.0204694 -0.098844 -0.312079 -0.271186 0.027054 0.008743 -0.009351
-22.5384 -22.4461 -22.4306 0.0272203 0.0462708 -0.0512718 -22.9366 -22.729 -22.0758 0.085063 0.002973 -0.053223
-15.1538 -15.2244 -15.7397 -0.0038036 -0.0526135 -0.0276896 -14.8858 -15.0228 -15.2162 0.007558 -0.036233 0.042103
-0.342634 0.203041 0.273294 0.00130894 0.00580731 -0.0589547 0.515201 0.088235 0.505431 -0.001511 0.00333 -0.082695
-15.251 -15.1983 -14.3961 0.0190071 -0.0183222 -0.0984848 -15.5777 -15.6255 -13.8574 -0.030874 -0.104136 -0.141527
-24.0329 -20.3316 -16.4623 -0.0318306 0.0321934 -0.0795127 -25.564 -19.8493 -17.6721 -0.003654 -0.009647 -0.169412
-22.5332 -22.4638 -22.4873 0.0550374 0.0436082 -0.0394044 -23.0009 -22.7338 -22.0563 0.087928 -0.005818 -0.024849
-17.4157 -17.1023 -18.357 0.240639 -0.766044 -0.469595 -16.633 -16.0139 -17.252 0.460321 -1.02329 -0.126294
-18.5172 -18.3012 -19.4697 0.271079 -0.76658 -0.341201 -17.826 -17.3167 -18.4326 0.524315 -0.979551 -0.101344
-16.6342 -14.0486 -16.8428 0.269285 0.593454 -0.238823 -15.7683 -14.1322 -16.3193 0.036833 0.288814 -0.526347
1.9611 1.89838 1.83201 0.154894 -0.13852 -0.17699 1.84844 1.91329 1.5136 0.181225 -0.160199 -0.118389
1.94141 1.8655 1.7857 0.125761 -0.11706 -0.153234 1.7987 1.86077 1.4989 0.125879 -0.14916 -0.108378
-8.89473 -4.3965 -7.9191 0.0267523 -0.0541102 -0.118539 -9.8056 -4.13737 -6.86792 -0.019658 0.094413 -0.072027
-1.16048 2.26694 -5.38467 0.122754 -0.0481539 0.0909477 -0.060105 1.86711 -3.66855 0.313676 0.056291 0.068554
0.736956 4.18082 -3.44547 0.122055 -0.0541864 0.0920715 1.61616 3.63264 -1.9762 0.311821 0.065169 0.076736
0.74998 4.18075 -3.45022 0.150238 0.0601196 -0.113107 1.56398 3.43962 -2.17249 0.319839 -0.051061 -0.007975
4.03538 4.69774 4.54395 0.00219964 0.00504684 -0.0702866 5.15694 4.61774 4.94281 0.003572 0.002394 -0.101668
-2.58227 -1.85994 -2.69628 -1.2765 1.45702 0.00187232 -2.81489 -2.00281 -2.34667 -1.39261 1.70863 0.207982
-9.31566 -3.93378 -7.53847 0.387146 0.226877 0.0149376 -10.1997 -3.51479 -6.45017 0.035092 0.466362 0.012015
1.46287 1.39016 1.32268 0.021168 -0.063778 -0.0667031 1.14173 1.22337 1.03905 -0.046022 -0.109328 -0.047569
-18.2796 -16.1514 -18.631 0.173064 0.435519 -0.319422 -17.4436 -16.0924 -18.0475 -0.13822 0.247117 -0.624121
-9.92954 -3.7733 -6.66734 0.279955 0.036673 -0.112214 -10.696 -2.79149 -5.63429 -0.030714 0.328515 -0.114949
-22.9345 -22.6629 -23.7023 0.230332 0.000731449 -0.195483 -22.9648 -22.3469 -22.8821 0.209951 -0.019662 -0.093529
-0.0945832 0.154618 0.445077 -0.616773 0.156891 0.115746 -0.986252 0.524685 0.68852 -1.26246 0.160456 0.089916
-0.299157 0.538267 0.523259 0.427813 -0.475867 -0.295044 -1.31486 1.12392 0.684294 0.917618 -0.651675 -0.346592
-0.25037 0.490322 0.485846 0.504896 -0.300342 -0.177841 -1.30425 1.03069 0.687115 1.01173 -0.42088 -0.213211
-0.252599 0.489146 0.478219 0.530187 -0.316619 -0.16857 -1.39279 1.04298 0.706369 1.04589 -0.433048 -0.198078
-0.24553 0.490875 0.500296 0.567602 -0.150245 -0.0696766 -1.4011 1.05324 0.748113 1.07761 -0.205019 -0.079397
-0.18489 0.450018 0.418269 -0.631653 0.192637 0.0735414 -1.3194 0.919133 0.703115 -1.16378 0.190004 0.043341
-0.484138 0.685401 0.462789 -0.465366 0.524492 0.25435 -1.48304 1.23322 0.644461 -0.99872 0.440426 0.11869
-0.456586 0.502446 0.483187 0.63656 -0.389217 -0.180535 -1.39688 0.932807 0.776733 1.2548 -0.470679 -0.180077
-0.614562 0.524359 0.405726 -0.56856 0.496997 0.244399 -1.47905 1.01245 0.610014 -1.13271 0.33703 0.061667
4.86431 8.45616 0.891528 0.125408 -0.0675301 0.0975765 5.7424 7.66191 1.71268 0.304811 0.088845 0.091159
4.81292 8.37385 0.831088 0.153592 0.0770166 -0.120743 5.72198 7.4968 1.57757 0.35243 -0.048439 -0.020097
-0.680398 0.428611 0.376874 -0.648073 0.477996 0.237656 -1.40984 0.85338 0.582011 -1.21839 0.262779 0.03751
-0.566479 0.425927 0.391862 -0.634005 0.340058 0.114365 -1.39188 0.865725 0.7114 -1.16547 0.184896 -0.014669
-0.519629 0.266135 0.420243 -0.876329 0.190771 -0.0034166 -1.19137 0.623473 0.751525 -1.34931 0.083375 -0.04381
1.74273 2.04747 2.01638 0.0556589 0.218564 -0.0196195 1.55181 1.96473 1.80975 -0.003879 0.142996 0.131398
-14.7599 -13.324 -15.3688 0.735727 0.421535 -0.464802 -14.0836 -12.8997 -14.3567 0.738773 0.217765 -0.249781
-0.608468 0.508306 0.669338 -1.00693 0.508127 0.280606 -0.913394 0.822787 0.63769 -1.47217 0.370765 0.227307
-0.5936 0.427931 0.71945 -1.08582 0.344884 0.14025 -0.765492 0.665988 0.800574 -1.52868 0.225715 0.166666
-0.603529 0.510291 0.733339 -1.12329 0.33601 0.130737 -0.760544 0.699299 0.84597 -1.57956 0.200701 0.163095
-0.216882 -0.216876 0.855274 -0.00317993 1.69784e-06 1.4603e-06 0.025497 0.025497 0.021967 -0.016513 -0 -0
-23.9461 -20.1472 -15.0042 -0.0165245 -0.0564935 -0.0859022 -25.8781 -20.2501 -16.916 -0.02405 0.006612 -0.091554
-0.278102 0.757607 0.855716 -1.11438 0.563795 0.285853 -0.36121 1.10862 0.823604 -1.59331 0.448135 0.291486
-0.181361 -0.18136 1.02957 -0.0809723 -1.10051e-06 -8.60501e-07 0.041478 0.041478 0.203754 -0.033494 0 -0
1.19694 1.48573 1.53907 -0.00477103 0.197445 0.0848709 0.866077 1.23222 1.20812 -0.075608 0.223407 0.148274
-0.350287 0.322268 0.934389 -0.655292 0.192083 0.0929127 -0.185965 0.547856 0.944097 -0.938361 0.12763 0.100326
-0.190022 0.246614 0.919956 0.820274 -0.606388 -0.440583 -0.088081 0.649221 0.750269 1.05829 -0.566629 -0.338372
-0.202923 0.0766169 0.899138 -0.599713 0.583811 0.42969 -0.012642 0.504448 0.646063 -0.683624 0.510337 0.32508
-0.249814 0.118885 0.90343 -0.680289 0.395401 0.258702 -0.063172 0.49137 0.732261 -0.862277 0.331318 0.206774
-0.178689 0.110661 0.933354 0.513451 -0.413361 -0.296297 0.039648 0.520526 0.694618 0.65628 -0.340828 -0.214612
-0.253465 -0.0203186 0.884855 -0.407553 0.395124 0.288186 -0.001514 0.380923 0.601637 -0.47375 0.337918 0.206414
-0.247775 -0.0921112 0.880551 0.0828152 -0.205196 -0.161045 0.044978 0.328344 0.522176 0.075118 -0.171007 -0.107944
-0.199561 -0.082864 0.903254 1.26018e-07 -1.48346e-06 -2.55075e-07 0.088848 0.350388 0.494682 0 -0 0
-0.205306 -0.151834 0.878787 1.19834e-07 1.31893e-06 -6.30849e-07 0.037729 0.316944 0.438972 0 0 0
-0.212269 -0.210298 0.858232 1.23132e-07 2.34959e-06 3.50735e-07 0.008687 0.306865 0.37217 0 0 0
-0.195755 -0.100606 0.888651 -0.00191548 0.399118 0.319151 0.09944 0.381879 0.512386 0.112036 0.360753 0.232861
-0.257178 -0.118342 0.861389 0.197953 -0.616592 -0.493745 -0.000893 0.325243 0.518092 0.14213 -0.528143 -0.349658
-0.230634 -0.150128 0.852805 -0.118969 0.581783 0.46684 0.030125 0.353493 0.477111 -0.004432 0.51264 0.332785
-0.207771 -0.121246 0.875243 0.0220369 -0.621229 -0.507887 0.063441 0.36968 0.499628 -0.097735 -0.54887 -0.361122
26.5752 26.3986 30.2098 1.73909 -0.261016 -0.138805 25.9347 26.033 30.2967 2.07503 -0.11681 -0.485389
0.16838 0.19452 0.14931 -0.0565044 -0.0028882 0.0295509 -0.099899 -0.060678 -0.083379 -0.088797 -0.029246 -0.005156
7.04796 10.6861 3.21535 0.157041 0.0854284 -0.12576 7.94976 9.6614 3.75182 0.369374 -0.049367 -0.024992
-13.3442 -11.3957 -11.7291 0.918459 0.659287 0.610886 -12.2295 -10.4761 -11.0185 1.26724 0.412807 0.703466
-23.5498 -23.4277 -23.6183 0.322123 -0.0547771 -0.228281 -23.4377 -23.3516 -23.7418 0.375665 -0.010522 0.01712
2.37539 2.55881 3.12244 3.90179e-07 1.30346e-06 1.20552e-06 2.94372 3.06178 2.81347 0 0 0
55.6026 55.7798 43.7658 -0.15062 0.185334 -0.0993515 57.6377 57.6269 40.5767 -0.033447 0.236329 0.033037
6.33178 18.7271 10.0046 0.307322 -0.491401 -0.12103 6.12244 16.7715 11.7988 0.356364 -0.318442 -0.050713
-3.22902 -3.29247 -2.5707 3.852e-07 -2.0932e-06 6.59738e-07 -3.1071 -2.98643 -2.78388 0 0 0
-3.47913 -3.52487 -2.70416 3.37951e-07 -2.64682e-06 -7.60881e-07 -3.38 -3.19417 -2.9586 0 0 0
-3.33936 -3.41616 -1.89438 2.43878e-07 1.84921e-06 1.42248e-07 -3.50252 -3.13891 -2.04275 0 0 0
-3.54523 -3.62357 -2.01542 5.23223e-08 -9.62463e-08 1.54104e-07 -3.7413 -3.3399 -2.18997 0 -0 0
3.26618 3.55901 4.10403 2.02309e-07 1.33336e-06 4.04169e-07 3.13493 4.20122 3.72905 0 0 0
0.0722781 0.0722797 -0.628808 0.296177 6.69354e-07 5.55785e-07 0.161481 0.161481 -0.964582 0.206977 -0 0
3.52629 3.73983 4.94822 1.41284e-07 -1.06714e-06 -1.54917e-08 3.97496 4.41001 4.51403 0 0 0
-2.83069 -1.3512 -3.2034 -1.14993 1.27553 0.0141106 -3.26695 -1.54518 -3.01389 -1.27558 1.60419 0.253126
0.16012 0.393654 0.357589 0.0163802 0.159973 0.0855524 -0.172115 0.121029 0.047083 0.000222 0.147847 0.090002
26.5974 26.51 29.9832 0.120496 -0.0100668 -0.0880975 25.9883 26.0401 30.8502 0.269813 -0.002932 -0.291139
-4.57488 -4.74612 -4.15157 -3.53115e-07 -2.10723e-07 -1.4487e-07 -4.57066 -4.4807 -4.30457 0 0 0
-4.95913 -5.07235 -4.34006 -9.76336e-08 6.68202e-07 -1.07838e-06 -4.98145 -4.81403 -4.53784 0 0 0
26.82 26.5548 30.3342 0.251522 -0.0623064 -0.176551 26.1065 25.9832 31.0835 0.402961 -0.070808 -0.348564
-20.7607 -19.6416 -21.2817 0.00205272 0.175595 -0.285993 -20.0383 -19.3826 -20.7263 -0.256998 0.18052 -0.615192
5.06354 5.34777 6.7633 -3.5527e-07 5.03504e-06 2.15227e-07 4.86298 5.95568 6.64985 0 0 0
9.42113 13.164 5.64801 0.162324 0.0926519 -0.131809 10.2864 11.8988 5.98651 0.386506 -0.053521 -0.028888
-6.76848 -6.30193 -5.98106 0.00171067 0.00803339 -0.0573437 -6.38568 -6.56114 -6.07254 -0.008501 0.010071 -0.04403
5.55438 5.81627 7.05253 5.36034e-09 2.60374e-06 -3.97821e-07 5.80229 6.56751 6.75742 0 0 0
86.2391 87.5585 86.964 -0.593827 -1.59653 -0.413323 86.5347 87.4206 87.7378 -0.516813 -1.38471 -0.208485
-0.256682 -0.226534 -0.249833 -0.0141513 0.0127615 0.0154733 -0.609961 -0.602528 -0.60714 0.009181 -0.018894 -0.017955
-20.4788 -20.6879 -21.3945 0.44889 -0.0541051 -0.28402 -20.1579 -20.2004 -20.4317 0.446905 -0.239901 0.005385
-1.95627 -2.1244 -0.518227 0.0274659 -0.0195316 -0.0473507 -1.69271 -1.90891 0.055576 0.049819 0.029761 -0.006043
-0.0665888 -0.271176 1.54012 -0.0105999 -0.0123576 -0.0509858 0.350003 -0.027503 2.114 -0.040499 0.057321 -0.007863
0.0531554 -0.204576 1.67386 -0.0540392 -1.87441e-05 -0.0548699 0.547651 0.015644 2.18812 -0.140706 0.078926 -0.011832
-22.6015 -22.4126 -24.9427 0.10542 0.0465179 -0.0874029 -22.1251 -21.9361 -25.8936 0.034773 0.057797 -0.016421
-9.90727 -3.5006 -6.13486 0.725867 0.68558 -0.562103 -10.5195 -3.00493 -5.12976 1.47049 0.789332 -0.425229
-22.5071 -21.7779 -24.3749 0.0982464 0.039814 -0.0324705 -21.9578 -21.6026 -24.4852 0.15846 0.131828 0.022033
86.0188 86.5119 86.1599 -0.540171 -1.54631 -0.109045 85.6794 86.1708 86.7997 -0.550323 -1.47739 -0.155943
2.59739 3.12932 3.31424 -1.08431 -0.110881 0.326967 2.77496 2.54147 2.97802 -1.02991 0.041737 0.513513
-0.335039 0.789857 2.25145 -0.295292 -0.167486 0.0894663 -0.24079 1.49814 2.10932 -0.204494 -0.071922 -0.030998
0.693151 0.635997 2.67092 -0.29529 -0.11295 0.0121844 0.909489 1.10318 2.79913 -0.24412 -0.05048 0.042296
0.710092 0.61209 2.66876 -0.27659 -0.108188 0.0089296 0.929363 1.06933 2.81708 -0.222908 -0.045603 0.038409
-16.3588 -15.4507 -16.6393 0.811331 0.0293083 -0.405639 -15.7197 -15.136 -15.5278 0.681924 -0.052675 -0.366957
11.9435 15.721 8.14919 0.168898 0.0990204 -0.139017 12.7586 14.325 8.422 0.404837 -0.059479 -0.030834
-3.11955 -0.815156 -3.74189 -0.989368 1.11606 -0.00214604 -3.84913 -1.10914 -3.74281 -1.09578 1.50314 0.292111
-20.8008 -19.3548 -22.7327 0.670208 -0.193533 -0.0808407 -19.8267 -19.0197 -23.3089 0.511215 -0.120511 -0.017992
-3.1702 -0.738941 -3.82312 -0.965252 1.09573 -0.00945481 -3.94064 -1.0735 -3.83754 -1.07021 1.48493 0.297885
-10.9775 -1.65315 -2.19398 0.245007 0.167827 -0.121006 -11.5864 -1.28054 -1.7046 0.022488 0.302874 -0.087028
-11.8798 -11.0427 -13.7114 0.94278 -0.900542 -0.22978 -11.5229 -9.77166 -12.9852 0.51403 -0.95898 -0.881346
-3.22915 -0.685805 -3.91199 -0.940169 1.07323 -0.0178295 -4.04517 -1.04132 -3.94978 -1.04506 1.46321 0.302286
0.598823 0.207193 2.44251 -0.156019 0.0236103 -0.0718659 1.27075 0.393246 2.58561 -0.38523 0.111907 -0.051351
-22.8932 -22.9113 -23.5051 0.162144 -0.494431 0.042676 -22.6841 -22.6794 -23.0117 0.403661 -0.500855 -0.014035
-0.738159 -0.578554 0.467948 0.131865 -0.0308373 -0.0526296 -0.23779 0.208064 1.39353 0.097962 -0.010903 0.003784
-22.4743 -21.7979 -22.9772 -0.0804056 0.082097 -0.21882 -21.9091 -21.6376 -22.5386 -0.253595 0.094049 -0.432429
0.683192 0.0555935 2.93254 0.0565325 0.0934603 0.0533652 1.00487 0.459603 3.18326 0.040953 0.24324 0.143502
86.6133 87.073 86.409 -0.68065 -1.62493 -0.408833 85.1028 85.6459 86.2376 -0.432902 -1.28435 -0.275476
-17.65 -17.6091 -21.245 0.529904 0.0455518 -0.688562 -18.0624 -17.0593 -20.5649 0.282121 -0.113246 -0.488269
-2.63608 -2.47169 -1.2171 0.0980331 -0.0230528 -0.0437111 -2.37924 -1.97289 -0.679274 0.082267 -0.006286 0.007244
1.08695 0.62009 3.11016 -0.225243 0.0480022 -0.0784084 1.80916 0.765977 2.94734 -0.506436 0.133556 -0.093531
-3.00812 -0.658651 -2.64722 2.61361 0.774676 -0.156688 -3.92048 -1.00504 -3.02703 2.4889 1.03665 -0.329776
1.81223 1.94821 2.04652 0.23367 -0.186239 0.283389 1.34422 1.60296 1.66999 0.137697 -0.063458 0.379389
97.2661 94.6678 106.656 0.238608 -0.436482 -0.565292 97.6837 94.3162 106.31 0.555828 -0.243324 0.010807
-9.46927 -7.8769 -6.68312 -0.346285 0.341863 0.885364 -8.08775 -6.17904 -6.18404 -0.27473 1.14963 0.428528
1.32608 0.847312 3.43634 -0.251383 0.0656017 -0.0829237 2.06592 0.971373 3.13929 -0.540216 0.149034 -0.121029
0.973127 0.662463 1.66876 0.621059 -0.374143 0.755423 0.925375 0.471868 1.81635 0.762726 -0.199937 0.860202
0.715237 0.212463 1.39249 0.676799 -0.302366 0.983194 0.750573 -0.024138 1.47862 0.790351 -0.204176 0.968427
1.28445 1.12539 1.93819 0.576587 -0.409875 0.58682 1.18457 0.960539 2.16083 0.668683 -0.238264 0.743226
-11.7847 -11.5394 -10.9066 -0.0888995 -0.113566 0.0319223 -12.0474 -11.8714 -11.3945 0.019721 -0.078596 0.043287
1.43556 0.975414 3.5899 -0.259668 0.0754207 -0.0836562 2.17843 1.09226 3.23587 -0.546812 0.160756 -0.134598
-3.80452 -5.44892 -4.89881 -1.05918 4.38329 -0.7977 -4.15223 -6.06221 -5.10526 -1.26707 4.45902 -0.290376
3.14302 4.00381 4.33659 -1.47659 -0.321135 0.11883 3.47453 3.44984 3.94802 -1.51193 -0.045751 0.280073
96.6586 96.7238 108.2 0.329968 -0.0365734 -0.139174 96.9656 97.1535 107.532 0.814723 -0.340596 0.255061
-24.1829 -24.1574 -24.2125 0.0430597 -0.0554637 -0.0574728 -24.2253 -24.2249 -24.2266 -0.025213 -0.077636 0.073492
17.4721 21.2622 13.6013 0.186684 0.109697 -0.157186 18.0525 19.3949 13.7651 0.435553 -0.074484 -0.033285
1.8989 1.98975 2.47219 0.518165 -0.370937 0.333991 1.60656 1.71216 2.6426 0.477542 -0.255829 0.583668
-15.2222 -14.2623 -15.5062 0.277432 0.460627 -0.687043 -14.0657 -14.2531 -14.6062 0.343403 0.379287 -0.634049
-11.1164 -0.640998 0.456549 0.218491 0.150934 -0.105585 -11.6117 -0.475049 0.538756 0.037624 0.295545 -0.057823
-12.2914 -12.0268 -12.3211 -0.322469 -0.407333 0.113397 -11.4944 -11.2798 -11.4535 -0.23828 -0.500377 0.410621
-12.5848 -12.0716 -12.5502 -0.353588 -0.447546 0.0592155 -11.8074 -11.3197 -11.7066 -0.187883 -0.530451 0.31239
-12.7901 -12.1462 -12.7081 -0.366392 -0.463431 -0.0175145 -12.0246 -11.3726 -11.899 -0.150653 -0.535294 0.199132
2.83262 4.1278 4.80046 -1.55477 -0.675007 0.233044 3.32965 3.73598 4.38765 -1.52428 -0.185179 0.207754
-4.10437 -3.96107 -2.52728 0.0792607 -0.020703 -0.0386649 -4.03758 -3.69835 -2.24103 0.060422 -0.002594 0.003495
-21.9854 -21.2398 -24.5167 0.338483 -0.102926 -0.021347 -20.9887 -20.7034 -25.5358 0.208442 -0.048005 0.03234
-24.044 -23.2456 -23.8852 -0.17907 0.113707 0.0885893 -23.6967 -23.0067 -23.7859 -0.273033 0.095922 0.277569
-3.36658 0.708894 -2.79124 2.40425 0.703374 -0.247426 -4.40216 0.220511 -3.43173 2.29376 0.982051 -0.182658
-0.218221 -0.0546369 0.0804025 -0.0858074 -0.0289739 -0.00660707 0.027157 0.1867 0.362455 0.012575 -0.046683 0.052295
-24.4469 -24.2437 -24.2822 0.132034 -0.110664 -0.100976 -24.381 -24.2378 -24.2199 -0.043486 -0.137595 0.00607
0.367313 0.593 0.627396 -0.0930439 -0.00956093 -0.00813099 0.724464 0.867007 0.982367 0.014258 -0.041402 0.05649
26.1817 25.7876 26.2005 -0.280891 0.0158586 0.0455705 25.3966 26.0796 26.3366 -0.045513 -0.214743 0.222155
-1.29598 -1.22878 -0.912535 -0.0700014 -0.0667562 -0.00137995 -1.254 -1.07496 -0.771244 0.01022 -0.057481 0.044839
-1.43826 -0.955522 -0.320336 0.0958306 -0.0347601 0.0424084 -0.279818 -1.63718 -0.41126 0.214247 0.074099 0.048612
-4.5061 -4.3728 -2.88983 0.0755135 -0.0207537 -0.037556 -4.48819 -4.17542 -2.68837 0.050782 -0.002965 0.001295
-24.4267 -24.4346 -24.4648 0.0989321 -0.0789017 -0.0602867 -24.3626 -24.411 -24.5234 0.005776 -0.117305 0.089083
-16.5317 -16.0558 -16.8416 0.15453 0.312669 -0.55068 -15.5438 -15.9916 -15.9628 0.283172 0.226738 -0.551866
38.359 64.5988 50.8269 -0.513178 -0.378781 -0.327421 39.6495 62.3486 51.6549 -0.137965 -0.369603 -0.326485
0.100016 -0.034299 -0.115651 -0.218411 -0.0564245 -0.0641356 0.256563 -0.037523 0.054611 0.084908 -0.035464 -0.111988
0.0988316 -0.126904 -0.189481 -0.323454 -0.333957 -0.225529 0.244101 -0.030054 -0.029326 0.017637 -0.289117 -0.209537
38.5817 64.5413 50.5682 -0.541006 -0.401468 -0.334848 39.6431 62.4406 51.3608 -0.158016 -0.37123 -0.334415
0.103487 -0.0241281 -0.110315 -0.233484 0.0646395 0.111674 0.256324 -0.009119 0.037058 0.036778 0.025028 0.097303
-1.78908 -1.75784 -1.36048 -0.0618928 -0.084781 0.00201124 -1.82532 -1.63609 -1.28462 0.008793 -0.061131 0.042232
-22.4085 -22.6144 -22.2865 0.0377145 -0.0852752 -0.0413993 -23.063 -22.9528 -22.2731 0.13454 -0.130898 -0.107683
0.0674756 -0.0519017 -0.174615 -0.271851 -0.136629 -0.223969 0.22868 0.000586 0.019195 0.031027 -0.073595 -0.300436
-18.0339 -18.0017 -19.8455 -0.0275815 0.0813877 -0.0469932 -16.8404 -16.7935 -21.1437 -0.040651 0.003035 -0.001777
-22.5881 -22.9507 -22.4286 0.0895793 -0.16904 0.00110233 -22.4734 -22.6352 -23.126 0.060768 -0.057415 0.085398
0.053202 -0.0541022 -0.085392 -0.340659 0.133709 0.214877 0.214707 0.034918 0.111651 -0.072707 0.038373 0.188924
-24.6091 -24.1447 -24.6442 0.0428207 0.109898 -0.134365 -24.4615 -24.0925 -24.4857 -0.061768 0.051848 -0.119134
-0.0573523 -0.0615803 -0.130663 -0.409734 -0.160539 -0.283911 0.085503 0.099741 0.173071 -0.02679 -0.164918 -0.352873
-22.5894 -22.7576 -22.5273 -0.00471585 -0.0886318 -0.0152486 -23.4207 -23.2293 -22.3283 0.052953 -0.140028 -0.047983
-16.9826 -16.6803 -17.3354 0.12223 0.265637 -0.505483 -16.063 -16.5889 -16.4488 0.269117 0.1787 -0.519797
-9.62049 -3.13453 -6.02607 1.17908 1.40094 0.346884 -9.71125 -3.46068 -5.79514 0.856509 2.01875 0.473145
0.0297058 -0.062291 -0.0445045 -0.459551 0.156064 0.196075 0.171328 0.066157 0.232279 -0.188771 0.021461 0.135356
-0.0349648 -0.0115868 -0.107205 -0.494213 -0.11524 -0.228993 0.071835 0.094063 0.310282 -0.124338 -0.109184 -0.331436
-10.1175 -3.0458 -5.39249 1.22384 1.26766 0.318804 -10.21 -3.12113 -5.11572 0.957023 1.89278 0.434666
0.252192 -0.185359 -0.00813582 -0.458814 -0.343073 -0.347815 0.375515 -0.196793 0.293472 -0.067599 -0.336842 -0.296651
0.0959198 -0.00255824 -0.0968679 -0.510466 0.255583 0.217343 0.202512 0.02022 0.229241 -0.131405 0.085516 0.132159
2.58227 2.22459 4.82714 -0.306368 0.0838383 -0.118739 3.29429 2.39545 4.20424 -0.579308 0.188674 -0.31059
-22.6662 -22.8242 -22.6028 -0.0353574 -0.0772598 -0.00410441 -23.6113 -23.3992 -22.306 0.005327 -0.125107 -0.022199
0.00567531 -0.0345633 -0.0276529 -0.548443 -0.175529 -0.156235 0.198092 0.029024 0.393789 -0.213978 -0.01903 -0.298377
-22.6793 -22.8437 -22.6022 -0.0437303 -0.0711645 -0.00643871 -23.6504 -23.4443 -22.2833 -0.006242 -0.118172 -0.01976
-22.683 -22.8553 -22.5934 -0.047586 -0.0672114 -0.0105556 -23.6618 -23.4624 -22.2667 -0.011734 -0.114927 -0.024071
-0.0356979 0.00457149 -0.027935 -0.559151 -0.0567536 -0.119354 0.027022 0.089977 0.407746 -0.181679 -0.078052 -0.279926
-0.0577204 -0.0406623 -0.0180448 -0.556965 -0.171038 -0.179827 0.120489 0.018433 0.419264 -0.210112 -0.012605 -0.350739
-11.1664 -0.866337 0.928733 0.274065 0.221425 -0.287063 -11.971 -0.99798 1.52513 0.902882 0.401897 -0.270234
0.346552 -0.0624253 0.0979232 -0.522079 -0.123357 0.340323 0.458397 -0.132414 0.5046 -0.088587 -0.107606 0.091562
0.261275 0.769281 0.057313 -0.222636 -0.10278 -0.0709764 0.521819 1.19399 -0.013781 -0.168586 -0.00486 -0.0832
0.261275 0.769281 0.057313 -0.222636 -0.10278 -0.0709764 0.521709 1.19468 -0.01454 -0.168582 -0.004919 -0.083306
0.197075 0.786589 -0.00865827 -0.242824 -0.113301 -0.116567 0.457558 1.16811 -0.065153 -0.16071 -0.02327 -0.126536
-24.2205 -24.0697 -24.8908 0.225625 0.063493 -0.10358 -24.3128 -24.1518 -25.1069 0.081873 0.016637 0.080799
0.164857 0.0237968 0.018787 -0.513682 0.500922 0.136616 0.269372 -0.009931 0.407585 -0.183858 0.25828 0.032407
0.372573 0.645537 0.0153857 -0.2159 -0.3002 -0.197565 0.587489 1.11649 0.008081 -0.129343 -0.248799 -0.2108
-24.5242 -24.4958 -24.5384 0.0423666 -0.090816 -0.0507168 -24.4715 -24.4459 -24.5601 -0.044297 -0.111243 0.097278
0.46164 -0.207892 0.421372 -0.44433 0.929035 0.569941 0.252138 0.021113 0.167895 -0.664217 1.08793 0.357541
0.392198 -0.1506 0.188174 -0.537312 -0.0861398 -0.416889 0.507064 -0.23979 0.630795 -0.159666 -0.14241 -0.336458
0.163299 -0.0774182 0.199609 -0.591433 0.244574 -0.320971 0.252813 -0.110845 0.573627 -0.18988 0.14692 -0.387496
0.466869 -0.25119 0.452703 -0.279396 0.749719 0.572707 0.267359 0.025677 0.076622 -0.468831 0.83465 0.379048
0.426796 -0.150515 0.383734 0.661301 -0.746277 0.0985643 0.152637 0.034867 0.041724 0.858512 -0.844298 -0.288526
0.451781 -0.205366 0.49309 -0.518549 0.819112 0.434508 0.329474 0.019336 0.06931 -0.726816 0.903696 0.18524
-11.0016 -10.9783 -11.006 0.103119 -0.0516233 -0.0416246 -10.1862 -10.152 -10.4091 -0.001184 -0.046219 0.10901
1.34892 0.908192 2.01416 0.86428 -0.517037 0.225236 1.0807 1.02539 1.79384 1.00828 -0.69216 -0.094745
0.428706 -0.139189 0.397028 -0.0084847 -0.150175 0.19832 0.087161 0.063279 -0.026766 0.025027 -0.162371 -0.167926
0.44348 -0.185158 0.382064 6.84742e-07 5.42593e-07 0.318832 0.034 0.039579 0.009376 -2e-06 -0 -0.000562
0.438523 -0.189692 0.378947 -6.47206e-07 -1.85578e-07 0.325593 0.027106 0.030577 0.014549 -0 -1e-06 0.006552
0.436909 -0.191208 0.377992 1.42833e-06 1.23944e-06 0.327852 0.024408 0.024601 0.014114 1e-06 -3e-06 0.008335
-0.185125 0.491766 0.338828 -5.27787e-07 -0.286276 6.98586e-07 0.039586 0.064871 0.02035 0 0.04245 0
0.42514 -0.154662 0.370484 -0.18962 -0.010571 0.1719 0.032043 0.042574 0.005968 -0.20228 -0.010657 -0.193332
-0.0583088 -0.877681 -0.119175 -2.93543e-06 -1.25001e-06 0.345421 -0.438895 -0.66343 -0.461127 -0 1e-06 0.002192
-0.335245 -0.694189 -0.0290499 -7.08321e-07 -1.14339e-06 0.299679 -0.778642 -0.42275 -0.408545 -4e-05 -7.3e-05 -0.013614
0.955793 0.530476 0.894907 -1.49108e-06 -3.86388e-06 0.29836 0.520629 0.78706 0.501046 -1.1e-05 7.3e-05 0.000764
0.985355 0.563451 0.925742 -6.23235e-07 -6.66157e-07 0.30592 0.526887 0.851326 0.51814 2.9e-05 2.3e-05 -0.00038
1.30568 0.897214 2.03325 0.633614 -0.33106 0.310734 1.08151 0.988422 1.70417 0.700987 -0.503076 0.017861
0.394382 -0.139395 0.359004 -0.275871 -0.0974817 0.0363879 0.031252 -0.002756 0.000126 -0.265185 -0.101758 -0.362426
0.34857 -0.0214275 0.374815 -0.0374236 -0.451957 -0.0271693 0.103369 0.013706 0.01632 0.074978 -0.499172 -0.434935
0.899066 0.34689 1.20622 -0.00682019 0.215664 0.331289 0.471058 0.532506 0.915519 -0.005615 0.244631 0.008637
0.498818 -0.239504 0.439028 0.329725 0.0482563 0.589812 0.087234 0.103347 0.03697 0.335166 0.052599 0.367621
-0.840237 -1.69711 -2.06446 -0.849654 0.247049 0.203491 -1.11312 -1.39185 -2.32565 -0.94363 0.507368 -0.114735
0.36625 -0.113303 0.348046 -0.415837 -0.147341 -0.101925 0.042237 -0.036858 0.025528 -0.389017 -0.169041 -0.528083
-0.563896 -1.55041 -0.621036 -3.99031e-08 -6.82732e-06 0.369026 -0.897842 -1.36826 -0.909481 -6e-06 -5e-06 0.006516
-0.608622 -1.59534 -0.666513 1.80085e-06 2.23941e-06 0.371514 -0.920852 -1.46753 -0.928004 -6e-06 -1.3e-05 0.017899
-1.14037 -1.2269 -0.448341 -1.84799e-06 3.641e-06 0.27307 -1.56879 -0.919912 -0.820609 0 -0 -0.042053
-1.1324 -1.1993 -0.442252 -1.09118e-06 -1.65748e-06 0.286425 -1.58645 -0.88223 -0.800276 -0 0 -0.031932
1.47571 1.25538 1.41358 6.59255e-06 -6.18054e-06 0.277408 1.00931 1.53256 0.993109 1e-06 1e-06 0.002029
2.04833 0.864744 1.26772 8.28165e-07 -3.17716e-07 0.342044 1.75268 1.02892 0.86201 1e-06 -0 0.02588
0.214106 0.914558 0.18505 -0.221028 0.0564332 0.0261041 0.563114 1.20755 0.157054 -0.117252 0.223657 -0.000633
24.3943 25.0205 25.1991 -0.722726 0.212624 -0.721357 23.5438 24.848 25.7751 -1.12621 0.108928 -0.590589
-1.0697 -2.2148 -1.12721 3.51753e-06 -5.65287e-07 0.391992 -1.36442 -2.07971 -1.37434 5e-06 2e-06 0.015407
-1.1513 -2.28884 -1.20802 4.85838e-07 -1.16561e-07 0.395183 -1.41274 -2.26428 -1.41054 -9e-06 -9e-06 0.029067
-1.93998 -1.73363 -0.859107 -1.90993e-06 1.07362e-07 0.256747 -2.36023 -1.39628 -1.21651 1e-06 1e-06 -0.047023
-1.94176 -1.69492 -0.858321 1.92819e-07 -1.38286e-07 0.277682 -2.40292 -1.34682 -1.19059 0 1e-06 -0.030052
2.11229 2.13006 2.05025 -5.11649e-07 4.25781e-07 0.262421 1.56793 2.54851 1.55711 -3e-06 -7e-06 -0.004232
2.97877 1.48451 1.83219 -2.61752e-07 -5.41938e-07 0.347735 2.77187 1.58133 1.40472 7e-06 2e-06 0.02746
-0.779384 -1.68315 -2.0049 -0.00481182 -0.641614 0.289812 -1.13577 -1.33077 -2.40198 -0.00492 -0.650653 -0.017535
0.369906 0.956874 0.138416 -0.293196 -0.128336 0.380122 0.696169 1.33008 0.050481 -0.189623 -0.018136 0.267575
-24.1623 -24.029 -24.901 0.0582868 0.0292264 -0.0914113 -24.3192 -24.0595 -24.9363 -0.056143 0.068763 0.070614
0.284502 0.0178569 0.350693 -0.509685 0.375239 0.106178 0.44947 -0.019891 0.739788 -0.218179 0.213284 -0.047477
0.485657 0.592471 0.0372833 -0.235309 -0.445588 -0.281486 0.626885 1.07653 0.086352 -0.096486 -0.333828 -0.261956
-24.1788 -24.0471 -24.92 0.072789 0.0333315 -0.0936134 -24.3229 -24.0878 -24.9621 -0.042218 0.063625 0.075725
-12.6787 -12.7172 -12.5752 -0.155864 0.104436 0.0590233 -12.1238 -12.2879 -12.1386 -0.17139 0.107412 -0.059694
-0.0394341 0.889548 -0.623222 -2.02651e-06 -4.07205e-08 -0.0672053 0.328193 -0.049278 -0.013515 0 0 -0.212452
-0.0530253 0.879872 -0.619984 -9.04358e-07 -1.42258e-06 0.0835801 0.307459 -0.058801 -0.022631 0 0 0.213834
-0.115678 0.860874 -0.646378 1.37977e-06 -7.78194e-07 0.0829037 0.221261 -0.028255 0.00038 0 0 0.196622
-0.380827 -0.783045 0.651191 7.4186e-06 -8.93286e-07 -5.50411e-07 -0.131818 -0.113736 -0.181161 0 0 0
-0.289063 -0.620162 0.875934 -6.15286e-06 -2.47805e-06 -7.41131e-07 -0.02829 0.062849 0.040153 0 0 0
-0.171389 0.847818 -0.663637 -4.88631e-07 -8.29186e-07 0.0204417 0.145974 0.002996 -0.011176 0 0 -0.021217
-0.152643 0.849812 -0.653696 -4.31297e-07 -7.13212e-07 -0.0290697 0.188245 -0.007539 0.007203 0 0 -0.096941
-0.199656 0.839721 -0.660388 -8.24879e-07 1.96244e-06 1.18043e-06 0.094118 0.026694 0.02027 0 0 0
-0.184933 0.846541 -0.67184 -1.09224e-06 -1.36112e-06 0.0738028 0.120814 0.035522 -0.011109 0 0 0.068607
-0.197004 0.841066 -0.658001 8.41495e-07 -9.597e-07 -0.128354 0.096749 0.026073 0.021928 0 0 -0.163323
-0.190333 0.849868 -0.671398 6.54246e-08 -9.95381e-07 0.14542 0.100807 0.047271 -0.004362 0 0 0.179627
-0.19104 0.842878 -0.661977 1.80293e-06 -1.25871e-06 -0.176961 0.091106 0.030512 0.006639 0 0 -0.225086
-0.198883 -0.658532 0.84301 1.03252e-06 3.19222e-08 -1.37171e-07 0.113561 0.043874 0.003962 0 0 0
-0.189015 0.84506 -0.650871 7.28278e-07 -6.26929e-07 0.25664 0.098276 0.026807 0.025226 0 0 0.3225
-0.199967 0.833964 -0.665139 -1.29219e-06 -0.472167 1.10337e-06 0.100808 0.040297 0.021723 0 -0.402573 0
-0.198292 0.838494 -0.658182 -3.56814e-07 0.481121 -5.81402e-06 0.102352 0.035348 0.029067 0 0.452398 0
-0.197566 0.84021 -0.655514 -3.26554e-07 -0.484117 2.81031e-07 0.099926 0.032657 0.034867 0 -0.46848 0
0.208106 1.42163 0.289468 6.64006e-07 -4.03634e-07 -6.02753e-07 0.403621 0.626135 0.916766 0 0 0
-0.190956 0.844494 -0.655277 0.433693 2.91354e-06 -3.51187e-06 0.095547 0.038768 0.021348 0.523863 0 0
-0.175703 0.851709 -0.639016 1.15245e-06 5.28801e-07 -0.38465 0.10036 0.030032 0.033948 0 0 -0.48222
-0.197695 0.831433 -0.663013 -1.02761e-06 0.708591 8.15484e-06 0.097507 0.05622 0.026811 0 0.602562 0
-0.187579 0.839722 -0.65737 0.628182 9.79425e-09 -1.57341e-05 0.089568 0.060921 0.011268 0.749538 0 0
-1.70255 -0.210978 -2.0291 4.29792e-07 -6.86631e-07 -1.55325e-05 -1.34141 -0.907822 -1.19618 0 0 0
-1.7678 -0.620441 -1.63597 -6.25945e-07 -1.11792e-06 -2.93799e-06 -1.41679 -1.22477 -0.86208 0 0 0
-1.08485 -0.734289 -2.19714 -1.89267e-07 -4.13257e-07 3.14059e-07 -0.601891 -1.42206 -1.44219 0 0 0
1.36774 1.93196 0.746776 -1.94285e-07 1.15757e-06 4.7213e-06 1.5661 1.00547 1.28552 0 0 0
0.715595 2.47049 0.928348 -6.82951e-07 3.45056e-07 1.97322e-06 0.833026 1.56519 1.55175 0 0 0
-1.14923 -1.15986 -1.81534 6.41634e-07 6.55883e-07 -7.92104e-06 -0.694917 -1.67587 -1.1252 0 0 0
-23.9725 -23.6701 -24.9628 0.310609 0.0580634 -0.100779 -23.9592 -23.6816 -25.1788 0.194737 0.005271 -0.018716
0.640135 2.033 1.31251 -7.24103e-08 1.04173e-06 1.14666e-06 0.750754 1.18543 1.90648 0 0 0
-0.464496 0.0871276 0.58983 -2.87494e-06 -8.08061e-08 -5.35034e-07 -0.256896 0.614774 0.057183 0 0 0
2.04745 1.83431 0.172088 -5.7913e-07 1.1986e-06 3.16465e-09 2.3613 0.880217 0.646148 0 0 0
0.340914 0.0151583 0.491225 -0.50002 0.0634805 0.0764776 0.525498 -0.043594 0.85669 -0.230963 0.015793 -0.087347
-1.61215 -2.20254 -2.33683 1.65564e-07 -2.04038e-06 -1.1781e-05 -1.06631 -2.59738 -1.61667 0 0 0
1.27679 3.79453 1.17092 -7.66809e-07 2.55309e-06 -9.63415e-07 1.37496 2.86796 1.76798 0 0 0
0.502968 0.657783 0.0256464 -0.220819 -0.405063 -0.26315 0.602818 1.12269 0.120796 -0.177697 -0.313429 -0.139245
-3.48845 -0.561219 -1.79541 3.17975e-07 -9.07526e-07 -1.2629e-05 -3.19797 -1.11551 -0.863108 0 0 0
-0.54066 -0.68785 -1.45243 -9.36778e-07 2.13581e-06 2.23134e-07 -0.165002 -0.292533 -1.39499 0 0 0
-3.3101 -2.11391 -2.53409 2.24425e-07 4.97733e-07 9.8944e-08 -2.86226 -2.5286 -1.64318 0 0 0
2.97181 3.04557 2.15102 -7.12062e-07 5.67521e-07 -8.56445e-06 3.04135 2.09549 2.52026 0 0 0
-1.94121 -2.28376 -3.67617 -7.15088e-07 3.63725e-07 1.62634e-07 -1.27624 -2.82884 -2.83677 0 0 0
3.09409 3.82926 1.40532 7.40656e-07 -1.76398e-06 6.94774e-06 3.27409 2.76974 1.81845 0 0 0
1.64705 4.12087 2.57572 -1.7068e-06 -1.07002e-06 -4.48859e-07 1.5897 3.14409 3.12438 0 0 0
39.7089 65.3884 51.1104 -0.887957 -0.470225 -0.2181 40.0465 63.0815 51.0157 -0.520074 -0.19115 -0.158332
0.520474 0.606625 0.111568 -0.264582 -0.544094 -0.303041 0.580704 1.05675 0.226197 -0.109032 -0.373537 -0.213109
0.513639 0.574961 0.0357579 -0.262336 -0.550025 -0.331888 0.552892 1.03111 0.119242 -0.124767 -0.365988 -0.209069
-4.49662 -2.17847 -4.57653 -2.62956e-11 7.58123e-07 -1.31139e-05 -3.96918 -2.64249 -3.45683 0 0 0
4.65613 4.20843 3.64406 -1.48875e-06 2.74162e-06 6.16068e-06 4.61102 3.17809 3.84874 0 0 0
4.65925 4.2131 3.64881 1.4945e-07 -6.35613e-07 1.09294e-05 4.6239 3.18257 3.854 0 0 0
4.69945 4.24755 3.72151 -7.14272e-08 2.6443e-06 1.7182e-05 4.69503 3.12133 3.9536 0 0 0
4.80369 5.31882 2.51056 3.07959e-07 -3.10055e-06 1.91529e-05 4.97713 4.25332 2.76445 0 0 0
2.57084 5.725 4.27373 1.32132e-07 5.68598e-06 -3.95907e-06 2.35796 4.71278 4.73021 0 0 0
0.238312 -0.112705 0.259755 -0.68899 0.0181797 0.0701458 0.181377 -0.205886 0.798237 -0.33748 -0.021353 -0.107569
0.535379 0.691812 0.238812 -0.285786 -0.563067 -0.30541 0.585165 1.07041 0.392578 -0.188057 -0.410419 -0.176283
38.8011 39.0388 35.0248 -0.192286 0.0351105 -0.0258113 40.3598 40.3251 32.3144 0.010068 0.081407 -0.054024
0.334339 0.899435 0.368508 -0.248765 -0.0290735 -0.0641911 0.740548 1.16081 0.549691 -0.229723 0.106276 -0.073314
5.32344 4.61675 4.30028 -0.774674 0.39738 0.293855 4.99019 4.12274 3.59346 -0.668732 0.191826 0.038654
0.597044 0.694451 0.211133 -0.319562 -0.474383 -0.287371 0.731518 1.05866 0.422598 -0.262666 -0.423439 -0.114327
-18.7871 -18.7504 -20.4225 -0.0313976 0.0797547 -0.0460502 -17.5743 -17.5169 -21.7308 -0.050052 0.006432 -0.003726
2.39624 2.60291 3.72812 0.315089 0.136255 -0.267255 3.26352 2.89096 3.44648 0.056673 0.346524 -0.570876
-13.6225 -13.6135 -13.6137 -0.0575009 0.00321238 -0.00216815 -13.3425 -13.381 -13.3647 -0.022817 -0.024917 -0.023672
2.43519 2.6529 3.80898 0.285371 0.134166 -0.26723 3.30823 2.9369 3.52051 0.031796 0.329832 -0.571871
0.444519 0.852201 0.415884 -0.264969 -0.2624 -0.166505 0.734098 1.11341 0.643839 -0.266525 -0.150964 -0.127217
0.238691 0.916083 0.29481 -0.133152 -0.180713 -0.737918 0.364573 1.4851 0.396861 -0.094028 0.065219 -0.716014
5.47776 4.62071 4.49661 -0.783057 0.237737 0.390533 5.28352 4.29553 3.834 -0.597809 0.024248 -0.014737
0.473202 0.798287 0.432847 -0.275241 -0.2806 -0.153877 0.776595 1.06983 0.626427 -0.285158 -0.159869 -0.11535
1.55853 0.26095 0.0733165 0.0268778 -0.235976 0.0411237 1.16414 0.175726 0.052236 0.001238 -0.268569 0.056072
1.55876 0.260284 0.0725979 0.0271274 -0.235925 0.0409871 1.16317 0.178311 0.052883 0.001533 -0.269699 0.05633
1.5678 0.265762 0.0914994 0.0280976 -0.244549 0.041928 1.18119 0.188808 0.07763 0.00398 -0.278723 0.056731
-15.3268 -14.4225 -17.551 0.633233 -0.139707 -0.136358 -14.2265 -13.4685 -17.708 0.494402 -0.076756 0.112644
-1.23009 -0.348355 -2.19806 -9.95224e-06 7.40481e-07 -1.31551e-07 -1.19631 0.383852 -0.945117 0 0 0
2.60476 2.80337 4.11346 0.209823 0.131391 -0.269154 3.46305 3.07 3.76649 -0.035743 0.279883 -0.576593
-1.11139 -0.933164 -1.08665 0.00158777 0.00348788 0.0743218 -0.427619 -0.304566 -1.08626 -0.009676 0.088005 0.048132
38.0841 37.8095 35.3886 0.236035 0.2438 -0.347254 38.4353 38.7039 33.5856 0.26563 0.188605 -0.243505
1.60837 0.24059 0.163633 0.0334592 -0.230299 0.317115 1.19586 0.137898 0.1545 0.003055 -0.265277 0.388685
1.60773 0.239914 0.162237 0.0335503 -0.230546 0.318211 1.18865 0.138432 0.147775 0.003625 -0.266038 0.389023
-0.378792 -0.529862 -0.279699 -0.298337 -0.0216865 0.0219444 -0.17105 -0.217615 -0.204364 0.055695 -0.00191 0.014054
0.885898 0.718138 0.927493 -0.308124 -0.0244524 0.0246279 1.10982 1.05786 1.05342 0.075449 -0.002472 0.013192
-1.55189 -1.68873 -1.40369 -0.292097 -0.0189473 0.0192888 -1.38433 -1.42285 -1.39236 0.039441 -0.000972 0.014695
-1.56935 -1.4048 -1.548 -0.000427268 0.00395178 0.0669693 -0.987635 -0.874575 -1.55231 -0.008319 0.083415 0.047909
2.97554 2.97806 4.77763 -0.0279576 0.0942762 -0.290354 3.78434 3.26909 4.3116 -0.232999 0.199888 -0.551206
-3.44695 -3.50085 -2.83639 -0.0333893 -0.145879 0.0160694 -3.76574 -3.5922 -2.9936 0.006196 -0.078982 0.034561
1.50652 0.295046 -0.0476087 0.0241192 0.252593 0.0333814 1.23309 0.261448 0.145634 0.010119 0.288972 0.049787
1.51049 0.234897 -0.0980908 0.0230418 0.278138 0.0345768 1.23531 0.226467 0.129407 0.007877 0.309447 0.052001
1.63601 0.179237 0.317836 0.0180097 -0.227017 -0.274743 1.20907 0.057768 0.395182 -0.004447 -0.261942 -0.338391
1.49216 0.215268 -0.0833126 0.0300417 -0.684453 0.0312052 1.23477 0.241491 0.154386 -0.006252 -0.828125 0.046319
1.48543 0.209586 -0.0737547 0.0300336 -0.703062 0.0316112 1.21546 0.228366 0.166719 -0.005669 -0.847073 0.047219
1.23387 0.00488258 0.686063 0.0263859 -0.227161 0.0215056 1.18938 0.018166 0.842025 0.001728 -0.261936 0.049145
-16.4499 -15.8984 -17.3964 0.100383 0.106815 -0.136406 -15.7594 -15.5883 -16.0492 0.044734 0.128707 -0.046159
1.38896 0.0401231 0.681633 0.0182722 -0.22647 0.0222647 1.1668 0.06901 0.840632 -0.008039 -0.255213 0.14377
3.71033 3.50029 3.60336 -0.340705 -0.0297044 0.0296994 3.9072 3.91873 3.82044 0.118195 -0.004171 0.009623
1.54207 0.0855716 0.599787 0.0358552 -0.221913 0.12359 1.15235 0.058228 0.685337 0.012646 -0.252728 0.099785
1.55712 0.0956964 0.581999 0.0191376 -0.222295 -0.103387 1.19043 0.044395 0.676111 -0.011376 -0.253113 -0.04885
1.29322 -0.0166756 0.590579 0.0182772 -0.238155 0.0334843 1.12631 -0.017702 0.744484 -0.010826 -0.257558 0.135508
-16.6561 -15.8828 -17.4789 0.10858 0.0991354 -0.129394 -16.0448 -15.4693 -16.0111 0.051515 0.123529 -0.021061
0.248959 1.11027 0.607089 -0.121391 -0.300612 -0.940231 0.3576 1.76678 0.651677 -0.135646 0.097795 -0.872308
84.4323 85.1872 84.9098 0.653002 0.0322204 -0.385681 87.083 86.4688 86.9809 0.511665 0.081508 0.016977
86.1489 87.0724 86.5641 0.642105 0.0176484 -0.251534 87.2675 87.1932 87.6573 0.464872 0.113063 0.068866
-2.38147 -2.23978 -2.36534 -0.00597002 0.00742034 0.0527035 -2.01836 -1.92339 -2.3921 -0.005925 0.074715 0.0472
-11.1354 -1.03464 2.06039 1.16927 0.471866 0.0989621 -11.4547 -0.991838 2.13491 0.961387 0.73733 0.171569
85.9368 86.8817 86.2925 0.710028 -0.0143497 -0.242987 86.6838 86.6305 87.0506 0.494562 0.025597 0.023612
85.7669 86.6782 86.1095 0.695039 -0.0310107 -0.322711 86.5272 86.3963 86.836 0.504903 -0.006095 0.013735
-15.9378 -16.2273 -16.3399 0.0429456 -0.0303395 0.31237 -15.3388 -15.7239 -16.0953 -0.044831 0.159954 0.226274
26.6033 26.412 26.3267 0.2552 -0.20014 -0.0226658 26.3546 26.3805 26.3295 0.475074 -0.377544 -0.094852
26.7874 26.5504 26.4961 0.236883 -0.130059 -0.0626986 26.5201 26.5474 26.5394 0.512697 -0.339512 -0.080281
-16.6749 -16.9304 -17.0543 0.0811495 -0.0315443 0.283313 -16.0666 -16.4607 -16.7932 0.035993 0.178522 0.283481
-24.9349 -24.7254 -25.131 0.00461757 0.0657945 -0.0235432 -24.5766 -24.5441 -24.6993 -0.099691 -0.005682 -0.067601
-20.2245 -20.2941 -20.3347 0.138007 -0.0568367 0.187734 -20.0025 -20.1547 -20.1178 0.048644 0.064006 0.258977
-16.445 -15.6769 -18.6462 0.582955 -0.0724766 -0.151055 -15.4869 -14.8141 -19.0185 0.435291 -0.062312 0.088283
25.8897 25.944 25.7768 0.221734 -0.311998 0.0588994 25.4978 25.6422 25.4536 0.356205 -0.281517 -0.040527
2.58169 3.10264 2.56889 0.000693216 -0.222949 -0.0208059 2.78729 3.11757 2.79282 0.026248 -0.146985 -0.031829
-2.73783 -2.60538 -2.72258 -0.00915463 0.010043 0.0461186 -2.48125 -2.39473 -2.76527 -0.00491 0.0704 0.046509
0.0991693 -0.746406 -0.746409 0.00455084 1.03879 0.00455088 -0.361755 -1.03785 -1.03785 0.432363 0.559716 0.432364
0.143141 -0.655891 -0.655889 -0.47309 1.00732 -0.47309 -0.244962 -0.946249 -0.946249 -0.12948 0.692965 -0.129479
0.162539 -0.688618 -0.688613 -0.200186 1.22699 -0.200188 -0.251116 -0.942094 -0.942094 0.119637 0.921405 0.119637
0.115711 -0.785604 -0.785606 0.257341 1.25994 0.257338 -0.360566 -1.00082 -1.00082 0.674074 0.807359 0.674074
0.169596 -0.738155 -0.738161 0.155784 1.36509 0.155785 -0.297659 -0.9489 -0.9489 0.517256 1.00289 0.517257
0.195736 -0.695112 -0.695107 0.0499555 1.4741 0.0499572 -0.228811 -0.906728 -0.906728 0.319029 1.22721 0.319029
-23.1365 -23.2472 -25.5394 -0.0810056 0.12263 -0.0518519 -22.118 -22.2344 -27.4323 -0.045123 0.092548 -0.031551
-2.91759 -2.93104 -2.31287 -0.0117692 -0.00402761 0.00732027 -3.05716 -3.06028 -2.28498 -0.003352 -0.001204 0.002448
0.3049 -0.564526 -0.564518 -0.298933 1.28803 -0.298929 -0.044989 -0.755735 -0.755735 -0.122047 1.26259 -0.122047
1.66382 0.701054 -0.119311 0.0195537 0.531217 0.0193218 1.32697 0.715984 0.334434 0.009387 0.769435 0.025024
-20.7091 -19.9918 -19.7927 -0.0433087 0.318821 0.0122986 -21.5985 -19.0262 -20.468 -0.084954 0.162772 0.031184
1.63683 0.752838 -0.0182767 0.016725 0.713116 0.0197291 1.35302 0.691295 0.437872 0.008745 0.855533 0.027987
-11.1418 -10.9334 -10.7354 0.563081 -0.536785 -0.750674 -10.7221 -9.95168 -9.83731 0.460787 -0.484842 -0.656632
1.66077 0.662882 -0.0913749 0.0355577 -0.996169 0.0182485 1.2991 0.72763 0.374068 -0.005563 -1.30707 0.026847
0.788807 -0.286064 -0.286053 -0.0732542 1.4037 -0.07325 0.595267 -0.530212 -0.530212 -0.271412 1.6277 -0.271412
-23.3143 -23.6689 -23.1708 0.0851039 -0.1571 0.00272642 -23.3167 -23.4909 -23.9507 0.057359 -0.051773 0.086921
0.882164 -0.255359 -0.255358 -0.125287 1.36531 -0.125289 0.737853 -0.494153 -0.494153 -0.344816 1.52839 -0.344816
-20.6651 -20.6518 -20.6357 0.0571022 -0.0825008 0.0844437 -20.6486 -20.6858 -20.6562 -0.062183 0.041449 0.192449
-0.984869 -0.235098 -0.375465 0.0834058 -0.104346 0.0851369 -0.151768 -0.90443 -0.056339 0.158554 -0.030253 -0.003484
-0.997136 -0.234779 -0.36185 0.0963027 -0.108413 0.0834084 -0.177716 -0.894261 -0.04042 0.171661 -0.037171 0.013416
-1.01953 -0.249961 -0.36073 0.0983466 -0.110115 0.0866632 -0.225679 -0.901055 -0.027094 0.17413 -0.034358 0.009384
-4.08014 -4.15615 -3.38624 -0.0237692 -0.166306 0.0208673 -4.53447 -4.33811 -3.64898 0.007438 -0.067978 0.027327
1.06749 -0.0651686 -0.0651817 -0.459456 1.14366 -0.459458 1.02511 -0.328679 -0.328679 -0.731005 1.29888 -0.731004
1.25861 1.86266 1.37768 -0.35414 -0.227232 -0.143724 1.38038 2.33905 2.02579 -0.009151 -0.127971 -0.187062
-20.9477 -19.961 -19.6608 -0.0370843 0.318867 0.00911212 -21.9489 -18.8799 -20.2979 -0.092382 0.175324 0.035582
-1.07055 -0.200364 -0.366011 0.0818512 -0.103802 0.399309 -0.240256 -0.870356 0.050965 0.147114 -0.025849 0.371986
-1.05569 -0.205815 -0.381068 0.0979123 -0.118183 -0.213385 -0.226733 -0.869061 0.038794 0.161154 -0.041104 -0.358488
0.23272 4.18667 -4.60707 -5.51011e-07 0.0556418 -4.06942e-07 0.85493 2.8176 -3.09843 0 -0.035745 -0
-1.06921 -0.0922685 -0.462861 0.0801824 0.194069 0.0726927 -0.125516 -0.742403 -0.264705 0.158759 0.351664 -0.005077
0.61396 -0.75927 -0.363974 -0.345175 -0.010498 -0.0392955 1.08333 -0.398958 -0.47523 -0.428084 0.096822 -0.026132
2.77152 3.16701 2.53072 0.177148 -0.177262 -0.099702 2.66501 2.69795 2.31093 0.27386 -0.173949 -0.228533
-1.08414 -0.156992 -0.40391 0.0943575 -0.401139 0.0697661 -0.194358 -0.825122 -0.140631 0.170835 -0.352657 0.002457
-1.12012 -0.105343 -0.40477 0.092212 0.184485 0.0879658 -0.205167 -0.757164 -0.183145 0.160199 0.327465 0.007436
0.529015 -0.896254 -0.337939 -0.216242 0.00205993 -0.0236187 0.862532 -0.416605 -0.363912 -0.140846 0.010523 -0.0247
0.445546 -0.849211 -0.310511 -0.128877 0.00839485 -0.0202048 0.737611 -0.365625 -0.280327 -0.01713 -0.001373 -0.015177
-0.153747 -0.465277 -0.249437 0.347299 0.00351745 0.00200711 0.03065 -0.009291 0.024354 0.242502 -0.007765 -0.005959
-0.189366 -0.457102 -0.306545 0.0976585 0.00404019 0.00893862 0.019209 0.029517 -0.037181 -0.280702 -0.005461 -0.007949
-0.180514 -0.467231 -0.280588 0.247436 -0.0788774 -0.0935099 0.016423 0.007539 0.000301 0.003973 -0.173587 -0.169671
-0.388076 -0.630701 -0.531064 0.210153 0.00272697 0.0047293 -0.187527 -0.207457 -0.256626 0.01726 0.007089 0.012278
-0.100388 -0.459478 -0.219464 0.320441 0.00402007 -0.00417144 0.064223 -0.009719 0.043178 0.352386 -0.00831 -0.003235
-0.276428 -0.438501 -0.346296 0.122375 0.00308543 0.0100305 -0.030031 0.076449 -0.076227 -0.37852 -0.009309 -0.020635
-0.617309 -0.874154 -1.25302 0.222431 0.00358697 0.00621001 -0.433477 -0.412816 -0.929429 -0.017892 -0.00222 -0.003846
0.27785 -0.0421433 0.71507 0.27711 0.00423753 0.00733858 0.486991 0.445544 0.94257 0.035894 -0.003497 -0.006057
-0.00312674 -0.507479 -0.210952 0.281799 0.00817399 -0.00470484 0.156224 -0.046591 0.033755 0.462173 -0.014422 0.006529
2.63461 2.31523 2.31104 -0.072099 -0.241107 -0.463038 2.09899 2.37865 2.48163 0.108822 -0.021582 -0.194837
-0.33723 -0.409943 -0.381458 0.0736445 0.000317967 0.0154245 -0.065853 0.132483 -0.124371 -0.558147 -0.011877 -0.027005
-0.653931 -0.806166 -0.580033 0.131826 -0.0110081 -0.0190672 -0.423104 -0.471163 -0.307409 0.041621 -0.016098 -0.027883
-0.177095 -0.428772 -0.249076 0.201148 0.2336 0.287611 0.073685 0.044095 -0.011215 0.012881 0.439155 0.407604
2.65829 2.34047 2.32846 -0.058118 -0.248433 -0.469378 2.11472 2.3855 2.49381 0.110896 -0.040087 -0.192442
-0.195322 -0.453441 -0.266744 0.228284 0.247104 0.298619 0.033065 0.017175 -0.012631 0.015812 0.490053 0.471511
-0.33607 -0.449962 -0.580376 0.0986026 -0.0129031 -0.022353 -0.044862 -0.093379 -0.300458 0.042017 -0.02101 -0.03639
1.40901 1.95396 2.04636 -0.384687 -0.326596 -0.0451525 1.50492 2.50804 2.63885 -0.052657 -0.233259 0.065184
0.725819 0.377879 1.69793 0.30132 0.00356568 0.00618062 0.975283 0.896678 1.87849 0.068074 -0.006577 -0.011391
-0.12292 -0.209137 -0.573868 0.0746518 -0.0136532 -0.0236513 0.211284 0.157025 -0.29601 0.046989 -0.025051 -0.04339
-1.83006 -2.08281 -2.08314 0.218871 0.00280808 0.0048742 -1.73396 -1.73858 -1.78804 0.004006 -0.001719 -0.002977
8.77672 8.47858 8.33317 -0.427424 -0.0357983 0.0352226 8.85317 8.89796 8.63889 0.185721 -0.004543 0.002891
2.74041 3.12996 2.35033 0.139843 -0.151881 -0.10404 2.62684 2.61996 2.17158 0.235296 -0.144278 -0.251089
1.20463 0.824426 2.73299 0.329263 0.0029548 0.00510933 1.46789 1.35723 2.89645 0.095831 -0.005623 -0.009739
1.10816 -0.113292 -0.113291 -0.1925 1.24879 -0.192499 0.998609 -0.158258 -0.158258 -0.57399 1.33546 -0.57399
-2.57991 -2.84699 -1.92262 0.231271 0.00223984 0.00387629 -2.55234 -2.60014 -1.7183 0.041398 -0.004496 -0.007788
2.46056 2.15292 1.54731 0.26636 0.00429355 0.00744075 2.82523 2.85934 1.85986 -0.029537 -0.001307 -0.002265
1.20665 -0.138834 -0.138846 -0.419371 0.99742 -0.419374 1.42556 -0.356444 -0.356444 -0.785331 1.15456 -0.785331
1.3991 1.38071 0.744158 0.00156545 -0.0216323 -0.00333801 1.20993 1.16987 0.603191 -6.8e-05 0.060001 -0.006777
1.1187 -0.086921 -0.0869182 -0.0927822 -0.329908 -0.0927836 1.17518 -0.10508 -0.10508 0.197328 -0.290096 0.197328
1.17845 1.33093 0.341311 -3.21245e-05 0.0590111 1.28541e-05 0.926468 1.05079 0.501531 5.3e-05 0.024422 -1e-05
-0.384653 -0.804302 -0.284632 0.0100776 -0.0423937 0.00218468 0.024871 -0.700021 -0.183659 0.140818 -0.067732 0.000974
-0.575123 -0.991775 -0.456276 0.0156863 -0.0403121 0.00625534 -0.187039 -0.903115 -0.340234 0.130301 -0.071524 0.003794
-10.6786 0.736088 7.69943 0.227737 -0.0599475 -0.0309402 -10.9783 -0.334008 8.38139 0.054104 0.075128 -0.079714
-0.929365 -1.30294 -0.756075 0.0410459 -0.0349447 0.00691149 -0.570469 -1.22681 -0.599258 0.13541 -0.078498 -0.005973
3.1512 3.0935 2.96421 0.239629 -0.527418 -0.495335 2.46059 2.98397 3.08007 0.167182 -0.477261 -0.101239
-1.42767 -1.74496 -1.18157 0.0655735 -0.0183715 0.00370803 -1.11838 -1.65961 -0.965684 0.124463 -0.063298 -0.024987
-2.07559 -2.19189 -1.72766 0.00661397 -0.00320624 -0.000477207 -1.8982 -2.09031 -1.46288 0.039897 -0.034153 -0.041682
-21.1495 -19.8926 -19.4652 -0.0269725 0.317622 0.00694759 -22.225 -18.7225 -20.0803 -0.098921 0.174986 0.037859
6.70684 7.06819 6.70213 -0.0859777 -0.126495 -0.470789 6.76164 6.74203 6.37164 0.076162 -0.130986 -0.074226
1.50818 1.97591 2.66151 -0.348862 -0.378782 -0.0804373 1.62572 2.66843 3.30741 -0.084986 -0.269921 0.075475
6.50061 7.09561 7.26061 -0.301926 -0.467496 -0.825365 6.97901 6.53954 7.6451 -0.148286 -0.547055 -0.876416
-1.20471 -0.102498 -0.251322 0.0832749 -0.108819 0.590806 -0.342127 -0.739994 0.233516 0.148197 -0.040711 0.521091
-1.19174 -0.0974 -0.257366 0.078341 -0.111002 0.589338 -0.31895 -0.745247 0.243388 0.150959 -0.01153 0.499489
-4.47107 -3.93621 -2.99226 0.0504993 -0.0116676 0.0326144 -4.00986 -4.75676 -3.22183 0.135533 0.029674 0.037461
-1.99184 -2.08886 -1.57798 -0.071812 0.00237717 0.0104076 -1.7492 -1.95745 -1.33471 -0.032089 -0.038951 0.009202
0.887656 1.57282 0.394065 -0.0616059 -0.11611 -0.841434 1.05876 2.29975 1.09473 0.014233 0.06763 -0.648072
1.33029 -0.034115 -0.0341064 -0.0891496 -0.155978 -0.089147 1.0863 0.12451 0.12451 0.384607 0.032113 0.384607
-4.78989 -4.92151 -5.34161 0.11397 -0.00244418 -0.00423496 -4.91715 -4.85525 -4.94854 -0.053604 -0.006635 -0.011492
-4.76509 -4.88463 -5.31024 0.103518 -0.00223645 -0.00386656 -4.9031 -4.82401 -4.90751 -0.068494 -0.005328 -0.009229
-1.25247 0.157727 -0.502073 0.0883921 0.316379 0.0797112 -0.322451 -0.560852 -0.194552 0.137837 0.423163 0.002678
1.29026 -0.0395734 -0.0395691 0.158733 0.085749 0.158741 0.860578 0.169921 0.169921 0.629188 0.309057 0.629187
5.61246 5.57752 5.00218 -8.54777e-06 -0.026918 -2.86501e-07 5.46108 5.37935 5.02944 -0.000353 0.061857 0.000711
5.47818 5.06924 5.74055 0.354157 0.00465351 0.00805854 5.93998 5.87334 5.96869 0.057717 -0.002435 -0.004219
-19.5996 -20.0125 -20.0932 0.0125969 -0.0449405 -0.270851 -19.3202 -20.0535 -19.5572 0.128674 -0.078499 -0.329239
-3.86211 -3.69805 -4.91053 -2.88886e-05 0.0638636 1.48491e-05 -4.06631 -4.06816 -4.02856 3.3e-05 0.006077 -0.000165
-7.22096 -7.3116 -6.82012 -0.287247 -0.00657388 0.00739569 -7.24171 -7.33913 -7.08197 0.003626 -0.004744 0.005953
-0.430711 -0.190841 0.386305 0.268309 -0.0379977 -0.109883 0.132754 0.040117 0.394194 0.372125 0.039689 -0.209284
1.33605 -0.00216119 -0.00215425 0.0915559 0.0247103 0.0915574 0.710411 0.209476 0.209476 0.553657 0.239596 0.553657
-10.455 0.844168 8.20068 0.0101611 -0.0833777 -0.0393911 -10.7111 -0.327152 8.94775 -0.011296 -0.082276 -0.083096
6.58862 7.26911 7.28905 -0.594393 -0.778811 -1.09105 7.14465 6.67115 7.49182 -0.310455 -1.00229 -0.835902
1.31868 -0.019436 -0.0194383 0.0308504 -0.033956 0.0308465 0.553127 0.166625 0.166625 0.442315 0.157146 0.442315
1.21079 -0.0766366 -0.0766114 0.0252012 0.475633 0.0251891 0.459136 -0.047672 -0.047672 -0.211929 0.328309 -0.211929
-1.23374 0.0075005 -0.078777 0.0888238 -0.124788 -0.409042 -0.390399 -0.517011 0.27527 0.147143 -0.069215 -0.452448
1.17021 -0.209268 -0.20926 1.24109e-06 -6.19175e-07 -4.9448e-07 -0.036091 -0.0392 -0.0392 -0 -0 0
-0.847372 -0.553655 0.0810126 0.217583 -0.0915926 -0.0990549 -0.361994 -0.325241 0.041504 0.224255 -0.110591 -0.129599
1.15245 -0.211911 -0.211919 0.180065 0.170385 0.180067 -0.022629 -0.039858 -0.039858 0.143212 0.14118 0.143212
1.16891 -0.207315 -0.207317 0.249014 0.227984 0.249022 -0.031748 -0.034841 -0.034841 0.248552 0.217726 0.248552
-1.25092 0.0326175 -0.038096 0.087771 -0.108682 0.567811 -0.40216 -0.497243 0.314618 0.1493 -0.049151 0.420972
1.23911 1.85986 0.897535 -0.122049 -0.147916 -0.1956 1.37985 2.63077 1.44291 0.009657 -0.064658 -0.162808
2.58793 1.09786 0.84864 1.92171e-07 7.24599e-07 -3.69979e-06 1.25276 1.1574 0.944176 -0 0 0
1.16297 -0.21134 -0.211335 -0.445518 -0.383176 -0.445517 -0.023012 -0.024115 -0.024115 -0.396151 -0.340946 -0.396151
-1.53037 -1.31583 -0.642693 0.0745035 -0.051623 -0.0289736 -1.14557 -1.10194 -0.508694 0.076012 -0.105607 -0.013
3.14264 1.65609 1.65607 6.14517e-06 1.50404e-07 1.20781e-06 1.71835 1.71929 1.71929 -0 0 0
-0.769108 -2.02073 -2.02072 -9.38282e-07 8.58574e-08 -6.65209e-07 -1.75257 -1.75157 -1.75157 0 -0 -0
-1.04052 -0.781573 -0.0948318 0.162074 -0.0860983 -0.072409 -0.561165 -0.557538 -0.118259 0.158176 -0.125668 -0.0822
-1.36528 0.00993965 -0.103197 0.0747016 -0.104915 0.624043 -0.540996 -0.544119 0.293697 0.12466 -0.005126 0.451456
-0.966754 0.249198 -0.427172 0.0752184 0.300029 0.0543634 -0.092541 -0.518284 -0.17361 0.141385 0.226843 -0.017329
-1.56209 -2.68081 -2.19908 -5.44895e-06 -9.43939e-07 8.57724e-06 -2.48916 -2.28321 -1.86972 0 -0 -0
17.1127 17.1122 19.0107 -5.58063e-06 -1.03345e-06 1.11399e-06 17.7741 17.7741 16.5845 0 0 0
-20.0022 -19.9571 -21.3178 -0.0388237 0.0745379 -0.0430379 -18.7719 -18.7153 -22.768 -0.048686 0.013468 -0.00779
-2.49473 -3.62139 -3.62139 2.52096e-06 3.37257e-07 -4.04808e-06 -3.24522 -3.2241 -3.2241 0 -0 -0
5.20646 3.62555 3.62555 -1.31764e-06 3.15717e-08 -1.21157e-06 3.5963 3.58568 3.58568 -0 0 0
5.22216 3.63747 3.63748 -5.87504e-06 6.3689e-07 -1.21288e-06 3.60059 3.60527 3.60527 -0 0 0
-2.8482 -3.85095 -3.12958 2.59216e-06 4.0965e-07 2.75575e-06 -3.61429 -3.32545 -2.73585 0 -0 -0
-2.92282 -3.92175 -3.18937 2.12171e-06 4.286e-07 1.49303e-06 -3.70005 -3.49723 -2.691 0 -0 -0
5.65372 3.94556 3.16555 -2.28819e-06 1.69446e-07 9.68792e-06 4.09849 3.88175 3.00279 -0 0 0
-0.332251 -1.48995 -3.70964 -2.98764e-05 -1.70782e-05 -4.06858e-07 -0.118549 -0.632437 -1.94899 0 0 0
-1.14302 0.1403 0.18466 0.0857991 -0.135142 -0.232972 -0.29945 -0.291951 0.315409 0.153689 -0.052517 -0.2605
-1.15193 0.153871 0.200686 0.0842259 -0.127331 0.346708 -0.299023 -0.323625 0.31124 0.132206 -0.027584 0.201868
1.03838 0.592674 0.592668 -1.1515e-08 -4.96154e-07 8.17522e-07 0.254006 0.216793 0.216793 -0 0 0
-0.940796 0.213207 -0.250027 0.0860538 -0.363069 0.0533003 -0.0975 -0.337652 -0.071614 0.124631 -0.159005 -0.021702
-0.935071 0.205924 -0.209543 0.0752043 0.144627 0.0449048 -0.113836 -0.318717 -0.054429 0.131761 0.113091 -0.018711
-1.21785 0.217895 0.336046 0.0891375 -0.117505 0.0667541 -0.416531 -0.215145 0.356709 0.15358 -0.052465 -0.045052
0.261175 0.578301 0.578303 2.15466e-06 1.4138e-06 -1.87037e-06 -0.160394 0.067732 0.067732 -0 0 -0
6.92061 7.14642 6.01112 -0.0183256 0.0188995 -0.204322 6.35711 6.41398 5.59934 0.104023 0.139669 -0.11269
-0.991175 0.162227 -0.156429 0.0765963 -0.117473 0.0425851 -0.169701 -0.216307 -0.005312 0.128617 -0.035176 -0.021727
-1.0138 0.176919 -0.1273 0.0789492 -0.122335 0.0477996 -0.201231 -0.224036 0.06485 0.129273 -0.038848 -0.017038
-4.17517 -5.1859 -5.1859 2.00489e-06 -7.79281e-07 2.98098e-06 -4.69677 -4.65814 -4.65814 0 -0 -0
-4.18505 -5.2004 -5.2004 1.59191e-06 -5.96101e-07 1.19306e-06 -4.69992 -4.6835 -4.6835 0 -0 -0
-1.11059 0.295728 -0.137152 0.0836787 -0.429202 0.0551267 -0.329733 -0.329335 0.122402 0.139662 -0.195619 -0.021577
1.33267 1.85905 1.06073 -0.0953555 -0.180484 0.0902955 1.50331 2.62747 1.51949 0.01387 -0.275704 0.069186
7.38318 5.70826 5.70826 1.54893e-06 7.25902e-07 -2.83037e-06 5.57207 5.5412 5.5412 -0 0 0
-1.39527 0.16225 0.270343 0.0856408 -0.11702 0.0676399 -0.569319 -0.288505 0.31965 0.147357 -0.033839 -0.024543
-9.5994 -9.61006 -9.36954 -0.00936197 -0.0037066 0.0067705 -9.15107 -9.16113 -9.06693 -0.009327 0.015751 -0.027081
10.4073 14.4517 6.32779 -7.06655e-07 0.0954954 -3.77875e-07 11.1047 12.5542 6.86709 0 -0.057506 0
1.98713 1.12975 0.924088 0.0191568 0.702014 0.00163765 1.56327 1.38282 1.26267 0.006905 1.07417 0.020821
-0.467211 0.208403 0.180436 0.0947879 -0.458929 0.0510157 0.393476 -0.547415 0.153983 0.162863 -0.217117 0.006045
-1.35981 -1.33719 -1.20809 0.0172004 -0.0336378 -0.182302 -1.52628 -1.54126 -1.20183 -0.031023 -0.027362 -0.129607
2.00015 1.11145 0.860934 0.0357132 -1.11528 0.00324981 1.53055 1.34518 1.23991 0.013335 -1.53003 0.022485
-11.7278 -12.0061 -11.5788 0.431413 -0.747267 -0.67627 -11.7543 -11.2296 -10.5998 0.392 -0.58926 -0.657272
-11.8055 -12.1287 -11.7003 0.426786 -0.751275 -0.671468 -11.8539 -11.3721 -10.7059 0.374705 -0.591507 -0.653697
3.61921 3.45127 3.45494 0.0183115 -0.0492866 -0.148522 3.56043 3.62474 3.81451 -0.028557 -0.033767 -0.132013
-21.7999 -19.433 -18.283 0.006005 0.304869 0.00906245 -23.0198 -18.0626 -18.9288 -0.108253 0.12528 0.028315
-1.45344 -0.968102 -0.928307 0.00636354 0.0181841 0.0196102 -0.901648 -1.16 -0.895839 0.034589 -0.023048 0.036166
0.883022 1.40343 1.33222 0.0106957 0.0234672 0.0195593 1.55427 1.23599 1.51215 0.034919 -0.025041 0.029698
19.9425 19.9419 22.5192 7.99543e-06 1.0767e-06 2.65214e-07 21.1836 21.1836 20.0026 -0 0 -0
11.5682 7.92143 11.0416 -1.42006 -1.13909 0.417698 11.2556 8.16773 11.0932 -1.10769 -1.26688 0.497583
0.596191 0.336353 0.336349 2.76641e-07 3.19399e-08 -5.50784e-07 0.142394 0.024573 0.024573 0 0 -0
-13.1365 -11.7079 -15.5221 0.424483 -0.598954 0.130583 -12.3031 -11.5922 -14.3263 0.594563 -0.502312 0.16093
12.1012 8.49835 11.6054 -1.37586 -1.12434 0.424565 11.7817 8.73871 11.6144 -1.07863 -1.25157 0.516078
0.575124 0.38355 0.339308 0.0362137 -0.0230986 -0.100015 0.17341 0.046405 0.056943 0.04996 -0.023318 -0.118034
-3.46367 -2.98641 -2.86453 0.00382308 0.0134916 0.0205525 -2.90449 -3.11774 -2.86375 0.04051 -0.016651 0.036533
-12.2898 -12.7792 -12.2903 0.413552 -0.747164 -0.616781 -12.4358 -12.1448 -11.2726 0.284342 -0.578309 -0.625298
1.3169 0.793808 0.741996 -0.26174 -0.0865292 0.261132 1.20099 0.581455 0.375359 -0.415282 -0.102203 0.138804
-0.250568 -0.25793 -0.264377 0.000453844 -0.0111543 -0.00357219 -0.615869 -0.622967 -0.614807 0.004864 -0.020896 0.001431
-20.6619 -20.6507 -21.0799 0.187106 -0.0882831 -0.0868623 -20.8759 -20.9434 -21.2796 0.086808 -0.121874 -0.025006
0.493321 0.237971 0.220328 -0.238498 -0.120312 0.082129 0.307252 -0.079147 -0.174528 -0.262066 -0.133038 -0.005375
-0.353679 -0.344656 -0.351345 0.00483479 -0.016489 0.0098254 -0.713361 -0.719883 -0.723355 0.007383 -0.022639 0.015733
-0.546941 -1.12381 0.921899 -0.204047 0.0155569 0.204207 -0.004191 -0.577134 0.486918 -0.135625 -0.155248 0.234737
-0.324099 -0.336161 -0.335509 -0.00986528 -0.00103592 0.00452576 -0.621913 -0.6624 -0.657669 -0.005672 0.001083 0.004567
-0.333693 -0.368159 -0.367925 -0.0618485 -0.0167755 0.0280916 -0.682648 -0.776965 -0.755027 -0.064682 -0.013468 0.030031
-0.315423 -0.357038 -0.3589 -0.0866903 -0.02845 0.0374917 -0.658862 -0.774883 -0.749474 -0.089033 -0.024264 0.038234
-0.0720953 -0.105575 -0.107855 0.018187 -0.00636672 0.027673 -0.430362 -0.504102 -0.517594 0.016124 0.013227 0.045189
1.10343 -0.242291 0.131667 -0.072054 0.0121342 -0.00347446 1.6505 -0.093874 0.038249 0.002027 -0.043655 -0.018733
1.10275 -0.242801 0.130067 -0.0721447 0.0122327 -0.00391903 1.64908 -0.09478 0.03702 0.001771 -0.043129 -0.018475
1.09093 -0.238596 0.142199 -0.0751002 -0.00839349 -0.0149892 1.57487 -0.092249 -0.01573 0.010755 -0.05922 -0.040413
0.0535153 0.00606475 0.00650311 0.0249848 -0.00719929 0.0428751 -0.322734 -0.415641 -0.432114 0.02314 0.017579 0.062651
-12.9138 -11.9243 -12.8656 0.842342 0.14681 -0.219126 -12.0754 -11.0963 -11.9402 0.801202 0.050613 0.002911
5.06948 5.71356 5.38648 0.0210643 0.0310147 0.0225238 5.94052 5.57614 5.78322 0.04336 -0.028392 0.03411
1.12885 -0.283458 0.154238 -0.070289 0.0187836 0.210327 1.54877 -0.093577 0.079309 0.003727 -0.030122 0.221408
1.12443 -0.311791 0.104045 -0.121873 -0.380325 -0.0698715 1.63342 -0.178076 0.160498 -0.03359 -0.356068 -0.052217
-19.1975 -18.569 -20.9006 0.410468 0.0296866 -0.142993 -18.5975 -17.9722 -22.0598 0.273812 -0.036801 0.023165
-12.5234 -12.4159 -12.589 0.105588 -0.175472 0.185795 -11.6648 -11.3067 -11.7348 0.459293 -0.007712 -0.024921
-2.13979 -0.0785128 0.274711 -0.140026 -0.0587686 -0.135899 -1.62264 0.409953 -0.237503 -0.246434 0.107019 -0.247539
-1.9696 12.0048 22.9267 -0.0279734 -0.0739853 -0.160287 -0.621427 10.6181 24.0724 -0.00218 -0.067337 -0.159188
1.10623 -0.269056 0.235683 -0.0943879 0.0428439 0.260684 1.44188 -0.09904 0.226662 -0.02006 0.023215 0.275907
-13.2549 -13.1782 -13.1493 -0.180289 -0.0517447 0.0915521 -12.3222 -12.17 -11.8597 0.105022 0.219795 -0.235822
1.09359 -0.291266 0.208892 -0.0967732 0.0303832 0.272495 1.42343 -0.061238 0.215038 -0.020011 0.019909 0.260369
-2.09016 -0.031064 0.281653 -0.144144 -0.0518079 -0.141428 -1.5489 0.465081 -0.235206 -0.253874 0.124422 -0.255978
1.07217 -0.280556 0.203843 -0.236796 -0.0356878 -0.298882 1.45041 0.013878 0.250861 -0.136814 -0.017049 -0.361739
0.999575 -0.264055 0.192752 -0.218836 0.212118 0.188568 1.37496 -0.08736 0.32519 -0.116555 0.126419 0.260676
1.09347 -0.26354 0.275299 -0.089353 0.050671 0.315579 1.45053 -0.021756 0.258394 -0.008958 0.043418 0.317467
80.249 81.0946 78.6142 -0.161445 0.462722 -0.236968 80.7134 81.1812 80.5773 -0.34357 0.601465 0.089358
1.05885 -0.273575 0.314673 -0.136165 0.0581615 0.17619 1.31624 -0.034174 0.393576 -0.069594 0.024291 0.170736
8.41441 7.99846 7.90303 0.0238284 -0.0680003 -0.118693 8.24744 8.39122 8.46715 -0.029306 -0.040531 -0.11503
-13.3838 -12.5393 -14.0688 -0.0362543 0.729117 0.270583 -12.9433 -12.186 -13.6925 -0.011918 0.289373 0.053692
1.01914 -0.249299 0.343332 -0.288035 -0.0350221 -0.179077 1.26599 0.055554 0.530648 -0.165821 -0.042441 -0.201879
1.13042 -0.31835 0.368593 -0.255262 -0.280885 0.224162 1.53005 -0.15234 0.49607 -0.147796 -0.304936 0.225596
0.977595 -0.251354 0.369647 -0.218556 0.0656465 0.0941977 1.24078 -0.023427 0.545823 -0.141509 -0.013953 0.095556
0.972458 -0.266933 0.343548 -0.211938 0.0717925 0.0871629 1.23837 -0.013236 0.527596 -0.126678 -0.009328 0.081935
-11.8185 -11.8591 -12.4513 0.344186 -0.220598 0.128484 -10.9243 -10.8298 -11.5474 0.575896 -0.174237 -0.029352
-12.0909 -12.2258 -12.7698 0.393906 -0.0704623 0.038175 -11.4011 -11.3976 -11.7933 0.39509 -0.140042 -0.061214
-12.0642 -12.1917 -12.7482 0.396224 -0.080028 0.0403913 -11.3578 -11.3545 -11.7681 0.406593 -0.147554 -0.061521
0.983725 -0.245699 0.36201 -0.318437 0.0114765 -0.0611054 1.1786 0.038887 0.625856 -0.170761 -0.016715 -0.032571
0.991052 -0.207382 0.388166 -0.248187 0.0848739 0.11354 1.21673 0.059494 0.544951 -0.197043 -0.032637 0.122391
81.2055 81.4153 79.8921 0.435864 0.294942 -0.111269 80.9432 81.4599 80.711 0.011081 0.451355 0.083398
81.2851 81.361 79.7022 0.332273 0.292646 -0.093613 81.0274 81.4688 80.72 -0.086133 0.522373 0.012494
-13.0514 -13.1813 -13.2119 0.144313 0.052399 0.059236 -12.5506 -12.496 -12.5492 0.063678 0.069557 0.060251
-12.8331 -13.4688 -14.3095 -0.1986 -0.00997348 -0.0825665 -12.1251 -12.4962 -13.8153 -0.221375 -0.058029 -0.041971
-12.2074 -12.5774 -13.8452 -0.0989867 0.0189491 -0.0660176 -11.256 -11.806 -13.5663 -0.245448 -0.029995 -0.071616
-12.2136 -12.557 -13.8322 -0.0990834 0.0240429 -0.0648701 -11.2548 -11.7869 -13.5626 -0.238845 -0.022715 -0.072927
1.25364 -0.398482 0.550191 -0.23907 -0.185381 -0.193429 1.6445 -0.265197 0.756744 -0.134962 -0.279537 -0.108013
-20.4745 -20.3764 -21.8262 0.110544 0.0511331 -0.0632009 -19.3771 -19.1359 -23.3593 0.078209 -0.003258 -0.076016
-19.1413 -18.9156 -20.1181 0.0681359 -0.0723073 -0.0216291 -18.9817 -19.0683 -19.7992 -0.126287 -0.380104 0.155327
-13.1855 -13.1941 -13.1835 -0.00757937 -0.00335439 0.0061609 -12.5451 -12.5581 -12.8736 -0.011913 0.017639 -0.030395
1.2354 -0.340403 0.679092 -0.285714 0.049722 -0.198236 1.53823 -0.191515 0.883352 -0.158802 -0.124997 -0.115266
-0.114853 -0.114728 -0.0656115 -4.90564e-05 -3.83013e-06 -5.9277e-08 -0.060159 -0.060159 -0.017017 -0 0 0
0.246272 0.246061 0.33818 -1.4895e-06 -2.91539e-06 -1.18672e-06 0.370053 0.370053 0.380921 0 -0 -0
0.275259 0.275461 0.942066 -5.55734e-05 0.0874993 -1.10338e-06 0.407526 0.401637 0.920269 -4e-06 0.216818 2e-06
-19.2491 -19.0193 -20.217 0.0626856 -0.0762083 -0.0174789 -19.0976 -19.1812 -19.9169 -0.129324 -0.376466 0.15388
-1.50388 -1.08627 -0.830065 6.26597e-05 -1.69549e-06 2.14817e-06 -1.78968 -0.814365 -0.813422 -1e-06 -1e-06 -0
-1.59496 -0.988749 -0.825921 6.55102e-05 1.18444e-06 -3.12223e-07 -1.87261 -0.722768 -0.816185 1e-06 -1e-06 -2e-06
-0.882052 -0.880003 -2.03391 -4.56205e-05 -0.175219 -2.34712e-06 -0.878189 -0.87271 -1.84264 -4e-06 -0.44966 0
1.2176 -0.239948 0.660726 -0.230385 0.254023 0.187782 1.56172 -0.050475 0.931497 -0.17768 0.143016 0.165101
2.13388 1.40333 1.12898 -2.36952e-05 3.96233e-06 -1.39741e-06 2.91929 1.20344 1.36091 -2e-06 2e-06 4e-06
2.2824 1.2662 1.13775 -2.61973e-05 -6.23798e-07 -2.23393e-06 3.03346 1.08866 1.36702 -1e-06 1e-06 1e-06
-12.2845 -12.4242 -13.7879 -0.102115 0.0902918 -0.044643 -11.2438 -11.5679 -13.4567 -0.194122 0.038223 -0.094343
1.2004 -0.302499 0.592271 -0.245305 0.290029 0.187875 1.5087 -0.089602 0.923529 -0.183828 0.170643 0.169601
1.69882 0.297391 0.233438 0.0282607 0.0186158 -0.159566 2.06089 0.051582 0.126891 0.056741 0.04731 -0.116698
1.72127 0.27667 0.260323 0.0309217 0.01728 -0.156228 2.11019 0.073857 0.058095 0.050322 0.028971 -0.124849
-2.81576 -2.81576 -3.10958 -1.06951e-06 -3.65298e-06 1.82392e-06 -2.97477 -2.97477 -3.1171 0 0 0
-1.32049 -1.35241 -1.43681 0.00549346 -0.00133771 -0.000240919 -1.48141 -1.59852 -0.900549 0.050194 -0.001802 -0.000317
-1.0888 -1.30754 -1.33437 -0.113833 0.00245459 0.0165612 -1.22272 -1.52962 -0.793048 -0.068753 -0.001082 0.020995
0.00318431 -0.609649 -0.714538 0.105778 -0.00463435 0.076254 0.016206 -0.762238 -0.158478 0.15107 -0.034416 0.10941
-0.337384 -0.924505 -0.943422 -0.0239876 0.00127131 0.0633101 -0.367547 -1.10592 -0.400447 0.02806 -0.024607 0.088434
-1.0251 -1.27428 -1.29411 -0.123371 0.00286057 0.0199794 -1.14859 -1.48912 -0.753306 -0.077482 -0.002545 0.024521
-0.690719 -1.11926 -1.11893 -0.107855 0.00438219 0.0412007 -0.767107 -1.31607 -0.575814 -0.057928 -0.017668 0.051384
1.20828 0.0191329 -0.145915 -0.0661621 -0.121562 -0.171919 1.54013 -0.126259 -0.230064 -0.027071 -0.155799 -0.137286
3.71013 3.7102 4.10823 -4.68389e-06 -4.23858e-06 3.30565e-07 4.1567 4.1567 4.22185 0 0 -0
1.71968 0.310781 0.329107 0.0288646 0.0177052 0.0457757 2.07244 0.160269 0.148515 0.055487 0.036911 0.135845
8.3753 9.15584 8.57503 0.0304889 0.0348328 0.0269717 9.34661 8.87296 9.06548 0.048663 -0.029386 0.036701
19.383 19.3425 18.7609 -3.26599e-05 -0.0351383 1.80616e-06 18.9944 18.9531 18.7433 -6e-05 0.061819 -1.6e-05
-1.4046 -1.30523 -1.28129 0.107217 -0.0183045 0.00576967 -1.49023 -1.47728 -0.788953 0.200724 -0.013162 -0.014428
-11.8248 -11.8282 -12.6156 7.47337e-07 -0.00345176 1.9788e-05 -11.6915 -11.6746 -11.6779 0.000139 -0.042451 -5.5e-05
3.74301 2.45806 2.60031 -0.0835184 -0.200985 0.152331 3.95245 2.62417 2.02464 -0.196105 0.054243 0.359203
-21.9434 -21.8757 -21.7755 0.119059 0.0176331 -0.0862699 -22.4361 -22.3567 -21.5459 0.065178 -0.009599 -0.110493
1.75064 0.416215 0.40136 -0.00312457 0.553332 -0.142668 2.11335 0.396866 0.237095 0.057587 0.476992 -0.09485
-1.43334 -1.26531 -1.18181 0.147744 -0.0245671 0.00542139 -1.45848 -1.39775 -0.714602 0.262241 -0.007686 -0.031526
-21.9563 -21.8777 -21.7914 0.0991908 0.0281278 -0.0668741 -22.4364 -22.3735 -21.5452 0.062904 -0.00511 -0.068304
-1.07594 -1.68354 -1.39353 0.0620387 -0.00953096 0.000354395 -1.08966 -1.83769 -0.862556 0.131104 -0.017723 0.021008
1.78002 0.411331 0.3323 0.0315018 0.018878 -0.406022 1.86298 0.247304 0.287923 0.037939 0.04095 -0.344666
-1.05834 -1.70411 -1.37869 0.0660281 -0.00939713 0.0016101 -1.05658 -1.8473 -0.849326 0.137186 -0.020153 0.022847
1.59391 1.79249 1.72662 -0.390062 0.0264468 0.259365 0.880916 1.14926 1.40248 -0.205598 0.098904 -0.027878
0.271982 -0.291276 2.19369 -0.116421 0.0386468 0.30652 0.891982 0.392775 1.41719 -0.103492 -0.158993 0.256987
-5.49847 -5.49829 -6.23902 3.33627e-06 -6.11797e-07 -1.22179e-06 -5.8695 -5.8695 -6.05137 0 0 0
3.83176 2.9441 2.63776 0.167576 -0.100031 0.0655823 3.70714 2.71708 1.8335 0.038261 0.007881 0.2006
1.10344 -0.241951 0.13229 -0.0718865 0.0121246 -0.00338635 1.98864 0.069706 0.286409 -0.070351 0.004273 -0.038301
-14.79 -14.1825 -14.7568 0.479002 0.137824 -0.210639 -14.0311 -13.3752 -14.3144 0.543394 0.037724 -0.057148
-12.8577 -11.8068 -13.7289 0.588981 0.231907 0.0292541 -12.2809 -11.0135 -12.8342 0.390021 0.041709 -0.013984
1.84105 0.563878 0.495196 0.0252859 0.017555 -0.149579 1.70089 0.488125 0.615469 0.05321 0.029788 -0.004744
1.69289 0.668891 0.426712 0.026352 0.0123705 -0.374267 1.65911 0.45508 0.608137 0.041094 0.02723 -0.347252
-0.764526 -0.0379876 -0.44103 -0.415683 -0.17074 0.0943359 -0.738783 -0.292917 0.034447 -0.591133 -0.071056 -0.12722
-17.2189 -17.4348 -18.174 0.597374 -0.565314 -0.178897 -17.2119 -17.342 -18.0978 0.537556 -0.581302 -0.150318
-0.769025 -0.100633 -0.580233 -0.409047 -0.293605 -0.0645475 -0.757772 -0.360699 -0.096687 -0.608658 -0.236086 -0.273411
1.78334 0.664455 0.467385 0.0288594 0.0159659 -0.306531 1.62824 0.457456 0.70343 0.044051 0.027827 -0.232856
-20.075 -19.8425 -20.9605 0.0234614 -0.103335 0.0202322 -20.0477 -20.0619 -20.7728 -0.14477 -0.299948 0.150614
-20.8223 -20.7279 -22.0346 0.036905 0.0561354 -0.0555791 -19.7003 -19.5124 -23.651 0.021322 0.001977 -0.06483
10.1964 11.0608 10.3237 0.035817 0.0362144 0.0298857 11.2135 10.6679 10.8425 0.049475 -0.030211 0.037635
-20.8758 -21.1851 -21.2416 -0.0662073 -0.150152 -0.111967 -20.9928 -21.2838 -21.3263 -0.020215 -0.105082 -0.165603
-0.697487 -0.0271813 -0.571786 -0.351158 -0.150555 -0.289189 -0.630985 -0.207933 -0.261588 -0.478645 -0.109406 -0.471532
-0.669442 0.0965279 -0.653706 -0.437236 -0.617595 -0.060352 -0.584468 -0.217515 -0.322267 -0.503288 -0.432392 -0.26424
1.83468 2.17047 2.14363 -0.430432 -0.00356986 0.295005 1.25508 1.55317 1.99039 -0.241965 0.075297 -0.022066
-0.700727 0.102305 -0.858461 -0.352604 -0.316847 0.117397 -0.539059 -0.118357 -0.660266 -0.404926 -0.096523 -0.051838
-0.468463 -0.152332 0.96367 0.442319 0.33419 0.239788 0.042538 0.972731 0.47275 0.391038 0.306993 -0.046284
51.7062 73.796 102.809 -0.136172 -0.14698 0.530521 54.1693 71.3575 100.78 -0.10559 -0.615256 0.107126
20.4501 20.4644 21.2691 0.0217498 0.00647252 0.0127071 21.0041 20.9808 22.428 0.06459 -0.044515 -0.068913
-12.6185 -12.6184 -13.3248 8.37999e-05 3.96638e-05 -5.86934e-05 -12.3145 -12.314 -13.2827 0.000425 -0.000401 0.000695
-0.886184 -0.0290261 -0.625693 -0.333941 0.048158 0.241655 -0.601386 -0.249327 -0.496022 -0.44672 0.284965 -0.008549
-15.7773 -15.7859 -15.7619 0.00470543 -0.0035558 -0.0061894 -15.2269 -15.2332 -16.2294 0.004807 -0.006518 -0.012117
-14.9692 -13.5671 -13.4162 1.15354 -0.347495 0.0179828 -14.0834 -12.7237 -13.3214 1.05893 -0.359871 0.093741
-0.532014 -0.730477 -0.653846 -0.311453 0.00212852 -0.00258425 -0.453448 -0.401273 -0.636434 0.006732 0.031892 -0.012656
0.0753067 -0.3665 1.28653 0.206151 0.171042 0.271691 0.656489 0.775504 0.784438 0.259205 0.167562 0.058423
0.118008 -0.361298 1.33615 0.197423 0.157031 0.274543 0.694963 0.770854 0.821899 0.256806 0.158693 0.068022
22.5466 22.5087 21.9953 -3.73406e-05 -0.0365579 2.94509e-05 22.1714 22.1278 21.9834 -8.1e-05 0.056037 -1.1e-05
-0.478436 0.241422 -1.09309 -0.371539 -0.445468 0.0418642 -0.503025 -0.019012 -0.803934 -0.480055 -0.244052 0.000801
1.81806 1.59524 1.58304 -0.329818 0.00263987 -0.00100761 1.97499 2.02572 1.764 0.030189 0.032677 -0.014831
1.91158 0.857992 0.603909 0.034185 0.818478 -0.147119 2.374 0.886979 0.538668 0.047909 0.900805 -0.034865
1.9496 0.92184 0.677168 0.013253 -0.817702 -0.153882 2.44384 0.880784 0.677646 0.01537 -0.798444 -0.072909
0.313529 -0.291878 1.57292 0.182847 0.102536 0.305455 0.872804 0.81976 1.0103 0.250268 0.136841 0.109613
-0.52218 -2.12235 -0.800328 0.186684 0.00453337 0.0691927 -0.253788 -2.01519 -0.393275 0.267733 -0.019256 0.081407
-0.64308 0.112131 -0.304337 -0.447934 -0.0249106 0.150923 -0.661541 -0.197332 -0.013346 -0.652735 0.016155 -0.094916
-0.408913 0.247466 -0.849323 -0.45012 -0.538441 -0.0566789 -0.346596 -0.123882 -0.42656 -0.604298 -0.33375 -0.147921
-0.505456 0.220805 -0.944549 -0.44517 -0.539635 0.000621904 -0.450687 -0.112282 -0.561331 -0.577009 -0.445496 -0.134589
-8.84106 -6.63478 -9.47649 1.34231 -0.0910227 -0.864862 -8.32809 -6.45695 -8.65869 0.757689 -0.092514 -0.64321
-0.63363 0.123292 -0.17253 -0.509715 -0.0350404 0.114509 -0.659584 -0.23217 0.133043 -0.703071 0.034654 -0.12448
0.746247 0.115034 2.482 0.17377 0.0182782 0.335659 1.37981 0.993174 1.69702 0.175529 -0.013673 0.179498
-0.531028 0.196366 -0.675666 -0.455969 -0.390349 0.0632122 -0.493849 -0.055975 -0.374785 -0.599632 -0.360294 -0.149889
-0.57799 0.23287 -0.723473 -0.44149 -0.511203 0.0858592 -0.58296 -0.055456 -0.315294 -0.514423 -0.498008 -0.116554
-16.1805 -15.8282 -15.7377 -0.0532516 0.00652132 -0.0863006 -16.1014 -15.7033 -15.2989 0.131341 0.218597 0.105226
-0.645024 0.25081 -0.703994 -0.371533 -0.302672 0.22391 -0.565576 -0.041975 -0.39179 -0.511423 -0.268791 -0.004934
-21.0385 -21.2961 -21.3655 -0.0592254 -0.128738 -0.074824 -21.2262 -21.415 -21.5394 -0.022105 -0.087802 -0.1053
-16.5679 -16.1059 -16.0848 -0.0565535 -0.0241748 -0.10093 -16.3873 -15.9073 -15.6022 0.144212 0.193037 0.034994
-3.44577 -3.62801 -3.4323 -0.306688 0.00101931 -0.00360256 -3.64609 -3.60906 -3.73789 0.004297 0.028993 -0.008989
-0.603047 0.255591 -0.552425 -0.390436 -0.330654 0.174374 -0.503702 -0.095844 -0.141813 -0.502442 -0.338912 -0.055039
-0.750699 -0.750699 -0.750696 -6.89165e-07 -4.77701e-07 -2.1137e-07 0.149161 0.149161 0.149161 0 -0 0
-0.300078 -0.257046 -0.257034 -8.96913e-08 0.258383 1.07923e-06 0.866689 0.674578 0.674572 0 0.251615 -0
-0.538703 0.160416 -0.144635 -0.595677 -0.247092 -0.0133107 -0.480207 -0.221568 0.119181 -0.83916 -0.239565 -0.242171
4.54778 4.28323 4.16108 -0.368583 0.00304232 0.00137501 4.69794 4.81433 4.46795 0.058553 0.032735 -0.016516
0.722705 0.722706 0.722705 9.83542e-07 7.29512e-07 1.12944e-06 1.98156 1.98156 1.98156 0 -0 0
-2.06602 -2.12158 -2.12158 2.03631e-06 -0.779252 -1.45726e-07 -1.87045 -1.30629 -1.3063 -0 -0.82996 -0
-0.670194 0.168565 -0.463414 -0.589944 -0.912514 -0.160659 -0.538847 -0.145297 0.054441 -0.767515 -0.849365 -0.291257
-14.0904 -14.0923 -15.2434 0.00928451 -0.00614439 -0.000135871 -14.3844 -14.4587 -14.2181 0.047595 -0.017667 -0.025077
-21.1597 -21.1035 -22.1462 -0.0483833 0.0632332 -0.0365109 -20.025 -19.978 -23.8353 -0.04072 0.028819 -0.016597
-14.0857 -14.0918 -15.1731 0.025507 -0.0115478 0.00445272 -14.3303 -14.4611 -14.1633 0.079862 -0.019312 -0.020934
20.5887 21.1191 22.0137 0.388072 -0.0433023 -0.0265048 20.8976 21.5109 22.681 0.461403 -0.124013 -0.055777
2.30511 2.30511 2.30511 -2.25069e-07 -3.46612e-07 1.83407e-08 3.99729 3.99729 3.99729 0 -0 0
82.0767 78.8494 89.3979 0.138054 0.00463944 -0.313763 83.3883 79.6393 92.392 -0.006603 0.144408 0.089828
20.3365 21.1089 21.9001 0.576793 -0.0731484 -0.0444081 20.7021 21.5695 22.4016 0.673147 -0.163713 -0.056057
-4.3939 -4.575 -4.32015 -0.306613 0.000772303 -0.00350949 -4.57299 -4.55119 -4.63684 0.021253 0.026919 -0.007405
82.0836 79.599 89.8823 0.106375 -0.0343624 -0.256649 83.4179 80.2925 92.6444 -0.069387 0.162225 0.104091
-17.3674 -17.2561 -16.9762 -0.0409181 -0.157156 -0.250871 -17.4619 -17.147 -16.5557 0.181442 -0.179894 -0.151811
83.3263 83.5548 67.7521 -0.212299 0.216741 -0.133865 84.5184 84.4694 64.9977 0.007598 0.286837 -0.002375
82.193 80.4931 90.3791 -0.0201853 -0.00408299 -0.156015 83.5866 81.1061 92.8529 -0.173332 0.235426 0.149363
-13.5416 -12.8651 -14.2164 0.507181 0.308284 -0.421554 -13.2338 -13.0019 -13.2559 0.374304 -0.013673 -0.072031
82.269 80.9452 90.5954 -0.0964459 0.0321839 -0.0911211 83.6586 81.5299 92.9335 -0.223122 0.294298 0.190155
-21.1615 -21.0806 -22.2254 -0.0320665 0.0581462 -0.0435846 -20.0343 -19.9175 -23.9479 -0.02875 0.011201 -0.048107
4.00975 4.00975 4.00975 -1.14176e-06 -9.97914e-07 -1.04108e-06 5.75721 5.75721 5.75721 0 0 0
-0.662958 0.347889 -0.353738 -0.435207 -0.342576 -0.721755 -0.557472 0.424085 0.001387 -0.533453 -0.153999 -0.940835
-13.6584 -13.0004 -14.3255 0.49148 0.303092 -0.412475 -13.3636 -13.1438 -13.3873 0.363237 -0.010164 -0.068138
0.139985 -2.13695 -0.136145 0.123814 0.0166305 0.110617 0.598029 -1.97612 0.087274 0.195369 -0.016991 0.136791
31.7727 54.0262 44.7706 -0.149419 -0.466185 -0.25539 34.2087 51.2538 46.7454 0.458949 -0.158973 -0.284568
31.7849 54.0063 44.7335 -0.160199 -0.478925 -0.250328 34.2056 51.2592 46.7081 0.445997 -0.17412 -0.287294
-20.9956 -20.6689 -22.0337 0.135199 0.0448337 -0.0771527 -20.39 -20.1074 -24.0093 0.097956 0.024095 0.006304
-13.8923 -13.9111 -14.3074 0.138104 -0.043261 0.0354185 -13.7026 -14.0244 -13.662 0.317002 -0.005659 0.053954
-5.73771 -5.73771 -5.73771 -8.34161e-08 -5.02256e-08 6.53123e-08 -6.03511 -6.03511 -6.03511 -0 -0 -0
0.185948 -2.36996 -0.864372 0.00636009 -0.0171204 -0.148613 0.959604 -2.25823 -0.810461 0.105309 -0.069457 0.236964
-14.6727 -13.9192 -15.494 0.385859 0.2709 -0.00977622 -14.2432 -13.4802 -15.0219 0.307145 0.090292 -0.104793
25.8646 25.8302 25.4286 -7.40574e-05 -0.0378332 2.89137e-06 25.4636 25.4179 25.2805 -7.9e-05 0.051144 -1.1e-05
32.4203 53.4713 44.1283 -0.314416 -0.49438 -0.197462 34.5768 51.0651 46.052 0.344064 -0.196141 -0.288519
5.85154 5.85154 5.85154 8.80694e-07 3.33495e-07 1.30678e-07 7.93825 7.93825 7.93825 0 -0 0
0.178034 -2.36237 -0.343553 -0.051548 -0.0275472 -0.00733972 0.843556 -2.16809 -0.265811 0.04422 -0.065141 0.166128
-13.6424 -13.704 -13.881 0.174239 -0.0448439 0.0555448 -13.3177 -13.6465 -13.5057 0.409803 0.027378 0.088337
2.36298 1.56762 1.09587 0.0209166 0.809417 -0.191289 2.72427 1.20948 1.1445 0.066329 1.06969 -0.035732
-16.6658 -15.4647 -16.6205 0.00262606 0.831577 0.23245 -16.2049 -15.5651 -16.7835 -0.02961 0.419871 0.223795
-0.516327 -0.846012 -0.631899 -0.00169253 0.00623312 -0.16777 -0.673429 -0.988006 -0.641406 -0.01038 0.006445 -0.040214
-13.199 -13.339 -13.6692 0.125946 -0.0270845 0.091504 -12.8295 -13.087 -13.6079 0.388443 0.050492 0.076325
20.2514 21.0822 21.9397 1.13048 -0.0388477 -0.00360312 20.2717 22.1118 21.9631 1.15917 -0.054888 -0.138428
2.37615 2.93889 2.70444 -0.29375 -0.210951 0.230972 2.47381 2.27241 3.16595 -0.147124 -0.229599 -0.107198
-1.66185 -1.42478 -1.1972 -0.117627 -0.183249 -0.0991967 -1.17174 -1.4821 -1.1192 0.105756 -0.168341 0.096091
0.69492 0.506212 0.0562064 -0.1553 0.00868796 0.251217 0.061892 -0.094457 0.201036 -0.146315 -0.095734 0.366874
-13.0761 -13.19 -13.6816 0.0594248 -0.0126116 0.102711 -12.6314 -12.8385 -13.6702 0.328321 0.033927 0.034243
-15.9531 -16.2884 -18.2404 0.661492 -0.22293 -0.45451 -15.5557 -15.6601 -18.4514 0.568348 -0.175138 -0.477381
86.8425 88.0974 85.8737 0.508261 -0.0297178 -0.635476 86.8104 87.7788 87.8419 0.618787 0.709233 -0.527587
-13.0503 -13.129 -13.6837 0.0256901 -0.00706046 0.108435 -12.5639 -12.7543 -13.6617 0.307947 0.026257 0.017335
-18.6156 -18.4926 -19.908 -0.117882 0.388122 -0.047843 -18.291 -17.9996 -20.3295 -0.045879 0.325579 0.019066
-21.2313 -21.3531 -21.5912 0.0234613 -0.034034 -0.000655877 -21.3529 -21.3501 -21.8428 0.048014 -0.066939 0.002215
33.2593 53.0442 43.7153 -0.413683 -0.43883 -0.0938342 35.0724 51.0341 45.5469 0.264557 -0.173229 -0.28921
-0.672175 0.407795 -0.454231 -0.2576 -0.296443 -0.620401 -0.370831 0.438303 -0.046048 -0.340022 -0.027451 -0.943217
-22.4892 -17.9036 -12.8646 -0.0259275 0.047113 0.0325295 -23.3174 -17.1943 -14.5597 -0.032617 0.038752 0.018959
0.83337 1.15313 0.971754 -0.0766427 -0.216423 -0.0555181 0.994674 0.916733 1.13948 0.023035 -0.057637 0.036396
-1.1086 -0.832783 -0.910282 -0.0910742 -0.220948 -0.0627466 -1.19603 -1.27848 -0.969198 0.007071 -0.055019 0.028203
-19.4162 -19.3142 -20.6487 -0.146657 0.331214 -0.0677751 -18.9127 -18.7344 -21.4477 -0.078551 0.271568 0.051121
-12.1803 -12.293 -12.1944 0.0182613 0.056625 0.0932066 -11.743 -11.8719 -11.8115 0.242823 0.095861 0.24497
-12.086 -12.2154 -12.1054 0.0447485 0.0623951 0.109202 -11.6348 -11.7677 -11.6988 0.254678 0.097245 0.274325
0.372001 0.334881 0.225118 -0.0423097 -0.00270489 0.145121 -0.208349 -0.168402 -0.112843 -0.022309 -0.026932 0.209005
33.7522 52.8832 43.5663 -0.445138 -0.398995 -0.0505985 35.3459 51.0988 45.3268 0.225707 -0.147281 -0.284579
-19.8936 -19.8602 -21.1242 -0.128508 0.281263 -0.0712 -19.2972 -19.2047 -22.1721 -0.079664 0.229045 0.070295
-12.4922 -12.5126 -12.502 -0.0228587 0.00862966 0.00487518 -12.1789 -12.2446 -12.2445 0.018672 0.032566 0.074941
0.27039 -1.92553 -0.576232 0.520651 -0.047289 0.104289 0.895197 -1.74061 -0.345193 0.538932 0.007734 0.445999
0.266831 0.266832 0.266834 1.44963e-07 7.2546e-07 -4.46023e-07 -0.024857 -0.024849 -0.024851 4e-06 8e-06 2.2e-05
0.263212 0.263311 0.26318 -0.00197381 -0.00276892 -0.00400217 -0.122529 -0.116724 -0.119816 -0.006047 -0.002258 -0.00351
0.285527 0.284172 0.281518 0.00543082 0.0086677 0.00178611 -0.150927 -0.146703 -0.148922 0.002488 0.010462 7.7e-05
-11.6364 -11.8416 -11.6884 0.146625 0.0674572 0.155937 -11.1305 -11.3175 -11.23 0.294067 0.094392 0.311078
-18.9091 -17.7646 -19.2808 0.180551 0.390256 -0.0273154 -18.4757 -17.7303 -19.9093 -0.108843 0.077199 0.118136
0.266698 0.246695 0.24776 0.00426657 -0.00693326 0.0503414 -0.251626 -0.22745 -0.229658 0.00339 -0.005426 0.059958
-21.3556 -21.3003 -22.3363 -0.0619164 0.0569113 -0.0364948 -20.2506 -20.1934 -24.1344 -0.047065 0.021179 -0.029449
0.266829 0.266828 0.266829 -3.58035e-06 -1.83399e-06 -2.75135e-06 -0.118877 -0.118877 -0.118877 0 0 0
0.71916 0.823492 0.823484 5.6669e-06 0.224525 1.49816e-06 0.231977 0.377309 0.377309 -0 0.184844 0
-0.155459 -0.280039 -0.280049 2.75632e-06 -0.225811 6.97592e-06 -0.74778 -0.868448 -0.868448 -0 -0.224661 0
0.347486 0.350226 0.330237 0.00280465 -0.0449847 -0.0673666 -0.223902 -0.172421 -0.206011 -0.020261 -0.054603 -0.079596
3.07325 3.46226 3.14781 -0.0639674 -0.213139 -0.0454306 3.43081 3.36433 3.50433 0.036979 -0.049188 0.039806
-20.8733 -20.8744 -21.9636 -0.0856215 0.156838 -0.0507649 -20.0109 -19.9381 -23.4599 -0.030365 0.120305 0.080161
9.45095 9.08406 8.7231 -0.47569 0.00357622 0.00618016 9.5101 9.6344 9.14228 0.098327 0.032637 -0.017214
2.22543 1.90611 1.46245 0.00591277 -0.328072 -0.183395 2.58666 1.46671 1.99573 -0.00955 -0.258956 -0.069888
-0.534309 0.41818 -0.151945 -0.275283 -0.259559 -0.533431 -0.158211 0.426494 0.317528 -0.315203 -0.044214 -0.76462
-0.226082 0.682811 -0.548919 -0.36164 0.10045 -0.326486 -0.001268 0.951081 -0.179186 -0.361738 0.12913 -0.466514
-12.7699 -11.8826 -13.3421 0.814665 0.334169 -0.501686 -12.4328 -11.6362 -12.688 0.399238 0.158756 -0.1664
-10.7191 -11.1013 -10.8879 0.276173 0.0214155 0.173574 -10.1521 -10.5404 -10.4303 0.300415 0.020683 0.287473
-0.866385 -0.866387 -0.866386 3.95308e-06 1.38231e-06 3.59397e-07 -1.21457 -1.21457 -1.21457 0 -0 0
0.433607 0.449331 0.405026 0.0270788 -0.0767215 -0.100714 -0.194545 -0.093823 -0.171086 -0.018183 -0.095752 -0.108162
-25.3953 -25.3945 -25.5407 0.0480784 -0.0220167 -0.0330829 -25.1301 -25.1209 -24.9148 -0.051942 -0.00955 0.059146
-14.8869 -14.397 -15.4495 0.327181 0.247208 -0.312966 -14.7823 -14.6928 -14.7298 0.241495 0.030122 -0.037251
-19.9105 -18.921 -20.3914 0.182669 0.242002 -0.138129 -19.2796 -18.6886 -21.4551 -0.133803 -0.000539 -0.013511
2.28565 2.28565 2.28565 2.43428e-07 -2.76867e-07 -4.9205e-07 2.22171 2.22171 2.22171 0 0 -0
-21.3939 -21.3605 -22.3462 -0.0617523 0.06507 -0.0375153 -20.2869 -20.2462 -24.1471 -0.040841 0.042355 -0.008168
-6.80525 -6.98463 -6.56059 -0.306413 -0.000177626 -0.00276597 -6.92131 -6.88771 -6.85537 0.16703 0.016791 0.001528
-21.4109 -21.352 -22.3774 -0.0507307 0.0587461 -0.0339206 -20.3308 -20.2851 -24.075 -0.039524 0.034452 -0.019889
0.308291 0.788764 0.412176 -0.504784 -0.135849 0.0686685 0.339037 0.941883 0.794763 -0.556322 -0.115913 -0.190584
27.1715 24.4771 26.3281 -0.360424 -0.637928 0.799079 27.1231 24.9619 26.51 -0.516319 -0.658634 0.701691
-17.4868 -18.5012 -17.6129 -0.136829 0.11421 -0.157255 -17.5526 -17.5923 -17.7673 -0.148486 -0.060225 -0.360745
82.4365 83.0615 83.1014 0.409947 -0.00402117 -0.100997 83.1662 83.5604 83.6007 0.47211 -0.031879 -0.139854
-4.21436 -4.44124 -4.11589 -0.00131959 0.0049448 -0.177524 -4.52535 -4.80958 -4.39862 -0.009994 0.006953 -0.043796
82.4647 82.7209 82.9507 0.358358 0.0226992 -0.105958 83.33 83.4369 83.251 0.593965 0.103395 -0.211122
0.239022 0.840585 0.994627 -0.513891 -0.317311 0.197921 0.331908 1.08839 1.34121 -0.566239 -0.153976 -0.027328
0.855958 0.767733 0.8103 0.0712354 0.016082 0.0357934 0.206616 0.098197 0.095605 0.075727 0.021874 0.038219
4.04023 4.04023 4.04024 1.03761e-06 2.19146e-06 2.08109e-06 4.1991 4.1991 4.1991 0 0 -0
-12.971 -12.1715 -13.5592 0.770161 0.3062 -0.469408 -12.7584 -12.0529 -13.0769 0.415804 0.134245 -0.234642
-0.0666026 0.774205 -0.187068 -0.327505 0.0153923 -0.288075 0.111716 1.15549 0.172697 -0.369741 0.026727 -0.464414
-20.6223 -21.184 -22.3467 0.193851 0.128891 -0.0265577 -20.0841 -20.3653 -23.7864 -0.012756 0.001345 -0.103538
87.9116 89.2022 85.3341 1.24706 -0.303107 -0.235834 86.9044 87.3874 86.9693 0.514477 0.435617 -0.126079
0.957115 0.855471 0.898861 0.0842089 0.0217075 0.0424637 0.282329 0.151688 0.154354 0.084698 0.027497 0.048241
0.565051 0.721977 0.421446 0.045917 -0.220789 -0.312914 -0.185928 0.189481 -0.079481 -0.054312 -0.280076 -0.260969
0.147952 0.775531 1.08267 -0.460417 -0.352392 0.0451057 0.258907 1.0205 1.45437 -0.519046 -0.151579 -0.199123
34.9854 52.7293 43.3883 -0.491596 -0.220364 0.0287546 36.0181 51.5396 44.9806 0.103272 -0.063422 -0.238074
22.7362 22.7183 22.7754 -0.0509671 -0.0257856 -0.00831781 22.19 22.1538 22.2185 -0.078819 -0.066519 0.008505
87.9039 89.3305 85.6964 0.996185 -0.847812 -0.127703 86.8303 87.2981 87.0089 0.437486 0.050889 0.102382
-17.6607 -18.6599 -17.7766 -0.122701 0.101896 -0.164116 -17.7455 -17.6822 -17.9019 -0.111791 -0.096776 -0.353101
35.0037 53.4646 44.3525 -0.469665 0.0640465 0.123396 35.7034 52.217 45.5213 -0.041126 0.023583 -0.125378
-12.4562 -12.0017 -13.7292 -0.0816743 0.0214817 0.00502676 -13.1157 -12.3418 -12.7347 -0.117696 0.023692 0.009408
23.8159 23.5257 23.6751 -0.081819 -0.055669 0.234244 23.8242 23.2446 24.1457 -0.18996 -0.171478 0.149536
-12.6334 -12.0734 -13.4365 -0.133045 0.082938 0.023743 -13.0761 -12.1458 -12.4036 -0.196174 0.099265 0.032371
-12.6283 -11.8984 -13.6213 -0.137317 0.0620425 0.0114385 -13.3479 -12.0893 -12.6156 -0.193774 0.083081 0.030718
1.37005 1.18579 1.29306 0.225685 0.243436 -0.0324168 0.707383 0.63848 0.581222 0.245216 0.223892 0.089536
23.7871 23.5123 23.7129 -0.0688231 0.02501 0.216703 23.6974 23.1275 24.0325 -0.199709 -0.154507 0.179933
29.3551 29.3251 28.9138 -0.000105866 -0.0390042 1.349e-05 29.1316 29.0862 29.0258 -8.2e-05 0.048605 -5e-06
-2.44055 -2.33999 -1.89611 -0.14713 -0.208585 -0.127332 -2.24892 -2.5677 -1.95594 0.067079 -0.181855 0.049055
-12.8404 -11.9031 -13.3714 -0.205038 0.142837 0.0205176 -13.4514 -11.8506 -12.3765 -0.252733 0.171111 0.045453
-12.8406 -11.859 -13.4156 -0.207464 0.135322 0.0177484 -13.5366 -11.8113 -12.4272 -0.259259 0.164762 0.059439
1.46988 1.25905 1.39106 0.237549 0.256098 -0.0254998 0.793369 0.734018 0.675979 0.264312 0.235288 0.103681
0.937828 0.896864 1.11778 -0.0297273 0.335626 0.0879995 0.26333 0.225293 0.324363 0.013543 0.300254 0.041541
1.28729 1.15748 1.18539 0.119466 0.0386812 0.0696367 0.549049 0.354425 0.359383 0.106429 0.048421 0.079066
11.3177 10.9062 10.4378 -0.525003 0.00373973 0.00796902 11.2928 11.4147 10.8854 0.120075 0.032156 -0.017682
-15.3628 -14.9316 -15.8775 0.259275 0.222417 -0.268642 -15.3958 -15.3561 -15.2879 0.187241 0.044551 -0.025681
0.115745 0.595505 0.0410976 -0.339682 -0.193077 0.174419 0.328907 0.967998 0.323156 -0.52483 -0.320238 -0.024294
1.03694 0.984287 1.25943 -0.02682 0.385244 0.0903036 0.378048 0.334085 0.462939 0.013209 0.346489 0.041266
23.1547 23.1662 23.2975 -0.136362 0.0151658 0.0963507 22.6729 22.5363 22.775 -0.273009 -0.16498 0.118535
56.6879 79.2722 109.248 -0.160605 -0.176533 0.545297 59.4622 76.8378 107.521 -0.109819 -0.664322 0.120038
-2.71476 -1.34829 0.0985296 1.61018 -0.14463 0.31179 -2.03888 -0.441194 -0.161628 1.96508 -0.152853 0.473336
-21.4807 -21.5953 -21.9615 0.0266461 -0.0316217 0.00168547 -21.7512 -21.7586 -22.2253 0.010354 -0.050695 0.031315
-6.56819 -6.56819 -6.56819 5.77916e-06 9.01765e-07 1.92636e-07 -7.00698 -7.00698 -7.00698 -0 0 0
1.19318 1.13774 1.51101 -0.0094169 0.489911 0.0964313 0.625781 0.563899 0.749925 0.025863 0.45259 0.046062
1.20445 1.15291 1.53924 -0.00556162 0.505009 0.0957989 0.657445 0.593226 0.78855 0.028834 0.465418 0.046487
-18.0266 -18.9056 -18.0334 -0.0835723 0.0615459 -0.172704 -18.1281 -17.8254 -18.0617 -0.025512 -0.094735 -0.348537
-2.65655 -2.58536 -2.08506 -0.156355 -0.217594 -0.132298 -2.56039 -2.87984 -2.19775 0.055921 -0.185122 0.034469
1.26812 1.24286 1.69357 0.0298304 0.559863 0.0893297 0.792096 0.753066 0.991205 0.051688 0.515477 0.046616
8.9806 8.22987 8.247 -0.00277311 0.00402472 -0.152705 8.78178 8.64043 8.76124 -0.00682 0.014492 -0.034719
1.20181 1.25537 1.7383 0.0614091 0.665406 0.154903 0.900565 0.965595 1.17349 0.080259 0.586622 0.068529
1.24404 1.26733 1.75718 0.0581652 0.635531 0.123466 0.870422 0.886606 1.12832 0.080317 0.574225 0.071928
-0.198309 0.807175 0.820499 -0.540598 -0.533949 -0.41894 -0.006473 0.867745 0.765792 -0.504916 -0.352849 -0.577605
-8.0813 -8.25828 -7.73281 -0.303004 -0.000872948 -0.0021086 -7.93446 -7.94465 -7.90793 0.190063 -0.0005 0.015882
35.3543 35.3544 39.0417 0.012318 0.0377859 -0.025054 37.0653 37.2795 36.5186 0.067022 0.020282 -0.093837
35.3629 35.361 39.0419 0.0156417 0.0426723 -0.0291269 37.0465 37.2784 36.5224 0.073089 0.024126 -0.104058
91.4003 90.2978 86.0996 -0.082256 1.14889 -0.375764 88.8556 89.2781 86.7843 0.239812 0.785215 -0.011617
-17.4131 -16.9096 -16.4129 0.155452 -0.1536 -0.00662208 -16.5049 -15.8602 -17.6865 0.248103 -0.211976 -0.003562
34.9925 35.0204 38.7386 0.0804726 0.0440766 -0.0879924 36.5515 36.6434 36.2869 0.098779 0.156073 -0.258632
34.9906 35.045 38.6927 0.0586177 0.0351328 -0.10574 36.6223 36.5956 36.3117 0.024842 0.155699 -0.261163
-15.8661 -15.4949 -16.32 0.186576 0.18933 -0.211513 -16.1758 -16.0753 -15.9539 0.152587 0.079125 -0.011254
2.29428 2.17469 2.0172 0.25487 0.0609552 0.100048 1.43798 1.07632 1.10604 0.136356 0.081484 0.157602
-20.2629 -20.5002 -20.5595 0.0178723 -0.00190263 -0.0660245 -20.6291 -20.7393 -20.2077 0.112127 -0.023354 -0.011014
-20.3868 -20.5757 -20.7918 0.0137697 -0.00438676 -0.0493936 -20.7419 -20.856 -20.3641 0.082756 -0.003647 -0.009631
-20.4241 -20.5831 -20.8709 0.00982911 -0.00589659 -0.0401234 -20.7659 -20.8824 -20.4206 0.056947 0.002735 -0.007693
35.1446 35.0422 38.6911 -0.104605 -0.0431755 -0.098332 36.382 35.6303 37.9708 -0.266174 0.072303 -0.228484
-18.3943 -18.9673 -18.0836 -0.0311965 0.0111195 -0.176148 -18.8193 -17.8114 -18.2085 -0.023494 -0.157624 -0.250603
-18.4306 -18.4303 -17.7735 5.97826e-07 -9.38065e-08 -1.23057e-08 -18.2925 -18.2925 -19.3585 -0 0 0
35.4708 34.9533 37.7161 0.102869 -0.0349818 -0.26476 36.4937 36.0389 36.8031 -0.128099 -0.015055 -0.184591
23.8834 23.5262 23.7531 -0.33846 0.00883589 -0.0165876 24.5257 24.1394 24.8011 -0.364231 -0.003485 0.010348
24.0503 23.0376 23.6016 -0.935484 -0.0124475 0.0225599 24.7691 23.6245 24.7258 -1.03878 -0.010023 0.0141
-21.6233 -21.5626 -22.6581 -0.0524019 0.0539849 -0.031171 -21.5229 -21.569 -24.9676 0.022097 0.003682 -0.003361
24.0572 22.8978 23.5519 -1.09964 0.00772669 -0.0141989 24.7735 23.4661 24.6784 -1.23288 0.003194 -0.010472
24.0844 23.0647 23.6996 -0.968144 0.027175 -0.050191 24.7846 23.6299 24.7674 -1.07468 0.005941 -0.034935
24.089 23.3016 23.8767 -0.74729 0.029634 -0.0551012 24.742 23.8646 24.8426 -0.810683 0.022923 -0.052359
-17.0829 -17.0805 -17.037 0.021007 0.00421588 -0.0278616 -16.7965 -16.8045 -17.6867 0.023685 -0.00706 -0.024293
24.1627 22.9387 23.7845 -1.14735 -0.0440209 0.0803612 24.8603 23.464 24.7957 -1.29055 -0.026711 0.034123
32.8242 32.8241 32.656 -6.83129e-05 -1.49891e-05 -2.76023e-07 32.8838 32.8817 32.806 -0.001811 0.000115 -0.0002
90.3614 90.8044 84.6013 0.63701 -0.646817 -0.142054 90.2568 90.326 85.4841 0.042343 -0.178922 0.00084
35.449 34.7852 37.7622 0.0292482 -0.0639828 -0.112268 36.2707 35.6155 37.2101 0.034269 -0.183887 -0.302742
35.4198 34.7637 37.7941 0.0250558 -0.0608349 -0.0996387 36.2409 35.5936 37.2603 0.046182 -0.177751 -0.301928
-10.4254 -12.0625 -12.6158 0.370347 -0.375309 0.0116538 -9.91669 -11.9481 -11.9485 0.619969 -0.323751 0.063402
-15.8614 -16.6691 -16.8467 -0.0277885 -0.124507 0.0405197 -15.8284 -16.43 -16.5334 0.088142 -0.08862 -0.007121
35.2812 34.5143 38.3642 -0.454407 -0.0721173 -0.269621 35.4855 34.9771 38.645 -0.395323 0.215547 -0.257431
-16.3468 -17.0201 -17.0428 -0.0521526 -0.0974143 0.0205302 -16.3392 -16.6685 -17.327 0.042063 -0.054473 -0.009044
-16.0764 -15.8846 -16.6317 0.243726 0.14104 -0.26585 -16.2884 -15.4321 -15.7011 0.250904 -0.012548 0.004179
-16.82 -17.2525 -17.1497 -0.0451513 -0.0508649 -0.0103481 -16.7322 -16.9468 -17.6784 0.005047 -0.040317 -0.022751
-13.9091 -14.8063 -15.5642 0.148306 -0.0996478 0.0598867 -13.859 -14.5404 -14.9414 0.322535 -0.047219 -0.080946
3.47668 2.741 4.1537 0.206251 0.30542 0.0644856 2.66374 2.91297 3.61158 0.391735 0.284313 0.166726
35.4576 35.3581 38.1799 0.0423742 0.158255 -0.370582 36.593 36.607 37.2984 -0.477315 0.313187 -0.768677
3.52507 2.79821 4.2374 0.1949 0.309533 0.0543503 2.72138 2.98478 3.71105 0.378788 0.289985 0.166044
66.2468 65.7884 64.176 0.0723309 -0.254569 0.0877485 64.6967 64.293 65.285 0.016687 0.099805 0.067638
-17.236 -17.2069 -17.1673 0.0831168 0.0136465 0.0180621 -17.0018 -16.9911 -17.8721 0.021241 0.011218 -0.015529
34.6709 34.1807 37.4261 -0.213076 0.0218823 0.0302649 34.8713 34.5725 37.9706 -0.188341 0.005198 -0.064562
0.88656 -0.519441 -0.574683 0.0458989 3.39453e-06 2.94461e-06 1.40561 -0.987258 -0.326211 0.050643 0 0
0.88656 -0.519441 -0.574683 0.0458989 3.39453e-06 2.94461e-06 1.40561 -0.987258 -0.326211 0.050643 0 0
-19.0645 -18.5377 -17.5147 0.0367521 -0.0465125 -0.159411 -19.6574 -17.1108 -17.5832 0.002479 -0.17429 -0.167483
0.893454 -0.529032 -0.592825 -0.0171865 -0.10808 -0.102572 1.37741 -0.963489 -0.340801 0.00529 -0.101027 -0.155776
0.896136 -0.521923 -0.58168 -0.0163955 0.101339 0.12048 1.39836 -0.956157 -0.33545 0.007523 0.109101 0.174591
0.950312 -0.571389 -0.603299 -0.0620964 0.297491 0.176539 1.41885 -1.07333 -0.233321 -0.026619 0.250228 0.012706
-16.4271 -16.1338 -16.8125 0.107018 0.135133 -0.12363 -16.9672 -17.0165 -16.7877 -0.005971 0.038295 0.042773
0.90657 -0.53093 -0.616041 -0.140789 0.17676 0.185295 1.32438 -0.908878 -0.352132 -0.093498 0.107626 0.249604
0.91065 -0.528382 -0.592375 -0.157671 -0.165653 -0.216741 1.35964 -0.916926 -0.326688 -0.113024 -0.122107 -0.28895
89.8826 90.9488 75.7651 -0.48564 0.104471 -0.339768 91.8992 91.6982 73.809 -0.39982 -0.327154 0.101999
-15.8653 -15.9564 -16.5023 0.548854 -0.00521143 -0.19634 -15.7047 -15.5068 -16.6463 0.426242 -0.014191 -0.008002
0.921997 -0.525665 -0.609248 -0.264696 -0.165702 -0.21187 1.23736 -0.882016 -0.203811 -0.149889 -0.067667 -0.243731
0.915602 -0.543154 -0.622436 -0.274076 0.162753 0.217031 1.24545 -0.907112 -0.213807 -0.16054 0.058804 0.250696
0.980962 -0.473947 -0.507828 -0.26668 0.0877032 -0.252399 1.24238 -0.875234 0.159969 -0.178031 0.130202 -0.212895
0.949172 -0.486462 -0.615598 -0.239092 -0.322138 -0.136587 1.13682 -0.856627 0.079731 -0.172776 -0.182608 -0.190569
1.0815 -0.554977 -0.503371 -0.190253 0.319327 0.295192 1.49338 -1.16649 -0.000705 -0.02476 0.237761 -0.002994
1.0722 -0.575216 -0.531709 -0.1939 0.334259 0.310815 1.50696 -1.18982 -0.011015 -0.041784 0.278176 0.007814
0.95356 -0.511429 -0.552792 -0.311405 -0.100413 -0.114776 1.12264 -0.86624 0.019042 -0.107976 -0.036291 -0.119446
0.955356 -0.52703 -0.560596 -0.321906 0.0971638 0.120633 1.12297 -0.888072 0.026964 -0.118166 0.021709 0.125855
0.954926 -0.534719 -0.565318 -0.325645 -0.0957093 -0.122184 1.11913 -0.894451 0.021002 -0.120869 -0.016782 -0.128887
-0.715801 1.4991 0.149765 -0.454011 -0.0193522 -0.121231 -0.254415 1.89926 -0.089172 -0.69009 0.173779 -0.067888
-0.715801 1.4991 0.149765 -0.454011 -0.0193522 -0.121231 -0.254248 1.89986 -0.086531 -0.689896 0.173742 -0.06778
0.938284 -0.522093 -0.540188 -0.316749 2.60019e-06 4.60001e-06 1.09661 -0.856326 0.065145 -0.097445 0 0
63.5425 61.7572 62.3492 -0.988406 -0.19745 0.630464 62.5913 60.6231 63.2134 -1.01547 0.225901 0.345745
-0.793538 1.53704 0.167161 -0.512807 -0.272046 -0.192255 -0.289815 1.91395 0.006917 -0.736556 -0.163266 -0.127003
1.06596 -0.50702 -0.386958 -0.267258 0.244575 -0.326706 1.37096 -0.996133 0.301487 -0.143995 0.184711 -0.206762
-0.68761 1.52879 0.21658 -0.342769 0.203128 -0.0391578 -0.282061 1.83224 0.012573 -0.541899 0.462774 0.024964
-0.684361 1.5265 0.217074 -0.340528 0.20592 -0.0392695 -0.283443 1.83019 0.014442 -0.538927 0.46684 0.024602
1.03386 -0.412986 -0.40397 -0.204284 -0.477199 -0.0351358 1.25708 -0.888817 0.2142 -0.198096 -0.228097 -0.115405
-13.9889 -14.2353 -15.3173 0.857225 0.0327755 -0.442879 -13.7894 -13.6317 -15.0042 0.824544 -0.027567 -0.100304
1.10656 -0.515654 -0.330632 -0.213464 0.0902323 -0.323048 1.43154 -1.03238 0.270479 -0.050828 0.044192 -0.15786
3.63167 4.02507 3.02855 0.313904 0.241379 0.123713 2.97733 2.85275 2.44651 0.138474 0.138688 0.126018
-0.780994 1.51559 0.0565001 -0.379197 0.00184034 0.261287 -0.249591 1.89239 0.056054 -0.63883 0.193715 0.359551
1.11272 -0.684326 -0.414147 -0.366185 -0.105497 0.387589 1.47916 -1.2038 0.261978 -0.218998 -0.045363 0.241337
93.6122 94.1793 83.0502 0.849116 -0.383316 -0.091625 93.9163 94.1457 84.0529 0.158772 -0.010142 -0.076908
-1.09476 1.42337 0.506656 -0.526825 -0.0153103 0.044696 -0.469887 1.76883 0.414326 -0.742407 0.189266 0.132309
-18.589 -18.4978 -17.9358 -0.0269579 -0.00214639 -0.0289293 -17.5829 -17.3735 -19.815 0.043154 -0.051814 -0.018448
-0.890732 1.63765 0.27734 -0.521111 -0.288139 -0.16157 -0.298185 1.77842 0.264062 -0.66361 -0.207517 -0.09658
-21.6556 -21.3767 -22.8645 0.0221718 0.16433 0.0340533 -21.8883 -21.7605 -24.7602 0.225548 0.003293 0.02793
1.12944 -0.42838 -0.272772 -0.237997 -0.265594 -0.0178914 1.28259 -1.00012 0.464775 -0.277051 -0.196583 -0.046521
-1.13145 1.41979 0.521877 -0.540838 -0.0157236 0.0564161 -0.515922 1.7459 0.436586 -0.750121 0.184608 0.173422
3.76583 4.33969 3.10406 0.3045 0.216276 0.123243 3.15234 3.16277 2.57792 0.145484 0.14128 0.130117
-1.06274 1.5163 0.515952 -0.509559 -0.0245056 -0.00848493 -0.407368 1.67639 0.453369 -0.672884 0.260705 0.052424
-1.05354 1.51926 0.528352 -0.511456 -0.0267321 -0.0120611 -0.389806 1.66909 0.455553 -0.670977 0.255861 0.044498
-0.903958 1.49677 0.463152 -0.335809 0.0606244 0.0812034 -0.42408 1.76948 0.354525 -0.486589 0.117277 0.091776
-1.10496 1.50934 0.523265 -0.52091 -0.0330316 -0.00969962 -0.467411 1.66387 0.467986 -0.676553 0.251773 0.077254
-0.958423 1.62305 0.455195 -0.493963 -0.158177 -0.0900948 -0.317135 1.64102 0.434032 -0.606815 0.10722 -0.028313
-16.6023 -16.5376 -17.1213 0.148757 0.088725 -0.179716 -16.8444 -16.217 -16.4798 0.127185 0.018852 0.024383
-0.142105 0.812728 0.154939 1.54178e-07 -0.105791 -1.80398e-07 0.617739 0.254453 -0.119443 0 -0.070817 0
-0.136713 0.811386 0.154557 1.17236e-07 -0.10506 9.93785e-08 0.622769 0.258751 -0.112891 0 -0.069996 0
94.0694 95.6104 82.8491 0.71082 0.0637468 -0.205237 94.8857 95.4052 83.5557 0.103979 0.319357 -0.007856
0.0541329 0.52861 0.135022 4.01564e-09 3.93717e-08 -2.43499e-08 0.551113 0.066789 0.057248 0 0 0
0.054133 0.52861 0.135021 -7.26251e-08 5.07862e-08 -2.81743e-08 0.551113 0.066789 0.057248 0 0 0
0.243286 0.616999 0.376885 6.47816e-08 -1.14703e-07 1.48927e-08 0.745426 0.183853 0.297938 0 0 0
-9.55694 -9.23211 -8.93648 -0.293314 0.212085 0.430528 -9.95081 -8.73199 -8.61019 0.048073 0.25965 0.482998
-0.027698 0.63112 0.0322167 2.73698e-07 -6.95758e-08 -0.398946 0.508661 0.099547 0.047542 0 0 -0.234664
0.0256406 0.617699 0.0643992 1.14555e-07 1.26841e-07 0.380111 0.557004 0.037793 0.154003 0 0 0.18446
-0.0567338 0.6445 0.0353095 1.33698e-07 9.22167e-08 -0.426255 0.467329 0.141956 0.006313 0 0 -0.280171
-0.12696 0.875324 0.0430913 3.38648e-08 0.404296 -4.48282e-08 0.703874 -0.088724 0.323153 0 0.253362 0
-0.183597 0.884402 0.0133773 1.23717e-08 0.411844 2.24335e-07 0.659298 -0.056181 0.27758 0 0.26831 0
-21.8903 -22.0002 -22.5626 0.0260847 -0.0303914 0.00288783 -22.3126 -22.2497 -22.6567 0.013299 -0.022185 0.008158
-7.68582 -1.66721 -1.37955 -0.054406 0.000252241 0.000577486 -8.3793 -1.18345 -1.15673 -0.064763 0.006289 0.003656
0.426103 0.213211 0.270428 -0.301517 4.66551e-07 1.16069e-06 0.258289 0.455144 0.105004 0.063459 0 0
-7.81547 -1.52 -1.10859 -0.054216 0.0112251 0.000876661 -8.44185 -1.09549 -0.963814 -0.065757 0.00564 0.002816
0.0424046 0.797055 0.147531 1.05274e-07 1.12559e-07 0.56255 0.60996 0.065747 0.381799 0 0 0.183966
1.08179 1.73309 1.30763 -1.55967e-07 6.62393e-08 6.21079e-08 1.57558 1.48427 1.3086 0 0 0
-0.25453 0.916041 -0.0467406 2.55372e-07 2.33263e-08 0.702072 0.218294 0.290579 0.124526 0 0 0.291779
-16.7979 -17.7661 -18.1798 0.332596 -0.0456509 0.0833764 -17.1046 -17.1122 -17.8172 0.743799 -0.144042 0.537875
-0.222149 0.98906 0.040963 1.12749e-07 0.439887 1.55264e-08 0.504626 0.072623 0.471795 0 0.317502 0
-0.0142543 0.911095 0.262306 1.11896e-07 -6.90067e-08 -0.39849 0.523737 0.249045 0.490728 0 0 -0.213033
-0.0442163 0.932521 0.234437 1.13964e-07 -1.74605e-07 0.40558 0.48834 0.266352 0.491136 0 0 0.217808
-0.552387 1.14263 -0.146536 2.29856e-09 -0.527866 3.07255e-08 0.17379 0.222258 0.357924 0 -0.358212 0
37.9827 36.1632 36.7341 -0.151858 -0.439781 0.967353 38.0023 36.5069 37.5306 -0.231861 -0.303864 0.534374
0.0788437 0.843229 0.442664 -1.0515e-07 -0.207138 7.70834e-08 0.702677 0.244029 0.699184 0 -0.145898 0
0.0140421 0.842667 0.412731 1.33917e-07 2.86042e-08 0.158701 0.574492 0.369752 0.656419 0 0 0.145589
-0.0192574 0.872957 0.379642 1.87286e-07 -3.19799e-08 0.164019 0.515822 0.381888 0.646091 0 0 0.151684
1.56032 -0.37116 -0.627005 -0.555049 -0.57194 -0.0161446 1.49888 -0.712232 -0.05038 -0.388685 -0.540733 -0.11329
-7.63534 -1.20785 -1.4194 0.0847193 0.041491 0.0768291 -8.69871 -0.923279 -1.38933 0.022662 0.130893 0.026223
0.00970309 0.806367 0.475399 1.2688e-07 -2.46721e-08 -8.73393e-08 0.596035 0.416099 0.723586 0 0 0
-0.0837592 0.890856 0.401333 1.36178e-07 -5.58425e-08 6.07579e-10 0.448491 0.455416 0.736105 0 0 0
-0.764568 1.24886 -0.264081 8.10121e-08 0.567145 -9.73529e-09 0.056999 0.373499 0.258793 0 0.393794 0
-0.485307 1.36618 0.0142167 1.41253e-07 5.19297e-08 0.674035 -0.133771 0.591208 0.154233 0 0 0.316463
78.4992 78.32 86.2409 -0.281021 -0.0101073 0.0172048 79.7747 79.3149 88.8875 -0.271622 -0.161306 0.231103
-0.432679 1.34541 0.0408137 2.30405e-07 -9.52288e-08 1.32225e-07 -0.069871 0.605385 0.495119 0 0 0
0.605492 0.0705252 -0.0733907 -2.85435e-06 5.02217e-07 -0.702994 0.172178 -0.106943 -0.261935 0 0 -0.458748
-5.77957 -1.73209 -3.04983 0.0244966 0.0871973 0.09352 -7.49186 -1.51374 -2.92587 0.012998 0.153166 0.028654
-16.9165 -16.6516 -17.1797 0.0770209 0.118344 -0.0353289 -16.7566 -16.5376 -16.5968 0.021468 0.068738 -0.048363
-16.7479 -16.2451 -16.9038 0.00934512 0.151518 0.160283 -17.2282 -16.8094 -16.8109 0.048381 0.021967 0.112494
0.45661 0.15812 -0.0342176 -2.13815e-06 1.54838e-06 -0.354982 0.075316 -0.026516 -0.210879 0 0 -0.166287
0.452871 -0.128584 0.275096 -1.38285e-06 3.07362e-08 -0.160155 0.104551 -0.377743 0.166202 0 0 -0.037608
-8.47577 -0.382287 0.974191 -0.0528502 0.0090481 -0.000130473 -8.77324 -0.515745 0.494905 -0.058828 -0.000538 0.001144
0.366039 0.0342052 0.117373 -1.89764e-06 1.81183e-06 -0.220863 0.04252 -0.260687 0.013813 0 0 -0.080737
0.437617 -0.137381 0.267578 -2.2479e-06 1.00547e-06 -0.198515 0.115358 -0.388946 0.101832 0 0 -0.104045
0.368696 0.0328758 0.121754 -1.31144e-06 8.15176e-07 -0.230775 0.061504 -0.260891 -0.011842 0 0 -0.090489
0.545225 -0.212124 0.300949 -1.87266e-06 -1.37408e-07 -0.106737 0.140931 -0.345199 0.188309 0 0 0.009543
0.55957 0.135579 -0.195421 -3.84322e-06 1.0515e-06 -0.804123 0.050466 -0.159426 0.00177 0 0 -0.628244
38.8958 37.1597 37.6463 -0.146347 -0.432216 0.968014 38.8926 37.4787 38.4348 -0.209357 -0.283286 0.519743
0.569792 -0.168131 0.359328 -2.22235e-06 3.18672e-07 -0.034348 0.144995 -0.278538 0.266528 0 0 0.086822
-0.601303 -0.906962 -0.796775 2.26583e-06 -6.7101e-07 -0.234237 -1.06095 -1.33321 -1.09847 0 0 -0.140386
0.45834 0.0356 0.0911417 -0.171022 0.325084 -0.273384 0.131848 -0.072692 0.04893 -0.005475 0.205179 -0.153172
0.455436 0.0464404 0.0922278 -0.170689 0.33742 -0.287509 0.145087 -0.090874 0.050789 -0.007133 0.201999 -0.156435
-16.9035 -16.4327 -17.0686 -0.0164468 0.126 0.13025 -17.2511 -16.8477 -17.12 -0.107709 0.054882 0.147745
-20.0205 -17.286 -15.1769 0.0786113 -0.103047 -0.0687059 -20.8096 -15.9194 -15.5962 0.041624 -0.114784 -0.08964
0.520869 -0.164083 0.252471 -3.66315e-06 7.09543e-07 -0.131627 0.098668 -0.126068 0.228657 0 0 0.049188
-0.524791 1.81385 -0.0385879 2.03811e-07 4.58134e-08 -7.55695e-08 -0.219923 0.737621 0.324744 0 0 0
0.533145 0.176052 -0.0932215 -5.07937e-06 2.16494e-06 -0.699756 -0.003777 -0.098418 0.249604 0 0 -0.542384
0.52021 -0.224199 0.260097 -4.09038e-06 5.86734e-07 -0.232432 0.082831 -0.200578 0.125991 0 0 -0.082809
-0.394827 1.80457 0.0107781 -0.725261 -0.0485674 0.530167 0.526087 2.07139 0.293279 -0.805668 0.051394 0.780415
-17.8369 -17.8404 -17.7455 -0.00316413 -0.00149809 0.00298632 -17.9505 -17.9571 -18.8474 -0.006511 3.4e-05 -2.8e-05
0.502607 -0.000751066 0.169719 -5.3974e-06 2.2625e-06 -0.25194 0.021228 0.043058 0.310616 0 0 -0.06087
0.539571 0.132358 0.0668644 -5.54776e-06 2.41177e-06 -0.487799 -0.023202 0.015343 0.330091 0 0 -0.329693
0.537364 0.131503 0.0522135 -4.8975e-06 1.45748e-06 -0.496702 -0.019625 0.006108 0.301314 0 0 -0.344619
-15.8676 -16.0064 -16.5601 -0.137922 -0.283163 0.0870605 -16.219 -15.9457 -16.2467 -0.088381 -0.142165 0.103376
-2.34653 -2.6024 -2.44599 -1.34723e-06 -5.51332e-07 -0.238387 -2.84852 -3.1497 -2.8679 0 0 -0.076635
-17.1244 -16.8108 -17.3392 -0.0536307 0.0726302 0.0325502 -16.937 -16.712 -16.8721 -0.047738 0.135661 -0.005324
0.562491 0.0378151 0.125419 -6.14958e-06 4.26214e-07 -0.67895 -0.100567 -0.081262 0.250846 0 0 -0.537913
-17.1013 -16.8963 -17.3826 -0.0223026 0.0580648 0.00778634 -16.9515 -16.826 -16.9447 -0.018027 0.075098 -0.000895
-17.0903 -16.9067 -17.3903 -0.0148728 0.0563609 0.00497059 -16.9424 -16.8315 -16.9486 -0.010851 0.064417 -0.000575
-0.408886 -0.191076 -0.097681 -0.664771 -0.470715 -0.436331 -1.24769 -0.665198 -0.455874 -0.563231 -0.445992 -0.419123
-0.907049 1.89985 0.647547 -0.403436 0.233748 -0.906452 -0.084795 2.35959 1.07965 -0.530234 0.427901 -0.974803
0.543777 0.163592 -0.139128 0.054873 0.550162 -0.428953 0.461957 0.28209 -0.110153 0.162281 0.613057 -0.15735
0.516141 0.151338 -0.0927322 0.0747041 0.586967 -0.424696 0.442178 0.201593 -0.062464 0.179496 0.596949 -0.161363
-17.1497 -17.1594 -17.5856 0.0661144 0.0327579 -0.0838513 -17.2748 -17.1116 -17.1502 0.036439 0.004159 0.025061
-0.320516 0.170135 -0.122447 -0.0255425 -0.203617 -0.0518979 -0.435619 -0.241542 -0.298345 0.033483 -0.058032 0.056947
74.7603 74.9365 75.182 -0.366915 -0.292559 0.118345 74.8535 74.5532 74.7596 -0.367145 -0.103542 -0.050711
40.7415 39.161 39.4672 -0.130376 -0.417059 0.963429 40.6806 39.4538 40.2595 -0.159406 -0.238571 0.508007
-16.9486 -16.8958 -17.4288 -0.0991976 -0.086238 -0.0271638 -17.4334 -17.6194 -17.7544 -0.015121 -0.072094 -0.034113
-17.0605 -16.9382 -17.4085 -0.0174005 0.0317474 -0.00493607 -17.8218 -17.8302 -17.6508 -0.005665 -0.06364 -0.003711
-22.7344 -23.2597 -23.5655 0.0941876 -0.283634 0.214827 -22.4704 -22.1993 -22.5823 0.164345 0.040259 0.415218
-22.8569 -23.3598 -23.6713 0.0886434 -0.279253 0.210814 -22.5779 -22.3037 -22.674 0.15036 0.04666 0.400825
-19.331 -19.3306 -18.6679 7.28512e-06 3.24824e-07 3.33929e-07 -19.9172 -19.9172 -20.8083 0 0 -0
-22.9768 -23.4567 -23.7736 0.0835992 -0.274344 0.206529 -22.6782 -22.4018 -22.7606 0.13868 0.050122 0.386184
-0.647577 0.23591 -0.592398 -0.446521 -0.487712 -0.177348 -1.85418 -0.435342 -1.02098 -0.343803 -0.504579 -0.304808
3.16894 3.67597 2.50155 -1.56407 1.24031 -1.16998 1.98774 3.22788 1.53823 -2.59426 1.27929 -1.18408
-6.49737 -0.653299 -0.399597 -0.157268 -0.119557 -0.292474 -7.26317 -0.367571 -0.682008 0.146672 -0.05313 -0.216718
-10.6706 -8.48555 -10.3908 -0.34891 0.56067 0.0652887 -10.6513 -8.78477 -9.90402 -0.335854 0.229934 0.514684
98.7341 99.0115 81.4112 -0.214438 0.250594 -0.155333 100.017 99.7721 79.6746 -0.035226 0.348455 0.029707
75.9994 76.4584 76.1663 -0.115397 0.382643 -0.32389 75.2073 75.3939 75.2383 -0.489668 0.344329 -0.449758
-24.8865 -24.798 -25.724 0.179955 0.0065766 -0.0966752 -24.8752 -24.9534 -25.3197 -0.041703 -0.007087 0.037947
0.848126 0.722002 -0.411294 0.0521845 -0.5036 -0.161207 0.850648 0.450397 -0.669229 -0.022948 -0.779897 0.058315
-0.0303016 2.09604 2.0237 -0.490687 0.230736 -0.691943 0.850352 2.51586 2.1858 -0.611908 0.422583 -0.757905
75.8563 76.418 76.3122 -0.238921 0.358936 -0.415899 75.2723 76.0218 75.1864 -0.678217 0.189769 -0.479673
-2.81319 0.461734 -1.70146 -0.0597145 -0.370649 0.0852062 -4.19724 -0.220217 -1.99714 0.03077 -0.368003 -0.148654
-23.8225 -24.1098 -24.4692 0.061619 -0.216568 0.174494 -23.3612 -23.0858 -23.3629 0.055381 0.07555 0.276597
8.49292 18.1359 14.1309 -0.0599631 1.43275 -0.0505625 5.89593 16.7817 14.8688 -0.155441 1.55975 0.013676
0.912707 0.776411 0.38575 -0.00632075 0.632603 -0.352254 0.873703 0.679274 0.239834 0.112576 0.951733 -0.152691
-7.45088 -0.575159 1.26824 -0.388255 0.102257 -0.226237 -7.77724 -0.408329 1.11173 -0.037243 0.120262 -0.184731
6.62372 18.8019 14.6345 -0.39573 0.743948 -0.0645895 4.76297 17.5089 15.5538 -0.398899 0.84788 0.002262
-6.84573 -8.29926 -9.03118 2.12862 -0.406804 0.720305 -5.56019 -7.15779 -7.63385 1.8866 -0.114526 0.848335
0.554255 0.253637 -0.827804 0.0747073 -0.299551 0.0432005 1.07227 0.405105 -0.939283 0.085698 -0.372399 0.290121
0.575062 0.324891 -0.731383 0.0765207 -0.323352 -0.00451344 1.08616 0.452694 -0.809765 0.085112 -0.394832 0.235811
7.60531 18.234 14.0355 -0.351046 0.825371 -0.0694226 5.36028 17.2286 15.0626 -0.400615 0.968207 0.023507
-5.96549 -6.98361 -7.92105 2.35867 -0.183289 1.01485 -4.54514 -5.67497 -6.46113 2.11544 0.167698 1.11204
-17.0382 -16.8084 -17.4115 0.27045 0.0558356 -0.262538 -17.6146 -17.093 -17.6359 0.266567 0.044921 -0.137629
-15.501 -15.3242 -15.6188 -0.610329 -0.187134 0.00103802 -15.5441 -15.6508 -15.4777 -0.651839 -0.292774 -0.364337
-21.9448 -21.8802 -23.2893 -0.0557953 0.0387626 -0.0223823 -20.7812 -20.8811 -24.6506 0.074105 -0.105797 0.057697
-20.5061 -16.4785 -12.2466 0.052889 -0.121883 0.0127761 -21.3781 -15.645 -13.3032 0.052147 -0.071569 -0.00412
-12.2359 -10.2867 -12.217 -0.548299 0.386314 -0.0412079 -12.2625 -10.5791 -11.8233 -0.591696 0.153568 0.250025
0.518239 0.429407 -0.601968 -7.06636e-08 5.89537e-07 -0.187145 1.27371 0.704729 -0.410096 0 0 0.249239
-16.7184 -15.7685 -16.9227 -0.596497 0.325759 0.0276697 -16.7855 -15.8275 -16.7959 -0.500795 0.35265 -0.037919
-16.6942 -16.1928 -16.2941 -0.0372477 -0.109855 0.0229302 -16.5804 -16.0401 -17.4368 -0.119018 -0.06928 -0.224366
-17.1907 -16.5952 -17.4847 -0.44631 0.224541 0.0572911 -17.4248 -16.8614 -17.5299 -0.270866 0.331509 -0.138941
-1.19959 -0.0357312 -1.75408 0.0916541 -3.49777 2.37271 -1.92303 -0.542309 -1.74976 0.606968 -3.76149 2.05054
-13.6978 -13.8976 -14.3775 -0.59426 -0.458194 0.247182 -13.4299 -13.7772 -14.0262 -0.577512 -0.454444 0.043601
45.4034 45.4023 45.3259 -0.000307657 -0.0407595 0.000104745 45.566 45.6038 45.2871 -6e-05 0.081884 -4.2e-05
-17.3962 -16.959 -17.7048 -0.325656 0.151515 0.0512327 -17.4978 -17.2394 -17.5693 -0.182346 0.191551 0.079277
7.69124 8.5659 7.64166 0.0249662 -0.227679 -0.0125898 8.14515 8.30831 8.02285 0.052415 0.005536 0.068216
-18.936 -17.6913 -18.1951 0.895999 0.0515243 0.0060142 -18.5374 -17.349 -20.5093 1.00913 0.095156 0.002936
-16.3317 -16.5679 -16.8107 0.0754885 -0.201141 -0.158499 -15.8526 -16.2171 -17.4136 -0.08944 -0.111669 0.02515
5.23454 19.3105 18.1596 -0.3379 0.383712 -0.049933 5.23534 18.1575 18.9966 -0.301754 0.568412 -0.087913
-19.109 -19.0794 -19.1315 -0.0605416 0.0193594 -0.0064001 -18.6732 -18.6566 -20.8409 -0.041051 0.005589 -0.015109
-17.6576 -17.5813 -17.9525 -0.0715166 0.00212094 0.0287519 -17.7299 -17.7189 -17.6019 -0.022991 0.07758 0.055996
-17.5435 -17.6034 -17.9118 0.0676671 -0.024819 -0.12473 -17.5829 -17.6984 -17.6415 0.060471 0.000853 0.019198
-16.5512 -16.8302 -17.0616 -0.0336504 -0.159337 -0.167677 -16.2175 -16.5634 -17.7338 -0.1348 -0.083791 -0.009678
-17.6277 -17.6907 -17.9536 -0.00472884 -0.00935324 -0.0203644 -17.7543 -17.8155 -17.7122 0.004432 0.012214 0.011722
70.6503 72.0251 77.6658 -0.25515 -0.0861963 -0.0341823 70.3019 72.1901 79.8644 0.200432 -0.118703 -0.23544
-5.15508 0.355112 -1.45223 0.587469 -1.52795 0.477619 -5.75831 -0.398564 -0.560149 0.797901 -1.57304 0.409116
-17.2703 -17.6848 -17.6383 0.0110791 -0.124482 0.0637738 -17.8723 -18.1065 -18.3509 0.003723 -0.052327 0.04006
70.87 71.9182 77.7286 -0.252975 -0.085699 -0.0658673 70.456 71.9461 80.0592 0.155773 -0.103036 -0.216898
-16.1487 -16.3616 -16.415 0.00836145 -0.109837 -0.0124519 -16.4764 -16.4311 -15.9712 -0.045919 0.138459 0.012564
-16.4462 -16.4729 -17.2317 0.490258 0.00282679 0.133477 -16.5614 -16.5779 -18.6767 0.231839 0.130794 -0.071618
-16.4392 -16.484 -17.2199 0.487959 0.00622332 0.132126 -16.5603 -16.5898 -18.6657 0.233607 0.134036 -0.06642
-17.3758 -17.7018 -17.7115 0.0153214 -0.0973474 0.0468516 -18.0584 -18.2102 -18.4663 0.026628 -0.044805 0.028078
71.3652 71.9139 77.7985 -0.25972 -0.023439 -0.122982 70.8222 71.6861 80.3137 0.057743 -0.038226 -0.167327
-15.25 -15.654 -15.4352 0.114942 -0.232478 -0.11932 -15.1714 -15.3156 -14.9916 0.043655 -0.037805 0.052225
-8.89033 1.1928 5.02455 -0.0358873 -0.13649 0.016566 -8.64814 0.484738 5.24366 -0.093862 0.085263 0.005467
71.7779 72.0387 77.9433 -0.168992 0.0193698 -0.124601 71.2619 71.8434 80.4816 0.045076 0.033262 -0.162266
73.0845 73.3204 79.6573 0.154724 0.0585474 -0.00133263 72.2977 72.9182 80.6993 0.36614 0.164214 -0.400143
-17.627 -17.4163 -17.777 0.0291073 0.022788 0.0511052 -17.9125 -17.6659 -17.5432 0.061363 0.046858 0.027356
-16.928 -16.938 -16.9322 -0.00427153 -0.0049766 -0.00521734 -16.9412 -16.9574 -16.9574 -0.004711 -0.005071 -0.006163
72.6313 72.7917 78.8914 0.0398938 0.0772867 -0.0546691 72.0884 72.5671 80.6836 0.197541 0.130846 -0.281941
72.2669 72.4223 78.4617 -0.0420136 0.0750676 -0.0833228 71.766 72.2411 80.6243 0.114362 0.097274 -0.225924
-17.7017 -17.6182 -17.6797 -0.0320413 0.176384 -0.0757242 -17.5784 -17.5328 -17.7608 0.151596 0.118456 -0.116685
-17.7574 -17.6863 -17.7979 0.000838788 0.150485 -0.0689119 -17.6495 -17.6317 -17.8678 0.135197 0.083721 -0.055891
9.1524 10.127 9.04558 0.0309208 -0.240187 -0.00544728 9.67583 9.81502 9.50823 0.069494 0.010824 0.074661
-17.7465 -17.587 -17.9738 0.0656512 0.0552588 0.0440155 -17.8935 -17.7977 -17.9095 0.045611 0.01557 0.002881
-17.7284 -17.523 -17.7459 0.0464055 0.0456291 -0.0540407 -18.3526 -18.2191 -18.5604 0.017344 -0.011317 0.020729
-17.732 -17.5679 -17.7775 0.047684 0.0315116 -0.0504718 -18.3998 -18.2735 -18.604 0.026644 -0.016425 0.021894
-17.6501 -17.6499 -17.8106 0.00010269 2.34673e-05 -3.54992e-05 -18.514 -18.5137 -18.8506 1.1e-05 0.001069 -0.00023
-8.68796 1.28787 5.43328 -0.0296311 -0.0362368 0.00116426 -8.69462 0.33176 5.86092 -0.028547 0.003674 0.003554
-8.24755 1.29367 5.19079 0.0694986 -0.303249 0.177997 -8.45312 0.88963 4.93067 -0.016746 -0.739181 0.196653
-16.5942 -16.4968 -16.4788 0.107174 0.0645711 -0.147832 -16.7535 -16.6097 -16.5782 0.08123 0.022707 -0.142192
-16.9677 -16.892 -16.9323 0.0234804 0.000309429 -0.10751 -16.9969 -16.9133 -17.0133 0.010723 -0.070432 -0.084943
-14.7836 -12.4964 -11.9999 0.0663676 0.115726 -0.00192682 -14.4636 -11.7159 -10.7039 0.164689 0.133829 0.041923
-15.1633 -12.0752 -11.3973 0.0736645 0.0915383 -0.00570479 -15.2547 -11.5958 -10.5022 0.157668 0.149417 0.039477
64.9677 66.0978 66.2607 -0.450525 0.0897819 -0.189551 63.5993 66.2102 66.0639 0.579928 -0.052674 0.465877
64.3567 65.9095 65.3098 0.0966421 0.337211 -0.0739512 62.5475 65.3763 64.7538 1.39365 0.372785 1.0372
-12.37 -12.682 -14.4127 -0.463726 -0.314315 0.627957 -12.9101 -12.9633 -13.5279 -0.011185 -0.236732 0.668208
-19.6829 -19.6812 -20.3123 -0.0127788 0.0116714 -0.00967557 -20.0537 -20.035 -20.1759 0.032819 0.001211 -0.03427
-19.6516 -19.6492 -20.2386 -0.0166281 0.0152634 -0.0139219 -20.0342 -20.005 -20.1323 0.035794 0.003454 -0.045155
66.5105 68.077 67.9771 -0.509509 0.0587699 -0.0400269 64.9659 67.8282 67.532 0.226802 -0.254717 0.43337
-9.17509 -11.2684 -11.2266 1.788 -0.635949 -0.422436 -8.24223 -10.8619 -10.6199 1.54444 -0.408896 0.03964
-8.42563 1.48854 6.38729 -0.0201563 -0.0256685 0.00146365 -8.34945 0.189988 7.38553 -0.018963 0.005381 0.00151
71.0833 71.2001 72.1796 -1.19556 0.0122385 -0.250489 69.5521 71.3633 71.4167 -0.073832 -0.218102 0.071474
66.4735 67.24 68.3141 -0.949154 0.305839 -0.079788 65.4691 67.7617 68.3214 0.240629 0.025116 0.286445
-19.0707 -19.0645 -19.0286 -0.0430767 0.0656252 -0.0715655 -19.3249 -19.1815 -19.1247 0.014421 0.035503 -0.156321
67.2742 68.3121 67.8583 0.137932 0.399646 -0.252962 65.059 67.6609 67.6654 1.4115 0.500814 0.560241
49.7772 49.7857 49.949 -0.000372559 -0.0399854 0.000132493 50.1203 50.1955 49.9076 -4.6e-05 0.093679 -8e-05
-18.7211 -18.722 -19.7982 -0.00912592 7.76675e-05 -0.000916292 -18.9363 -18.951 -19.2142 -0.049151 0.00055 -0.006337
-18.7024 -18.7011 -19.7172 -0.0465716 0.00351041 -0.0231732 -18.9642 -18.9735 -19.1767 -0.231855 0.00244 -0.027851
-8.06563 1.669 7.30998 -0.012241 0.000640676 -0.000828845 -7.89707 0.012951 8.75525 -0.012093 -0.003586 0.000277
-8.06059 1.6719 7.33497 -0.0105002 0.000586411 -0.000712543 -7.89755 0.00424 8.7902 -0.010832 -0.002867 0.000591
40.3416 37.0554 30.201 -6.40359 0.628085 0.413658 39.0139 35.2718 35.7412 0.488557 -2.78821 0.017348
-8.06184 1.67579 7.40131 7.83062e-07 -2.79995e-05 -1.68477e-07 -7.8638 -0.022957 8.90225 0 0 -0
-18.5466 -18.5182 -19.0178 -0.166022 0.0606566 -0.216344 -18.8696 -19.0184 -18.8337 -0.706017 0.045318 -0.208115
-9.09235 0.529428 6.23156 -3.09044e-06 2.25385e-05 6.92474e-07 -8.93052 -1.16517 7.62083 0 -0 -0
-18.4522 -18.4144 -18.5932 -0.222679 0.101978 -0.327982 -18.7804 -19.0042 -18.5952 -0.864404 0.058969 -0.299174
-18.3428 -18.294 -18.0808 -0.290809 0.154143 -0.451894 -18.6923 -18.9743 -18.3326 -1.00525 0.084081 -0.397805
-18.25 -18.1961 -17.6621 -0.342411 0.194266 -0.545851 -18.6194 -18.9433 -18.0904 -1.09767 0.10366 -0.461207
-18.1885 -18.1328 -17.3948 -0.374005 0.216295 -0.603264 -18.571 -18.9214 -17.9497 -1.15661 0.112315 -0.507073
-5.89167 4.13602 9.9186 -1.30007e-06 2.22944e-06 -7.60993e-07 -5.58267 2.3824 11.6602 -0 0 -0
-18.2077 -18.2486 -18.5834 5.96134e-07 -0.000335498 3.37279e-05 -18.4465 -18.4352 -18.3265 1.1e-05 0.011063 2e-06
-22.1026 -21.7989 -23.5259 0.0241026 0.137514 0.0313458 -22.1819 -22.0758 -24.9675 0.105064 -0.005019 0.080285
35.1951 34.9683 34.4413 -0.706884 -0.413155 1.77702 33.0858 36.1184 34.4405 -1.35175 -2.45993 2.48307
-19.5032 -18.5183 -19.1884 0.666573 0.0418032 0.0294612 -19.0976 -18.2127 -21.6173 0.721072 0.071895 0.010912
-18.861 -18.8622 -19.1666 -0.00121847 -0.000575733 0.00132176 -19.2244 -19.2273 -20.1571 -0.003171 -0.00258 0.004536
37.8449 38.4366 37.2287 -0.472843 -0.351977 1.46709 35.9124 38.6961 38.4978 -1.20846 -2.04952 2.43495
-19.5407 -18.5769 -19.2573 0.65124 0.041066 0.0303211 -19.1295 -18.2664 -21.6854 0.701338 0.068841 0.010878
-2.38743 1.77591 -1.91925 0.483109 -2.49489 1.12499 -2.38814 0.72343 -0.719249 0.692816 -2.52333 0.442346
-2.12872 1.93373 -1.80311 0.371449 -2.64283 1.25479 -2.14408 0.947286 -0.616858 0.636403 -2.67266 0.561683
72.2877 96.7081 129.74 -0.231333 -0.314216 0.57318 77.0827 95.0438 129.868 -0.125927 -0.813369 0.165026
33.4994 31.9362 31.9821 -0.702872 0.198746 2.09652 31.4152 32.712 31.2463 -1.23915 -2.28466 1.83639
-10.927 -14.3563 -14.4087 0.898648 -0.0876791 -0.185269 -9.73427 -16.2192 -16.2859 1.33624 -0.034313 -0.233797
-9.98772 -13.1642 -13.6853 0.19661 -0.190598 -0.0829034 -8.79316 -14.9969 -15.9335 0.198179 0.012971 -0.103754
49.3685 69.1762 91.2272 -0.242646 0.639048 -0.370379 51.8501 67.6593 91.1762 -0.162603 0.533847 -0.337977
82.8445 82.6027 80.4878 -0.00155941 -0.176057 0.336287 82.2168 80.8084 81.8966 -0.40239 0.355369 0.158874
67.6508 67.669 67.607 -0.220905 -0.18481 -0.0228386 67.2036 67.0983 67.4095 -0.536585 -0.008964 0.027782
67.5592 67.5539 67.5131 -0.280192 -0.146953 -0.0334766 67.1543 66.9401 67.2608 -0.451893 0.080116 -0.048778
67.4763 67.4763 67.4428 -0.33567 -0.105927 -0.0648342 67.1104 66.8513 67.1812 -0.378105 0.139764 -0.091243
67.3825 67.3863 67.3512 -0.333232 -0.0527158 -0.052404 67.0509 66.7719 67.102 -0.304949 0.170235 -0.100882
-15.9056 -15.8901 -15.9119 -0.0019694 0.000645438 -0.00517122 -15.6276 -15.6339 -15.6297 0.003156 -0.007391 0.013328
-14.4602 -15.6059 -16.2866 -0.784996 -0.562501 0.1235 -14.8583 -16.6381 -17.2397 -0.904928 -0.235911 0.146524
-15.9342 -15.8982 -15.9503 -0.00193291 0.00142758 -0.0140968 -15.6032 -15.619 -15.6071 0.010694 -0.020665 0.027708
-18.0694 -18.0577 -18.0779 -0.038073 -0.0450807 0.0257815 -18.349 -18.2165 -18.2701 -0.026098 -0.016897 0.007204
-15.9463 -15.898 -15.9662 -0.00156639 0.00198752 -0.0193221 -15.6039 -15.6278 -15.6075 0.016386 -0.028582 0.0362
-17.9056 -17.8751 -17.9455 -0.114901 -0.127999 0.0667187 -18.2883 -17.9531 -18.1155 -0.081826 -0.059228 0.029385
-15.9534 -15.8955 -15.9757 -0.00112115 0.00258501 -0.0234086 -15.6165 -15.645 -15.6179 0.020703 -0.034643 0.041002
-15.9591 -15.8913 -15.9831 -0.000317267 0.00341327 -0.0276061 -15.6369 -15.6712 -15.6407 0.022722 -0.041242 0.043891
49.4357 47.324 49.6016 -0.125629 0.017619 -0.0138983 49.3708 46.784 50.1167 0.321751 -0.262753 -0.374196
84.8482 84.6014 81.6896 0.0730508 -0.163 0.196625 83.919 82.8614 83.5931 -0.231903 0.26909 0.151829
-15.9797 -16.3953 -16.9232 -0.689486 -0.529432 0.163083 -16.4326 -16.767 -17.2622 -0.661366 -0.188202 0.172302
50.0192 44.2701 46.2648 -0.998287 -0.252791 0.184594 49.6009 45.4553 46.9071 1.01855 -3.03967 0.409213
-15.9661 -15.8577 -15.9929 0.00793554 0.00647409 -0.0455285 -15.8669 -15.8604 -15.8898 0.021756 -0.039882 -0.001345
-15.9635 -15.8446 -15.9898 0.0114724 0.00830634 -0.0507973 -16.0044 -15.9449 -16.0292 0.034258 -0.04458 -0.036648
-17.2785 -9.03602 -4.63872 0.0574127 0.047127 -0.0130623 -16.5279 -8.77659 -5.06711 0.076223 0.047712 -0.006236
42.896 42.8605 41.6628 -0.355109 -0.710296 1.11929 42.1789 41.3788 43.3332 -0.821064 -2.30921 2.53259
-19.5002 -19.5086 -20.0607 0.00538232 0.000227979 0.000341923 -20.7275 -20.7305 -21.9836 -0.002178 0.001771 0.001564
-17.2972 -8.96949 -4.26955 0.0508981 0.0391862 -0.0122974 -16.6904 -9.01588 -4.51337 0.06597 0.03552 -0.007922
52.1252 45.9729 48.9396 -0.350272 -0.258557 0.251149 51.2667 47.186 49.9716 0.913587 -3.10829 0.330989
-18.7993 -18.7992 -19.0587 6.67894e-05 -9.36534e-07 -1.46826e-06 -18.7788 -18.7789 -18.9257 -0.000159 -0.000133 0.00023
-17.2275 -8.84682 -3.5105 0.0162848 0.00972399 -0.00490025 -16.5331 -9.23484 -3.41659 0.017679 0.009966 -0.002408
-19.9501 -19.2375 -20.0464 0.484338 0.0291296 0.0349644 -19.4738 -18.8648 -22.3579 0.478458 0.044588 0.014693
-17.0778 -15.9508 -17.3628 0.64771 0.363499 0.129381 -16.6753 -16.5154 -17.7007 0.470503 0.092566 0.377068
71.5784 68.8651 74.988 1.42551 0.0338306 0.0672096 71.2317 68.0474 76.4773 2.11037 0.06476 -0.07822
71.5436 69.3434 75.0383 1.00948 0.0141894 0.0696746 71.0416 68.397 76.8653 1.66571 0.060461 -0.093589
-10.1948 -12.9323 -13.1001 1.49647 -0.121408 -0.780783 -10.0188 -12.3621 -12.4816 1.48938 -0.131127 -0.275967
71.7961 71.2832 76.0297 0.107066 -0.0464814 0.0101082 70.8429 70.2693 77.5798 0.302613 0.034005 -0.050995
71.7235 71.04 75.8055 0.185173 -0.0411884 0.0266847 70.8921 70.1027 77.5658 0.431068 0.027748 -0.049499
71.4326 69.9948 75.1698 0.53791 -0.0181585 0.0860868 70.8712 69.1215 77.3274 1.01848 0.044671 -0.082351
71.4443 70.2562 75.2565 0.421167 -0.0385289 0.0832527 70.863 69.4155 77.4252 0.835828 0.036388 -0.061471
-19.2417 -18.8793 -19.3121 -0.117326 0.170595 -0.190326 -19.6853 -18.9631 -19.7329 0.000942 0.309995 -0.110082
-11.9516 -11.8761 -13.0038 -0.791195 0.0860207 0.938916 -12.763 -13.1803 -14.0641 -0.399421 0.010541 0.522617
46.4134 46.6785 47.0414 0.385434 0.141005 0.579002 45.269 47.3338 45.2515 0.698676 1.40534 -0.199624
59.1631 59.1912 59.6128 0.00063118 -0.035678 -0.000509611 60.0684 60.1672 59.7601 -0.000101 0.095056 -0.000104
59.003 59.0038 59.9385 0.000629349 0.000332144 -0.00048791 59.8232 59.8229 60.0142 -0.000255 3.5e-05 -6e-05
-17.7929 -16.6785 -18.333 0.467564 0.342373 0.169461 -17.4607 -17.1681 -18.6668 0.380532 0.131517 0.406875
-18.7365 -17.9759 -19.721 0.439961 -0.030078 -0.0234575 -18.3331 -17.7279 -20.7022 0.275282 -0.124302 0.018086
58.8461 61.8287 62.606 -0.690799 0.0654207 0.190961 57.1917 61.043 62.3378 -0.779197 -0.085641 0.049808
52.5683 52.8213 52.3453 0.21366 0.00784686 -0.104801 50.9657 51.7723 52.4672 0.323577 0.027676 -0.531216
11.411 22.6107 31.0875 -1.20412e-06 -1.89308e-05 -5.5128e-07 12.7942 21.0585 31.9603 -0 0 0
57.5775 56.4566 58.1579 -0.0434567 0.0273746 0.0312026 56.6064 55.2199 58.3075 0.143533 -0.102989 -0.147713
56.3548 61.199 61.3191 -1.38523 0.223999 0.253412 54.9519 61.1177 60.8737 -1.22469 -0.48323 0.099402
49.0368 47.6559 47.8413 1.0446 -1.15263 1.28641 47.3566 47.196 49.5793 -0.199732 -2.23712 2.46806
-14.3516 -14.9032 -13.3187 -0.589939 -0.496222 -0.266127 -14.25 -14.5514 -14.0962 -0.506958 -0.323773 0.163514
-12.9376 -11.4341 -13.1334 0.0843918 0.884843 0.599622 -14.3749 -12.4783 -14.7085 0.316777 0.342689 0.075397
-18.3588 -17.3926 -19.1453 0.334474 0.306991 0.173625 -18.0632 -17.7351 -19.4172 0.288887 0.13512 0.372743
49.5515 52.3625 51.6598 -0.334285 0.622631 0.837886 52.6282 51.4417 49.096 0.753123 0.969849 -0.557175
-16.1081 -16.6156 -16.5129 0.332629 0.153729 -0.0777828 -15.7993 -16.2262 -16.8631 0.359644 0.029511 0.110456
58.8541 58.9007 58.9012 -0.0640364 -0.0205463 0.0282165 59.6993 59.6911 59.7253 0.041163 0.047247 -0.066805
58.856 60.1574 47.6137 0.763042 0.0303222 -0.340497 68.3988 66.3318 49.8488 -5.6711 1.26575 0.093626
-18.1201 -15.3924 -13.1365 0.0831145 0.0323775 0.0197647 -18.0397 -14.1275 -12.9662 0.146914 0.00119 -0.031101
59.5317 59.6695 59.6758 -0.116288 0.104851 0.0786485 59.8976 59.9937 60.0754 0.052149 0.115231 -0.234049
60.1208 60.0851 60.1514 -0.294897 0.17281 -0.160002 59.7035 59.8336 60.1303 0.017063 0.140308 -0.187463
-14.0359 -12.7323 -14.3134 0.408983 0.995181 0.460117 -15.3223 -13.7732 -15.666 0.590888 0.488142 -0.051684
59.9703 60.0838 60.1071 -0.182658 0.238092 -0.0787658 59.9003 60.0534 60.1984 -0.013224 0.165252 -0.342161
-22.0522 -21.9896 -23.6956 -0.0542134 0.0103166 -0.00595828 -22.2353 -22.1844 -24.95 -0.066983 0.04574 -0.026154
-19.4335 -19.3084 -20.4561 0.309372 -0.0402279 -0.032817 -18.8501 -18.9437 -20.643 0.164467 -0.01452 0.025827
-14.3144 -13.0836 -14.6066 0.461267 1.01692 0.428756 -15.6431 -14.1193 -15.9598 0.613943 0.568557 -0.125205
28.5701 44.2316 45.3182 -0.34876 0.0466182 -0.0234097 28.5856 46.9961 46.6841 -0.144341 0.539833 0.013346
-14.3484 -15.309 -12.9464 -0.0517883 -0.2604 -0.130795 -14.2772 -14.6931 -13.5266 -0.001703 -0.279456 0.348701
60.2025 59.7073 59.9657 -0.154145 0.178557 0.0700604 59.9428 59.7988 60.6477 0.10932 0.074427 0.041492
60.3536 59.6418 59.8968 -0.212619 -0.00350077 0.0861211 60.1493 59.7302 60.512 0.04452 0.020773 0.071233
63.2435 58.2011 61.0855 0.38014 -0.172156 -0.0936268 62.1116 58.1818 62.5587 -0.19121 -1.25803 -0.379272
29.6544 45.3924 46.1288 0.060021 -0.167065 0.0867322 28.9126 47.9588 46.9762 0.203307 0.290376 -0.025664
-19.0712 -18.3862 -20.1053 0.154408 0.213845 0.13555 -18.7186 -18.393 -20.1945 0.141536 0.085577 0.281883
-17.3156 -17.1971 -16.8622 0.844919 0.0279358 0.0981078 -17.0568 -16.9428 -17.0869 0.829139 -0.139759 0.168141
-19.7196 -19.3856 -20.9359 0.155925 -0.00845942 -0.00290935 -19.1864 -18.9151 -21.8639 0.05221 -0.074553 0.034415
-16.137 -16.0798 -17.3174 0.273216 0.138054 -0.267418 -16.0198 -15.4003 -16.8023 0.276801 0.181668 -0.058933
31.3051 43.9967 45.1986 -0.125631 -0.032278 0.0840547 29.7549 46.1826 46.2193 0.115679 0.357339 -0.004761
-15.943 -16.9405 -15.568 0.411436 -0.0727494 -0.170647 -15.8539 -16.079 -15.9192 0.185875 -0.09196 0.361495
53.2582 51.8878 51.5016 1.69974 -1.63335 1.05889 51.5291 51.7227 53.2212 0.451588 -1.69664 1.85711
63.7086 64.5235 54.617 1.90119 -0.0379887 1.39662 75.4143 64.1165 52.6914 -2.01621 -0.430416 -1.69743
61.5754 57.0352 52.8631 0.812313 0.738912 0.639422 56.1743 54.0396 50.2166 2.69544 0.203582 -0.46961
-22.6332 -22.1183 -22.7392 0.165791 0.163496 -0.153039 -22.903 -22.6277 -22.7184 0.115259 0.167582 -0.015107
-15.9729 -15.3048 -16.3648 0.637168 1.00259 0.211429 -17.0096 -16.3399 -17.3242 0.792781 0.571834 -0.290502
63.0605 57.128 59.3839 1.04634 0.0209834 0.00926228 59.9168 54.7753 56.9776 2.56923 0.014628 0.013412
58.9058 59.3655 58.9719 0.23419 -0.0196162 0.0358007 60.2374 59.6371 59.9049 -0.042919 0.899479 0.018104
64.6412 64.8844 57.1976 2.19311 0.116361 1.79252 76.84 64.2059 53.2703 -1.1286 -0.574908 -1.81666
59.0927 59.6012 59.1903 0.243921 -0.0183874 0.019262 60.5805 60.037 60.2158 -0.049147 0.922578 0.13116
63.4116 58.7746 48.5859 0.178129 0.095973 0.116252 55.9647 51.8875 48.5663 0.812121 -0.009325 -0.848854
64.644 58.0505 61.8031 1.0195 -0.689146 0.0528517 61.5022 55.7229 61.0251 2.07654 -0.338585 -0.136953
52.9907 56.0005 54.7443 -0.470879 0.814299 0.909058 54.965 55.6387 53.3436 0.593081 0.802333 -0.257057
61.3389 61.3639 61.3214 0.00231032 0.00388331 0.0134115 61.8682 61.8586 61.8908 -0.027065 0.036464 0.055732
65.025 58.3858 62.1929 0.990008 -0.799586 0.20289 61.9998 56.1113 61.9625 1.91545 -0.467092 -0.167603
61.2806 61.3632 61.2711 0.0104989 0.00838962 0.0355414 61.8577 61.8464 61.9423 -0.078137 0.126965 0.139563
61.3859 61.2706 61.2028 0.00401223 0.0570277 0.00719859 62.0734 61.9851 61.8309 0.015281 -0.005715 0.006928
66.4414 61.4521 64.0048 0.448229 0.089929 -0.123911 65.0635 59.9836 65.1393 0.965624 0.08986 0.00256
60.8027 61.088 61.0972 0.24955 0.105936 -0.146101 62.2597 62.1007 61.3891 -0.844683 -0.028552 0.286207
-19.1855 -13.9913 -9.19739 0.0209191 -0.00298224 0.0165297 -19.0718 -12.9895 -10.2458 0.035505 -0.003755 -0.000344
-12.5583 -11.8573 -12.7643 -0.107879 -0.360856 -0.290664 -13.0514 -12.3179 -12.867 -0.169586 -0.431486 -0.100125
60.4302 59.9812 58.6405 0.152131 -0.359421 0.514529 59.8997 61.1445 61.2679 -0.168165 -0.843499 -0.347871
65.3955 65.3411 66.6722 -0.00924004 -0.00134516 0.00200873 64.0368 63.9614 66.8892 -0.03267 -0.013391 -0.010624
69.5156 69.5531 69.433 0.000825204 -0.0281338 -0.000614084 71.0006 71.0216 70.5397 -0.000112 0.06366 -0.00012
65.8558 64.9996 66.6777 0.125278 -0.068981 -0.0639737 64.5971 63.7762 67.1958 0.05683 -0.086185 -0.077309
-18.6476 -19.2385 -19.6599 0.032054 -0.0561852 0.0114927 -18.0887 -18.6627 -19.9644 0.184307 0.090787 0.089072
60.1837 60.8129 60.9187 -0.147502 -0.151605 0.0782043 62.6112 62.3344 61.0655 -0.91721 -0.024326 0.068185
66.95 65.3078 63.2221 2.86155 0.916946 2.00271 75.9301 63.6071 56.6599 2.57045 0.745149 -1.34718
67.1368 65.2852 63.8554 2.93991 0.945041 1.89831 75.345 63.5373 57.4524 2.90166 0.834882 -1.31309
59.6056 60.5835 60.8174 0.369352 0.0804322 -0.191513 62.922 62.5221 60.6621 -0.836482 0.149085 -0.002012
59.7115 60.5785 60.7519 -0.349425 -0.221849 0.175522 63.1774 62.5464 60.7394 -0.841493 -0.121688 0.045547
-19.6811 -19.8908 -20.7265 0.175268 0.0809323 -0.039162 -19.1072 -19.3416 -21.5714 0.134334 -0.061166 0.014769
59.612 60.6496 60.6483 -0.202569 -0.269035 0.198589 63.4009 62.6657 60.5617 -0.850423 -0.124454 0.114233
66.2424 65.4164 66.6764 0.681959 0.293471 0.531631 65.4927 64.3958 68.1888 0.833522 0.127801 0.168435
-19.7297 -19.5859 -20.265 -0.0148075 0.0767007 0.026507 -19.2093 -18.9639 -18.958 -0.04322 0.013565 0.109183
59.2286 60.5887 60.5943 0.112292 -0.163839 0.0133225 63.3222 62.7298 60.294 -0.867351 0.002853 0.21178
-19.3981 -19.8533 -20.406 0.0141397 -0.0447243 0.012646 -18.8618 -19.2743 -20.9401 0.107053 0.068796 0.124095
-19.8886 -19.723 -21.2567 0.00213292 0.0514284 0.030437 -19.2947 -19.2503 -21.1728 0.014741 -0.00458 0.065033
57.5349 57.5341 57.393 -0.107868 0.0534681 0.0299813 57.8743 58.1664 58.2683 -0.314439 -0.052909 0.215545
57.5107 57.4859 57.3897 -0.0830639 0.0544237 0.0484259 57.8668 58.1252 58.1494 -0.294681 -0.020655 0.196993
57.22 57.0826 57.1677 0.0458435 -0.0352235 -0.069516 57.7731 57.6866 57.6464 -0.137312 0.068744 0.010942
58.4102 57.7079 55.3059 1.07208 -0.653966 1.33278 57.1049 57.7129 58.6465 0.943998 -1.1962 1.20928
58.4474 60.2181 59.5658 0.0973561 -0.0884522 0.35678 62.4906 62.4712 59.8107 0.871979 0.285548 0.126152
57.3543 57.1997 57.2752 0.0370999 0.000346177 -0.0284844 57.8646 57.8456 57.7885 -0.185569 0.080042 0.059574
-19.2885 -19.3023 -19.964 0.267442 -0.112519 -0.0245687 -19.0411 -19.0813 -20.863 0.292029 -0.07474 0.017541
55.3237 58.2684 56.8998 -0.263027 0.604775 0.901891 57.7224 58.7092 56.0837 0.418994 0.747342 -0.286657
-20.3644 -20.2712 -21.3745 0.0310724 0.00396683 0.00745497 -19.7869 -19.719 -22.7905 0.026961 0.003084 0.008975
-19.2577 -19.5348 -20.6383 -0.240771 -0.0819724 0.111204 -18.8659 -18.8251 -20.4433 -0.193885 -0.068931 0.095265
58.9261 60.9869 60.3331 0.178792 0.2928 -0.481409 63.6902 62.9291 60.0162 -0.933578 0.014877 0.24093
56.4194 59.2345 57.8533 -0.189094 0.366398 0.801786 59.3237 60.1361 57.4482 0.478468 0.516048 -0.056949
56.7897 59.5106 58.1616 -0.12122 0.306577 0.767974 59.9424 60.5491 57.9471 0.539262 0.446813 -0.019735
-20.0705 -20.0593 -21.3382 0.0358127 -0.0169866 0.000242855 -19.4047 -19.4704 -21.1663 0.028322 -0.009024 0.011289
67.9224 65.8126 68.0992 2.20045 0.120386 0.326124 68.5837 64.9556 68.4056 2.21767 0.721365 0.609435
58.7002 61.4158 60.0718 0.233849 0.313038 -0.712895 63.9836 62.6909 59.7603 -0.761503 -0.083755 0.360254
-20.1864 -20.24 -21.3549 0.0083606 -0.00674731 -0.0255713 -19.5561 -19.5551 -22.0438 -0.007969 0.02585 0.002111
-20.2079 -20.2547 -21.3713 0.00588805 -0.00727568 -0.0224382 -19.5783 -19.5781 -22.075 -0.008425 0.023711 0.002065
-20.2729 -20.2937 -21.4081 0.000490149 -0.00635354 -0.0111858 -19.6355 -19.6318 -22.1537 -0.006735 0.012273 0.000374
-20.1076 -20.0973 -21.4244 -0.00206964 0.00905461 0.00995208 -19.4449 -19.4543 -21.3445 -8.7e-05 -0.008709 0.011099
-20.1505 -20.2132 -21.3248 0.0136693 -0.00570149 -0.0300033 -19.5843 -19.5747 -22.267 -0.006175 0.021276 0.016737
-20.1508 -20.1435 -21.4266 -0.000754731 0.00463704 0.00755191 -19.4814 -19.4809 -21.3219 -0.000517 -0.003855 0.006234
-20.2498 -20.2806 -21.3978 0.00188798 -0.00724707 -0.0154983 -19.7624 -19.76 -22.2484 0.000854 0.018792 0.003418
-20.2513 -20.3416 -21.2887 -0.000700441 -0.00247193 -0.000846121 -19.9305 -19.9527 -21.7788 0.022782 0.011954 0.048991
-20.3207 -20.311 -21.4129 -0.000876044 0.000559315 0.00105099 -19.8575 -19.8483 -22.401 -0.003585 -5e-06 0.002149
-20.2317 -20.2303 -21.3003 0.00183195 -0.0126658 -0.00252343 -19.7419 -19.7526 -22.5665 -0.001355 0.000284 -0.009039
-20.3161 -20.316 -21.4106 -1.31938e-05 6.44231e-08 -1.74406e-07 -19.4309 -19.4438 -22.0654 -0.003438 -0.000433 0.001832
75.194 74.796 74.3802 0.0515449 -0.106016 0.167086 74.1807 74.311 75.9564 -0.072435 -0.049105 -0.473626
-13.485 -12.4476 -14.0562 -0.194745 0.00123007 -0.255542 -14.3119 -13.028 -14.2686 -0.330802 -0.025351 -0.000811
-11.7714 -12.2808 -10.8681 -0.277753 -0.274789 -0.375645 -12.0505 -12.2326 -12.4996 -0.030107 0.259062 -0.373669
-21.2576 -21.1969 -23.1024 -0.0298672 0.00908352 -0.00507357 -20.72 -20.645 -22.9737 -0.018816 0.106472 -0.008285
76.1991 76.1988 75.877 -0.000287802 -0.000116909 0.00021466 76.5189 76.519 76.7147 3.7e-05 5.1e-05 -8.8e-05
77.3835 77.0209 77.2227 -0.00300437 -0.141264 0.0351769 76.1767 76.4554 78.8121 -0.185362 0.201366 0.080472
-20.1605 -20.1647 -21.4142 0.00292017 0.00249413 0.00425149 -21.9464 -21.9446 -22.5411 -0.001231 0.007735 0.015891
77.4449 77.6101 77.6907 -0.302481 -0.209478 -0.107026 76.3096 76.6527 78.5303 -0.243451 -0.019917 -0.223557
78.3232 79.1049 78.3653 -0.203362 -0.192637 -0.232933 77.4331 77.4632 79.0188 -0.035982 0.028185 -0.701237
78.4454 77.7428 78.7294 0.668057 -0.396759 -0.294362 76.8635 75.7262 78.6331 0.105816 -0.365839 0.29023
-19.4089 -19.3065 -19.8428 0.286552 0.374654 -0.0136452 -19.6335 -19.9397 -20.0931 0.32648 0.293349 -0.337573
77.9303 77.6958 78.3911 0.658934 0.744011 -0.70147 74.9533 74.6635 78.7653 0.39347 0.584933 -1.42419
78.8405 79.1052 78.1494 -0.366855 0.319128 -0.189239 75.7123 76.9963 77.6996 0.68004 0.29884 -0.90502
-16.4011 -15.0544 -16.4694 -0.330951 0.325329 -0.269307 -16.6498 -15.6756 -16.7179 -0.332707 0.392593 -0.072104
-13.6902 -14.5459 -13.3279 -0.00516925 -0.151038 -0.475915 -14.1973 -14.9305 -14.7987 0.185471 0.287598 -0.563375
-14.0662 -14.8721 -13.686 0.00428497 -0.133693 -0.493674 -14.5139 -15.2405 -15.0815 0.157721 0.309075 -0.514515
-20.2469 -20.1441 -21.3378 -0.0220799 0.113154 0.0299495 -21.0348 -20.2975 -21.1921 -0.086583 0.095207 -0.228522
-20.3226 -20.2498 -21.6055 -0.00749206 0.0890359 0.0024337 -20.5734 -19.9025 -20.9385 -0.067106 0.032977 -0.1985
-20.3463 -20.2722 -21.7201 0.0018965 0.0716691 -0.00990858 -20.8102 -20.0237 -21.1123 -0.19168 0.081932 -0.152823
-20.1097 -19.9819 -21.4856 0.119194 0.10705 0.0439119 -20.1238 -20.108 -21.0033 0.284937 0.166437 -0.118754
-20.11 -20.1099 -21.548 -1.63985e-05 -5.28378e-08 1.07415e-07 -19.479 -19.479 -21.3712 0 -0 -0
-20.1762 -20.1113 -22.0414 0.0291683 0.0188409 0.0278727 -20.3009 -20.5222 -20.9226 0.178217 0.172896 -0.06364
-20.5636 -20.4822 -20.5848 0.0637124 -0.0392927 -0.000273709 -21.0276 -20.8198 -20.8834 -0.078575 -0.050705 -0.01816
-19.5371 -19.263 -19.4031 -0.131119 0.0291558 -0.216246 -19.8235 -19.6033 -19.733 -0.032604 0.149603 -0.092016
-14.1467 -14.7421 -14.5772 0.222837 -0.459053 -0.697863 -13.3143 -13.8371 -13.8031 0.287613 -0.574687 -0.549459
87.7338 88.4834 87.7385 0.446896 0.293044 0.406667 85.6272 87.1508 85.7976 1.28168 0.908964 -0.437651
87.8522 89.3609 87.9473 0.684782 0.356077 0.876477 84.3367 89.0954 83.8361 2.09579 1.64732 -0.509362
88.0372 89.4967 88.0969 0.884974 0.487297 0.539829 84.8792 88.7734 84.5154 2.10821 1.49603 -0.706167
-17.3378 -17.4047 -17.6183 0.417222 -0.149971 -0.523595 -16.4865 -16.4527 -16.6978 0.221976 -0.238657 -0.342377
-20.0992 -20.0451 -20.1896 0.0153981 0.0182618 -0.143929 -20.2058 -19.8464 -19.7765 0.057681 0.041299 0.020199
-14.5131 -13.8208 -14.028 -0.394159 0.101782 -0.481436 -14.0313 -13.504 -13.7809 -0.408156 -0.101753 -0.427966
-18.5898 -18.4847 -18.8864 0.314717 -0.0312115 -0.369177 -17.4882 -17.4539 -17.744 0.137865 -0.090755 -0.204262
-20.1552 -20.1394 -20.5161 0.0154305 0.0154391 -0.0597392 -20.1768 -20.0727 -20.272 0.002184 -0.050511 0.032017
-20.1297 -20.1157 -20.5835 0.0037608 0.00743323 -0.0382178 -20.0974 -20.0174 -20.2259 0.002457 -0.053725 0.024157
-19.9094 -19.8281 -20.3388 0.00413328 0.0280065 -0.00382405 -18.7953 -18.6618 -18.9988 0.001187 0.049905 0.001237
-19.5948 -19.5966 -21.149 0.00110253 0.00357158 0.00641428 -18.9887 -18.9842 -20.3163 -0.004565 -0.002064 -0.003244
-19.6608 -19.6608 -21.3643 -1.58001e-05 8.17343e-08 7.33368e-08 -19.7924 -19.7924 -21.0595 -0 0 0
-15.1446 -15.3365 -13.6416 -0.488537 -0.305412 0.401677 -14.8339 -14.7396 -13.7732 -0.505999 -0.431836 0.343355
-18.2384 -18.1847 -18.6251 -0.187982 -0.0626839 -0.00638649 -17.661 -17.4349 -17.5514 0.021219 -0.156537 0.009721
-18.8508 -18.9016 -19.158 -0.0738461 -0.0782001 -0.0564819 -17.9527 -17.9121 -17.9948 0.082286 -0.118013 -0.052138
-19.0927 -19.1414 -19.3861 -0.0186393 -0.0710949 -0.0639088 -18.0467 -18.0543 -18.1924 0.09977 -0.089825 -0.042973
-18.1836 -18.1437 -18.0061 -0.192461 -0.151553 0.198066 -17.5696 -17.4559 -17.503 -0.271763 -0.096426 0.122902
-18.8104 -18.82 -19.3234 0.0180352 -0.055369 0.00684646 -18.0051 -17.913 -18.2107 -0.03226 -0.040586 -0.047881
65.102 77.6612 91.6623 1.4756e-05 -2.6987e-05 -9.73662e-07 68.3585 75.5507 88.8571 -0 0 0
-13.6147 -13.8205 -14.029 0.0529063 0.0186696 0.0225753 -15.382 -15.6506 -15.7213 0.271534 -0.111708 -0.013097
-13.6192 -13.8064 -14.09 0.0554882 0.0160644 0.0142601 -15.4482 -15.587 -15.9508 0.189543 -0.092034 -0.014866
-13.6359 -13.7715 -14.1409 0.0477085 0.00870853 0.00304706 -15.4515 -15.4852 -16.131 0.197278 -0.08372 0.00936
169.48 184.394 246.854 -0.216558 -1.23487 0.60147 169.802 188.658 244.743 -0.193249 -1.83198 0.338719
180.021 186.035 245.782 -0.310107 1.76066 -0.65011 180.774 199.64 245.6 -0.14583 2.77791 -0.519308
-0.531691 -0.531689 -0.531692 2.03358e-06 1.5349e-06 -5.61713e-07 -1.13753 -1.13753 -1.13753 0 0 -0
8.07369 8.07369 8.07369 -1.93585e-07 -1.04263e-06 -2.13721e-07 7.64166 7.64166 7.64166 0 0 -0
-8.15645 -8.15668 -8.15612 0.000314528 0.000306629 -0.00025097 -8.51011 -8.51003 -8.50967 -0.000228 -0.000183 -9.3e-05
8.36817 8.45675 8.31327 0.0181639 -0.015418 0.0215677 7.95837 8.09877 7.89207 0.067748 0.003487 0.008257
12.795 12.795 12.795 1.09607e-07 6.14096e-07 4.9627e-07 12.4113 12.4113 12.4113 -0 -0 0
8.46738 8.73302 8.44673 -0.0505503 0.0237159 -0.0351012 8.11731 8.45767 8.10595 -0.002392 0.047299 -0.003483
-7.18721 -7.16271 -7.36949 -0.0574063 -0.0485849 -0.176423 -7.59459 -7.58284 -7.84183 -0.062997 -0.00384 -0.170007
-7.14821 -7.02207 -6.56894 -0.00199979 0.133867 -0.123633 -7.38494 -7.4743 -7.01893 -0.035237 0.084404 -0.060597
-6.76824 -6.95724 -6.58381 -0.0551651 0.140867 0.160888 -7.27365 -7.3974 -7.23611 0.019466 -0.054627 0.14205
-7.04475 -6.8615 -6.69905 -0.0881241 0.680327 0.0372677 -6.97219 -7.29476 -7.28351 0.085612 0.268707 -0.024177
-7.06004 -6.74625 -6.48475 -0.0741762 -0.179476 -0.122385 -7.65957 -6.84183 -6.86748 0.029703 -0.018184 -0.200784
-6.98839 -6.96169 -6.02255 -0.00297236 0.0187536 -0.108123 -7.18827 -7.41668 -6.42733 -0.021832 0.101381 -0.033496
-6.93448 -6.89599 -5.95366 -0.00328983 0.0246422 -0.121584 -7.13337 -7.35643 -6.3635 -0.023953 0.100002 -0.032514
-6.2079 -6.20866 -6.56693 0.00811194 -0.392649 -0.111399 -6.71447 -6.34545 -7.21062 -0.024265 0.008659 -0.039745
-5.94525 -6.37227 -6.00335 0.218424 0.130388 0.276823 -6.02147 -6.95347 -6.5323 0.023934 0.006832 0.007188
-5.77677 -6.34007 -5.82477 0.23472 0.107812 0.26877 -5.81474 -6.93819 -6.32816 0.033267 -0.017751 -0.00782
-7.61418 -7.61419 -7.61419 -2.40085e-06 -5.45911e-06 -3.42722e-06 -5.63546 -5.63546 -5.63546 0 -0 -0
-17.8327 -17.8327 -17.8327 -2.75503e-07 4.62664e-07 3.20929e-08 -17.8342 -17.8342 -17.8342 0 0 -0
8.75398 8.75397 8.75397 4.24581e-06 5.49104e-07 2.97615e-06 10.89 10.89 10.89 -0 -0 -0
-4.98951 -4.58345 -4.80177 -0.0844477 0.128633 -0.617305 -5.25864 -5.38195 -5.51751 -0.079665 0.147396 -0.03744
10.1573 9.78736 10.4348 0.178858 0.304478 -0.283591 10.4641 10.0058 10.4853 0.232689 0.46083 -0.017606
-14.3766 -14.3766 -14.3766 3.11578e-06 1.47985e-06 2.59873e-07 -12.2984 -12.2984 -12.2984 0 -0 -0
-4.85056 -4.41314 -3.99369 0.148301 0.601217 -0.344282 -4.83196 -4.96881 -4.51292 -0.039476 0.308587 -0.217705
-4.43683 -3.96767 -3.81024 -0.106037 1.22917 -0.441271 -4.10279 -4.82492 -4.76503 0.191645 0.777693 -0.086334
-19.9877 -20.087 -19.8642 -0.0704099 0.0662684 -0.0473724 -19.8662 -20.183 -19.9451 0.02248 0.008987 -0.017267
-19.4256 -19.3752 -19.2991 0.00296204 0.0294888 -0.0321439 -19.5899 -19.6356 -19.2357 -0.027189 0.055193 -0.013059
-4.81224 -4.91102 -5.26585 -0.163877 -0.683667 -0.516808 -4.66242 -4.44211 -6.19249 -0.001399 0.072794 -0.79138
-18.7235 -18.5821 -18.4406 -0.0290991 0.110964 -0.137967 -18.4526 -19.1129 -18.8519 -0.032347 0.167399 0.005197
-18.4217 -18.2483 -18.0732 -0.0232014 0.0995576 -0.134873 -18.1866 -18.8631 -18.5116 -0.042679 0.191239 -0.015523
-3.78223 -3.43346 -2.13308 -0.159788 -0.110896 0.472718 -4.23471 -3.96716 -3.35361 -0.567103 -0.135883 -0.013423
-4.24169 -3.62518 -1.71148 -0.593648 -0.627877 -0.815943 -4.38442 -4.20202 -2.55095 -0.30079 -0.043058 -1.32742
-16.7985 -16.5866 -16.911 0.0970648 0.148432 0.1418 -17.2285 -17.5733 -17.3585 -0.100901 0.074333 0.389708
-16.2275 -15.9426 -16.5853 -0.0563289 0.207947 0.100686 -16.7216 -16.9764 -17.0646 -0.028679 0.22633 0.572388
-2.89614 -1.72535 1.01141 -0.315225 -0.699036 -0.173966 -3.20726 -2.30392 -0.460927 -0.492319 -0.825243 -0.168312
-0.812535 -0.750282 0.121228 0.415682 -0.842981 0.0912709 -1.81209 -0.371234 -0.588977 0.287556 -0.820172 -0.460924
0.0362444 -1.25953 2.41761 -0.193004 1.05365 0.0159696 0.584453 -2.96907 2.3116 -0.038228 0.787772 0.433452
-0.0438892 -1.09679 -0.67619 0.0442982 -0.0309654 -0.154942 -0.187745 -0.361082 -0.116709 0.011618 0.008897 0.02041
0.137873 -0.742723 -0.44841 -0.0464821 -0.0438988 0.151351 -0.042779 -0.027033 0.044182 -0.013455 -0.001804 -0.016818
0.140017 -0.746341 -0.437308 -0.0476577 -0.0431649 0.434219 -0.031912 -0.030561 0.05316 -0.006265 -0.005633 0.42164
0.13974 -0.73715 -0.445509 -0.0451836 -0.0444486 -0.1316 -0.027033 -0.023919 0.06018 -0.020333 0.000582 -0.454294
0.137439 -0.74663 -0.449805 -0.0492923 -0.791066 0.150689 -0.031596 -0.027164 0.05478 -0.009973 -0.689043 -0.01242
-0.1956 -0.787149 -0.744159 0.00736689 -0.076317 -0.207595 -0.347139 -0.016838 -0.294282 -0.044896 -0.035909 -0.050761
-0.65134 -2.54686 -1.68917 -0.0448763 -0.0464928 0.157858 -0.791004 -1.83182 -0.994545 -0.011361 -0.006154 -0.013038
0.15104 -0.710469 -0.435917 0.514028 -0.0378708 0.148557 -0.012805 0.00304 0.057288 0.869056 -0.006621 8e-06
0.155154 -0.70515 -0.431128 -0.607391 -0.0501282 0.153083 -0.002409 0.009291 0.037983 -0.902229 0.002839 -0.027417
0.958573 1.11323 0.818983 -0.0479749 -0.0413362 0.144798 0.743282 1.80967 1.11279 -0.015019 0.003373 -0.018733
0.94218 0.523643 1.38801 -0.0479452 -0.0415037 0.154805 0.748144 1.04412 1.8656 -0.009228 0.001894 -0.019653
0.144643 -0.73691 -0.438928 -0.052232 -1.53676 0.150332 -0.025506 -0.018621 0.068434 -0.008085 -1.37718 -0.00961
0.145153 -0.719908 -0.424929 -0.0402165 1.45381 0.153311 -0.037341 0.000841 0.075489 -0.019397 1.37413 -0.022411
0.165477 -0.674595 -0.42265 0.79547 -0.0354458 0.14662 0.033022 0.047682 0.073521 1.30431 -0.009277 0.010923
0.170897 -0.666886 -0.41532 -0.888852 -0.0525498 0.153469 0.035062 0.046851 0.034286 -1.34614 0.003588 -0.028393
0.175248 -0.660203 -0.411296 -0.890429 -0.0532731 0.153536 0.041727 0.055559 0.038455 -1.35037 0.003686 -0.031222
0.159473 -0.712305 -0.415278 -0.0554544 -2.28576 0.150066 -0.021914 0.004904 0.091293 -0.007994 -2.074 -0.008564
-1.37879 -3.19215 -3.96198 -0.0437962 -0.0487488 0.145395 -1.47011 -2.05027 -3.59842 -0.022005 -0.008218 -0.019144
1.80021 2.99396 2.09636 -0.0490418 -0.0379423 0.138109 1.54707 3.69455 2.18919 -0.015217 0.006402 -0.017778
1.77815 1.81644 3.27524 -0.0494988 -0.0391633 0.158692 1.56623 2.13186 3.767 -0.004261 0.003766 -0.022602
-0.0692681 -0.603697 -0.292675 -0.0759714 -0.064695 0.194907 -0.165276 0.134795 0.202196 -0.054679 -0.01368 0.013824
-2.09265 -4.37349 -5.6354 -0.0425603 -0.0511267 0.142707 -2.10776 -2.99701 -5.38699 -0.026778 -0.013002 -0.017289
2.67549 4.92336 3.39833 -0.0500101 -0.0347497 0.131136 2.37752 5.64126 3.28443 -0.018998 0.008831 -0.015736
2.69715 4.9745 3.42847 -0.0505563 -0.0364551 0.131405 2.41276 5.7188 3.31915 -0.019678 0.009802 -0.017214
7.28695 1.7364 1.99325 -0.0491221 -0.0464673 0.152003 6.68174 2.35955 2.41278 -0.020944 -0.015686 -0.012823
-1.50475 -1.77258 6.47244 1.26308 -0.0185364 -0.0154702 -2.20225 -2.20505 9.48311 2.56025 0.141715 -0.048899
0.665397 -0.517401 -0.342166 -0.0837678 -0.160264 0.107396 0.618332 0.290314 0.247003 -0.105004 -0.07758 -0.033924
-1.47269 -1.43989 6.73005 1.28711 0.0385893 0.0120987 -2.18363 -1.83695 9.52138 2.55133 0.23479 -0.029009
-6.62448 -9.89656 -6.45738 0.0212234 -0.0916812 -0.171728 -6.24283 -9.71807 -4.53158 -0.018762 -0.050907 0.05905
56.7708 56.636 56.792 -0.124652 -0.0146875 -0.179524 56.7954 56.8007 56.7854 0.00168 0.017178 0.013834
0.562288 -0.835947 -0.683209 -0.218239 -0.376244 0.2584 0.79135 0.025184 0.017153 -0.151852 -0.27816 0.109453
-1.27993 -0.30764 7.42905 1.1357 -0.0212488 0.177816 -1.6221 -0.817911 9.42179 2.29294 0.139877 0.135575
56.9194 56.7172 56.8955 -0.185794 0.0788809 0.0207188 56.9323 57.1074 56.7975 -0.032259 -0.000492 -0.023201
1.07455 -0.239096 0.102174 -0.0685704 -0.535029 0.149916 1.29225 0.634662 0.83283 -0.107685 -0.43827 0.058308
56.6931 56.6397 56.6418 0.106185 -0.0717293 0.345742 57.2594 57.4103 56.8879 0.010698 -0.084582 0.001702
0.399065 -0.136048 5.15329 0.467014 -0.17004 -0.0354965 -0.290722 -1.41272 5.63033 0.993386 -0.130578 0.129851
0.6788 -0.0927946 4.65918 0.390041 -0.0882446 0.0338322 -0.108176 -1.44301 4.98116 0.871069 -0.099725 0.199018
0.94071 -0.0692612 4.06414 0.310627 -0.00368782 0.048541 0.039019 -1.43623 4.24692 0.805371 -0.045751 0.2447
1.02248 -0.0855775 3.42283 0.24246 0.0447924 0.0590982 0.100185 -1.43849 3.61121 0.802747 0.009723 0.241835
56.8619 56.7689 56.6644 0.105487 -0.27438 0.37019 57.7064 57.878 57.198 0.069599 -0.239489 -0.000519
9.25942 16.8569 0.847961 -0.00621583 -0.00035757 -0.228148 7.9757 19.3774 -1.04508 0.01195 0.070127 -0.239842
5.99068 1.51699 1.39067 0.143408 0.787472 0.418888 7.04488 0.647991 0.010474 -0.263716 1.53817 0.262883
57.934 56.9036 57.6506 -0.352333 -0.0582062 -0.110385 58.4328 57.8398 57.9133 -0.213913 -0.274665 -0.16861
6.00682 0.486732 0.618674 0.0169223 0.528706 0.400653 7.53756 -0.472695 0.321883 -0.118434 1.48663 -0.094345
13.5008 21.5661 4.39696 -0.00617628 0.00159138 -0.240249 12.3954 24.3011 2.72578 0.011552 0.07423 -0.255847
-4.71726 -0.233448 -0.147451 -0.30473 0.347082 0.101831 -3.93479 0.738417 0.527475 -0.433966 0.538937 -0.148249
-12.0054 -8.51836 -16.6121 -0.00946399 -0.0143978 -0.169738 -12.8667 -4.39022 -18.6585 0.010033 0.054194 -0.151347
-0.77438 1.00898 1.18061 -0.173489 0.0167089 0.57831 -0.015056 2.24285 1.92524 -0.472611 0.32617 0.289535
6.51514 0.32451 0.94651 0.0702141 0.35437 0.240509 8.35311 -0.62049 0.50835 0.05209 1.31752 -0.073828
57.9286 57.0618 57.8791 -0.514166 -0.131205 0.0771855 58.1332 58.8741 58.0523 0.086633 0.10571 0.086113
-8.83317 -10.3231 -11.4077 -0.0751575 -0.349061 -0.197579 -8.76514 -10.4591 -11.6567 0.744076 -0.812207 -0.386988
21.4615 16.0884 16.7761 0.166535 0.937324 -0.134529 22.2093 15.0648 16.8481 0.256194 1.43546 0.321249
-1.26697 -1.26697 -1.26697 1.74482e-07 1.42516e-07 1.37214e-07 -1.20973 -1.20973 -1.20973 -0 0 -0
-7.97887 -9.76021 -10.5003 -0.173309 -0.239069 -0.060855 -8.5989 -10.0078 -10.7763 0.227582 -0.400532 -0.419266
-7.88764 -9.67715 -10.4371 -0.16478 -0.207001 -0.0835954 -8.48283 -9.92589 -10.7255 0.246599 -0.376623 -0.417619
-2.77366 1.19098 1.01839 -0.354342 0.213093 0.500141 -1.95714 2.11001 1.92308 -0.664317 0.497295 0.18264
-1.94408 1.39684 1.28857 -0.295728 0.135273 0.619317 -1.11012 2.46021 2.1213 -0.622494 0.49294 0.288696
20.5285 17.2145 17.9657 -0.0255907 0.873137 -0.25096 19.9881 16.783 18.7663 0.604371 1.10497 0.114843
6.83576 2.22583 3.44761 -0.0437918 0.903246 0.0245282 6.42006 1.42928 3.46685 0.296921 1.26366 0.456447
-7.73252 -9.45901 -10.3113 -0.178339 -0.140465 -0.163595 -8.16177 -9.74025 -10.6235 0.384275 -0.325851 -0.400507
22.0237 16.4311 17.2951 0.149505 1.02821 -0.373092 22.4741 15.6877 17.8029 0.698191 1.39046 0.369301
7.2039 1.2946 1.90075 0.363953 0.974424 0.21591 9.6599 1.71393 -0.200325 0.027851 1.32929 0.802206
5.68247 1.84822 4.06219 0.0280323 0.217953 0.086408 5.61828 0.853504 3.69182 0.170838 0.880912 0.119866
-11.3047 -11.6271 -11.8846 0.106879 0.0862204 0.0500161 -11.6788 -11.9399 -12.4932 0.119721 -0.0417 -0.111434
4.00765 3.23378 4.31163 -0.223059 0.280563 -0.361429 4.14072 3.26312 3.87531 -0.128476 0.46692 -0.786516
4.62872 1.68691 3.80677 0.0150554 -0.0402713 0.169863 4.84832 0.736481 3.14974 0.040756 0.399793 0.321816
3.60224 1.43799 2.95903 -0.0542043 -0.0891702 0.138094 3.82998 0.426374 2.45914 0.091203 0.116378 0.345561
5.0611 2.95651 3.7247 0.701505 0.3354 -0.128966 4.93296 2.56215 3.19614 0.378888 -0.056659 0.335199
2.1533 3.80342 2.99712 1.40296 -0.0322624 0.0143877 2.79928 5.09916 3.72678 2.09625 0.086403 -0.170177
-12.1184 -12.0871 -12.0571 0.110033 0.0519403 0.113056 -12.4349 -12.0948 -12.6149 0.001753 0.149561 -0.031385
15.5023 15.4113 15.4519 -0.0364537 0.0685044 -0.0455044 15.866 15.6642 15.671 -0.057923 0.040199 -0.048587
-13.7955 -13.7794 -13.7812 -0.00161837 -0.0029665 0.00917774 -14.0752 -14.0242 -14.0212 -0.006943 0.003937 0.007754
-12.4736 -12.3497 -12.2677 0.0770498 0.0148135 0.12733 -12.802 -12.2805 -12.6959 -0.03991 0.16705 0.007406
-33.671 -33.7366 -33.5662 -0.0402222 -0.0376787 0.236894 -34.8625 -35.0803 -34.7856 -0.067028 -0.011274 0.062013
-33.6375 -33.575 -33.5822 0.218338 0.0873957 -0.11432 -34.5608 -34.6914 -34.6993 0.08753 -0.109018 0.048825
-32.9619 -32.9517 -33.0592 0.168736 0.197014 -0.267474 -33.8153 -33.8391 -34.0607 0.001008 -0.048384 0.078619
16.8651 16.4954 16.6134 -0.0609941 0.174499 -0.19111 17.0921 16.4058 16.5062 -0.171602 0.178397 -0.153846
19.1559 19.1559 19.1559 4.56057e-07 3.85365e-07 7.73236e-07 19.7364 19.7364 19.7364 -0 0 -0
4.67368 8.64315 11.4014 -2.34621 0.181141 0.482308 4.73432 8.00607 7.57882 -1.97176 -0.087663 1.02576
-32.0858 -32.1605 -31.9901 -0.228324 -0.167523 -0.250334 -33.0704 -33.3142 -32.8101 0.069882 -0.109531 0.131502
-31.5843 -31.631 -31.4295 -0.333832 -0.358738 -0.253423 -32.4229 -32.8627 -32.2603 0.086319 -0.203643 0.198883
2.86798 4.19507 4.22386 0.275806 -0.384758 0.298278 3.8312 5.45718 5.255 0.686099 -0.161845 0.016943
3.52058 8.56303 7.14891 -0.593505 0.516185 0.199792 2.91946 9.42406 6.30635 -0.305515 0.572352 0.783978
2.64357 6.6891 8.66733 -0.450434 1.26427 -0.695259 3.1336 5.16216 9.6506 -0.385508 1.30407 0.195348
-31.2509 -31.0977 -30.9908 0.364026 0.0923273 0.592861 -32.1668 -31.8487 -31.9579 0.137761 -0.234777 0.212472
-29.6154 -29.066 -29.5502 0.435315 -0.514939 0.618515 -30.3407 -30.3452 -30.9688 0.157411 -0.393746 -0.170246
8.13047 8.62628 8.44092 -1.246 1.23645 -0.0815199 8.31327 7.83027 8.11257 -0.121385 0.714061 0.186151
9.57811 8.90325 7.87928 0.0273133 0.387109 -1.29706 9.99106 7.33233 8.27235 0.016979 0.245858 -1.46963
-22.6947 -24.4517 -24.0678 0.0118448 1.04089 -0.0366957 -21.1758 -25.8174 -25.1791 0.133541 0.875973 0.031342
-22.5269 -24.0904 -23.7316 -0.0776508 1.26489 0.145317 -21.3268 -25.2957 -25.1296 0.114534 0.973659 0.240619
-24.1307 -25.6088 -25.2758 0.158903 0.58325 -0.0798027 -22.079 -26.8376 -25.6064 0.220387 0.373588 -0.215697
-23.5397 -25.1248 -24.4898 0.113709 0.182216 -0.057328 -22.1835 -26.233 -24.413 0.307714 0.024851 -0.060071
-22.658 -24.2226 -22.5464 0.344755 -0.291544 0.000198397 -22.2043 -24.7344 -22.9896 0.297812 0.222337 -0.18718
0.420267 0.566771 0.389063 -0.0663412 -0.297147 -0.0397728 0.07502 0.052665 0.065248 -0.004908 0.013157 -2.3e-05
0.422522 0.57133 0.392069 -0.0659116 -0.298476 -0.04031 0.07798 0.058157 0.067083 -0.005017 0.012004 -1.5e-05
0.422522 0.57133 0.392069 -0.0659116 -0.298476 -0.04031 0.07798 0.058157 0.067083 -0.005017 0.012004 -1.5e-05
-0.0224897 0.279133 -0.0380457 -0.0513428 0.303778 0.0370705 -0.332801 -0.132654 -0.391397 0.015314 0.004301 -0.004189
0.426935 0.576429 0.400294 -0.0700549 -0.299805 -0.261766 0.0895 0.057465 0.080562 0.004298 0.01832 -0.381059
0.429777 0.592841 0.417188 -0.0673953 -0.941019 -0.0415123 0.087525 0.081536 0.096795 0.000175 -0.579572 0.006351
0.419775 0.558835 0.377351 -0.0646665 0.354576 -0.0388427 0.078873 0.05446 0.060225 -0.009175 0.611061 -0.007249
-0.348817 -1.06782 -0.799777 -0.0618799 -0.280759 -0.0380325 -0.639687 -1.62063 -0.834011 -0.002063 0.022587 -0.003876
0.425802 0.588167 0.394367 0.394139 -0.295706 -0.0324452 0.072147 0.08822 0.078354 0.783686 0.002215 -0.017516
0.43642 0.599305 0.409976 -0.526994 -0.298418 -0.048569 0.11702 0.093307 0.064829 -0.790588 0.01949 0.015134
0.438053 0.602711 0.412873 -0.526797 -0.300511 -0.0487097 0.115053 0.097722 0.063667 -0.793655 0.016789 0.01434
1.22136 2.24975 1.6115 -0.0697974 -0.31577 -0.0426845 0.813904 1.81683 0.990036 -0.007089 0.002127 0.002667
2.55165 1.36701 1.17604 -0.0691861 -0.305219 -0.0424377 2.01781 0.795142 0.810881 -0.015842 0.010494 -0.007428
0.415734 0.53659 0.355075 -0.0640939 0.993418 -0.036262 0.061705 0.029979 0.037769 -0.012494 1.19123 -0.013934
0.448107 0.599945 0.450655 -0.0786732 -0.299989 -0.709093 0.132709 0.049362 0.153314 0.019692 0.025036 -1.14145
0.45298 0.636549 0.432022 -0.760512 -0.301248 -0.0530428 0.142792 0.138223 0.061836 -1.19064 0.014534 0.017806
0.463165 0.666231 0.495184 -0.069133 -2.22095 -0.0443943 0.097404 0.154287 0.173276 0.010921 -1.76629 0.019572
0.420757 0.532315 0.349094 -0.0628758 1.63764 -0.0343744 0.077445 0.04077 0.049023 -0.015212 1.77273 -0.020439
-1.07308 -2.62732 -1.92394 -0.0577647 -0.246258 -0.035386 -1.31694 -3.17126 -1.68659 -0.000511 0.049856 -0.007122
2.02041 3.91135 2.80547 -0.0740741 -0.34728 -0.0445074 1.52799 3.55391 1.87924 -0.011427 -0.027907 0.004006
2.04824 3.96633 2.85705 -0.0734916 -0.332577 -0.0451642 1.57827 3.63136 1.93989 -0.009471 -0.010942 0.00623
4.73072 2.18338 1.98085 -0.0722385 -0.312112 -0.0444248 4.03384 1.55532 1.57753 -0.025653 0.008652 -0.015719
-1.77914 -2.9174 -4.36263 -0.0517308 -0.23799 -0.0327073 -2.04053 -2.59363 -4.70261 -0.011008 0.049294 0.016021
-5.55912 -1.66455 -1.80917 -0.0559347 -0.267769 -0.0306361 -5.27671 -1.98732 -2.00832 0.027077 0.008434 0.015901
-5.62671 -1.70335 -1.84645 -0.0548519 -0.279411 -0.0330291 -5.35134 -2.02478 -2.04089 0.029571 -0.002091 0.016077
2.83363 4.23955 5.43564 -0.0827041 -0.374799 -0.0462646 2.34048 2.8256 5.38356 0.003558 -0.054445 -0.02857
2.87042 4.31241 5.5051 -0.0814671 -0.355895 -0.0474631 2.39219 2.91107 5.47452 0.008521 -0.028418 -0.025921
6.95559 3.02183 2.8079 -0.0750684 -0.319111 -0.0462394 6.1211 2.33799 2.36455 -0.034803 0.005962 -0.024445
-25.5321 -25.8369 -25.3858 0.147443 0.189095 -0.0450721 -25.0039 -25.7313 -25.7765 0.06669 0.52988 0.179761
-1.81683 3.36926 -7.92036 0.0350404 0.0351601 0.00129532 -4.83484 4.77895 -8.49985 -0.074312 -0.070769 -0.113405
-27.1772 -27.2697 -27.0895 0.104324 0.309939 0.0187837 -26.5391 -27.1055 -26.9889 0.003925 0.513131 0.283922
-27.8159 -27.9467 -27.6779 0.128461 0.322055 -0.0163721 -27.2322 -27.7998 -27.5245 -8.9e-05 0.466234 0.201766
-11.0632 -7.62135 -15.557 0.0495986 0.00806803 -0.0053995 -13.0624 -4.82832 -16.1032 -0.053315 -0.124659 -0.114163
-13.7766 -10.9041 -17.7473 0.0532872 0.00317616 -0.0070516 -15.4398 -7.63822 -18.285 -0.050042 -0.126844 -0.112877
67.5213 63.5818 68.8065 -0.891871 -0.774353 -0.157262 67.8167 63.4504 69.4513 -0.733926 -0.940382 -0.157001
71.268 63.4649 66.783 -1.23109 -0.524841 0.00541145 71.1788 63.4544 67.3935 -1.22592 -0.621656 0.102072
65.9544 65.0379 70.3287 1.15219 0.414252 0.0727674 65.7783 65.4344 70.4088 1.09958 0.504138 0.055513
67.826 63.8131 65.963 -0.644759 -0.596047 -0.479497 68.2071 63.4344 66.6807 -0.552125 -0.5483 -0.297107
66.33 64.7989 68.9961 1.86184 -0.0279001 0.172955 65.829 66.0619 69.224 1.62089 0.061116 0.06629
66.354 64.7282 69.3791 1.80327 0.379006 0.271718 66.0689 66.0489 69.6358 1.52188 0.136059 0.192029
64.8951 64.8638 65.1327 0.242255 -0.259318 0.145546 64.914 64.881 65.1701 -0.08624 -0.071202 0.056173
-15.6938 -15.6919 -16.8789 -0.00748328 -0.305304 -1.16433 -17.8927 -17.6904 -18.763 -2.7e-05 0.07657 -0.838981
-26.3383 -26.0809 -26.3575 -0.815978 1.41255 -1.33086 -26.4698 -26.5315 -26.5816 0.850622 -0.298637 -1.24905
-26.5329 -25.4084 -25.829 -1.69776 0.47721 -1.18139 -26.843 -25.7033 -25.7378 0.223866 -0.613651 -1.09819
-20.0622 -18.7211 -18.5369 0.218356 -0.102044 -0.239945 -22.0493 -20.4416 -20.7849 0.085839 -0.297207 -0.206978
-32.4507 -33.1737 -32.4756 -0.28795 0.857016 -0.816918 -32.0272 -33.4263 -31.7298 0.006759 0.034184 -0.150003
-32.4838 -33.3776 -32.968 -0.345022 0.791911 -1.11809 -32.1608 -33.4939 -32.5813 -0.024057 -0.090643 -0.388027
-41.3068 -41.3045 -41.3098 0.0170331 0.0280337 0.0140181 -41.7701 -41.7644 -41.7926 0.004331 -0.00424 -0.004012
-38.1113 -38.2666 -38.3404 0.274163 0.662604 0.222803 -38.2629 -38.4458 -38.6864 0.318785 0.240102 0.117853
-34.0805 -34.4826 -34.6395 0.186807 0.856682 0.171791 -34.4094 -34.8086 -34.6177 0.180564 0.543149 0.181274
-26.3234 -25.4046 -26.041 0.00134263 0.225939 0.0178435 -27.2492 -26.6785 -27.3214 0.019805 1.0699 -0.572006
-0.0423481 -0.00526461 0.443196 -0.0671067 -0.0232872 0.0164274 -0.044857 -0.056487 -0.05576 0.003088 0.009807 -0.009483
-0.0276678 0.00807082 0.454677 -0.198839 -0.0172398 0.0136789 -0.034576 -0.058827 -0.045803 -0.209995 0.005909 -0.020959
-0.0351488 0.0057129 0.448418 -0.204415 -0.0167321 0.0157577 -0.039145 -0.056404 -0.053304 -0.221248 0.005933 -0.015487
-0.0395661 0.00440601 0.44472 -0.207844 -0.0164021 0.0170266 -0.038079 -0.051139 -0.057304 -0.228552 0.005478 -0.011058
-0.042013 -0.00634564 0.448997 -0.0669376 -0.0214168 -0.153217 -0.047295 -0.051293 -0.076719 0.003218 0.010316 -0.275497
-0.0391803 -0.00441915 0.443591 -0.060263 -0.56165 0.0181076 -0.041954 -0.053597 -0.053245 -0.001592 -0.454009 -0.009727
-0.515991 -0.0402327 -0.464094 -0.0170844 0.0478108 -0.0579618 -0.48217 -0.50587 -0.472593 0.010486 0.00965 0.013021
-0.0352099 0.00160021 0.45867 0.208586 -0.0360706 0.0178026 -0.043852 -0.024696 -0.063947 0.453486 0.022182 -0.010529
-0.0321424 0.0057652 0.464939 -0.0671202 -0.025635 0.341187 -0.021934 -0.088357 0.026394 0.005449 0.013943 0.483931
-0.0328655 0.010361 0.459194 -0.0670288 -0.0265013 0.354891 -0.022148 -0.087051 0.019341 0.006247 0.011298 0.506726
-0.0330164 0.013476 0.455966 -0.0669713 -0.0270407 0.363373 -0.024116 -0.077218 0.016311 0.00607 0.011129 0.524286
0.674425 1.38741 1.55135 -0.0723328 -0.0194308 0.0166159 0.671823 1.31979 0.834162 0.006659 0.012727 -0.029222
-0.755137 -1.39733 -0.657489 -0.061206 -0.0253735 0.0127817 -0.750884 -1.4484 -0.943215 0.002513 0.008744 -0.000758
-0.762216 -1.10277 -0.97904 -0.0680659 -0.0259961 0.0179669 -0.735706 -0.943862 -1.51393 0.005335 0.008803 -0.033365
0.701102 1.12059 1.89964 -0.066145 -0.0205134 0.0145967 0.671514 0.855194 1.43437 0.001867 0.00998 0.015765
1.75444 0.728452 1.18628 -0.0685471 -0.0242611 0.0173694 1.58876 0.673596 0.653849 -0.00034 0.007344 -0.007407
-0.0236776 0.045191 0.470151 -0.45545 -0.00649204 0.0184723 -0.004646 0.004894 -0.067986 -0.631405 -0.006683 -0.015865
-0.0347737 0.0114312 0.462005 -0.0809817 1.0529 0.0118199 -0.048893 -0.037657 -0.040267 0.012092 0.936758 -0.009531
-0.0216544 0.0480527 0.467156 -0.483609 -0.00379232 0.0205498 0.005809 0.005916 -0.067283 -0.679693 -0.005044 -0.015205
-0.0239151 0.017508 0.488354 -0.0673464 -0.0248479 0.506979 -0.009535 -0.104325 0.083399 0.009019 0.019899 0.738624
-0.0272346 0.0188163 0.482323 -0.0667904 -0.026907 0.516904 -0.005427 -0.106511 0.083495 0.008676 0.015763 0.751793
-0.0132938 0.0224248 0.491982 -0.0662704 -0.0196121 -0.463548 0.001093 -0.033326 -0.052768 0.003604 0.010718 -0.744041
0.101766 0.597218 0.222094 0.0321738 0.0185694 -0.0772469 0.15337 0.068354 0.268547 0.083305 -0.003151 -0.006221
-0.0165032 0.0142295 0.464127 -0.0471992 -1.61726 0.0192226 -0.032689 -0.01749 -0.025012 -0.012245 -1.35986 -0.009832
-0.0223618 0.0296685 0.486584 -0.0867024 1.55237 0.00778845 -0.037339 -0.010976 -0.009672 0.019677 1.36392 -0.010836
-1.39758 -2.6939 -1.6836 -0.0575149 -0.0294596 0.0101513 -1.382 -2.72604 -1.76265 -0.001612 0.008101 0.013394
1.40905 2.8135 2.68037 -0.0781103 -0.0164753 0.0209564 1.41309 2.73506 1.75153 0.010579 0.015979 -0.03517
-1.42808 -2.13796 -2.3315 -0.0684778 -0.0299693 0.0160826 -1.37357 -1.77818 -2.89412 0.007033 0.007898 -0.053922
1.42545 2.22046 3.33456 -0.0664217 -0.0158293 0.014817 1.3749 1.75947 2.88204 0.000386 0.014045 0.041072
-3.41085 -1.38901 -0.960493 -0.0649785 -0.0228315 0.0104744 -3.08298 -1.44524 -1.40103 0.014143 0.016002 -0.019388
3.50778 1.44101 1.91412 -0.0706258 -0.0234596 0.016811 3.17693 1.38624 1.34367 -0.004504 0.00749 -0.014119
0.00151325 -0.0954252 0.382719 -0.0307373 -0.0105066 0.0870512 -0.004327 -0.163642 -0.131833 0.064497 0.013738 0.097275
-2.04685 -3.9924 -2.7096 -0.0530162 -0.032362 0.00939542 -2.02198 -4.01325 -2.58333 -0.005465 0.007913 0.031835
-2.11173 -4.08016 -2.77484 -0.0500793 -0.0293879 0.00683855 -2.09285 -4.11399 -2.64315 -0.001764 0.007475 0.023988
2.19445 4.30788 3.85694 -0.0848657 -0.0148657 0.0275123 2.21412 4.23183 2.71075 0.011034 0.021065 -0.035387
2.23877 4.36806 3.89803 -0.0860999 -0.0169969 0.0307771 2.25161 4.30525 2.74079 0.008651 0.019164 -0.027566
2.21669 3.40131 4.85823 -0.0652384 -0.0131434 0.0129135 2.16018 2.73399 4.42774 -0.001887 0.017871 0.073789
-5.02126 -2.0581 -1.64052 -0.0642781 -0.0224846 0.00688626 -4.53637 -2.11185 -2.04924 0.019516 0.016804 -0.024925
-0.0522439 0.229661 0.678432 0.0144681 -0.269988 0.0541642 0.010748 0.153395 0.220658 0.055845 -0.16428 0.039144
-0.195104 -0.24391 0.263804 -0.058292 0.00974322 0.00418132 -0.152481 -0.268827 -0.034672 -0.008506 0.035841 -0.05569
0.130866 0.672817 1.10313 0.102903 -0.522295 0.0928732 0.296368 0.631903 0.754912 0.130068 -0.347345 0.064009
-0.401579 0.0469572 0.856763 -0.0593382 -0.130477 0.410757 -0.123217 0.003219 0.780071 -0.022303 -0.0741 0.615744
-0.119905 0.100984 -0.0758678 -0.0187638 -0.24559 0.235164 0.901879 1.13475 0.582395 0.168227 -0.888993 0.747618
-0.545551 -0.251597 0.388073 -0.178412 -0.159819 0.062776 -0.445404 -0.227606 0.336015 -0.114469 -0.125514 0.064777
-0.393366 -0.147724 0.407305 -0.123993 -0.141216 0.0217267 -0.284925 -0.10954 0.372724 -0.061163 -0.112502 0.010845
0.845274 0.245825 0.731475 0.0773706 -0.0531804 0.331311 0.960098 0.276812 0.311427 0.186936 -0.120965 0.522152
-34.3139 -34.7958 -34.8909 -0.0513681 -0.0346653 -0.258667 -33.4701 -33.7476 -34.0211 -0.291558 -0.065196 0.005364
-32.4352 -32.4458 -32.8548 -0.128376 0.149216 -0.385528 -31.4151 -31.1139 -31.7867 -0.361265 0.104073 -0.100137
-31.6047 -30.4836 -31.3496 0.00595569 0.175275 -0.654892 -32.1751 -31.0476 -31.5861 0.093712 0.856512 -0.717827
0.515258 1.64604 2.134 0.346627 -1.07741 0.181013 0.997819 1.8877 2.01312 0.407954 -0.806299 0.107011
-28.1375 -28.8792 -26.9611 -0.339909 0.409874 -0.425975 -27.5851 -26.2085 -26.8353 -0.195447 -0.163401 0.140331
12.6726 18.6038 5.60292 0.282924 0.0127554 -0.102812 11.6768 18.476 4.81539 0.231678 -0.012643 -0.094443
0.913668 2.5795 2.71048 0.550411 -1.50793 0.498487 1.4391 2.63514 2.72535 0.588873 -1.16703 0.391424
0.929219 2.63527 2.73897 0.561459 -1.5403 0.528703 1.45764 2.68043 2.76824 0.596963 -1.19346 0.415332
2.22294 1.36989 1.06149 -0.135516 -2.01825 1.48198 2.70831 1.78382 0.77288 -0.283835 -2.04214 1.55929
2.16743 -1.53745 -0.830618 -0.581537 -0.679762 1.22248 2.35113 -1.0145 -0.294856 -0.733157 -0.55763 1.55478
-36.8315 -36.2778 -36.4893 0.101786 -0.0662361 -0.104708 -37.6195 -36.8077 -36.6575 0.059562 -0.012303 0.098654
3.22186 1.89691 2.08473 -0.652019 -0.44483 0.778314 3.56086 1.85081 1.80589 -0.397783 -0.451753 0.988624
-37.1514 -36.7909 -36.9235 0.0646563 -0.0504581 -0.0496521 -37.9275 -37.2982 -37.2049 0.044273 -0.036817 0.080306
3.44936 0.896943 1.63195 -0.97476 -0.389258 0.996061 4.06014 1.2306 1.36146 -0.664314 -0.444534 1.2712
134.444 134.458 134.581 0.0646674 -0.0254638 -0.0822412 135.911 135.588 135.403 0.091713 0.064276 -0.060616
0.391348 0.12626 0.0721352 0.14528 -0.357464 -0.0224316 -0.043671 -0.020717 -0.060852 0.017446 0.011489 0.008896
0.425743 0.163608 0.114484 0.144142 -0.362021 -0.0267772 -0.002148 0.013601 -0.032181 0.015874 0.00704 0.005577
0.371577 0.2444 0.144835 0.147369 -0.398258 -0.183281 -0.103184 0.066277 0.097272 0.004976 -0.038242 -0.168887
0.433747 0.139673 0.179078 0.123435 -0.373773 -0.00728694 0.000909 -0.030996 0.04916 -0.021618 -0.016418 0.00975
0.445744 0.166671 0.0415949 0.165449 -0.389944 -0.192177 0.055958 -0.054424 -0.042542 0.025779 -0.023535 -0.176248
0.371328 0.0810566 0.350692 0.139896 -0.371792 0.0112876 -0.124875 -0.099601 0.311284 0.005258 -0.000925 -0.018751
0.452085 0.176693 0.136096 0.170893 -0.367494 -0.0278668 0.019955 0.010474 -0.002699 0.045356 0.010213 0.000722
0.542651 0.274634 0.231253 0.139378 -0.369231 -0.0258221 0.105195 0.112509 0.093832 -0.00173 -0.00474 0.004386
0.542651 0.274634 0.231253 0.139378 -0.369231 -0.0258221 0.105195 0.112509 0.093832 -0.00173 -0.00474 0.004386
0.459506 0.249989 0.0939025 0.154589 -0.377135 -0.0383719 0.025575 0.128985 -0.06107 0.01437 -0.01188 0.014752
0.602484 0.113526 0.078191 0.135618 -0.370956 -0.0264036 0.297528 -0.099975 -0.096528 -0.011025 -0.00754 0.001742
0.389546 0.0424781 0.360448 0.136524 -0.360031 0.0788056 -0.111448 -0.141097 0.277021 0.004094 0.007669 0.053656
0.239446 -0.0372548 -0.0665547 0.154485 -0.446029 -0.0214767 -0.16995 -0.174385 -0.204765 -0.019737 -0.130816 0.012239
0.513688 0.225959 0.251407 0.0254601 -0.371529 -0.00744875 0.080815 0.070666 0.121143 -0.149771 -0.051862 0.0141
0.43598 0.171669 0.156786 0.136106 -0.363145 0.0163033 -0.016712 0.027931 0.007035 -0.00351 0.004339 0.054242
0.123391 -0.162488 -0.162402 0.0908063 -0.432725 -0.0104055 -0.291558 -0.293924 -0.271396 -0.092588 -0.124544 0.017427
0.603658 -0.0302886 0.318324 0.15336 -0.378171 -0.00137513 0.266196 -0.331988 0.227566 0.012181 -0.001208 -0.050161
0.38228 0.216924 0.115499 0.139812 -0.385718 -0.141806 -0.072165 0.049673 0.045038 -0.001193 -0.023467 -0.119296
0.230384 -0.051165 -0.0703641 0.171173 -0.527492 -0.015527 -0.186754 -0.185284 -0.188234 -0.039142 -0.224719 0.013481
0.0906325 -0.109909 -0.287975 0.164227 -0.383296 0.0321612 -0.333096 -0.173875 -0.459509 0.025825 -0.022277 0.107456
0.541855 0.0540848 0.0202922 0.140233 -0.371952 -0.0263111 0.231337 -0.166654 -0.160366 -0.006987 -0.010596 0.002817
0.308861 -0.0366424 0.277874 0.14098 -0.361225 0.0766907 -0.187125 -0.227624 0.204754 0.00684 0.009036 0.047965
0.444556 0.183411 0.0630947 0.166618 -0.355696 -0.0450205 0.021624 0.03694 -0.077674 0.041306 0.021821 -0.00612
0.0482367 -0.214055 -0.276608 0.228286 -0.28166 -0.0439964 -0.369785 -0.353891 -0.384446 0.158002 0.156406 -0.008231
1.04204 0.873032 0.626256 0.155798 -0.379914 -0.128056 0.565976 0.681505 0.440572 0.011309 -0.002896 -0.07823
0.291003 0.0104095 0.258434 0.140849 -0.371172 0.00361332 -0.19556 -0.163766 0.229957 0.005901 -0.002848 -0.023935
0.535208 0.0296137 -0.0253684 0.148992 -0.37003 -0.0319641 0.252147 -0.199121 -0.207863 0.005278 -0.00496 -0.002263
0.402541 0.119137 0.120686 0.135345 -0.377745 -0.0275132 -0.056422 -0.067243 0.001156 -0.017801 -0.022745 -0.003541
0.201043 -0.0852474 -0.0946756 0.18707 -0.606731 -0.0102515 -0.213176 -0.213335 -0.214575 -0.057543 -0.33475 0.018061
0.439845 0.147415 0.205401 0.103324 -0.37059 0.00375414 -0.005679 -0.017784 0.064237 -0.04385 -0.011943 0.021738
0.31635 -0.109944 0.570188 0.133823 -0.351856 0.181456 -0.209539 -0.288479 0.575113 0.005439 0.025998 0.094673
0.485918 0.19803 0.0842986 0.154302 -0.378991 -0.182987 0.096079 -0.032376 -0.012155 0.017093 -0.013377 -0.168525
0.52995 0.0889968 0.193215 0.131261 -0.335317 0.178102 0.138783 -0.044078 -0.032599 -0.00079 0.035526 0.207892
0.521158 0.250019 0.232336 -0.159795 0.105862 -0.0205737 0.09423 0.106514 0.134844 -0.14884 0.568892 0.008273
0.142181 0.260969 0.253923 0.13139 -0.364027 -0.0126414 -0.496125 0.221129 0.204567 0.000147 -0.001564 0.013932
0.883957 -0.0409107 -0.0622843 0.128201 -0.377017 -0.028771 0.826521 -0.40271 -0.351218 -0.036621 -0.017467 -0.0042
0.322849 -0.18138 0.861314 0.130928 -0.344496 0.280528 -0.258988 -0.381254 0.93138 0.007349 0.042052 0.132477
1.48716 1.61115 1.08076 0.149708 -0.389497 -0.183009 0.902109 1.49388 0.853314 0.001695 -0.01307 -0.078127
0.108384 0.518357 0.463635 0.136319 -0.355787 -0.0261314 -0.649502 0.541242 0.447737 0.016571 0.021634 0.009427
-0.169932 0.239775 0.189419 0.150221 -0.357577 -0.0247104 -0.934724 0.258131 0.181092 0.030411 0.012933 0.01131
-1.54316 -1.9311 -1.52892 0.12507 -0.330554 0.120732 -1.91684 -1.98251 -1.45315 0.011076 0.018796 0.085008
2.46139 2.47966 2.43208 0.157189 -0.392519 -0.0218801 1.7567 2.2741 2.2087 0.006543 0.007537 0.001937
2.45471 2.97657 1.95374 0.159546 -0.40997 -0.341791 1.72772 2.91379 1.63841 0.000737 -0.023199 -0.160782
-2.90943 -2.41162 -2.51844 0.125552 -0.312856 -0.0443647 -3.55511 -2.17032 -2.30599 0.037968 0.030624 0.005326
4.05071 3.63275 3.60107 0.159692 -0.415852 -0.0180759 3.50565 3.24938 3.22787 -0.020679 0.00569 -0.011406
3.44445 4.37054 2.85003 0.168692 -0.43072 -0.501404 2.58006 4.37694 2.44406 0.000818 -0.032566 -0.244846
-3.10895 -3.86278 -3.90623 0.104501 -0.325076 -0.0355065 -2.98006 -3.90752 -3.85464 -0.01737 -0.015305 0.008339
5.00397 4.96951 3.94182 0.165179 -0.452879 -0.340044 4.45415 4.62257 3.39116 -0.036555 -0.046666 -0.180407
2.10355 1.62595 1.95085 0.216041 0.0363492 -0.140985 1.6476 1.42684 1.62491 0.18317 -0.385803 -0.235251
7.65205 7.36389 7.71074 0.171903 -0.467479 0.0376581 6.78192 6.82495 7.31184 -0.036718 0.002098 -0.059577
-6.68863 -7.19181 -7.05694 0.11805 -0.28573 -0.0211136 -6.54135 -6.90863 -6.56921 0.051623 -0.001692 -0.017899
4.75841 4.46364 4.31908 -0.288084 0.226756 0.058715 4.27957 4.051 3.93027 -0.230754 -0.254854 -0.134973
-0.920331 -0.93275 -0.633603 -0.000944067 -0.0300495 0.0348792 -1.15859 -1.31833 0.069821 0.012106 0.010194 0.01269
1.64502 1.65107 1.55049 0.000812078 -0.0287304 0.0400695 1.32371 1.1526 2.34436 0.013847 0.010307 0.013874
12.0468 11.2791 11.2348 0.195989 -0.532505 0.00584125 11.364 10.5048 10.4558 -0.062776 -0.022281 -0.038496
136.499 136.268 136.735 0.169533 0.19365 -0.522233 136.644 136.712 136.157 0.815138 0.277643 -0.049479
136.658 136.783 137.036 0.263575 0.287679 -0.533896 136.972 136.388 136.058 0.611589 0.173758 -0.067312
137.101 137.907 137.799 0.204654 -0.054135 -0.34953 137.306 136.621 136.622 0.411472 0.185644 -0.286166
137.11 136.861 138.174 -0.32395 -0.122369 -0.108092 137.004 136.765 137.216 0.77362 0.084774 0.310889
138.209 136.911 138.956 -0.312389 -0.420845 0.0480004 137.171 137.267 137.955 0.575261 0.084087 0.210675
-6.86237 -6.87339 -5.62198 -0.000514723 -0.0220468 0.0189573 -6.63232 -6.75187 -5.10843 0.017522 0.019697 0.003132
-1.47408 -2.20496 -1.34899 -0.0374358 -0.0182316 0.0230814 -1.67785 -2.0927 -1.00301 -0.023597 -0.200528 0.062131
-3.14968 -3.96114 -2.78893 -0.0311857 -0.0555541 0.0216404 -3.38938 -3.87437 -2.49061 -0.022217 -0.207199 0.059072
-2.0805 -2.81576 -0.153141 0.193802 0.0831845 -0.134261 -1.96988 -2.6479 -0.095688 0.202492 -0.033983 -0.137711
-2.99139 -3.65712 -0.875067 0.179956 0.0718199 -0.128532 -2.83462 -3.49367 -0.77987 0.194664 -0.033782 -0.130731
-0.140234 -0.283934 -0.158042 -0.0240131 0.264715 0.150912 -0.089347 -0.093688 -0.091771 0.003877 -0.00739 0.006656
0.352023 0.279436 0.240956 -0.232942 0.0785533 -0.0923124 0.077837 0.072619 0.080581 -0.009158 0.002997 -0.00446
0.352023 0.279436 0.240956 -0.232942 0.0785533 -0.0923124 0.077837 0.072619 0.080581 -0.009158 0.002997 -0.00446
0.0156719 -0.200894 -0.0682439 -0.0346979 0.280072 0.144197 0.03519 -0.012352 -0.01335 -0.009754 0.017078 -0.01928
0.352887 0.423088 0.114954 -0.549121 0.0817578 -0.0896042 0.076435 0.148061 0.015972 -0.3312 0.001069 -0.001213
0.364899 0.284433 0.271774 -0.225278 -0.264708 -0.522709 0.079773 0.089178 0.103611 -0.007656 -0.329987 -0.39807
-0.480143 -0.461821 -0.907408 -0.362027 0.0887493 -0.0741347 -0.659733 -0.617847 -1.11927 -0.080574 0.017697 0.001509
0.360241 0.0105355 0.511721 0.384914 0.071322 -0.0993014 0.098768 -0.055815 0.246269 0.626511 0.00934 -0.012492
0.348725 0.570269 -0.00632763 -0.851186 0.0872238 -0.0824695 0.069322 0.236565 -0.046943 -0.634354 0.004679 0.001474
1.21347 1.04996 1.4285 -0.10316 0.0703699 -0.10832 0.832576 0.787237 1.32348 0.059017 -0.002054 -0.012069
-0.119439 -0.270911 -0.154922 -0.209985 0.039584 -0.379724 -0.0701 -0.11311 -0.08468 -0.434526 -0.418261 -0.382938
0.592041 0.666659 0.520158 0.286105 -0.0801457 -0.0643487 0.340438 0.425791 0.417863 0.050017 -0.016986 0.031275
0.340326 0.402806 0.260901 0.281682 -0.0762698 -0.0442052 0.109583 0.184551 0.180696 0.050697 -0.012875 0.048023
0.394479 0.303965 0.323124 -0.210347 -0.583018 -0.924997 0.105587 0.124154 0.149593 0.002582 -0.639868 -0.758471
0.36794 -0.115328 0.656927 0.691197 0.0673191 -0.102953 0.098255 -0.128411 0.310961 0.943029 0.011861 -0.016611
0.353727 0.284538 0.200461 -0.24732 0.755729 0.756997 0.105697 0.068441 0.074187 -0.01165 0.672178 0.760627
-0.200145 -0.326511 -0.150586 -0.00616992 0.262106 0.144624 -0.142828 -0.120221 -0.041547 0.021153 -0.020738 -0.024999
-1.53666 -1.69406 -1.31746 -0.101928 0.0840324 -0.0802436 -1.76989 -1.81682 -1.30482 0.059975 0.011907 0.002768
-1.26814 -1.16629 -1.97343 -0.491353 0.0999367 -0.0585765 -1.33576 -1.26037 -2.19529 -0.150682 0.031037 0.003641
-1.3069 -1.20128 -2.06039 -0.486697 0.0958742 -0.0598879 -1.36452 -1.2869 -2.30131 -0.144966 0.025138 0.004555
2.4045 2.42418 1.91726 -0.378921 0.0814361 -0.0984044 2.11271 2.14844 1.59663 -0.084844 0.00253 -0.007372
2.06218 1.81133 2.56321 0.0297627 0.0627532 -0.125042 1.58104 1.50109 2.49968 0.130995 -0.009307 -0.024592
-0.0638869 -0.190679 -0.057256 0.431556 0.630181 0.246453 0.015263 0.038392 -0.032071 0.710711 0.680412 0.651981
0.4321 0.321623 0.370416 -0.188738 -0.894719 -1.31912 0.134066 0.154595 0.183409 0.018455 -0.945837 -1.1103
0.434001 0.325196 0.386491 -0.198607 -0.922487 -1.35008 0.130232 0.154572 0.193335 0.002161 -0.968 -1.14147
-2.38938 -2.45942 -2.47168 -0.223886 0.0881718 -0.0680243 -2.51251 -2.51607 -2.49519 -0.006578 0.018489 0.004765
2.74916 2.57896 2.71187 0.042785 0.270563 -0.15466 2.67173 2.67004 2.69055 0.013613 -0.003557 0.007563
3.19664 3.12731 3.0481 -0.241668 0.0666083 -0.121828 2.79196 2.79559 2.77414 -0.009112 -0.008164 -0.026089
-2.04265 -1.85721 -3.04571 -0.61289 0.109458 -0.042999 -2.01056 -1.89213 -3.29276 -0.220214 0.045536 0.011341
-2.15481 -1.96406 -3.26501 -0.60582 0.0974962 -0.0521131 -2.11598 -1.99182 -3.55919 -0.212167 0.026219 -0.000377
2.96331 2.6132 3.8147 0.162655 0.0488972 -0.145482 2.35676 2.24009 3.81757 0.193924 -0.027251 -0.038335
-0.838316 -1.18019 -1.15089 0.0429139 0.248418 0.207283 -0.735672 -0.909923 -0.918616 0.080964 0.002216 0.096504
-4.23288 -4.32456 -2.72222 0.00886333 0.251461 -0.162523 -3.94397 -3.96857 -2.62384 -0.018575 0.001124 -0.052481
4.40002 4.51831 3.53832 -0.52192 0.0721563 -0.114669 4.09027 4.17594 3.05838 -0.154092 -0.005353 -0.022245
1.86688 1.47577 1.45131 0.0485236 0.256246 0.248021 1.82992 1.65536 1.59139 0.088281 0.020908 0.146261
0.703654 0.680634 0.551526 0.231611 0.253418 0.33666 0.698584 0.809897 0.752716 0.383472 0.028429 0.352326
-4.8171 -4.90189 -4.86746 -0.230637 0.10788 -0.0382951 -4.79485 -4.82551 -4.74663 -0.016271 0.039053 0.018382
-5.28243 -5.37138 -5.27727 -0.0344757 0.261238 -0.150277 -4.97748 -4.99398 -5.05798 -0.058421 -0.003391 -0.024002
5.80433 5.60573 5.74768 0.0561147 0.277025 -0.161044 5.61573 5.61628 5.65768 0.030722 -0.007026 0.019806
-0.374749 0.318042 -0.227699 -0.161341 -0.0687872 -0.107374 0.062977 0.055111 0.06319 -0.003691 0.008513 -0.002445
-0.374749 0.318042 -0.227699 -0.161341 -0.0687872 -0.107374 0.062977 0.055111 0.06319 -0.003691 0.008513 -0.002445
-0.37057 0.322704 -0.221 -0.303317 -0.0658443 -0.110363 0.045893 0.062134 0.076773 -0.214244 0.004009 -0.00118
-0.371497 0.319129 -0.221917 -0.306883 -0.0684655 -0.109843 0.054386 0.064356 0.076957 -0.223641 0.002004 -4.7e-05
-0.37362 0.332414 -0.21182 -0.160804 -0.47615 -0.117652 0.061617 0.061693 0.069828 -0.011017 -0.35843 -0.02194
-0.362772 0.328788 -0.225027 0.0916257 -0.0623893 -0.105963 0.09715 0.076548 0.036437 0.385678 0.034241 -0.01676
-0.370545 0.331357 -0.229178 -0.168063 -0.0406254 0.136389 0.060331 0.038934 0.089134 -0.017254 0.056918 0.374227
-0.365086 0.326937 -0.207224 -0.168972 -0.0864739 -0.376897 0.080823 0.0749 0.077396 0.001565 -0.024503 -0.424713
-0.366653 0.325106 -0.208261 -0.169196 -0.0889889 -0.386023 0.077056 0.073269 0.074449 0.0004 -0.024124 -0.440829
-0.365991 0.324684 -0.211595 -0.455532 -0.0679834 -0.112471 0.054271 0.086639 0.092923 -0.450177 -0.004097 0.002793
-1.0206 -0.596116 -1.42556 -0.158365 -0.0499209 -0.102942 -0.566874 -0.742612 -1.13318 0.008707 0.019172 -0.009777
-1.82901 -0.36326 -0.899854 -0.15785 -0.0693964 -0.105534 -1.3334 -0.604153 -0.58783 -0.010108 0.006672 -0.000231
-0.35562 0.373649 -0.171791 -0.168418 -0.833022 -0.129854 0.077409 0.089956 0.106169 -0.025724 -0.668611 -0.048631
-0.363543 0.360725 -0.183102 -0.162986 -0.863748 -0.128667 0.070577 0.07997 0.093033 -0.022958 -0.701046 -0.042637
0.322347 1.56869 0.736564 -0.160176 -0.0805083 -0.106031 0.741831 1.31559 0.907023 -0.007025 0.005664 -0.009966
1.0608 0.988634 0.435462 -0.163854 -0.065261 -0.109291 1.42954 0.707769 0.705396 0.007722 0.010568 -0.007834
1.12308 1.01664 0.462586 -0.16353 -0.0681968 -0.109202 1.50127 0.732694 0.734027 0.005497 0.010984 -0.006584
-0.359157 0.339411 -0.188632 -0.173315 -0.090313 -0.483037 0.092838 0.087961 0.085025 0.003367 -0.042351 -0.580361
6.31865 6.24085 6.13573 -0.251372 0.0597449 -0.144964 5.79144 5.78787 5.76664 -0.016014 -0.022381 -0.034476
-0.367338 0.346472 -0.223381 -0.164838 -0.0348581 0.292842 0.067846 0.044984 0.111497 -0.017331 0.065192 0.624145
-0.362126 0.340468 -0.197671 -0.596026 -0.0645937 -0.115904 0.050693 0.113949 0.103612 -0.655065 -0.011162 0.006103
-0.366331 0.348734 -0.222333 -0.161224 -0.0373615 0.309351 0.067552 0.050932 0.112066 -0.014831 0.060356 0.653228
-0.386456 0.0960958 -0.316632 -0.142177 0.205225 0.0672873 0.024727 -0.174738 -0.010176 0.011379 0.059135 -0.042395
1.73791 2.4475 2.149 0.628457 -0.555835 0.526936 1.3393 2.29689 2.11484 0.370075 -0.539963 0.579293
-0.346369 0.404136 -0.14046 -0.168715 -1.2206 -0.139467 0.087597 0.118216 0.129713 -0.038394 -1.01463 -0.067445
-0.354275 0.388764 -0.153899 -0.162145 -1.26155 -0.138718 0.074513 0.101342 0.114643 -0.033125 -1.05851 -0.060136
-0.359176 0.378836 -0.162359 -0.157709 -1.28922 -0.138209 0.068573 0.093427 0.102795 -0.03043 -1.0871 -0.054253
6.56827 6.34176 4.02226 0.0301216 0.273618 -0.138824 6.25505 6.27733 4.07716 0.042469 -0.025385 0.072926
6.69621 6.47607 4.08269 0.0220676 0.282609 -0.14221 6.39551 6.41615 4.13201 0.035116 -0.016591 0.064724
-1.60994 -1.43043 -2.53138 -0.155974 -0.0230157 -0.100884 -1.14341 -1.46275 -2.22599 0.018013 0.038326 -0.018
-1.70563 -2.09514 -2.08453 -0.160923 -0.045863 -0.110769 -1.23105 -2.36938 -1.55778 0.001607 0.011332 0.006207
-3.15649 -0.990257 -1.52123 -0.15637 -0.0663472 -0.105535 -2.60342 -1.2163 -1.18842 -0.017854 0.012177 0.00406
0.977274 2.70386 1.64134 -0.161047 -0.0986705 -0.108024 1.38363 2.43356 1.69057 -0.01631 -0.004062 -0.028054
-3.23906 -1.02792 -1.55454 -0.153019 -0.0700358 -0.10371 -2.68027 -1.24245 -1.21589 -0.016267 0.005136 0.004941
1.00331 2.77721 1.67922 -0.158702 -0.0966531 -0.105874 1.41472 2.52854 1.73393 -0.015287 -0.001664 -0.020306
1.04102 2.84844 1.72349 -0.157241 -0.0922223 -0.1049 1.44138 2.60797 1.7706 -0.013997 0.003404 -0.017234
2.66364 1.73322 1.17187 -0.164466 -0.0675927 -0.111053 2.98194 1.43066 1.42535 0.014179 0.014459 -0.011711
-2.23953 -3.0267 -2.83962 -0.16297 -0.000259678 -0.115543 -1.76283 -3.27142 -2.2017 0.00337 0.040924 0.015024
-2.20372 -2.24847 -3.61371 -0.152722 -0.00111786 -0.0987184 -1.72902 -2.1801 -3.29957 0.024634 0.048876 -0.03003
-2.28419 -3.15999 -2.91072 -0.160287 -0.0220433 -0.11383 -1.78787 -3.43267 -2.25553 0.00394 0.026891 0.009678
-2.34079 -3.25805 -2.97573 -0.159254 -0.0348024 -0.112788 -1.83729 -3.54349 -2.32981 0.003045 0.010718 0.010107
-4.40356 -1.58352 -2.10635 -0.156133 -0.0616771 -0.106616 -3.78598 -1.78345 -1.73961 -0.032775 0.020758 0.005492
1.69001 3.91998 2.6041 -0.158356 -0.116638 -0.109441 2.07367 3.66136 2.53048 -0.029024 -0.006767 -0.042911
1.68226 3.93487 2.60489 -0.157626 -0.117639 -0.107863 2.06593 3.67914 2.52184 -0.027288 -0.010557 -0.038174
1.64009 3.16759 3.44531 -0.179332 -0.123473 -0.122815 2.02379 2.5358 3.71975 -0.06219 -0.014368 0.004637
-4.60521 -1.67672 -2.19284 -0.146967 -0.0707312 -0.102376 -3.99482 -1.86373 -1.83501 -0.024181 0.003171 0.007767
0.248655 0.226211 0.113215 0.182668 0.217475 0.312654 0.181005 0.36453 0.282704 0.324528 0.00141 0.326383
4.07131 2.384 1.82397 -0.162198 -0.0661837 -0.111903 4.28209 2.07656 2.05308 0.029008 0.007613 -0.017689
0.623857 0.471671 0.48236 0.0843934 0.221983 0.287712 0.530637 0.649273 0.574966 0.173663 0.003527 0.248169
0.0818571 0.0712489 -0.0191303 0.161116 0.208666 0.301751 -0.000824 0.214316 0.127666 0.30094 -0.005211 0.313434
-7.13813 -7.2479 -7.14774 -0.230326 0.108392 -0.0288772 -6.96911 -7.02446 -6.86654 -0.030039 0.045313 0.022329
-7.14649 -7.23963 -7.17093 -0.230771 0.120463 -0.0170953 -6.97258 -7.01847 -6.90224 -0.023946 0.053277 0.032482
-7.23463 -7.30688 -7.25518 -0.22054 0.120753 -0.0155757 -7.05456 -7.0684 -7.01205 -0.012941 0.057166 0.039767
-7.65792 -7.70115 -7.63085 -0.0555482 0.258494 -0.157008 -7.23518 -7.23826 -7.33391 -0.06534 0.003662 -0.046676
8.8883 8.65442 8.83465 0.0734446 0.27053 -0.168247 8.60342 8.59692 8.69483 0.068727 -0.010263 0.040964
-0.1718 0.885283 1.13608 0.198196 0.146656 0.254932 0.093153 0.983124 1.25693 0.41955 -0.056019 0.241255
9.41354 9.34402 9.18222 -0.249141 0.0435547 -0.181404 8.77213 8.80661 8.68571 -0.001598 -0.031441 -0.057654
9.49032 9.40645 9.25172 -0.25246 0.0436258 -0.178752 8.85302 8.854 8.7798 -0.009319 -0.040861 -0.063713
9.76326 9.68073 9.56544 -0.273089 0.069672 -0.160258 9.17097 9.16392 9.16088 -0.029283 -0.017833 -0.021213
0.164998 1.27578 1.71102 0.231953 0.172575 0.291737 0.516387 1.38168 1.82963 0.442506 -0.048641 0.200198
-0.565798 0.574643 -0.0381725 -0.0740129 0.214409 -0.0124482 -0.187917 0.28884 0.186813 0.03502 0.217257 -0.055
-5.21548 -6.10675 -4.48586 -0.0221797 -0.0870851 0.0199956 -5.51465 -6.08091 -4.34361 -0.020243 -0.209057 0.054565
-0.49398 0.714649 0.0766994 -0.0645535 0.260956 0.01441 -0.121864 0.417452 0.299545 0.04778 0.256463 -0.052043
-3.11192 -3.0097 -2.97361 0.0954041 0.185871 0.263511 -3.03402 -2.70085 -2.77431 0.23736 -0.009646 0.275844
-0.262579 -0.176723 -0.134401 0.130319 0.260831 0.285959 -0.49754 -0.161304 -0.361086 0.165533 -0.033613 0.29231
0.10143 0.0434566 -0.116006 0.15865 0.171687 0.311138 -0.01802 0.157122 -0.078765 0.330758 -0.027876 0.316281
0.438356 0.494778 0.517076 0.122456 0.26738 0.224384 0.565729 0.693792 0.579444 0.106486 -0.036088 0.175056
-0.483064 0.252305 0.0238516 0.0353098 0.0752114 -0.186293 0.109446 0.166452 0.490746 0.135273 0.119758 0.068722
0.400472 0.265786 0.382991 0.023334 0.0597248 0.0367394 0.359782 0.361353 0.52982 -0.124478 -0.33916 -0.152638
2.40121 5.51846 -0.980088 0.249399 0.00633036 -0.178131 1.98843 5.68681 -1.45619 0.362741 0.04421 -0.22192
0.213237 0.554167 0.401663 0.327527 0.216993 0.34768 0.042677 0.550587 0.232803 0.328195 0.016355 0.204945
0.160887 1.26321 0.724542 -0.00935433 0.569175 0.230067 0.571645 0.935422 1.04695 0.103146 0.538028 0.17022
-1.21885 -0.423613 -0.666615 -0.407476 -0.225853 -0.240678 -0.56667 -0.533178 0.06521 -0.062049 -0.005887 -0.249118
4.70073 3.91665 6.86794 -1.14712 0.793242 -1.55161 4.31312 3.97499 6.42385 -1.18223 0.583345 -1.00808
5.75578 9.13423 1.97332 0.0187272 -0.18382 -0.231892 5.16014 8.90643 1.11785 -0.089947 -0.095836 -0.130741
-5.33909 -2.9311 -8.38768 0.0191232 -0.0935273 -0.166412 -5.67874 -2.54126 -8.76579 -0.08098 -0.104877 -0.095285
2.92512 6.85894 -2.0401 0.206608 0.101242 0.0535706 2.73603 6.77585 -2.17581 0.508763 0.001017 0.116969
-8.01681 -5.95633 -10.6267 0.219231 0.017508 -0.136672 -8.12428 -4.99872 -10.7442 0.336087 0.042751 -0.167755
3.40521 3.54309 3.28384 0.168028 0.567301 0.424169 3.27389 3.58673 3.28733 0.369573 0.254871 0.429982
-5.8855 -6.31842 -3.15054 0.134912 0.0211289 -0.116126 -5.71355 -6.29754 -3.05908 0.160162 -0.032595 -0.107122
2.12215 2.90918 1.55883 -0.205665 0.0574963 -0.16708 2.56939 2.62812 2.29778 -0.048585 0.269722 -0.131468
-0.419109 -0.565809 -0.596998 -0.0583822 -0.091904 0.0151131 -0.465165 -0.45364 -0.174471 -0.054947 -0.001417 0.038024
-1.18347 -0.303146 -0.306265 -0.596859 -0.140235 -0.360505 -0.391712 -0.2678 0.645261 -0.261554 0.01152 -0.455412
4.55147 4.71539 4.51973 0.291667 0.630123 0.486399 4.52221 4.77975 4.4901 0.451956 0.358683 0.443082
-9.95316 -7.55765 -13.53 0.181218 0.0344182 0.0422263 -9.64371 -6.37206 -13.2637 0.410153 0.014256 0.0984
-1.53599 -2.10843 -1.89024 -0.659821 0.346114 -0.440168 -0.967868 -2.05754 -1.5339 -0.546315 0.174249 -0.307893
0.624156 2.83587 1.82468 -0.167424 0.0134334 0.494134 1.1008 3.08012 1.76382 -0.064054 -0.140202 0.472796
0.260681 2.64477 1.6389 -0.199976 0.0181131 0.544024 0.672106 3.00873 1.57926 -0.060596 -0.137985 0.487263
0.21199 2.6078 1.62033 -0.203368 0.0167198 0.549961 0.631778 3.00781 1.56931 -0.061632 -0.132624 0.489655
-1.80502 -1.44177 -1.68244 -0.351008 0.378066 -0.745651 -1.14901 -1.56603 -0.930998 -0.160989 0.171899 -0.691922
-1.80972 -1.33097 -1.55578 -0.341999 0.37611 -0.817389 -1.156 -1.48083 -0.783989 -0.126496 0.172127 -0.745767
5.27754 5.47877 5.36902 0.382427 0.648428 0.552602 5.37285 5.60349 5.32919 0.540513 0.41737 0.451397
-1.36593 -0.341374 -0.505117 -0.666535 0.17792 -0.839768 -0.628259 -0.441984 0.535508 -0.340777 0.155549 -0.90177
5.87112 6.08396 6.12003 0.504455 0.613939 0.602466 6.10834 6.2785 6.06553 0.677289 0.478966 0.437553
2.87524 4.4211 3.36468 0.119155 -0.0427388 0.547962 3.22977 4.23607 3.6809 0.347643 -0.087764 0.359882
-3.99025 -4.09782 -3.80036 -0.0507631 -0.0611904 0.0175548 -4.40138 -4.39256 -3.65619 -0.043338 0.002086 0.033021
4.69627 4.0928 3.3889 0.752467 -0.097534 0.693095 4.43259 4.1592 3.27105 0.747802 -0.140326 0.529709
5.97008 6.16418 5.48117 0.903858 0.663275 0.437163 5.77687 6.17649 5.02691 0.681388 0.359718 0.375803
-7.09973 -8.04247 -5.95837 -0.0124707 -0.0971178 0.017334 -7.64916 -8.29508 -6.21313 -0.015777 -0.198792 0.047742
-7.29295 -7.59326 -4.27701 0.110968 -0.0122516 -0.112418 -7.34656 -7.87643 -4.3705 0.135832 -0.030966 -0.093291
0.223546 1.21823 0.646512 -0.0868721 0.0683398 -0.971915 0.963993 1.25424 1.00733 0.154973 0.150943 -0.872676
-18.6956 -18.2928 -18.3918 0.325774 0.271266 0.157528 -17.7793 -17.6667 -17.7068 0.537257 0.070917 0.271057
-19.7554 -19.4869 -19.4632 0.240266 0.231603 0.156608 -19.0399 -18.8262 -18.8154 0.393819 0.058199 0.244151
0.939324 2.02328 1.07029 -0.189113 -0.0225469 -0.843058 1.64979 2.00458 1.46591 0.068273 0.030333 -0.855941
2.55721 3.76969 1.92746 -0.309725 -0.0730355 -0.522033 3.15404 3.67115 2.55863 -0.042424 -0.076962 -0.781572
-20.572 -20.5372 -20.4604 0.0845465 0.127302 0.145779 -20.1117 -19.8551 -19.8898 0.213803 0.020854 0.196283
-20.6117 -20.6021 -20.543 0.0626263 0.0970338 0.163108 -20.1815 -19.9197 -19.9745 0.180232 -0.014292 0.19487
-0.0231472 -0.304219 0.0434896 0.22406 -0.0575658 0.0433851 0.000284 -0.016559 -0.023766 -0.001861 -0.007713 -0.009459
-0.0231472 -0.304219 0.0434896 0.22406 -0.0575658 0.0433851 0.000284 -0.016559 -0.023766 -0.001861 -0.007713 -0.009459
-0.00967362 -0.293338 0.0513056 0.331093 -0.0441823 0.0459707 0.007627 -0.012768 -0.021882 0.166887 -0.005601 -0.003353
-0.0209058 -0.324145 0.0638353 0.235077 -0.0548969 0.175615 0.003981 -0.055282 -0.007167 0.012441 -0.016616 0.174512
-0.0201256 -0.306735 0.0456274 0.10767 -0.0766248 0.029757 0.006666 -0.015332 -0.024974 -0.18709 -0.017061 -0.023119
-0.0188844 -0.315052 0.0298935 0.240131 0.259636 0.0466189 0.014011 -0.022926 -0.038233 0.005684 0.296573 -0.019447
-0.0229941 -0.290936 0.0582671 0.208312 -0.384389 0.039348 -0.007764 -0.007739 -0.011077 -0.008052 -0.321369 -0.002136
-0.00600503 -0.331352 0.101827 0.242014 -0.0599951 0.279931 0.029147 -0.074508 0.046327 0.02033 -0.034009 0.315339
-0.021056 -0.311961 0.0337308 0.01002 -0.101773 0.014175 0.016186 -0.005434 -0.032798 -0.331378 -0.022525 -0.037213
-0.0144817 -0.250814 0.00243746 0.205303 -0.0709835 -0.23111 0.007042 0.046172 -0.068589 -0.020688 0.008449 -0.366186
-0.0270993 -0.344694 0.0810858 0.244509 -0.0478153 0.313439 0.007015 -0.079658 0.015038 0.025442 -0.018253 0.37591
-0.0110455 -0.241472 0.0170062 0.198918 -0.0660657 -0.249541 0.01558 0.058098 -0.035612 -0.029871 0.009646 -0.411316
-0.632228 -1.33364 -0.768244 0.223507 -0.0431018 0.0607352 -0.576225 -1.09756 -0.769822 0.001005 0.000551 0.017514
0.608242 0.535471 1.08909 0.224668 -0.0799822 0.060808 0.632416 0.751862 1.05146 -0.001308 -0.027453 0.010881
0.622776 0.555157 1.12376 0.222571 -0.0750753 0.0605997 0.651158 0.769296 1.09161 -0.005508 -0.021693 0.006783
0.618609 0.753605 0.876977 0.228278 -0.0794608 0.0170717 0.617819 1.08054 0.740791 -0.001312 -0.021716 -0.043005
0.638349 0.57618 1.16041 0.220319 -0.0699275 0.0603106 0.666258 0.786813 1.13141 -0.009856 -0.016313 0.004204
-1.32665 -0.95791 -0.599618 0.224468 -0.0590836 0.048047 -1.27564 -0.652955 -0.670509 0.006772 -0.017517 -0.009106
1.2892 0.342383 0.680854 0.226089 -0.0616432 0.0406309 1.28029 0.612295 0.620493 -0.005476 -0.006172 -0.009797
-0.00301666 -0.342053 0.131066 0.247085 -0.0576341 0.392903 0.038732 -0.103059 0.083586 0.027854 -0.041007 0.475426
-0.0218039 -0.310982 0.040953 -0.112054 -0.11841 -0.00288807 0.023766 0.00757 -0.030064 -0.514777 -0.024834 -0.052533
-0.0136707 -0.220208 -0.0157913 0.192087 -0.0725934 -0.378395 0.0123 0.074944 -0.079601 -0.030891 0.020543 -0.553352
-0.0160456 -0.278076 0.0507684 0.579536 -0.00846606 0.0642729 -0.010024 -0.001774 -0.023364 0.578188 0.022136 0.022205
0.00342665 -0.319037 0.0244318 0.264627 0.794536 0.0539836 0.047931 -0.011375 -0.049114 0.029331 0.79582 -0.054505
-0.0182798 -0.340762 -0.00418229 0.269818 0.85163 0.0556979 0.036578 -0.030647 -0.067997 0.026408 0.853115 -0.041883
0.00310164 -0.23196 0.124945 0.184091 -0.987815 0.0319538 0.005247 0.032938 0.041153 -0.018449 -0.890225 0.011351
-1.22105 -2.29776 -1.54397 0.226245 -0.0380446 0.0744953 -1.11662 -2.10697 -1.48666 0.004026 0.00274 0.041242
-1.22478 -2.33305 -1.54823 0.220892 -0.024082 0.0777511 -1.1209 -2.1434 -1.47596 -0.001842 0.013408 0.037293
-1.27388 -2.41142 -1.60491 0.218048 -0.0305388 0.0846881 -1.19083 -2.24795 -1.52839 0.001198 0.008047 0.048395
1.27317 1.83254 1.73265 0.232172 -0.097248 -0.00880651 1.25139 2.1837 1.52378 -0.005214 -0.028906 -0.077075
1.30623 1.89799 1.77656 0.233557 -0.0887494 -0.0101671 1.29611 2.27071 1.5642 -0.008736 -0.021326 -0.080033
-2.53146 -1.54889 -1.18227 0.224943 -0.0566409 0.0493106 -2.44137 -1.23437 -1.26723 0.014853 -0.024704 -0.01151
2.57419 0.961521 1.29349 0.230071 -0.0716153 0.0433439 2.508 1.21478 1.24673 -0.009388 0.003605 -0.007473
2.6976 1.05568 1.38419 0.225638 -0.0546794 0.0397226 2.67733 1.30194 1.32647 -0.017737 0.015306 -0.013397
-1.76518 -2.63278 -2.90595 0.2108 -0.0230032 -0.0313167 -1.72062 -2.16657 -3.06677 -0.024911 0.036916 -0.103456
-1.80202 -3.29666 -2.30575 0.220035 -0.0128461 0.091185 -1.65196 -3.17608 -2.17684 -0.002245 0.02161 0.05794
-1.80363 -3.31672 -2.3096 0.217727 -0.00631074 0.09278 -1.67097 -3.21239 -2.18115 -0.005103 0.026962 0.058078
1.93745 2.89005 2.5992 0.233983 -0.11406 -0.037365 1.89766 3.25204 2.3247 -0.011757 -0.034503 -0.120161
-3.62357 -2.06481 -1.6922 0.227262 -0.058621 0.0424084 -3.46329 -1.73703 -1.78433 0.016405 -0.035878 -0.027789
-0.807211 -1.32521 -1.42024 -0.0185158 0.155189 0.203838 -0.689578 -1.44782 -1.05744 0.044015 0.137306 0.047985
-3.81987 -2.21646 -1.83544 0.228151 -0.0624278 0.0612787 -3.70962 -1.88166 -1.9178 0.028153 -0.037026 -0.004376
3.92592 1.62198 1.94799 0.232815 -0.0758166 0.047602 3.81937 1.85045 1.91314 -0.008024 0.010744 -0.00279
-18.4938 -17.3322 -17.7734 -0.0124085 0.276823 0.112012 -16.971 -16.7875 -16.6137 -0.022563 0.205015 0.061922
-18.1797 -16.5473 -17.1641 -0.0351494 0.237921 -0.076415 -16.614 -16.0898 -15.9324 0.054472 0.216662 0.003325
-24.4788 -23.8561 -24.6897 0.0930695 0.0776541 0.402708 -23.7101 -23.9526 -22.9566 -0.052141 -0.012203 0.498808
-30.9497 -30.8735 -31.2174 0.227623 -0.151043 -0.0832587 -29.8797 -30.246 -30.2812 0.17496 -0.162791 -0.081961
-31.6618 -31.4364 -31.6142 0.138033 -0.122198 -0.0979891 -30.7444 -30.9624 -31.0329 0.110698 -0.11244 -0.122435
3.4906 6.09396 0.155271 -0.0216364 -0.0264622 -0.124108 2.91229 5.88719 -0.646694 -0.18907 0.025935 -0.039645
-32.1826 -31.834 -31.8607 0.0227438 -0.0414287 -0.143861 -31.5448 -31.5935 -31.7076 0.023087 -0.037229 -0.181992
-32.2008 -31.8428 -31.8647 0.0144734 -0.0317349 -0.149566 -31.5797 -31.6168 -31.7391 0.017198 -0.030718 -0.187813
-26.3918 -26.9189 -27.7568 0.396597 -0.0887568 -0.030269 -25.0161 -26.2962 -25.775 0.342942 -0.299335 0.073416
38.203 38.0259 38.2308 0.141505 0.361131 0.550293 37.7008 38.0398 37.9554 0.348962 0.05617 0.33375
38.6056 38.4249 38.6945 0.186983 0.343775 0.525818 38.2169 38.5357 38.6151 0.370533 0.023792 0.325611
38.8859 38.6991 39.4303 0.198957 0.304361 0.647733 38.7042 38.8376 39.5439 0.392873 -0.134229 0.248777
39.1726 38.9543 39.5886 0.224105 0.322448 0.601518 38.9878 39.1554 39.7614 0.441261 -0.102438 0.213383
0.815659 3.99593 -3.13751 -0.850379 0.106391 0.205784 0.572443 3.9849 -3.27288 -1.02142 0.088973 0.051243
7.13525 3.39532 -9.02074 -1.13463 1.07007 0.0630344 3.41418 1.29492 -10.0433 -0.565426 1.0049 -0.118264
-1.6441 -2.03222 -1.1345 0.0606882 0.119953 -0.146109 -1.4285 -1.63928 -1.18816 0.138627 -0.315898 -0.197206
-6.29348 -6.376 -5.62719 -0.0395492 -0.0348247 0.0208088 -7.07215 -7.06268 -5.99376 -0.035861 0.003483 0.029292
-2.14765 -1.28018 0.900967 0.901327 -0.283947 0.0882198 -2.78922 -1.5041 -0.374126 0.819727 -0.451315 0.227271
-2.8117 -3.21849 -2.0946 0.00251566 0.0719964 -0.177664 -2.6578 -2.91656 -2.08832 0.090312 -0.304638 -0.209898
1.82519 1.61392 6.09245 0.22699 0.29112 0.0313419 1.11709 1.81347 5.3247 0.103346 0.210352 -0.238589
146.279 145.793 145.827 -0.151459 0.13891 0.186856 147.433 146.114 146.369 -0.192859 -0.024456 -0.435516
-33.4806 -33.2565 -33.3307 0.00381592 -0.0975524 0.10478 -32.391 -32.4075 -32.6975 0.061714 -0.376636 0.322266
-0.135603 1.24186 6.37473 0.302505 0.0337573 0.280013 -0.775938 1.09138 5.2135 0.178479 0.025937 0.43184
-3.32898 -3.74306 -2.50059 -0.0234303 0.0509945 -0.189416 -3.20566 -3.48429 -2.48831 0.069508 -0.297678 -0.215388
-6.59597 -6.67409 -5.84411 -0.0368911 -0.0309085 0.0209021 -7.48108 -7.47233 -6.34631 -0.035152 0.003175 0.028383
-9.55852 -9.52338 -9.68428 -0.205006 -0.436844 -0.208854 -9.27601 -9.89841 -8.694 -0.190513 -0.275182 -0.268339
-0.932975 -0.595275 5.20697 0.180547 -0.022724 0.144829 -1.44119 -0.818756 4.26242 0.25205 -0.128643 0.219444
-1.15081 -1.14034 4.72229 0.181789 -0.0994491 0.0451361 -1.55841 -1.36644 3.80595 0.297423 -0.214366 0.097351
-1.14707 -1.1167 4.70448 0.188546 -0.0984974 0.0742477 -1.59675 -1.29738 3.83558 0.282273 -0.209797 0.154303
-0.538314 -0.628872 5.0632 0.204368 0.0163546 0.0395494 -0.948035 -0.850761 4.12265 0.352373 -0.061355 -0.053091
146.942 146.223 146.888 0.283402 -0.174037 0.357774 147.765 145.997 146.426 0.199204 -0.228276 -0.244737
0.857073 1.07062 8.4744 0.185053 -0.184351 0.319296 0.697629 0.874328 7.55027 0.153025 -0.279309 0.48378
-0.66647 -0.329532 5.16332 0.231609 -0.116528 0.208239 -1.3595 -0.318216 4.0855 0.281843 -0.26509 0.392987
0.202782 -0.255225 0.0448331 0.138887 -0.0992358 -0.102988 0.193423 -0.190147 0.079432 0.111487 -0.13158 -0.067657
-3.79971 -4.21993 -2.85871 -0.0471866 0.0319714 -0.198612 -3.71246 -4.01286 -2.85713 0.049675 -0.290827 -0.219871
0.312876 -0.144785 0.171634 0.19472 -0.0817525 -0.0750423 0.290822 -0.070038 0.222706 0.220112 -0.089284 -0.062148
0.16901 -0.152317 0.201881 0.0898728 0.0296038 -0.412589 0.135661 -0.110404 0.197349 0.092954 -0.037801 -0.399504
0.141763 -0.182162 0.102574 0.193691 -0.184519 0.260657 0.147401 -0.095468 0.159419 0.199514 -0.144436 0.295209
0.167749 -0.180344 0.106644 0.150295 0.0528806 -0.394787 0.162323 -0.108773 0.102482 0.175019 0.004013 -0.392206
0.371033 -0.370926 0.271771 0.213993 0.302833 -0.136478 0.341117 -0.305023 0.297543 0.2604 0.310038 -0.052861
0.0620889 -0.0314181 0.29884 0.0363031 -0.22578 0.404685 0.075277 0.041633 0.325202 0.002394 -0.215076 0.351514
0.0489687 0.0329883 0.447235 0.00243352 0.100161 -0.536424 0.085131 0.036224 0.43192 0.037345 0.024822 -0.520145
0.00651713 -0.0151073 0.345622 0.0427921 0.123733 -0.523687 0.081137 0.009892 0.325662 0.076956 0.067602 -0.508824
148.657 148.427 147.651 0.137788 0.231432 0.0320827 148.451 147.706 146.749 -0.113812 0.108071 -0.472898
144.456 140.366 142.245 -1.33579 2.15534 0.0768177 147.154 141.476 144.668 -0.475661 0.599677 -0.078554
148.903 148.323 148.037 -0.203117 -0.0237299 0.330739 148.843 147.58 147.267 -0.287462 -0.15974 -0.140603
0.766592 -0.474311 0.619332 0.0386407 0.342713 0.0562476 0.643408 -0.315103 0.684959 0.119236 0.221522 0.047777
-0.0426493 0.139978 0.540995 -0.135925 0.0718942 -0.400645 0.09163 0.057604 0.581254 -0.071728 0.03694 -0.382017
-0.0412498 0.21805 0.658591 -0.145009 0.0745303 -0.448629 0.074156 0.131197 0.703085 -0.084443 0.021454 -0.434386
-0.0855517 0.201875 0.636345 -0.109759 -0.190397 0.334568 0.002689 0.163157 0.699508 -0.104933 -0.198279 0.335118
10.862 10.8377 17.107 0.214646 -0.0652241 0.0156313 10.0537 10.2419 16.1913 0.390066 -0.251185 0.12553
0.113072 0.169341 0.789675 -0.0987715 -0.428221 0.268728 0.115313 0.163948 0.742151 -0.095319 -0.348759 0.28633
2.40942 3.75107 6.48317 0.637558 -0.315655 0.168985 1.69108 4.41637 5.09119 0.518271 -0.18868 0.52308
0.0719714 0.101174 0.743647 -0.157523 0.148612 -0.389672 0.145211 0.000584 0.679847 -0.106609 0.055761 -0.329614
142.03 140.177 141.883 -0.271293 0.801044 -0.197669 144.616 142.498 144.237 -0.092775 0.046399 -0.094112
-0.0284092 0.240368 0.716238 -0.292198 -0.12485 0.181573 -0.002304 0.13482 0.769711 -0.219625 -0.190397 0.146451
141.958 140.146 141.795 -0.240681 0.802208 -0.195224 144.581 142.532 144.193 -0.084009 0.040417 -0.100416
-0.0701784 0.297226 0.680887 -0.296252 -0.124244 0.155761 0.034816 0.195266 0.893604 -0.242306 -0.166429 0.14328
-0.0794613 0.313074 0.734155 -0.302572 -0.00754437 -0.252871 0.045172 0.162426 0.891782 -0.21056 -0.039915 -0.234366
-0.0711519 0.262287 0.735702 -0.372024 -0.0691704 -0.0167853 0.028087 0.099403 0.846338 -0.267419 -0.122473 -0.027064
0.583747 -0.0525307 1.07991 -0.12028 -0.398507 0.307561 0.365389 -0.000577 0.876179 -0.074202 -0.318101 0.220975
1.01545 -0.550197 0.853573 -0.172084 0.112696 0.301025 0.767536 -0.318463 0.938865 -0.055574 -0.010195 0.136912
0.550952 -0.169185 1.07648 -0.222935 0.168274 -0.495101 0.432616 -0.222733 0.739011 -0.088407 0.033669 -0.288031
0.493742 -0.146305 1.10178 -0.133304 -0.420377 0.359546 0.315805 -0.09717 0.835693 -0.085986 -0.299923 0.261214
0.957525 -0.680018 0.905284 -0.166843 0.124338 0.328416 0.695419 -0.450036 0.934813 -0.073037 0.031464 0.155257
144.735 140.388 144.64 -2.31315 2.95826 0.568345 147.899 140.93 147.353 -1.08275 1.36025 -0.059472
141.457 140.112 141.175 -0.064258 0.689851 -0.144085 144.36 142.781 143.88 -0.021615 0.038958 -0.20034
-33.7642 -33.551 -33.621 0.00300469 -0.0931202 0.100781 -32.9637 -32.9846 -33.2686 0.059267 -0.36319 0.311612
0.897859 -0.456748 1.0156 -0.288072 0.0141344 -0.5519 0.671061 -0.358273 0.80064 -0.140872 -0.069788 -0.294852
-13.5159 -13.2056 -6.99391 0.268688 -0.191473 0.331637 -12.8691 -12.7531 -7.47321 0.100483 -0.219275 0.379799
-15.1343 -15.0943 -15.2734 -0.193714 -0.40696 -0.208119 -14.869 -15.4322 -14.3091 -0.155887 -0.221465 -0.241291
0.71164 0.0064154 1.13517 -0.533652 -0.693681 -0.148292 0.687578 0.143586 1.32267 -0.29323 -0.469033 -0.073421
3.48875 3.67271 8.73862 0.00670206 -0.191109 0.174898 3.44425 3.37335 6.8984 0.362159 -0.370812 0.345066
0.86749 -0.0614574 1.47696 -0.564539 -0.177564 -0.0319523 0.83396 0.078742 1.68507 -0.334899 -0.14732 -0.00875
-15.3216 -14.9955 -9.04731 0.282415 -0.188548 0.326571 -14.6141 -14.5043 -9.50624 0.095098 -0.210344 0.364329
6.66183 5.50558 10.6745 -0.0449632 0.187819 0.336916 6.92815 5.64612 11.0745 -0.657978 0.094009 0.619936
6.74757 5.88015 10.9405 -0.0217149 0.144973 0.262871 7.10447 5.95554 11.1863 -0.605228 0.01122 0.59884
-0.268722 -0.0995684 -0.25869 -0.0347008 -0.146236 0.0675399 -0.005376 -0.010512 -0.03799 0.00622 -0.000171 -0.00168
-0.268722 -0.0995684 -0.25869 -0.0347008 -0.146236 0.0675399 -0.005376 -0.010512 -0.03799 0.00622 -0.000171 -0.00168
4.96884 5.28867 9.89338 0.14277 -0.206038 0.175519 5.38371 4.93287 8.27697 0.388647 -0.356635 0.463056
-0.266552 -0.110997 -0.273519 -0.0261059 0.140232 0.0817594 0.012393 -0.023968 -0.060326 0.009373 0.298673 3.1e-05
-0.296804 -0.103809 -0.207893 -0.0187873 0.109033 -0.057229 -0.025986 -0.003236 0.066413 0.019035 -0.036883 -0.004023
-0.18139 -0.0402708 -0.16686 -0.0447878 -0.150876 0.0619842 0.080412 0.040182 0.045623 -0.003149 -0.017144 -0.016585
-0.261506 -0.103229 -0.210133 -0.325657 -0.162024 0.0315519 0.01969 0.010595 0.017416 -0.427998 -0.003897 -0.030887
-0.860143 -0.843922 -1.22708 -0.0203996 -0.10934 0.0691649 -0.57918 -0.698655 -1.04314 0.018486 0.04434 0.003958
-0.881611 -0.868191 -1.26009 -0.0185435 -0.119654 0.0693831 -0.599878 -0.722905 -1.08408 0.02312 0.031896 0.004366
-1.39001 -0.70751 -0.871764 -0.0324237 -0.141866 0.072029 -1.17339 -0.597272 -0.636725 0.016138 -0.011894 -0.001387
-0.241719 -0.0283331 -0.180541 -0.0530918 -0.689233 0.0368497 -0.014588 0.059035 0.064829 -0.002975 -0.56033 -0.006993
-1.42376 -0.729347 -0.891623 -0.032326 -0.146524 0.0728504 -1.20778 -0.617607 -0.652646 0.015072 -0.018197 0.001406
0.890553 0.525391 0.37159 -0.0370103 -0.1504 0.064045 1.20002 0.594006 0.581911 -0.00493 0.015373 -0.000699
-0.247132 -0.0902527 -0.203484 -0.44054 -0.182709 0.00617192 0.041096 0.039771 0.00547 -0.55622 -0.006898 -0.059666
-0.256819 -0.0771785 -0.270917 0.333983 -0.108234 0.106382 -0.028895 0.002707 -0.045387 0.584982 0.016633 0.025168
-0.265387 -0.0838599 -0.28589 0.354009 -0.116547 0.106707 -0.031178 -0.009005 -0.068671 0.622695 0.012446 0.029696
-0.244835 0.0146893 -0.131219 -0.0579663 -0.931823 0.0306426 -0.05112 0.094947 0.11832 0.001253 -0.80504 -0.003455
-0.265358 -0.14321 -0.312856 -0.00436485 0.687179 0.114621 0.043598 -0.050687 -0.109025 0.015023 0.870398 0.002541
-0.253774 -0.118994 -0.288137 -0.00661992 0.710166 0.112354 0.056832 -0.025099 -0.082803 0.013075 0.897036 0.004156
-1.41922 -1.96935 -1.71561 -0.0385571 -0.0829146 0.093173 -1.09462 -2.00638 -1.39496 0.016483 0.060672 0.026803
-1.46827 -2.06305 -1.76855 -0.0400114 -0.100771 0.0943313 -1.14878 -2.11091 -1.43245 0.014946 0.0448 0.032027
0.980117 1.44591 1.72023 -0.0722858 -0.230842 0.0648098 1.20196 1.41116 2.01262 -0.019558 -0.091806 -0.019104
0.971264 1.86858 1.28963 -0.0272818 -0.217577 0.0329584 1.178 2.0593 1.39213 -0.000872 -0.056092 -0.037681
-2.41552 -1.25565 -1.42945 -0.0296899 -0.129904 0.0743913 -2.23201 -1.12783 -1.18939 0.02613 -0.014176 -0.003641
1.0401 2.01854 1.38857 -0.0271829 -0.179327 0.0309461 1.26754 2.23807 1.49011 -0.010772 -0.024218 -0.043836
2.01948 1.12394 0.979602 -0.0401375 -0.164391 0.0629094 2.35719 1.17173 1.18462 -0.013604 0.021299 0.004883
-1.96608 -2.83946 -2.41326 -0.0377153 -0.0619936 0.104093 -1.59955 -2.92931 -2.07213 0.034712 0.080541 0.03195
-2.00571 -2.28236 -3.07611 -0.00178382 -0.0482982 0.0704608 -1.68395 -2.03978 -2.9521 0.031977 0.124725 0.020433
1.65904 2.30114 2.72469 -0.0972793 -0.264306 0.0570872 1.88231 2.23203 3.04706 -0.026303 -0.117714 -0.040989
-2.06579 -2.33916 -3.20799 0.00552797 -0.0749578 0.0697352 -1.73289 -2.0726 -3.11488 0.053338 0.101129 0.015904
1.62661 2.84282 2.10995 -0.0267584 -0.246237 0.00462378 1.81941 3.10074 2.19433 -0.016032 -0.068381 -0.059968
-2.10403 -3.11763 -2.56058 -0.0431653 -0.107654 0.1081 -1.75084 -3.24427 -2.16617 0.024109 0.035518 0.052301
-2.11604 -2.40277 -3.29256 0.010836 -0.101203 0.0709689 -1.78684 -2.14381 -3.2198 0.065029 0.071644 0.016209
-3.54826 -1.88069 -2.05706 -0.0250366 -0.137008 0.0813917 -3.40788 -1.7266 -1.78486 0.037919 -0.038917 -0.001097
3.21372 1.76188 1.62564 -0.0433863 -0.175964 0.0611531 3.57326 1.77447 1.80757 -0.018903 0.027928 0.008352
-0.401834 -0.262327 -0.485816 -0.0418062 -0.206511 0.101271 -0.120561 -0.137623 -0.269181 0.00893 -0.059699 0.04582
5.24698 5.57105 10.0994 0.175196 -0.189861 0.180954 5.76717 5.21859 8.6285 0.379271 -0.350069 0.489573
-0.128614 0.0703854 -0.254263 -0.181979 -0.109013 0.0281531 0.251932 0.311987 -0.108919 -0.04262 0.182577 -0.095324
-0.174544 -0.0404842 -0.368514 -0.095756 -0.180435 0.102225 0.170998 0.161214 -0.174979 -0.002347 0.042735 0.035345
-0.1095 0.0250583 -0.314142 -0.114783 -0.173805 0.0851483 0.249544 0.23672 -0.140152 -0.009678 0.0782 0.008108
0.525828 0.492798 0.602088 -0.1876 -0.248252 -0.00539885 0.730221 0.598268 0.743628 -0.174237 -0.246091 -0.091713
0.111426 0.0533654 0.121437 0.0392567 -0.0290327 -0.0147913 0.940176 -0.125049 -0.068817 0.020351 0.016332 0.004759
0.111426 0.0533654 0.121437 0.0392567 -0.0290327 -0.0147913 0.940176 -0.125049 -0.068817 0.020351 0.016332 0.004759
0.0941983 0.0765005 0.126579 0.0430623 -0.0190217 -0.0200811 0.940506 -0.113201 -0.082863 0.023226 0.031172 -0.014973
0.110108 0.0537103 0.120459 0.0414169 -0.0258582 -0.0131071 0.92851 -0.113138 -0.048501 0.025577 0.011402 -0.000699
0.328058 0.529853 0.628907 0.0556201 0.0766927 -0.0151293 1.12798 0.300222 0.505016 0.044994 0.098472 0.041413
-12.0896 -6.09057 -12.3491 0.0134131 0.270501 0.195869 -11.9555 -4.05446 -12.1785 0.159629 0.281393 0.136221
0.101952 0.0209999 0.314228 0.0381857 -0.0259703 0.297629 1.00768 -0.116191 0.147626 0.026414 0.034873 0.329596
0.126221 0.038802 0.383881 0.0400204 -0.0289165 -0.297298 1.00108 -0.117511 0.192225 0.032053 0.024808 -0.346954
-12.0763 -6.10335 -12.3996 0.0174282 0.26144 0.197156 -11.9793 -4.04544 -12.2638 0.158671 0.270043 0.132215
-33.941 -33.7395 -33.8051 0.00217757 -0.0890492 0.0969887 -33.4156 -33.4412 -33.7166 0.058204 -0.350971 0.300523
0.884707 1.21764 0.772993 -0.387878 -0.562811 -0.174768 0.860179 1.33451 1.00051 -0.237592 -0.419363 -0.366295
1.21412 1.34074 1.12941 -0.303695 -0.527857 -0.27063 1.14794 1.46047 1.31907 -0.177652 -0.497689 -0.389788
0.210763 -0.177752 0.426764 0.0548393 -0.958849 -0.00705094 0.954375 -0.349494 0.45809 0.036957 -0.785794 0.000523
0.227184 -0.112401 0.455859 0.0554829 -0.962776 -0.0113354 0.972171 -0.298624 0.525526 0.040806 -0.815017 -0.002697
0.216639 -0.176171 0.422427 0.022437 0.876322 -0.00667896 0.977257 -0.298274 0.433809 -0.001092 0.747869 -0.000588
1.22136 0.493578 1.03166 -0.512309 0.195476 0.152055 1.31386 0.681569 1.22911 -0.292909 0.153109 0.167768
0.0707163 0.23851 1.00731 0.0419606 -0.0388641 -0.815464 1.1383 -0.069081 0.730955 0.022715 0.025718 -0.76351
0.0569555 0.246527 1.00853 0.0397076 -0.0347096 -0.802493 1.14843 -0.064251 0.802647 0.011872 -0.003819 -0.8036
-0.956543 0.276613 0.242341 0.0998037 0.113734 0.12226 0.054171 0.055649 0.019861 0.001338 -0.010905 0.011707
-0.956543 0.276613 0.242341 0.0998037 0.113734 0.12226 0.054171 0.055649 0.019861 0.001338 -0.010905 0.011707
-0.959765 0.273833 0.24001 0.100398 0.11437 0.119302 0.050936 0.053787 0.013692 0.001451 -0.008562 0.005994
-1.11173 -0.875624 -3.55666 1.12561 0.629405 0.799385 -2.21347 -0.10906 -5.3081 0.879357 0.767996 0.526035
-0.928734 0.32647 0.268051 0.0541886 0.055657 0.0611153 0.093623 0.112457 0.069665 -0.036325 -0.077368 -0.085583
-0.959891 0.268485 0.262043 0.107684 0.11461 0.271581 0.040885 0.043287 0.028792 0.004371 -0.010577 0.209485
-0.956082 0.269795 0.240564 -0.139623 0.119194 0.113791 0.049824 0.06021 0.013799 -0.243839 -0.007369 0.009142
-0.923172 0.324177 0.266989 0.0811974 0.10202 -0.0133156 0.116795 0.081525 0.050375 -0.003487 -0.028874 -0.1809
-0.927046 0.317832 0.254688 0.0828891 0.105813 -0.0523603 0.108658 0.098227 0.047384 -0.000696 -0.028522 -0.226188
-0.913593 0.356536 0.297413 0.0525736 0.0401503 0.0050841 0.119976 0.113075 0.100911 -0.033223 -0.091273 -0.168912
-0.919002 0.306144 0.394902 -0.116065 0.136671 -0.0757448 0.08995 0.110418 0.13369 -0.010637 0.017193 0.011166
-0.944333 0.296289 0.218288 0.0835661 0.112217 -0.176487 0.083059 0.081681 0.020571 -0.000281 -0.012979 -0.386713
-0.959514 0.262484 0.288721 0.115588 0.115909 0.419565 0.032955 0.031579 0.043596 0.005311 -0.00955 0.407241
-0.944504 0.210111 0.291638 0.112091 0.161898 0.285936 0.031911 0.02471 0.021979 -0.000679 0.046522 0.248628
-0.949269 0.290301 0.208969 0.0832889 0.113612 -0.213134 0.074429 0.081954 0.007866 0.000714 -0.009536 -0.435706
-0.95946 0.266151 0.294138 0.116972 0.115715 0.45135 0.042315 0.034862 0.048542 0.005344 -0.007893 0.44624
-0.943244 0.269807 0.249246 0.106593 -0.295778 0.119151 0.060476 0.060109 0.026931 0.01059 -0.48911 0.007961
-1.66084 -0.389991 -0.848023 0.094222 0.110557 0.114965 -0.540563 -0.581739 -1.06004 -0.009402 -0.013135 0.01756
-0.957031 0.295731 0.254755 0.596034 0.107483 0.135525 0.068547 0.048261 0.037047 0.52454 -0.016879 0.008183
0.112392 0.983258 1.00855 0.100795 0.115566 0.11651 1.1345 0.695168 0.683291 0.008502 -0.008312 -0.002464
-0.960217 0.240705 0.302661 0.119848 0.118269 0.449065 0.026826 0.004711 0.069991 -0.003896 -0.009907 0.433762
-0.962291 0.252096 0.248155 -0.499002 0.146824 0.115245 0.043277 0.065891 0.033511 -0.584795 0.000138 0.041664
-0.941758 0.333212 0.300534 0.771742 0.0902801 0.15299 0.101341 0.073559 0.076296 0.682055 -0.02225 0.018991
-0.900462 0.373999 0.45238 -0.162552 0.0949982 -0.0674859 0.142806 0.154253 0.117716 -0.044311 -0.011804 -0.020284
-0.9524 0.313267 0.271268 0.843924 0.104375 0.143473 0.080034 0.055083 0.055456 0.786633 -0.019807 0.010773
-2.58589 -1.50889 -1.11611 0.0889361 0.106747 0.140441 -1.49518 -1.59747 -1.22465 -0.005224 -0.01186 0.044317
-2.30416 -1.51451 -1.49811 0.0831048 0.102828 0.117156 -1.13401 -1.64955 -1.70438 -0.004851 -0.012501 0.027247
-2.68542 -1.08113 -1.59888 0.0969324 0.114118 0.104502 -1.57928 -1.20536 -1.72767 -0.012287 -0.008509 0.011866
-2.91793 -1.03967 -1.15699 0.102184 0.118124 0.133659 -1.88445 -1.11637 -1.19259 -0.01077 -0.010864 0.037666
-2.27363 -2.04761 -1.07419 0.0848953 0.102539 0.133288 -1.13263 -2.17468 -1.25321 0.012256 -0.011258 0.034233
-2.42761 -1.08936 -2.01616 0.0950036 0.112988 0.0775455 -1.22454 -1.26496 -2.26386 -0.010108 -0.004721 -0.015585
0.545422 1.6707 2.58507 0.104993 0.116233 0.165645 1.37304 1.41717 2.40532 0.016037 -0.015501 0.026654
-3.84888 -1.66979 -1.81312 0.103086 0.120256 0.143838 -2.79708 -1.67451 -1.77087 -0.016628 -0.011151 0.055842
-4.01546 -1.79229 -1.92169 0.101366 0.112589 0.122919 -3.00507 -1.78499 -1.86957 -0.011143 -0.019137 0.028792
-3.02261 -1.70774 -2.90555 0.0846053 0.102933 0.0913107 -1.73157 -1.85383 -3.10911 -0.021265 -0.015192 0.033418
-3.09252 -1.73131 -3.04664 0.0899129 0.112252 0.0624483 -1.79152 -1.87572 -3.27424 -0.015176 -0.006078 -0.017841
-3.1357 -1.75236 -3.09955 0.0921944 0.112065 0.0576184 -1.83486 -1.8976 -3.34034 -0.012959 -0.003112 -0.026189
1.13293 3.80791 2.4099 0.154233 0.147625 0.132194 1.97515 3.3782 2.14867 0.015499 -0.004644 -0.007664
1.27001 2.35158 3.69271 0.111279 0.125725 0.183608 2.00974 2.08167 3.5087 0.027974 -0.011427 0.018815
1.318 2.38678 3.80357 0.108276 0.11705 0.189332 2.05969 2.10603 3.64845 0.023131 -0.019072 0.033776
-4.1281 -3.18667 -2.40431 0.0713029 0.0962237 0.153177 -2.95792 -3.15669 -2.41478 -0.021191 -0.014927 0.081398
-4.33158 -2.40501 -3.35902 0.0947078 0.114568 0.0882206 -3.13768 -2.42504 -3.40136 -0.02067 -0.009352 0.012511
8.24215 22.4851 11.3567 -0.115786 0.810011 0.302453 9.24374 23.6545 11.6495 0.034658 0.412025 0.246189
-3.75228 -3.35174 -3.30922 0.0825335 0.102676 0.0890838 -2.41589 -3.43941 -3.49998 0.004085 -0.006118 0.009251
2.67517 3.01967 4.08457 0.108671 0.119075 0.147297 3.47018 2.66298 3.6808 0.040947 -0.015349 -0.010794
2.75969 3.08369 4.17581 0.105851 0.116774 0.157171 3.57655 2.7061 3.78829 0.032921 -0.012969 0.008141
1.92226 4.13458 3.98936 0.13013 0.134265 0.153023 2.63706 3.72787 3.75656 0.014927 -0.009514 -0.002787
-1.76738 -0.687447 -0.546444 -0.269373 0.0575213 0.0441807 -0.785742 -0.774727 -0.82593 0.023844 0.02921 0.008776
-3.56008 -1.11308 -6.86329 -0.301245 -0.00304736 0.000185 -3.44093 -0.768132 -6.42172 -0.688784 0.063515 0.034642
-1.29492 1.47452 -4.55128 0.158827 0.14924 -0.0795194 -1.08269 1.61896 -4.2899 0.64424 -0.07597 -0.151392
-3.12502 -2.51486 -2.41051 0.0568533 -0.063673 -0.0331128 -2.36219 -2.75998 -2.37187 0.044936 0.010824 0.016308
0.250847 -0.0234778 1.10372 0.0625179 -0.586587 -0.00149343 0.842719 -0.159542 0.890214 0.024502 -0.339045 0.000108
0.274586 0.023969 1.18992 0.0133423 0.506856 -0.00495043 0.914899 -0.140027 0.919718 -0.008032 0.348947 -0.010596
-5.89583 -3.69297 -5.0384 0.0919901 0.116361 0.0737719 -4.62749 -3.60236 -4.99225 -0.026457 -0.010048 0.011478
0.289609 0.101817 1.27144 0.0141566 0.534804 -0.00520698 0.917168 -0.059224 0.985732 0.003559 0.337146 -0.015679
-6.0067 -3.7594 -5.13337 0.0932002 0.112175 0.0651589 -4.75218 -3.66715 -5.08648 -0.021795 -0.007686 -0.001966
4.64142 4.43372 6.14412 0.11579 0.124431 0.155162 5.30248 4.01883 5.65063 0.064066 -0.018033 -0.03148
3.8319 6.97099 0.378867 0.169217 0.183883 -0.0902499 3.94463 6.79223 0.410399 0.694708 -0.063042 -0.159267
3.43479 6.16672 5.95036 0.162575 0.163018 0.170393 4.02449 5.65624 5.69679 0.037 -0.001471 -0.030131
4.88139 4.62242 6.38606 0.109223 0.124305 0.177073 5.6137 4.17377 5.94905 0.044372 -0.011446 0.014196
3.52063 6.28786 6.08741 0.13636 0.136429 0.168996 4.09238 5.80978 5.87168 0.013104 -0.016516 -0.010007
6.75876 9.97057 2.93301 -0.340176 0.00576466 -0.00376092 6.64548 9.66317 2.98604 -0.798862 0.08266 0.048289
-4.70586 -4.13202 -3.96796 0.0540308 -0.0532878 -0.031171 -3.93021 -4.30398 -3.87719 0.040759 0.009362 0.015482
-0.0517747 0.859767 1.74128 0.0275116 0.506201 -0.015296 0.690367 0.542909 0.937926 0.01085 0.37708 -0.016125
-0.0305254 0.916984 1.9494 0.0564879 -0.63503 -0.0146075 0.712186 0.57892 1.04673 0.022487 -0.401333 0.006327
-0.0673769 0.945662 2.03487 0.0584687 -0.634417 -0.0146128 0.702226 0.620839 1.09504 0.027262 -0.396518 0.011795
-0.0601463 0.995107 2.18318 0.0216442 0.60527 -0.0147527 0.707281 0.66716 1.14688 0.011655 0.39744 -1.1e-05
-18.8243 -18.6987 -14.6579 0.255941 -0.087259 0.172172 -18.6632 -18.0406 -15.4296 0.473893 -0.147946 0.49673
-19.0808 -19.0018 -14.9373 0.224873 -0.0897828 0.151001 -18.934 -18.4118 -15.6735 0.394304 -0.155761 0.461753
-19.2342 -19.178 -15.1087 0.205027 -0.0927758 0.137453 -19.1018 -18.6374 -15.8113 0.344722 -0.159289 0.428843
-14.3575 -4.49713 -10.4806 0.0662779 0.0580115 0.109953 -14.4433 -2.8964 -8.94605 0.176079 -0.024515 0.024233
9.61849 13.0588 5.84391 0.189132 0.223137 -0.104561 9.59114 12.6274 5.76444 0.745063 -0.064961 -0.168157
-14.4089 -4.23154 -10.0108 0.0642166 0.0725674 0.105399 -14.5129 -2.73091 -8.44353 0.17171 -0.028749 0.026032
-0.0454416 1.08209 2.53242 0.0447348 -0.0375514 1.36048 1.28851 0.34022 2.03281 0.01146 0.014951 1.38919
-0.0238226 1.09132 2.54138 0.0452437 -0.0413876 1.35158 1.2738 0.294554 2.08686 0.017155 -0.008873 1.41575
9.14629 23.3305 10.6487 -0.306784 0.759105 0.409445 10.0178 24.5473 10.4206 -0.290257 0.263576 0.151301
-19.9994 -19.9984 -16.0563 0.110799 -0.114193 0.0623436 -19.9661 -19.8021 -16.375 0.165362 -0.164608 0.08885
-20.0178 -20.0099 -16.0903 0.107788 -0.111796 0.0559568 -19.9805 -19.8223 -16.3858 0.16408 -0.162309 0.064649
-7.53455 -7.02226 -6.75981 0.0494678 -0.0358518 -0.0279839 -6.77272 -7.08439 -6.59211 0.036949 0.006702 0.012108
-0.0268369 1.41111 1.75499 0.0375391 -0.0505701 0.672107 1.09004 0.501611 1.58552 -0.001007 0.007295 0.52925
0.00246996 1.39016 1.75292 0.0408755 -0.0598183 0.621637 1.08268 0.446083 1.58766 0.014745 0.000937 0.472281
-0.0208056 1.45061 2.1348 0.0374951 -0.0533444 -0.747505 1.13675 0.502119 1.8151 0.003372 0.001217 -0.573248
0.841692 0.255062 0.173571 0.0649973 -0.0223404 0.202349 0.972368 0.342541 0.095819 0.134718 0.040925 0.001369
0.832942 0.260096 0.166245 0.064838 -0.0103435 0.208937 0.972556 0.34807 0.08422 0.11756 0.049717 0.014977
8.78072 9.65716 9.20723 0.0856963 -0.12736 -0.0504322 9.58597 9.04592 9.06913 0.081101 0.014703 0.012193
-5.4416 -5.87968 -3.99568 -0.135239 -0.0359775 -0.212465 -5.70949 -6.09712 -4.30741 -0.026774 -0.252725 -0.235037
-20.7923 -20.743 -20.9262 -0.179103 -0.367062 -0.203208 -20.4832 -20.9801 -19.9706 -0.118008 -0.171228 -0.206019
-21.0092 -20.6391 -15.8628 0.320655 -0.168448 0.291772 -20.4227 -20.3315 -16.0378 0.079033 -0.17675 0.306144
0.762921 0.516001 0.104489 0.0704885 -0.00538262 0.599322 0.903853 0.475789 0.203167 0.124949 0.033197 0.450683
0.769457 0.234552 0.430671 0.0627643 -0.020724 -0.212655 0.855863 0.365995 0.249839 0.110998 0.03672 -0.457781
0.769161 0.509528 0.115863 0.0726797 -0.00707871 0.57921 0.860735 0.47232 0.188427 0.152452 0.022273 0.414078
0.776747 0.217083 0.481227 0.0657283 -0.0154934 -0.219705 0.859617 0.318093 0.293206 0.119379 0.041934 -0.456664
-8.77646 -8.2893 -7.98639 0.047485 -0.0293066 -0.0266632 -8.05928 -8.3379 -7.80663 0.035917 0.004647 0.010282
1.13754 0.580566 0.321009 0.19589 0.582595 0.23923 1.26298 0.555726 0.374068 0.213543 0.572797 0.062157
1.24952 0.675145 0.419356 -0.0753992 -0.622236 0.198774 1.34269 0.708159 0.420031 0.053748 -0.59908 -0.005161
0.598863 0.418487 0.721908 0.0628625 -0.0286749 -0.424889 0.691178 0.495619 0.604455 0.124165 0.008399 -0.601645
0.571414 0.428226 0.849474 0.0668573 -0.0215809 -0.429708 0.682195 0.506431 0.697223 0.127465 0.019925 -0.641807
0.521495 1.06764 0.727936 0.0739245 -0.0185094 0.433318 0.700536 0.94074 0.718824 0.132437 -0.010812 0.168092
0.438128 0.667038 0.944603 0.0676784 -0.026242 -0.384763 0.679312 0.627344 0.897724 0.129308 0.009737 -0.437612
0.426298 1.05617 0.910701 0.0746838 -0.0215787 0.187709 0.749719 0.932546 0.863518 0.120689 -0.006295 -0.058262
0.371893 0.887147 1.03791 0.0696742 -0.0303867 -0.24635 0.753415 0.803896 0.958386 0.118352 -0.005089 -0.303189
0.345638 0.915241 1.10193 0.0758254 -0.0243561 -0.234254 0.762354 0.804243 0.997717 0.132009 0.010223 -0.319116
0.342555 0.995623 0.998653 0.0712347 -0.0244533 -0.0455088 0.807875 0.852763 0.946375 0.129504 -0.000568 -0.242975
0.253521 1.25472 1.10194 0.0656909 -0.0193545 0.121883 0.678732 1.17052 0.923031 0.104284 -0.006167 -0.095451
-5.39628 -0.246332 -7.41074 0.694955 0.255717 0.610311 -7.1989 1.32484 -9.54394 0.723316 0.419796 0.272919
-5.63124 -6.07259 -4.10685 -0.147418 -0.0442528 -0.21038 -6.01485 -6.41561 -4.53042 -0.038417 -0.245258 -0.236424
0.189419 0.108059 -0.218745 -0.035205 -0.194144 0.0559514 0.000755 0.007505 0.009619 -0.000112 -0.004612 0.002423
-0.259835 0.138263 0.0699619 0.051575 -0.0323037 -0.187677 -0.033012 -0.040601 -0.027823 -0.009646 0.005482 0.00412
-0.240644 0.155056 0.104187 0.0691913 -0.0354831 -0.187661 -0.005028 -0.009028 -0.003147 -0.000814 -0.002041 0.003467
0.201309 0.105129 -0.221868 -0.163632 -0.333545 -0.0763539 0.003246 0.011129 0.006038 -0.231034 -0.219819 -0.21122
0.190501 0.111081 -0.212515 0.094472 -0.051574 0.190082 0.023994 0.00785 0.017918 0.239702 0.229424 0.228994
-0.10656 0.258603 0.196333 0.0650418 -0.0192906 -0.17634 0.127548 0.108087 0.116147 -0.034133 0.020552 0.026069
0.224409 0.11726 -0.215617 -0.285627 -0.474625 -0.205254 0.022726 0.030674 0.028987 -0.44195 -0.418068 -0.398247
0.180117 0.107205 -0.208057 0.199252 0.0624434 0.301697 0.040279 0.007857 0.023399 0.442423 0.414422 0.419291
0.200866 0.124554 -0.198933 0.227122 0.093498 0.327952 0.055707 0.01672 0.040118 0.495208 0.477468 0.464937
-1.49847 -1.54701 -1.38894 -0.0395434 -0.186015 0.0503985 -1.64995 -1.62777 -1.08901 -0.004936 -0.000964 0.003651
0.111442 0.0150653 0.37686 -0.103425 0.224146 0.308648 0.138646 0.18434 0.131991 0.001585 0.017913 0.008713
-4.22906 -4.23571 -3.89946 -0.00678912 -0.00776836 -0.0929767 -4.21824 -4.29559 -3.84833 0.012365 0.085185 -0.134433
0.174444 0.123033 -0.193197 0.302771 0.173089 0.410856 0.070872 0.033031 0.040112 0.636403 0.601725 0.599597
0.240072 0.12664 -0.204898 -0.437371 -0.639464 -0.357936 0.039246 0.059345 0.055441 -0.679769 -0.653073 -0.613474
1.8162 1.42982 1.07036 -0.0777966 1.17877 0.165359 1.89657 1.24627 1.12256 0.21094 1.01945 0.130871
-2.07031 -2.12593 -2.41612 -0.0396439 -0.184883 0.045742 -2.17292 -2.17922 -2.14427 -0.003933 0.003121 -0.00509
1.81798 1.39146 1.05715 -0.060488 1.18116 0.164052 1.93356 1.20706 1.15295 0.236297 1.04173 0.098047
2.87259 1.12544 1.73183 -1.1256 0.242115 -0.155074 2.77457 1.38264 1.68898 -0.64805 0.155382 0.12334
1.84728 1.46512 1.12409 0.202199 -1.26488 0.157222 1.94993 1.26496 1.13186 0.033883 -1.00654 0.082577
-3.11294 -3.12724 -2.50969 -0.0440869 -0.180281 0.0424094 -3.22946 -3.1817 -2.1335 -0.01247 -0.002209 0.004015
3.80617 3.63777 2.27853 -0.0251099 -0.210991 0.0651797 3.55919 3.52231 2.36276 0.011179 -0.004351 0.006053
3.53281 1.89936 1.94068 -1.61411 0.486337 -0.274133 3.30035 1.94072 2.25441 -0.852275 0.411603 -0.018151
35.5022 34.3881 40.9977 1.98731 -0.0727578 -0.319457 34.9598 34.1748 41.3927 1.78086 -0.12285 0.062145
-4.1289 -4.18104 -4.40829 -0.0426378 -0.177547 0.0340087 -4.15166 -4.18173 -4.08209 -0.005141 0.012794 -0.012801
-4.38891 -4.43796 -4.7187 -0.0360509 -0.183954 0.0236203 -4.43009 -4.44581 -4.42932 0.001381 -0.005905 -0.022127
-4.60057 -4.60004 -3.55819 -0.0458012 -0.176964 0.0316123 -4.68435 -4.63376 -3.11357 -0.011177 -0.002121 -0.002881
-4.77166 -4.77399 -3.69664 -0.0416326 -0.177836 0.0298878 -4.86565 -4.80081 -3.26324 -0.010717 -0.015455 -0.00125
5.67528 5.47666 3.58561 -0.0204857 -0.222874 0.0669386 5.41229 5.37003 3.61061 0.007832 -0.009016 0.002623
5.94573 5.77926 3.80562 -0.0324137 -0.223515 0.0805884 5.72066 5.67458 3.84823 0.004147 0.009107 0.014754
35.1978 34.2181 41.1981 1.49215 -0.0551037 -0.264931 34.8226 34.0887 41.3903 1.4972 -0.251035 0.116536
35.0401 34.1536 41.2665 1.27061 -0.042791 -0.240312 34.736 34.0889 41.3956 1.37128 -0.294959 0.128121
34.9603 34.1259 41.2913 1.16736 -0.0363404 -0.229798 34.6806 34.0927 41.3944 1.30941 -0.312599 0.130476
34.2398 34.1311 41.1994 0.323089 -0.00637428 -0.0722678 34.0177 34.2008 41.4297 0.634814 -0.313168 0.160883
34.2029 34.1844 41.1899 0.257722 -0.00993621 -0.0460103 33.9667 34.2052 41.4319 0.568272 -0.303171 0.17908
1.1418 0.905631 0.918573 0.179193 0.0289981 -0.0972106 1.40705 0.523468 0.927561 0.091537 0.056984 0.100579
-6.06454 -6.12455 -6.28972 -0.0428212 -0.169362 0.0179933 -5.9931 -6.04855 -5.9005 -0.000332 0.02291 -0.016246
-6.18729 -6.19636 -6.42934 -0.0474255 -0.170692 0.0184977 -6.12175 -6.13312 -6.02605 -0.016099 0.016571 -0.020462
2.58669 2.38501 2.42049 0.297221 -0.0163008 0.0331263 3.10668 2.27753 2.47171 0.32399 -0.036035 0.352379
7.76166 7.593 7.11926 -0.0255154 -0.23599 0.0807688 7.36029 7.43188 7.26885 0.01314 -0.033734 0.028297
7.76927 7.61044 7.13143 -0.0243548 -0.237786 0.078175 7.37135 7.44383 7.2931 0.014083 -0.032963 0.024582
7.95593 7.78488 7.36498 -0.0338026 -0.241395 0.0936543 7.58319 7.61984 7.53832 0.009158 -0.013298 0.037155
0.553671 0.464588 0.447832 0.164916 0.0350506 -0.11841 0.750673 0.06786 0.417658 0.0887 0.070796 0.054757
1.46211 1.47649 1.57549 0.441843 0.0174167 -0.149545 1.80118 1.21081 1.5988 0.575228 0.094715 0.086655
1.47709 1.33037 1.54226 0.227415 -0.0043472 -0.171804 1.69905 0.969066 1.5441 0.223013 0.051566 -0.002505
0.0509619 0.137181 0.0906322 0.15644 0.0372308 -0.125859 0.192289 -0.274427 0.022095 0.079679 0.071379 0.033806
0.808909 0.803169 0.892873 0.177848 0.00701443 -0.153383 0.912737 0.43597 0.862597 0.162287 0.095837 0.035546
2.61739 2.02447 1.48338 0.512325 -1.90075 -0.194897 2.35375 1.78125 1.67097 0.393169 -1.61634 -0.171434
-21.2768 -21.3055 -21.9371 -0.299661 -0.131491 -0.358687 -20.681 -21.0856 -20.8966 -0.291266 0.029122 -0.151707
-5.77949 -6.22546 -4.18514 -0.158022 -0.0505552 -0.207275 -6.29255 -6.70668 -4.72956 -0.050072 -0.237337 -0.237214
1.93159 2.33917 2.21896 0.135453 0.023731 -0.119622 2.03199 1.87196 2.09584 0.056349 0.048116 0.046658
2.53368 2.63571 2.43204 0.207833 -1.16361 -0.135554 2.5602 1.94173 2.31895 0.066712 -0.984181 -0.046146
-0.529502 -0.0665782 -0.138733 -0.00427793 -0.0834468 -0.315205 -0.457055 -0.378513 -0.214285 -0.019336 -0.045917 -0.198508
-27.6427 -27.4675 -27.5897 0.00895574 -0.0830374 -0.111897 -27.0506 -26.9782 -26.9311 0.003517 0.210781 -0.086756
2.54532 2.55911 2.35048 -0.217246 1.28632 -0.0500099 2.51085 1.83632 2.19316 0.124302 1.21054 0.010079
2.57413 2.61078 2.45551 0.368004 -1.32016 -0.0708036 2.5667 1.91756 2.21535 0.168187 -1.15212 -0.056354
-0.112959 0.0208738 0.265766 -0.0533087 -0.0384481 -0.266463 -0.327893 -0.429287 1.3386 -0.057344 -0.097393 -0.186886
0.850548 0.987615 1.09604 -0.0586604 -0.041131 -0.284794 0.684501 0.588713 2.30351 -0.058525 -0.100805 -0.195188
-28.9633 -28.9813 -28.852 0.0563131 0.0199796 0.117678 -28.8836 -28.6963 -28.7276 0.061025 -0.05859 0.129976
3.07885 3.35362 3.78974 0.119489 -0.657743 -0.485207 3.11221 2.53422 3.37678 0.119845 -0.518922 -0.371433
-28.9659 -28.9927 -28.8663 0.0490137 0.0198547 0.113206 -28.8875 -28.7 -28.7348 0.062134 -0.055166 0.114596
-0.172429 -0.320642 -0.514404 -0.133804 0.0316883 -0.132647 -0.041943 -0.050753 -0.039724 -0.004053 -0.007043 0.008626
-0.172429 -0.320642 -0.514404 -0.133804 0.0316883 -0.132647 -0.041942 -0.050752 -0.039723 -0.004054 -0.007042 0.008626
-0.171471 -0.324182 -0.504798 0.00366049 0.0294219 -0.132088 -0.038789 -0.052453 -0.030441 0.234109 -0.010751 0.00894
-0.189418 -0.558771 -0.380227 -0.151101 -0.0429564 0.118489 -0.072662 -0.096925 -0.092845 -0.03173 -0.004448 -0.019299
-0.172661 -0.316328 -0.509649 -0.137532 0.272995 -0.138977 -0.044766 -0.04936 -0.033559 -0.009138 0.263471 -0.000829
-0.16405 -0.314301 -0.486326 -0.134686 0.0450634 -0.355524 -0.048254 -0.048303 0.013734 -0.003024 0.012383 -0.332239
-0.444139 -0.828606 -0.646907 -0.116304 -0.07595 0.131616 -0.30644 -0.370681 -0.31343 0.011235 -0.032595 0.016654
-0.168145 -0.318733 -0.493586 -0.132807 0.0442806 -0.404949 -0.043215 -0.054771 -0.009405 -0.000721 0.011014 -0.401979
-0.160525 -0.297915 -0.520815 -0.375559 0.0333668 -0.133991 -0.026319 -0.03483 -0.058542 -0.433065 0.002968 0.007301
0.440722 0.396235 0.443651 -0.124148 0.0409869 -0.143843 0.537945 0.613967 0.918509 0.010657 -0.003152 -0.010785
0.462013 0.65801 0.19348 -0.136966 0.0414045 -0.124575 0.554902 0.940288 0.618704 -0.004959 -0.002489 0.019206
-0.760109 -1.00972 -1.45188 -0.140474 0.0253676 -0.120454 -0.59955 -0.686554 -0.989995 -0.013944 -0.012019 0.029986
0.859368 0.306609 0.100926 -0.132291 0.03314 -0.129275 1.01928 0.556218 0.543069 -0.004235 -0.00777 0.016914
-0.804484 -1.3107 -1.21936 -0.127685 0.027403 -0.137878 -0.642933 -1.0525 -0.698694 -0.004263 -0.00834 0.001603
0.908853 0.340781 0.123386 -0.134913 0.030656 -0.133963 1.08322 0.577964 0.561251 -0.00213 -0.010136 0.011537
-0.17102 -0.306932 -0.498902 -0.141076 0.514376 -0.145371 -0.04186 -0.040359 -0.023097 -0.012394 0.532464 -0.008995
-1.22393 -0.966648 -1.13563 -0.132298 0.0327543 -0.131456 -1.1359 -0.659832 -0.624035 -0.004529 -0.004212 0.004942
-0.158363 -0.303542 -0.469956 -0.134372 0.0509202 -0.471006 -0.050686 -0.043707 0.035117 -0.002269 0.023562 -0.506578
-0.161126 -0.268589 -0.53951 -0.121874 0.0181307 0.198196 0.007219 0.009226 -0.093399 0.009376 -0.036002 0.496337
-0.162579 -0.308133 -0.478913 -0.132483 0.0505898 -0.519231 -0.045194 -0.049101 0.013247 -0.000209 0.019347 -0.575657
-0.172905 -0.333604 -0.470604 0.246981 0.0334433 -0.126461 -0.032447 -0.032219 0.022398 0.650535 -0.023493 0.014826
-0.173358 -0.333526 -0.472691 0.252986 0.0314281 -0.1282 -0.031574 -0.030274 0.018101 0.658763 -0.024359 0.012805
-0.169792 -0.332065 -0.475004 0.300025 0.0198935 -0.131512 -0.023288 -0.03227 0.022208 0.736349 -0.022485 0.005781
-0.156064 -0.280582 -0.475829 -0.141092 0.729106 -0.153067 -0.024718 -0.013231 -0.002849 -0.014915 0.76335 -0.022289
-0.165223 -0.307508 -0.497317 -0.122395 -0.680203 -0.113015 -0.026657 -0.037775 -0.034947 0.010063 -0.80183 0.035293
1.07235 1.14811 1.41617 -0.11112 0.0469067 -0.159421 1.13939 1.31118 1.88722 0.02819 0.002486 -0.035931
-1.33519 -1.6978 -2.35307 -0.152672 0.0265971 -0.0998494 -1.14152 -1.32238 -1.90145 -0.029378 -0.014638 0.057463
-1.37692 -2.18969 -1.87011 -0.121542 0.0164203 -0.145432 -1.1722 -1.91904 -1.31451 0.002522 -0.019962 -0.008025
-1.37402 -2.20159 -1.86424 -0.121798 0.0136799 -0.14608 -1.17026 -1.93177 -1.29792 0.00011 -0.021207 -0.008728
1.90514 0.943398 0.7273 -0.130181 0.0326235 -0.127318 2.09657 1.17287 1.13032 -0.00351 -0.007307 0.025661
-2.12516 -1.5149 -1.68496 -0.131345 0.0341047 -0.136827 -2.05748 -1.18335 -1.14726 0.003625 -0.009413 -0.006049
-2.13545 -1.51917 -1.68776 -0.132158 0.0319207 -0.138099 -2.05956 -1.17632 -1.13691 0.000192 -0.0109 -0.009953
2.01964 1.01824 0.777468 -0.135921 0.0296289 -0.135164 2.24125 1.22972 1.17493 -0.001363 -0.013787 0.015636
-3.22431 -2.86131 -2.63912 -0.0660135 0.141843 0.0442075 -2.65945 -2.91288 -2.44549 -0.076747 0.140755 0.041654
-1.90034 -2.36446 -3.24272 -0.165014 0.0268251 -0.0822392 -1.6695 -1.92729 -2.81603 -0.046476 -0.015251 0.079197
-1.89574 -2.33618 -3.26373 -0.157686 0.0171112 -0.090806 -1.65995 -1.90088 -2.85169 -0.040298 -0.02394 0.069845
1.78635 2.60704 1.6774 -0.144992 0.0554186 -0.10898 1.8092 2.89905 2.03194 -0.020191 0.004297 0.038401
-1.89268 -2.32519 -3.2735 -0.154791 0.0132066 -0.0951816 -1.65096 -1.88287 -2.85853 -0.036913 -0.02598 0.065906
1.76537 1.93639 2.51753 -0.110294 0.047943 -0.166658 1.79678 2.04522 3.02638 0.038973 0.004284 -0.049597
-3.03932 -2.09483 -2.25107 -0.127946 0.0402605 -0.136645 -2.99658 -1.72716 -1.70269 0.012591 -0.009644 -0.014586
-3.02926 -2.08646 -2.24456 -0.129839 0.0415031 -0.137427 -2.98635 -1.7211 -1.70279 0.012592 -0.00861 -0.013832
2.95405 1.5842 1.3634 -0.128956 0.0301144 -0.127305 3.17708 1.80492 1.7449 -0.011572 -0.011552 0.02769
1.87167 2.86067 1.74751 -0.147237 0.0379479 -0.119451 1.89181 3.21415 2.05988 -0.011757 -0.00643 0.031145
-2.68829 -2.57683 -1.88501 -0.0401821 -0.0322778 -0.221619 -2.9425 -3.05579 -1.18778 -0.050557 -0.086523 -0.163224
0.778175 1.38879 1.17498 -0.132763 -0.28763 -0.420864 0.812986 1.0121 0.976537 -0.0671 -0.158195 -0.229484
2.97918 3.16741 3.29006 -0.0932434 0.803366 -0.37184 2.95744 2.31318 3.01074 0.08313 0.691649 -0.392047
1.04429 -0.364315 0.476525 -0.401122 -0.0427704 -0.198039 1.00738 0.031548 0.518786 0.003612 -0.048014 0.067202
-10.1521 -10.0657 -9.57977 -0.0071079 -0.0117001 -0.115252 -10.2102 -10.1917 -9.63323 0.03457 0.071502 -0.117227
1.61646 2.21293 1.9772 -0.164194 -0.382711 -0.436685 1.58446 1.75509 1.69247 -0.072711 -0.21332 -0.197644
-0.249952 -0.91859 -0.106484 0.0210553 0.0594934 -0.0665378 -0.293104 -0.507538 0.188714 -0.009921 0.105364 -0.078636
-4.14051 -4.05084 -3.06876 -0.034019 -0.0296337 -0.200376 -4.38061 -4.49289 -2.58773 -0.0426 -0.078588 -0.147238
2.24391 2.72023 2.96239 -0.28617 -0.259374 -0.104297 2.59985 2.47418 2.72647 -0.181094 -0.180495 0.061631
-4.27077 2.12323 -3.46792 -0.823643 1.28151 -0.428357 -4.08782 1.20261 -4.5282 0.053155 1.68579 -0.787261
-1.69901 -2.38717 -1.38978 0.0183486 0.0204758 -0.058684 -1.85308 -2.10999 -1.18351 -0.011151 0.085158 -0.067498
-0.389859 2.15738 -3.69272 -0.358424 -0.068654 0.0737148 -0.018498 1.88055 -3.10384 -0.39528 -0.027822 0.128344
-0.478794 2.33687 -3.66002 -0.662124 0.249845 0.204593 0.078573 2.30659 -3.37706 -1.17233 -0.215209 0.058415
-2.69713 -0.0581211 -5.83702 -0.64821 0.222074 0.194133 -2.14515 -0.031342 -5.42522 -1.12967 -0.207501 0.060406
4.5058 7.34541 1.12046 -0.375471 -0.0807914 0.0810116 4.79046 6.81383 1.49255 -0.418209 -0.03198 0.131925
-4.76676 -2.46697 -7.87972 -0.348132 -0.0558707 0.069331 -4.09779 -2.45219 -7.083 -0.406154 -0.034449 0.107749
-0.930399 -1.34411 0.250754 0.0648573 0.0216056 -0.0403817 -0.112915 -1.27836 0.454632 0.082753 -5.5e-05 -0.099752
-3.61905 -3.82077 -1.95539 0.0572358 0.00738534 -0.0353801 -3.08719 -4.18196 -1.68185 0.089416 0.008421 -0.096467
4.53145 2.91349 3.48735 0.164504 -0.762936 -0.571226 4.70592 2.6354 3.28962 -0.29428 -0.534256 -0.090806
-4.85119 -3.42388 -0.332696 -0.367305 -0.130057 0.213747 -4.62792 -1.53597 -0.085578 -0.651792 0.494349 -0.509917
0.636263 0.2582 0.130482 0.121973 -0.0441087 -0.0563927 0.958137 -0.008683 0.11157 0.144272 -0.005222 -0.071035
0.636263 0.2582 0.130482 0.121973 -0.0441087 -0.0563927 0.958885 -0.008236 0.112614 0.144019 -0.004945 -0.07111
1.23297 0.980755 1.03465 0.105068 -0.0822418 -0.060815 1.64457 0.628336 1.08841 0.107855 -0.061236 -0.074913
-15.2707 -15.6061 -15.5187 -0.154675 0.0187302 -0.0641443 -14.2098 -15.3654 -15.0928 -0.116013 -0.040582 0.282145
4.37572 2.8316 4.13723 0.147025 -0.422042 -0.626095 4.52018 2.45244 4.12776 -0.324079 -0.618848 -0.397716
-14.5374 -14.8389 -14.742 -0.140823 0.0140798 -0.0325976 -13.2712 -14.5764 -14.253 -0.102788 -0.066245 0.320078
0.579729 0.324778 0.173148 0.117856 -0.036826 -0.333549 0.891114 0.053376 0.187205 0.158686 -0.008701 -0.362146
-13.4226 -13.7009 -13.7163 -0.0276084 0.00767587 0.03077 -12.1425 -13.2178 -13.1263 -0.045475 -0.132323 0.337588
0.597765 0.329427 0.306368 0.10401 0.343982 -0.0475073 0.969 0.04587 0.259062 0.17389 0.398825 -0.046749
-14.1087 -14.3821 -14.2954 -0.123859 0.011607 -0.0118013 -12.7515 -14.0918 -13.7742 -0.093876 -0.0877 0.338032
0.543767 0.236244 0.29843 0.119876 -0.0156674 -0.105416 0.868874 -0.107357 0.233583 0.186717 -0.071796 -0.10294
0.543402 0.334321 0.267014 0.118436 -0.036093 0.176571 0.857915 0.017336 0.275239 0.176636 -0.077375 0.119975
0.565007 0.220195 0.368972 0.114532 0.258481 -0.11994 0.911085 -0.066943 0.336801 0.172568 0.299834 -0.120978
-4.6341 2.23475 -4.09031 -1.28127 0.634458 -1.10751 -4.59041 1.24146 -5.57599 -0.676407 0.694288 -0.82135
-21.5115 -18.7907 -22.3942 0.0410912 0.0476912 -0.031828 -21.6261 -18.1152 -22.3903 0.065808 0.304491 0.096888
-0.176541 -0.199421 -0.0146251 -0.0602835 0.10142 -0.0220693 0.200905 0.387912 0.044799 0.014698 0.123582 -0.007439
5.90759 3.37103 4.82235 -1.74099 3.61715 -1.82512 4.28155 3.32916 5.11535 -1.34283 3.79404 -1.75799
0.445607 0.60607 0.40998 0.110317 -0.0228895 0.520122 0.796243 0.286983 0.492305 0.170232 -0.032354 0.28061
-5.91867 -5.86004 -4.51093 -0.02789 -0.0271702 -0.177549 -6.15385 -6.25535 -4.30625 -0.027306 -0.067349 -0.123886
0.548023 0.626152 0.648195 0.0834295 0.393611 -0.0206917 0.916028 0.161583 0.641625 0.158033 0.335361 -0.01325
-1.51023 -1.54779 -1.31344 -0.0488434 0.0822088 -0.0199472 -1.32132 -1.17042 -1.27307 0.009259 0.114221 -0.007223
4.33314 2.97227 4.5067 0.106072 -0.38935 -0.423942 4.37408 2.4905 4.47037 -0.317756 -0.497183 -0.318357
0.343222 0.529611 0.388264 0.122266 -0.0123269 -0.727888 0.629816 0.156973 0.461573 0.144241 0.028609 -0.555817
-17.1076 -17.1483 -17.2117 -0.0437173 0.0240382 -0.0855585 -16.847 -17.1964 -17.0718 -0.123804 0.001532 0.105524
-4.66909 -4.75659 -2.80527 0.0539051 -0.000402853 -0.0351159 -4.24026 -5.20739 -2.613 0.078417 0.01067 -0.085664
0.380917 0.963708 0.694226 0.0912059 -0.033217 0.603871 0.80664 0.59938 0.85571 0.187608 -0.026672 0.329433
0.372953 0.834316 0.670416 0.0931495 -0.0311066 -0.662365 0.731407 0.524065 0.908249 0.159714 -0.032172 -0.419905
0.344819 1.06687 0.952251 0.11734 0.484181 -0.0608193 0.720239 0.443632 0.92566 0.176146 0.322448 -0.017022
0.0760492 0.985795 0.765404 0.109788 -0.536342 -0.0857641 0.507472 0.383981 0.677649 0.16264 -0.308243 -0.074873
0.312955 1.14718 0.989139 0.0842546 0.35087 -0.0540308 0.731128 0.731883 1.08743 0.153642 0.191544 -0.054315
0.30689 1.11147 1.05793 0.0847908 0.374314 -0.0608856 0.708354 0.694838 1.14082 0.149843 0.229804 -0.05688
0.419191 1.14442 1.06233 0.0758477 -0.0346182 0.326489 0.835536 0.797035 1.20717 0.194568 -0.025649 0.190296
-22.2462 -18.9406 -23.1715 0.0565755 0.00138654 -0.00377282 -22.4182 -17.8645 -22.6354 0.117557 0.176684 0.077825
-13.7693 0.035992 5.89073 0.0959273 -0.0397593 0.0299944 -13.4412 -0.549051 6.42214 0.012582 -0.189973 0.048295
0.419682 1.0352 1.12026 0.148549 0.0114347 0.319647 0.846278 0.744871 1.40789 0.157732 0.003954 0.172285
-22.5967 -19.0863 -23.3063 0.0739992 0.00793999 -0.00291909 -22.7783 -17.6837 -22.4628 0.150124 0.14969 0.052135
-2.24554 -1.83657 -1.448 0.0512964 -0.0362814 -0.042786 -1.62153 -2.0231 -1.36299 0.060259 -0.019149 -0.017046
0.46747 1.17137 1.2783 0.153879 -0.0257312 -0.102822 0.865536 0.78935 1.53555 0.140734 -0.042908 -0.066629
-17.4438 -17.3147 -17.42 0.0843079 0.0133777 -0.0659817 -17.4098 -17.4956 -17.3831 -0.0664 0.024999 0.078889
-4.53506 -5.21692 -3.77006 0.0208295 -0.0520166 -0.0468995 -4.8964 -5.20472 -3.86501 -0.014852 0.043532 -0.035191
-23.0922 -18.9951 -22.8544 0.085916 0.0878074 -0.0118546 -23.3692 -17.1061 -21.5549 0.186196 0.14882 0.014373
-3.21262 -3.23379 -2.91157 -0.0333827 0.0539537 -0.0129472 -3.23032 -3.13381 -2.92641 0.001542 0.097831 -0.008857
-2.36063 -2.58679 -2.15991 -0.134757 -0.0323717 -0.0543003 -2.35063 -2.57792 -1.77206 0.111595 -0.052023 0.172296
0.165502 0.93225 -0.496419 0.0302829 -0.0830027 -0.160036 0.421718 0.759005 -0.582106 0.035158 -0.217254 -0.111683
3.61054 3.39264 3.65404 -0.0995456 0.0346547 -0.0249888 3.77793 3.5925 4.27021 0.145702 -0.033911 0.218309
0.230753 0.795245 -0.44736 0.150943 -0.0743436 -0.0870477 0.38837 0.632146 -0.609734 0.105128 -0.142367 -0.095629
1.21661 1.36243 0.268542 0.314764 -0.00309564 0.0140899 1.20022 1.28895 0.091539 0.17738 -0.08338 0.039669
-0.794876 -1.07951 3.53777 -0.151468 0.0772747 0.189729 -1.02048 -1.14764 3.09683 -0.225959 0.187828 0.203341
-13.311 0.162034 7.90079 0.0633279 -0.0411672 0.0204495 -12.7699 -0.443206 8.30459 -0.012334 -0.191646 0.041884
-4.96368 -5.63979 -4.11607 0.0223405 -0.062877 -0.0455227 -5.36688 -5.68434 -4.28551 -0.015375 0.036136 -0.02842
-3.70102 -3.70863 -3.35791 -0.0290005 0.045449 -0.00989976 -3.77855 -3.69872 -3.40035 -0.000505 0.091943 -0.009649
1.76143 1.48925 0.232293 0.136576 0.00108206 -0.27529 1.80921 1.73146 -0.292746 0.017584 -0.12064 -0.107301
-12.7333 0.479789 8.52378 -0.053808 -0.088915 0.0271744 -12.1973 -0.106444 8.8998 -0.037823 -0.134089 0.029154
-1.53257 -1.21186 -2.98324 0.0560721 -0.101345 -0.650795 -1.34542 -1.1081 -3.46754 0.159918 0.112738 -0.721498
-1.22417 -1.68846 2.98125 -0.219961 0.0808168 0.078744 -1.40751 -1.74323 2.71226 -0.34275 0.232934 0.132549
-1.05227 -1.71327 3.10371 -0.306528 0.0640077 0.073507 -1.22485 -1.78445 2.7868 -0.487251 0.184666 0.108172
5.35484 5.14469 5.37134 -0.0905396 0.0514282 -0.0133716 5.57079 5.39417 6.04057 0.155167 -0.030164 0.232745
-0.718187 -1.63722 3.35225 -0.435205 0.0415953 0.0877171 -0.874246 -1.73834 2.98215 -0.671628 0.127823 0.118962
-1.32894 -1.43914 2.95747 -0.130718 0.129137 0.0311038 -1.55118 -1.45082 2.75838 -0.279757 0.3301 0.037702
0.62023 -0.965477 4.35197 -0.700859 0.00297717 0.212439 0.333916 -0.999198 3.72271 -0.979751 0.028728 0.255442
-1.31277 -1.38948 2.9928 -0.113861 0.135836 0.0265682 -1.54543 -1.39478 2.77865 -0.270381 0.33984 0.030183
-1.27734 -1.0772 -2.85154 -0.00664171 -0.13863 -0.716196 -1.21709 -0.822827 -3.30559 0.142852 0.086567 -0.808954
0.696999 0.440363 0.0124199 -0.137713 -0.102756 -0.242411 0.89297 0.959186 0.056938 -0.031309 -0.043237 -0.195824
-0.839982 -0.650186 -1.61775 -0.063516 0.0590852 -0.109307 -0.893536 -0.648497 -2.48013 -0.093686 0.020692 -0.115571
-1.22336 -1.20482 3.13671 -0.064558 0.14883 0.00575057 -1.47896 -1.21182 2.89956 -0.260022 0.351068 0.002731
-5.56786 -5.88838 -1.69054 -0.154059 0.0848214 0.0736417 -5.73099 -5.85744 -1.84125 -0.20667 0.239374 0.13612
-0.9505 -0.928465 -2.46219 -0.0367222 -0.233287 -0.7176 -0.871851 -0.557403 -2.89045 0.102657 -0.059262 -0.765787
-1.12535 -1.03561 3.27113 -0.0359931 0.158981 -0.00163518 -1.3957 -1.04779 3.00654 -0.24316 0.364324 -0.006149
33.4128 34.0178 33.6201 0.509027 -0.0190237 -0.153063 33.4048 33.2541 33.3882 0.436905 0.091105 0.176494
1.0402 0.749244 0.474859 -0.451578 0.0449353 -0.086827 1.02297 1.04219 0.233174 -0.528515 0.252628 -0.097465
-0.893936 -0.907178 -2.36484 -0.0290626 -0.254436 -0.703989 -0.790716 -0.540167 -2.77313 0.087926 -0.093775 -0.726471
-3.37714 -3.15827 -4.13178 -0.0460451 0.0829917 -0.0850834 -3.48623 -3.34801 -4.41733 -0.074991 0.038448 -0.069249
-0.827786 -0.886548 -2.21748 -0.00607379 -0.27959 -0.672813 -0.692724 -0.542153 -2.5811 0.067233 -0.139159 -0.651354
32.0159 32.5974 32.4005 0.226255 0.0942896 -0.0815576 31.9499 31.5525 31.9432 0.122531 0.116165 0.042486
-1.0017 -0.841983 3.42755 -0.010946 0.165722 -0.00774324 -1.28783 -0.877909 3.12916 -0.240476 0.364192 -0.004855
8.78601 9.45033 9.34614 0.0728586 -0.0545075 -0.0569154 9.71461 9.07924 9.49491 0.083303 -0.01072 -0.030286
-0.944515 -0.745521 3.50938 0.00294262 0.16802 -0.0101424 -1.23136 -0.790095 3.20553 -0.244522 0.372465 -0.006728
-0.879671 -0.651645 3.59229 0.015881 0.170093 -0.0121776 -1.17155 -0.719638 3.26568 -0.240699 0.368972 0.000426
-0.809619 -0.558731 3.67431 0.0294158 0.169648 -0.01563 -1.10333 -0.637431 3.33215 -0.233849 0.372384 -0.005127
-7.47924 -7.79627 -3.80529 -0.1526 0.0840472 0.0675685 -7.63655 -7.7482 -3.90847 -0.195992 0.230603 0.131299
-12.5532 0.464986 9.53919 -0.0479901 -0.0763952 0.02465 -11.8913 -0.07539 9.88904 -0.040947 -0.141341 0.022187
0.250818 0.0645516 -0.111711 -0.113968 -0.158204 -0.0592383 0.112852 0.039318 0.066147 -0.116668 -0.143008 -0.115695
0.210391 0.0539639 -0.127728 -0.130929 -0.161535 -0.0677352 0.079674 0.037034 0.053693 -0.149126 -0.151446 -0.125809
-5.70201 -5.46982 -6.47543 -0.040572 0.0916039 -0.0742938 -5.7674 -5.65126 -6.73821 -0.067384 0.030126 -0.070021
0.192702 0.0619896 -0.126633 -0.151885 -0.178985 -0.0801749 0.063072 0.063162 0.069439 -0.181532 -0.174512 -0.15001
-0.352206 -0.122228 0.0689047 0.0295201 0.0110828 0.00711358 -0.175694 -0.11656 -0.06707 0.008715 -0.009305 -0.00326
0.288449 0.0584451 -0.117046 -0.229337 -0.287018 -0.180862 0.167388 -0.004658 0.045323 -0.260651 -0.290051 -0.268258
0.26903 0.067917 -0.111937 -0.228425 -0.288343 -0.174434 0.149719 0.037613 0.058475 -0.282881 -0.293118 -0.261027
0.221328 0.0633533 -0.121181 -0.252561 -0.298736 -0.188092 0.107819 0.056248 0.061624 -0.331915 -0.316492 -0.278975
0.199316 0.0695274 -0.12105 -0.286193 -0.327846 -0.21207 0.06912 0.076318 0.074813 -0.379759 -0.359129 -0.323698
-0.662264 -0.377788 3.83732 0.0643719 0.172516 -0.023092 -0.96355 -0.49356 3.4719 -0.209308 0.373653 0.006135
-1.37466 -1.46759 -1.2267 -0.0296127 -0.0335453 0.0411927 -1.48099 -1.44923 -0.938368 0.009667 -0.000983 0.015065
0.289605 0.0731501 -0.104848 -0.35176 -0.429362 -0.295395 0.196419 0.036727 0.061997 -0.45524 -0.451882 -0.413142
0.267246 0.0805036 -0.0993482 -0.354361 -0.432585 -0.29789 0.169891 0.067834 0.070252 -0.475032 -0.463001 -0.418105
0.14712 0.0714255 -0.141524 0.295909 0.330408 0.40992 0.052164 0.080053 0.121965 0.520839 0.473269 0.485299
0.151082 0.0686953 -0.145105 0.307765 0.338352 0.410968 0.061847 0.075899 0.118521 0.530929 0.489097 0.493868
0.151443 0.0551076 -0.153594 0.322571 0.352388 0.417753 0.069154 0.064722 0.102047 0.546858 0.511432 0.516904
-1.89078 -1.98523 -2.13898 -0.0265086 -0.0265928 0.037046 -1.96756 -1.93014 -1.89138 0.013042 2.7e-05 0.009681
-2.02928 -2.11567 -2.27138 -0.0291511 -0.0299329 0.0338996 -2.08867 -2.08319 -2.06636 0.003757 -0.002937 0.007005
2.3975 2.25507 2.01301 -0.0357147 -0.0594055 0.0485368 2.2187 2.19037 2.17014 -0.001695 -0.008194 0.024183
116.873 116.885 118.144 -0.299463 0.25242 0.0278429 115.623 116.116 115.714 0.106446 0.083598 0.959864
-12.8803 0.244516 9.49369 0.0267606 -0.0485072 0.018237 -12.1664 -0.305142 9.84332 -0.039142 -0.192155 0.032795
3.48119 3.29223 2.21768 -0.0282998 -0.059832 0.0461976 3.3076 3.24 2.25317 0.009294 -0.008733 0.005295
3.49224 3.308 2.21971 -0.0307133 -0.0594056 0.0473344 3.31529 3.25243 2.24896 5.8e-05 -0.005831 0.010958
3.51286 3.35063 2.21419 -0.0342092 -0.0629418 0.0494559 3.35047 3.29509 2.22746 -0.005807 -0.012545 0.020175
-3.85449 -3.92509 -4.03616 -0.0235814 -0.0139677 0.0307965 -3.84952 -3.79014 -3.71552 0.023791 0.002491 0.003037
-5.34444 -6.01472 -4.42044 0.024003 -0.0724309 -0.0443479 -5.80908 -6.13141 -4.67455 -0.016127 0.028314 -0.022007
4.72153 4.54666 4.27119 -0.0375632 -0.0702605 0.0527939 4.48733 4.42636 4.3948 -0.006171 -0.010037 0.033823
4.74183 4.58109 4.29253 -0.0405551 -0.0739328 0.0532938 4.51136 4.46273 4.41445 -0.010896 -0.014477 0.033868
0.0630088 0.0600125 -0.499684 -0.012826 0.0520947 0.00460369 -0.018469 -0.026872 -0.02633 -0.002092 0.004989 -0.005692
0.0405346 0.0715323 -0.494391 0.0164378 -0.0153703 -0.0408153 -0.035831 -0.018112 -0.023536 0.004143 1e-05 0.010685
0.0565419 0.0592636 -0.494887 -0.0139809 0.236561 0.200527 -0.020065 -0.027567 0.000509 -0.001978 0.237946 0.241036
-0.51602 -0.496529 -1.35936 -0.0307563 0.0414415 0.00890643 -0.55833 -0.547897 -0.936535 -0.005362 -0.014652 -0.008093
-0.501545 -0.483365 -1.34644 -0.0307454 0.043286 0.00869684 -0.541361 -0.531652 -0.927539 -0.006109 -0.013941 -0.007002
-0.55175 -0.529795 -1.41838 -0.0307094 0.0431816 0.0124956 -0.585121 -0.569718 -0.997635 -0.007267 -0.013483 -0.002017
-0.571884 -0.548475 -1.44762 -0.0306745 0.0430969 0.0140602 -0.614629 -0.597855 -1.04627 -0.007874 -0.012574 0.00062
0.113354 0.0974991 -0.468277 0.000359899 -0.262966 -0.340927 0.033228 0.027952 -0.038684 0.014126 -0.380577 -0.445419
0.107128 0.0882571 -0.462863 -0.000994657 -0.282617 -0.367022 0.027309 0.015853 -0.027724 0.010895 -0.407858 -0.466613
0.0684567 0.0314505 -0.420176 0.487464 0.0400734 -0.00303704 -0.034232 -0.049056 0.034774 0.62188 -0.007877 -0.01531
0.0640972 0.021172 -0.420952 0.507592 0.0426268 -0.000939564 -0.035254 -0.048776 0.022989 0.645612 -0.002096 -0.018196
0.0747537 0.136466 -0.536707 -0.593828 0.0582339 0.00612781 0.014951 0.038572 -0.021294 -0.730998 0.004872 -0.001401
-0.00334605 0.0807017 -0.536518 0.0345001 0.00232235 -0.042923 -0.090421 -0.031059 -0.088027 0.020231 0.042943 -0.025417
1.59201 1.61527 0.708117 -0.0366203 0.040546 -0.00519649 1.51279 1.52248 1.11823 -0.024604 -0.020739 -0.01474
0.0483424 0.0263413 -0.455242 0.00099386 0.486657 0.480161 -0.022297 -0.080044 0.089994 0.007227 0.55941 0.607756
0.145086 0.116212 -0.44864 0.0101277 -0.418148 -0.512538 0.070516 0.055442 -0.045335 0.023793 -0.569649 -0.659146
-1.10543 -1.06495 -2.26058 -0.0501649 0.0343226 0.0176869 -1.10457 -1.07108 -1.90762 -0.014625 -0.029168 -0.00276
1.38402 1.32481 1.45782 0.0232078 0.0697574 -0.0164177 1.22587 1.16916 2.07662 0.008452 0.043924 -0.020389
-0.320686 0.0848035 4.19606 0.121288 0.171546 -0.0516651 -0.637541 -0.13446 3.75886 -0.179257 0.38832 0.006147
-1.97034 -1.97291 -2.49206 -0.009409 0.0492573 0.0152061 -1.99614 -1.99928 -2.00724 0.013826 0.007938 -0.001195
2.22994 2.22861 1.63322 -0.0134871 0.0507562 -0.0130635 2.11336 2.10632 2.11376 -0.017235 0.001715 -0.018163
-2.11749 -2.1103 -2.64397 -0.0108588 0.0462645 0.0215423 -2.15777 -2.1513 -2.17512 0.013682 0.003026 0.002809
-1.65054 -1.6015 -3.0191 -0.0662098 0.00781474 0.00909147 -1.61322 -1.59314 -2.6768 -0.017225 -0.062127 -0.035424
-12.441 0.446909 10.1475 -0.0434193 -0.0687592 0.023225 -11.706 -0.068012 10.479 -0.040508 -0.144504 0.017453
1.93331 1.85673 2.22918 0.0501165 0.0803603 -0.022575 1.75174 1.68252 2.90008 0.019561 0.066744 -0.023207
0.199942 0.224954 -0.37389 0.0313325 -0.0447135 -0.103203 0.106548 0.140081 0.119713 0.025148 0.03763 -0.088718
-0.267655 0.177682 4.25153 0.131886 0.166635 -0.0553818 -0.57525 -0.064323 3.81767 -0.168994 0.38399 0.007315
-2.83064 -2.87256 -2.73813 0.0242943 0.061302 0.0152483 -2.86896 -2.90732 -2.1335 0.040424 0.045264 -0.002136
3.1812 3.23447 1.96261 -0.0682027 0.0295719 -0.0125859 3.10122 3.12855 2.29583 -0.055401 -0.043387 -0.018537
3.40539 3.44876 2.12163 -0.062529 0.0448621 -0.016161 3.33624 3.35858 2.4383 -0.04873 -0.027432 -0.011133
-0.216027 0.267377 4.30177 0.141575 0.161063 -0.0591313 -0.535682 -0.006152 3.8517 -0.157958 0.380569 0.014384
116.8 117.175 118.279 -0.586553 0.00891788 -0.0782811 114.79 115.731 115.215 -0.305013 -0.106679 1.01827
-5.70213 -5.75478 -5.82792 -0.0218429 0.00356925 0.0230624 -5.61194 -5.53416 -5.41346 0.031212 0.005383 -0.005724
-5.71516 -5.75747 -5.83452 -0.0211215 0.00528176 0.0234144 -5.63086 -5.53339 -5.42639 0.023095 0.006945 -0.009764
-5.8848 -5.8071 -3.7908 0.0487012 -0.0102362 -0.035385 -5.66399 -6.44792 -3.757 0.062613 0.012636 -0.073673
-3.86914 -3.85807 -4.34148 -0.00732249 0.0511242 0.022774 -3.83523 -3.82592 -3.83556 0.031205 0.01611 -9.9e-05
-3.91329 -3.91491 -4.40321 -0.00611049 0.0475244 0.024434 -3.8882 -3.88366 -3.91218 0.030175 0.009396 0.00629
-4.14851 -4.16604 -3.75233 0.0274972 0.0910023 0.0208573 -4.13039 -4.16962 -3.10993 0.058475 0.097879 -0.000309
-4.17903 -4.22195 -3.77165 0.0342045 0.0704624 0.0193879 -4.18141 -4.2331 -3.11558 0.05932 0.072596 0.001111
4.84074 4.82156 4.20304 -0.0157739 0.0622422 -0.0390144 4.69101 4.6538 4.6926 -0.032984 0.007792 -0.026364
4.82521 4.90329 3.2706 -0.102776 0.0108352 -0.022191 4.76716 4.79948 3.52699 -0.087864 -0.074259 -0.023497
7.18708 6.99604 6.68046 -0.0381797 -0.0850707 0.0586068 6.92976 6.83076 6.77266 -0.006789 -0.019372 0.043705
117.604 117.269 118.943 -0.256278 0.338006 0.0926337 115.365 115.807 115.69 0.266063 0.168255 0.905425
5.18176 5.25347 3.52041 -0.0913255 0.0402541 -0.0289721 5.13741 5.17337 3.75561 -0.077416 -0.043455 -0.017596
7.63309 7.45688 7.12773 -0.0554898 -0.080321 0.0606885 7.33037 7.34624 7.32753 -0.007025 -0.017065 0.042426
116.146 116.729 117.506 -0.694396 -0.15772 -0.0737223 113.837 115.299 114.18 -0.025624 -0.105099 0.53915
115.704 116.315 117.346 -0.679335 -0.143362 0.0973834 113.05 114.379 113.426 0.062665 -0.068743 0.481395
-5.65144 -5.61714 -6.06341 -0.0101216 0.0530344 0.0227732 -5.53012 -5.51859 -5.5217 0.043439 0.031122 -0.010408
0.172528 1.36522 4.46652 0.29764 0.0247591 -0.0525788 0.088121 0.920658 4.02458 0.139946 0.234354 -0.055248
3.13231 3.36194 3.49825 0.228068 0.153918 -0.134433 3.59789 3.56126 3.15535 0.292365 0.129317 -0.147075
-12.2925 0.422649 10.88 -0.00472427 -0.0581036 0.0237173 -11.4498 -0.038865 11.21 -0.006473 -0.171795 0.011288
6.97438 6.97159 6.29053 -0.0173902 0.048495 -0.051483 6.79484 6.7638 6.77221 -0.062019 -0.010651 -0.029712
7.03987 7.05251 6.3776 -0.0244933 0.0605646 -0.0530839 6.8514 6.82402 6.85728 -0.063277 0.002571 -0.035606
11.142 11.1081 10.4807 0.0800912 -0.192268 -0.118984 11.4335 10.9906 10.6335 0.041944 0.015301 -0.007642
117.889 118.635 119.023 -0.382003 -0.00308391 -0.0218563 116.172 117.015 116.423 -0.196558 -0.065236 1.1432
0.160849 1.00147 4.51803 0.225455 0.0648257 -0.0633048 -0.051224 0.58284 4.04205 -0.01077 0.309613 0.010925
1.92174 1.9514 1.68325 0.274564 0.129038 -0.323377 2.17995 2.34533 1.26463 0.403637 0.088204 -0.361043
0.173548 1.05446 4.51819 0.235901 0.0557603 -0.0637049 -0.041104 0.619025 4.02762 0.003967 0.305944 0.002855
-1.89528 -4.6292 -4.16785 -1.89315 0.388038 0.272123 -1.37417 -4.20791 -4.05687 -1.93325 0.208599 0.215797
-12.2609 0.411386 11.0512 -0.0108478 -0.0559279 0.022013 -11.3901 -0.047691 11.3671 -0.015671 -0.165952 0.012182
1.08448 1.36231 1.64995 0.0841703 0.0541289 -0.0494171 1.1232 1.20889 1.46197 0.055487 0.067053 -0.047802
-12.2333 0.393627 11.208 -0.0241271 -0.0515668 0.0192759 -11.3245 -0.052516 11.5424 -0.03384 -0.162124 0.005621
1.88492 2.26607 2.19585 0.0615962 0.11396 -0.202011 2.0223 2.12884 2.05075 0.099502 0.088245 -0.20536
7.19745 5.21509 4.89527 -1.84521 0.639413 -0.251211 7.62695 4.95628 4.97004 -2.06079 0.622835 -0.237471
-7.79822 -7.99467 -7.34402 -0.17441 -0.0847656 -0.067123 -8.00847 -8.32004 -7.34599 0.048761 -0.063967 0.127376
0.797136 0.160018 -3.49198 0.879064 0.400051 0.410001 0.281804 0.081196 -2.95118 0.806527 0.533947 0.570836
-0.891252 -1.2474 -1.84135 -0.263821 -0.0692055 -0.335851 -0.839392 -1.13505 -1.58913 -0.376203 -0.04686 -0.248167
3.41016 3.70872 3.55067 0.131673 0.13257 -0.231568 3.84565 3.74938 3.23343 0.190556 0.085624 -0.26135
-0.407103 0.0953078 -2.93916 0.110544 -0.125422 -0.395598 -0.216704 -0.364131 -3.50407 0.058916 -0.027261 -0.125954
0.263204 -0.0646485 -0.277041 -0.09637 0.241429 -0.116402 0.088641 0.094561 0.083451 -0.000943 0.001416 -0.007264
0.263204 -0.0646485 -0.277041 -0.09637 0.241429 -0.116402 0.088641 0.094561 0.083451 -0.000943 0.001416 -0.007264
0.261592 -0.0797225 -0.28859 -0.0933473 0.0332453 -0.114795 0.088084 0.09075 0.07651 0.002842 -0.226904 -0.004008
0.266047 -0.0734328 -0.283673 -0.0915885 0.025284 -0.114598 0.089155 0.095295 0.078109 0.00544 -0.235847 -0.003422
0.260673 -0.0822307 -0.275529 0.0645785 0.236624 -0.114654 0.098185 0.083637 0.090459 0.240756 -0.004585 -0.007408
0.172363 -0.387847 -0.182539 -0.112678 -0.251169 0.108015 -0.00968 -0.024066 -0.032077 -0.001713 -0.015231 0.014553
-0.643733 -0.643601 -0.832006 -0.103481 0.241516 -0.119349 -0.860256 -0.452238 -0.442998 -0.018638 0.006746 -0.01906
-0.308026 -0.697964 -1.19475 -0.0992485 0.22642 -0.108124 -0.447944 -0.476857 -0.88704 -0.005998 -0.006066 0.001872
-0.688573 -0.660892 -0.854893 -0.0971886 0.242401 -0.115274 -0.911949 -0.467083 -0.457939 -0.011427 0.004976 -0.01597
-0.319029 -0.709968 -1.21435 -0.0975185 0.229036 -0.107735 -0.454059 -0.488155 -0.910385 -0.004798 -0.004122 0.002749
0.252026 -0.0439907 -0.277536 -0.380768 0.249146 -0.118154 0.053717 0.111731 0.082789 -0.4103 0.009786 -0.000843
-0.713785 -0.670513 -0.867745 -0.0936067 0.242848 -0.112958 -0.940812 -0.474105 -0.467135 -0.007668 0.004353 -0.014335
0.250837 -0.0449594 -0.278791 -0.388172 0.24794 -0.118984 0.057366 0.111059 0.084154 -0.423562 0.007308 -0.003086
0.266344 -0.0690166 -0.26741 -0.100817 0.245829 -0.435718 0.08396 0.079877 0.105256 -0.001495 0.011394 -0.452928
0.257231 -0.0339202 -0.250384 -0.105844 0.662099 -0.119161 0.091512 0.104483 0.101768 -0.009476 0.457356 -0.01705
0.259076 -0.0348296 -0.251027 -0.105578 0.672504 -0.118625 0.092995 0.100488 0.098957 -0.010453 0.470757 -0.015397
0.829706 0.823422 0.341014 -0.119661 0.269915 -0.109672 0.625457 1.03628 0.644371 -0.01312 0.014376 0.004377
0.865329 0.88364 0.377185 -0.116064 0.259061 -0.11198 0.656947 1.11385 0.675709 -0.012484 0.004739 0.002646
0.885549 0.917556 0.397687 -0.114017 0.252969 -0.113202 0.67362 1.15487 0.691003 -0.012619 0.000618 0.001351
0.243535 -0.138362 -0.282041 0.288375 0.256495 -0.116126 0.134426 0.050793 0.086226 0.546348 0.001025 -0.021644
0.247946 -0.131038 -0.279433 0.301879 0.254617 -0.114843 0.135944 0.062658 0.09485 0.569155 0.003141 -0.018189
0.250716 -0.0195152 -0.266044 -0.500355 0.249854 -0.113701 0.045532 0.144914 0.1013 -0.576723 0.011889 0.012283
0.249684 -0.0248096 -0.267474 -0.503673 0.250763 -0.114828 0.04216 0.139649 0.099929 -0.584341 0.012235 0.009039
0.248402 -0.0283643 -0.269833 -0.518804 0.248993 -0.117226 0.0422 0.133605 0.092975 -0.608035 0.009242 0.00561
0.265328 -0.0876347 -0.290929 -0.084012 -0.385148 -0.11089 0.090078 0.096614 0.077867 0.011718 -0.683181 0.003765
0.27028 -0.0626656 -0.261988 -0.102214 0.247019 -0.59555 0.081944 0.079841 0.116436 -0.000276 0.012691 -0.675422
0.276471 -0.0553382 -0.256648 -0.100465 0.245703 -0.611047 0.089399 0.088315 0.117667 -0.001021 0.009611 -0.699029
0.271889 -0.0175662 -0.262297 -0.581259 0.255567 -0.119226 0.084807 0.141931 0.088587 -0.719741 0.012765 -0.006573
-0.865831 -1.83991 -1.50147 -0.0590058 0.205731 -0.130662 -0.974338 -1.7773 -1.02837 0.02059 -0.009683 -0.0293
-0.852527 -1.2937 -2.07209 -0.0988265 0.207857 -0.0999573 -0.949592 -1.00217 -1.8005 -0.011421 -0.015694 0.007999
-1.53515 -1.20557 -1.37512 -0.105258 0.237991 -0.11974 -1.79722 -0.968409 -0.954882 -0.028073 0.000438 -0.025242
-0.907381 -1.92271 -1.54491 -0.0622078 0.212535 -0.125709 -1.00533 -1.88935 -1.06733 0.021875 -0.003572 -0.026074
-1.66448 -1.26278 -1.44439 -0.0913598 0.244411 -0.109985 -1.95153 -1.02649 -1.0098 -0.014377 0.002683 -0.018457
1.4217 1.22567 1.561 -0.0997945 0.289048 -0.131729 1.18339 1.25313 2.02048 0.002995 0.028109 -0.019063
1.43596 1.76352 0.999402 -0.136509 0.288767 -0.103816 1.20076 2.0573 1.23177 -0.024517 0.02159 0.014262
2.22237 1.15432 0.91068 -0.101435 0.245352 -0.120202 2.16931 1.24228 1.20216 0.016173 0.005538 0.006664
1.52323 1.91701 1.08896 -0.12982 0.264288 -0.1102 1.27368 2.25473 1.31532 -0.022634 0.002681 0.011148
-2.36623 -1.76879 -1.90305 -0.114153 0.256905 -0.129842 -2.64852 -1.50962 -1.48012 -0.054302 0.012311 -0.037029
-2.39524 -1.76007 -1.90529 -0.108595 0.241583 -0.123894 -2.68728 -1.48956 -1.46455 -0.042 0.004255 -0.033001
-1.38642 -1.87461 -2.94286 -0.0981159 0.191014 -0.0911707 -1.43934 -1.52593 -2.72679 -0.009923 -0.028559 0.014626
-2.59057 -1.84236 -2.00752 -0.0890366 0.246091 -0.108474 -2.92414 -1.56235 -1.53836 -0.021212 0.002465 -0.024757
2.03154 1.89871 2.4895 -0.104561 0.313314 -0.139743 1.77157 1.87094 2.99437 0.000385 0.043565 -0.029272
3.06706 1.72682 1.45886 -0.0976447 0.245574 -0.109874 3.05713 1.79884 1.75179 0.027989 -0.001714 0.017752
2.04624 2.70313 1.6607 -0.153826 0.311067 -0.0965432 1.78132 3.06832 1.82511 -0.037963 0.033979 0.028336
2.13466 2.02931 2.68801 -0.0964525 0.27206 -0.140622 1.85197 1.98372 3.24922 0.017947 0.021948 -0.02738
1.50098 -2.65595 -0.0282602 -2.03941 0.258456 0.907365 2.03347 -2.64796 0.410798 -1.76877 0.364406 0.872958
-4.01045 -7.40052 -6.7154 -2.04493 0.241546 0.34021 -3.60507 -6.82452 -6.22727 -2.00287 0.028391 0.123425
-2.85365 -5.07975 -3.66889 -1.46176 -1.02825 -0.832594 -2.50473 -4.63094 -3.33129 -1.41613 -1.16031 -1.43036
-23.4596 -16.3341 -16.2607 -0.012562 0.0982229 -0.122718 -24.0868 -14.8986 -15.1192 0.093705 0.058684 -0.016939
-2.83942 -1.35132 -3.13912 3.10762 1.26801 -1.84225 -2.53839 -1.20455 -2.79286 2.94499 0.72044 -1.43982
-3.0219 -5.32746 -3.9428 -1.48813 -1.06138 -0.825239 -2.70184 -4.84569 -3.60977 -1.42281 -1.17889 -1.40217
-0.0764599 -0.0935106 0.637058 -0.0127216 0.134885 -0.0534001 0.052549 0.041777 0.048347 -0.015456 0.003951 0.001866
-0.10246 0.611397 -0.117959 -0.0527337 0.135281 -0.0100066 0.060992 0.051108 0.018051 -0.004978 -0.000312 -0.013992
-0.112987 0.633423 -0.156567 -0.059485 0.124951 0.10559 0.067562 0.08637 -0.012903 -0.01304 -0.010259 0.145795
-0.100897 0.573553 -0.0831234 -0.0550719 0.145591 -0.134859 0.05108 0.021582 0.047433 -0.012227 0.013215 -0.182964
-0.097372 0.607862 -0.113332 0.151627 0.169262 -0.00696086 0.068887 0.049498 0.014499 0.2558 0.007066 -0.004515
-0.0938846 0.550971 -0.0460422 -0.0534701 0.156743 -0.25178 0.046819 -0.003942 0.071262 -0.01746 0.019824 -0.346376
-0.0898138 0.540057 -0.0485847 -0.0566037 0.148716 -0.28762 0.058523 0.001452 0.078377 -0.019291 0.011894 -0.408229
-0.681939 -0.0233996 -1.05003 -0.0532599 0.1377 0.0179818 -0.458723 -0.531663 -0.926535 0.007797 -0.003144 0.018526
-0.102119 0.635649 -0.110814 -0.417786 0.0654691 -0.00873316 0.040217 0.077866 0.045208 -0.458545 -0.006015 -0.021546
-0.104173 0.63223 -0.110158 -0.425348 0.0660854 -0.00975556 0.04286 0.073817 0.047696 -0.466856 -0.006108 -0.019472
0.503787 1.27849 0.864218 -0.0533733 0.132761 -0.0432555 0.604787 0.673026 1.039 -0.018415 0.010363 -0.041944
-0.125386 0.693786 -0.214657 -0.06868 0.101348 0.31602 0.044658 0.130541 -0.080996 -0.00736 -0.02434 0.447597
-0.0944577 0.599131 -0.100635 -0.14813 -0.428415 0.00823628 0.117592 0.01158 0.001223 -0.026682 -0.647558 0.007697
-0.103685 0.567363 -0.118548 0.490711 0.242163 -0.00878027 0.070284 0.018554 -0.029158 0.660031 0.014181 0.000269
-0.0854013 0.623099 -0.0993444 -0.153489 -0.451065 0.00858326 0.121657 0.036668 0.002583 -0.025284 -0.699768 0.000545
-0.10235 0.6475 -0.09875 -0.60598 0.031171 -0.00676915 0.044391 0.104653 0.081735 -0.687975 -0.00741 -0.018472
-1.63572 -0.965676 -1.31633 -0.0469605 0.135935 -0.0447327 -1.42952 -1.4013 -1.0786 -7.6e-05 -0.001268 -0.037701
-1.64597 -0.657917 -1.66689 -0.0572901 0.138246 0.0235693 -1.4702 -1.09991 -1.50737 -0.002982 0.011998 0.014347
1.46019 1.8835 1.43791 -0.0556934 0.132328 -0.052472 1.62172 1.21716 1.56455 -0.013215 -0.012395 -0.04779
1.49828 1.92394 1.48452 -0.0499764 0.131762 -0.0508089 1.65879 1.24325 1.61375 -0.008016 -0.011512 -0.044155
-1.2823 -1.32433 -1.35878 -0.0326861 0.13747 -0.0901397 -0.989927 -1.77858 -1.14241 0.023393 -0.026653 -0.06179
-1.29076 -1.34956 -1.35332 -0.0350049 0.136734 -0.0877737 -0.9837 -1.82264 -1.13991 0.014296 -0.025665 -0.062345
-1.32684 -1.4148 -1.39456 -0.0389677 0.136746 -0.0858601 -1.02387 -1.92674 -1.20066 0.004269 -0.013759 -0.061281
-2.04025 -0.637837 -1.30432 -0.0589703 0.136914 0.00120502 -1.96042 -1.03331 -1.04125 -0.016465 0.025868 -0.00944
1.08615 1.91551 1.79079 -0.0611275 0.128842 -0.080028 1.13235 1.27178 1.98172 -0.040464 0.01551 -0.08271
1.17499 2.67287 1.23215 -0.0651893 0.134911 0.0730226 1.20009 2.11123 1.2984 -0.017385 0.027125 0.037781
-4.92041 -4.8741 -4.45003 -0.0189187 0.0251267 -0.000208734 -5.18975 -5.14747 -4.65414 -0.009156 0.090795 -0.020626
-1.79539 -1.24902 -2.84363 -0.0556479 0.137488 0.0576126 -1.4466 -1.65837 -2.70633 0.031734 -0.022275 0.063
-2.94898 -1.20579 -1.83839 -0.0601984 0.13736 0.0066959 -2.90353 -1.5457 -1.54212 -0.02432 0.039177 -0.013796
1.70413 2.60083 2.76953 -0.0642142 0.126195 -0.114823 1.68187 1.9073 2.97835 -0.057299 0.029847 -0.122029
1.78636 3.61623 1.87836 -0.0804259 0.136283 0.117819 1.73536 3.02395 1.8806 -0.038653 0.048349 0.063525
2.79313 2.51387 1.72192 -0.0441281 0.13205 -0.033791 3.08488 1.72334 1.65238 0.00987 -0.044471 -0.024714
2.90482 2.61015 1.80454 -0.0351053 0.132488 -0.0282905 3.25035 1.79353 1.73266 0.013321 -0.046655 -0.020063
-3.11767 -2.50185 -2.46354 -0.0391993 0.13694 -0.0717045 -2.86651 -2.81141 -2.13464 0.006587 -0.001575 -0.059805
-2.39567 -2.52289 -3.14321 -0.0291505 0.137486 -0.0343865 -1.97789 -2.89395 -2.92052 0.051995 -0.0448 -0.002942
3.08321 3.21039 3.0318 -0.0602244 0.131211 -0.0955335 3.19112 2.42284 3.05913 -0.030805 -0.008103 -0.086112
3.12194 3.89656 2.44102 -0.0702772 0.132557 0.0592356 3.23056 3.15624 2.34788 -0.024873 0.008907 0.023916
2.37476 3.99737 3.18469 -0.0731434 0.126885 0.00722425 2.26649 3.3076 3.29709 -0.060365 0.052026 -0.028891
11.7437 8.5962 9.99475 -1.20324 -0.111985 -0.419479 11.3897 8.53647 9.6684 -1.56058 -0.01381 -0.669758
0.274423 0.484944 1.09585 0.17922 0.159863 0.0701118 0.439991 0.490571 0.598721 0.288927 0.034624 0.198879
-4.51177 -3.92556 -3.55 -0.0247971 0.136041 -0.0918753 -4.18601 -4.07409 -3.13007 0.026985 -0.00835 -0.071958
1.89701 2.30166 2.89123 0.31381 0.0538668 -0.106472 1.81911 1.73733 2.56958 0.276716 0.070843 -0.14624
-0.74403 -0.254475 -0.151203 -0.070014 0.148673 -0.184047 -0.442775 -0.272172 -0.4361 0.027107 0.024844 -0.196134
-3.48251 -4.02283 -4.57475 -0.0181656 0.139561 -0.0376072 -2.92387 -4.28197 -4.32801 0.076296 -0.067178 0.006982
4.77745 4.60014 4.69982 -0.0589691 0.137347 -0.130253 4.87351 3.6902 4.68048 -0.038145 -0.021601 -0.113924
4.76888 4.58298 4.70908 -0.0521608 0.123924 -0.138061 4.89646 3.68082 4.73166 -0.040941 -0.013489 -0.124256
4.78224 4.59236 4.74808 -0.0456984 0.121227 -0.140755 4.92411 3.66452 4.81775 -0.035124 -0.015128 -0.116834
3.67869 5.74601 4.91422 -0.105882 0.131024 0.0306042 3.4402 4.99562 4.9463 -0.111748 0.073854 -0.035509
4.93104 5.78993 3.88685 -0.0541375 0.132722 0.105733 5.06768 5.01619 3.68391 -0.002249 -0.003303 0.063726
3.75213 5.92693 5.05963 -0.0651625 0.122975 0.0167123 3.52535 5.21309 5.21978 -0.059157 0.067904 -0.023696
12.786 9.7456 11.0537 -1.15135 -0.0908445 -0.460629 12.4649 9.66127 10.6955 -1.48763 0.04601 -0.663327
18.514 18.9442 17.7583 -0.0613814 0.0984913 -0.121185 17.8121 18.1146 17.3013 -0.1229 0.114287 -0.065989
1.46725 1.28209 -3.05668 0.523196 0.36376 0.0626433 1.22098 0.92934 -3.19783 0.644755 0.391674 0.295873
5.32757 6.17031 -1.09707 0.132608 -0.0653124 -0.11034 4.86261 5.5729 -2.61638 0.151936 0.081311 -0.022811
2.79034 3.02496 3.73148 0.402804 0.00774616 -0.0792544 2.66978 2.40818 3.39115 0.343037 0.035752 -0.113886
-23.4465 -15.9409 -14.6518 -0.0287826 0.0407061 -0.139139 -23.9938 -14.6803 -13.792 0.063848 0.026883 -0.029273
-2.28929 0.0660682 -2.94393 2.84182 0.548501 -0.660308 -1.70329 -0.071986 -2.33872 2.91783 0.802643 -1.21245
-2.42733 -2.96577 -6.79303 2.60376 -0.77307 -0.0987629 -2.6883 -2.69226 -6.01637 2.30893 -0.918095 0.143871
3.53358 3.47697 4.07413 0.246635 0.168503 0.0255815 3.83025 3.63933 3.72848 -0.022752 0.171408 -0.02913
-6.57761 -4.80983 -6.30013 2.44207 1.01246 -1.33025 -5.9667 -4.73437 -6.11005 2.44515 0.389549 -1.17969
2.87931 2.62883 3.16874 0.271256 0.197406 -0.0214652 3.0122 2.8364 2.76273 0.148053 0.189347 -0.011336
-5.07997 -11.3667 -8.23187 -1.96876 -0.743037 -0.17972 -4.62534 -11.0559 -7.31102 -2.02145 -0.296496 -0.639655
-6.72829 -5.06289 -7.32193 2.51299 0.00494771 -0.509614 -5.78602 -4.97069 -6.44048 2.35522 0.079286 -0.034264
4.03353 4.06037 4.90073 0.465676 -0.00519529 -0.0718246 3.85725 3.44261 4.53193 0.415345 -0.047522 -0.088577
-7.13222 -6.37761 -12.3622 0.123904 -0.0487417 -0.103028 -6.69701 -6.09546 -12.9096 0.115848 0.051027 -0.01236
2.16733 2.68749 -4.15713 0.0270278 -0.0549676 -0.58664 2.20147 2.56539 -5.71162 0.300026 -0.237699 -0.531683
-1.5536 1.37273 -5.10525 0.274412 -0.073633 0.0838745 -0.909832 1.40625 -4.70547 0.332368 0.037561 0.072377
-9.17873 -6.59394 -8.76275 1.7803 0.240096 -0.575071 -8.23614 -5.80919 -8.46607 1.75043 0.092111 -0.561149
4.96988 5.49758 5.90959 -0.0833614 0.12631 0.0271268 5.01793 5.11863 5.49703 -0.189631 0.240532 -0.113163
4.9857 5.56627 5.92708 -0.115841 0.121729 0.0272087 4.97842 5.12645 5.50139 -0.174568 0.267371 -0.112917
-1.58383 1.07847 -4.84152 -0.147984 -0.0755531 0.0872745 -1.00543 1.01702 -4.21766 -0.086162 0.101551 0.018743
1.80907 1.78698 -6.95951 -0.0348074 0.147629 -0.105358 1.86951 1.99362 -8.62957 0.073252 0.220507 -0.136463
-0.94524 -0.795666 -9.51323 -0.0979669 0.121765 -0.0521333 -0.609308 -0.569371 -11.0103 -0.009116 0.098308 0.069921
5.26724 8.6888 1.77087 0.298145 -0.0939175 0.0981714 5.84551 8.38013 1.69527 0.348022 0.022889 0.07756
-5.43554 -2.96698 -8.78021 -0.137095 -0.0201592 0.171105 -4.73631 -3.10038 -7.75928 -0.335641 -0.051895 0.044297
5.24542 8.21893 2.02018 -0.151703 -0.101102 0.0957363 5.81206 7.94811 2.17226 -0.070011 0.114219 0.048369
-5.75312 -2.50042 -6.6668 2.29677 -0.183761 -0.21377 -5.29191 -2.15228 -6.81104 2.37204 -0.141477 -0.346407
2.17493 2.19618 -6.0976 0.0512753 0.173758 -0.22757 2.21592 2.63151 -7.82529 0.214611 0.243089 -0.41015
-27.4652 -27.3919 -25.375 0.0339318 -0.0875404 -0.0577943 -28.174 -27.9556 -25.9477 0.017692 -0.160421 -0.062544
-27.4501 -27.4029 -25.412 0.045317 -0.0832016 -0.0253576 -28.1775 -27.9976 -25.9619 0.041279 -0.146005 -0.028157
7.81761 10.9106 4.55748 -0.15718 -0.111719 0.10097 8.33756 10.4564 4.5752 -0.068818 0.119954 0.060351
7.29494 6.41727 5.81633 -3.15595 0.0183863 -0.473266 6.66186 6.18245 6.05329 -3.01406 -0.342096 -0.647542
-10.5755 -8.19682 -10.2027 1.53117 0.19396 -0.484 -9.64293 -7.4816 -9.83754 1.49267 0.041973 -0.444959
10.5541 13.7066 7.2004 -0.166166 -0.122854 0.107699 11.0233 13.1681 7.16955 -0.068443 0.124038 0.069679
-15.8654 -15.9526 -16.3634 0.0619569 -0.100555 -0.0608138 -15.87 -16.0087 -16.3196 0.06506 0.04414 0.004199
-20.6157 -20.1584 -20.7145 0.115601 0.629083 -0.165759 -20.0826 -19.5708 -20.0906 0.012859 1.70329 0.082824
-20.6912 -20.2354 -20.7873 0.115065 0.623477 -0.166494 -20.1531 -19.6375 -20.1667 0.014581 1.71011 0.099331
-1.42378 0.888738 -2.90408 4.22069 0.810862 -0.676633 -1.31856 0.785217 -2.21267 4.03423 0.354353 0.2884
13.1473 13.4076 12.5231 -2.38455 0.705933 -0.447375 12.1738 12.8971 12.7257 -2.49954 0.306109 -0.664072
-12.3628 -12.2301 -12.2948 0.0969958 0.0859336 -0.103505 -10.64 -11.601 -12.063 0.163024 0.075231 -0.090018
-7.04974 -3.89741 -8.3176 2.02457 -0.227854 -0.333693 -6.35863 -3.47567 -8.46217 2.13934 -0.224866 -0.463945
-4.93945 -4.81608 -3.67295 -0.0312374 0.174113 0.00762905 -5.55049 -5.70502 -4.16627 -0.038542 0.170851 0.036385
21.2055 22.052 14.3062 0.175554 -0.0286946 -0.132693 21.1097 21.9151 12.1543 0.195012 0.129884 -0.04022
-16.548 -17.2241 -17.651 -0.256513 0.286254 -0.530031 -15.9171 -16.5139 -17.2675 -0.311647 0.370873 -0.70474
-25.1609 -25.0088 -25.4187 0.256142 -0.223762 0.25677 -24.9742 -24.646 -25.0894 0.296015 0.703792 0.5079
-15.829 -16.432 -17.0357 -0.233622 0.22031 -0.49818 -15.2101 -15.7519 -16.6992 -0.375225 0.349423 -0.707783
-15.6552 -16.2158 -16.8588 -0.216109 0.206936 -0.49349 -15.0434 -15.5564 -16.5097 -0.365338 0.340404 -0.716046
-2.36758 -1.28135 -3.93718 3.39988 0.366839 -1.68531 -2.18495 -1.3311 -3.45686 2.7143 0.180156 -1.59123
-15.1796 -15.6014 -16.3169 -0.143356 0.17336 -0.48594 -14.5738 -14.9387 -15.9899 -0.340535 0.319537 -0.735179
16.688 17.4703 16.9067 -1.85324 0.937211 -0.397868 15.9867 16.7303 16.9366 -2.18308 0.597524 -0.544182
18.3322 15.9121 16.6437 -0.777423 0.283112 -1.39871 18.4841 14.5752 16.3709 -1.07803 0.473514 -1.17957
16.5671 19.7659 13.0074 -0.191321 -0.144456 0.125992 16.839 18.91 12.8325 -0.071717 0.134159 0.091139
0.0729282 0.26303 3.49242 0.179187 -0.0833758 -0.0666101 -0.144742 0.152118 3.32478 0.317273 -0.286436 -0.152274
-0.0252997 0.0527417 3.29808 0.121203 -0.0945533 -0.0664602 -0.282689 -0.055008 3.33876 0.209671 -0.28437 -0.145822
-14.8737 -14.8413 -15.1044 0.175719 0.0225355 -0.319862 -14.2789 -14.1266 -15.0199 0.079902 0.058365 -0.612833
-0.192932 -0.208764 2.9631 0.0170401 -0.100045 -0.0630032 -0.504399 -0.277551 3.29804 0.029098 -0.254371 -0.109491
-15.4552 -15.4028 -15.374 0.0705567 0.030417 -0.0352635 -15.582 -15.4611 -15.1626 -0.037309 0.00083 -0.078552
-0.22851 -0.261569 2.87836 -0.0264723 -0.0993632 -0.0545087 -0.562321 -0.307315 3.28912 -0.030073 -0.242966 -0.083045
-0.221533 -0.281373 2.82366 -0.083355 -0.0990287 -0.0462829 -0.587724 -0.303021 3.30745 -0.084309 -0.223336 -0.059613
-0.230754 -0.26864 2.81667 -0.0851578 -0.112029 -0.0390203 -0.580774 -0.291134 3.27635 -0.09656 -0.22992 -0.049887
-0.213107 -0.283776 2.825 -0.0901304 -0.100344 -0.0459973 -0.587075 -0.304302 3.30751 -0.086036 -0.220563 -0.056966
-6.9955 -5.50289 -7.48574 2.25483 -0.0392523 -0.70144 -6.60562 -4.81406 -6.97598 1.87569 0.5549 -0.837868
-0.376235 0.0934108 2.69069 -0.245387 0.00169014 -0.16351 -0.517522 0.160721 2.53094 -0.347583 -0.019896 -0.268563
-0.277883 -0.172628 2.84392 -0.0728409 -0.170361 0.00419451 -0.518342 -0.215548 3.16261 -0.157204 -0.287732 -0.022644
-0.367558 -0.0209655 2.65785 -0.210294 -0.00239278 -0.118965 -0.519413 0.037368 2.63383 -0.293654 -0.031602 -0.20927
-0.3651 -0.118338 2.63775 -0.185938 -0.00592404 -0.0799197 -0.539102 -0.067088 2.76829 -0.238082 -0.050804 -0.149157
-0.281787 -0.132403 2.86978 -0.0694239 -0.186275 0.0183122 -0.506386 -0.194247 3.12716 -0.173358 -0.305381 -0.010146
-4.26414 -4.35264 -1.60955 -0.0908393 -0.103325 -0.034337 -4.67024 -4.38679 -1.09219 -0.069933 -0.20696 -0.051687
-0.274249 -0.0385541 2.94146 -0.0562935 -0.217278 0.0426799 -0.443204 -0.0811 3.12374 -0.188816 -0.326984 0.004677
-0.264649 0.0169819 2.98916 -0.0521935 -0.232273 0.0571066 -0.410185 -0.011253 3.12959 -0.199418 -0.334253 0.008371
-6.62166 -4.16712 -7.71263 2.91878 0.800166 -1.29613 -5.9287 -4.04343 -7.16308 2.95133 0.348811 -1.11905
-7.73542 -6.97755 -8.25352 2.37067 -1.05539 -1.16899 -7.00462 -5.69101 -7.48231 2.68479 -1.23366 -0.701951
-17.2738 -17.4008 -18.152 0.24434 -0.046457 -0.139028 -16.9949 -16.8133 -17.9648 0.201015 -0.231588 -0.051417
28.8421 29.32 28.1764 0.147783 0.230346 -0.698794 28.361 28.4225 27.8713 -0.191378 0.558261 -0.480436
-0.164141 0.276767 3.24933 -0.0346764 -0.282116 0.110119 -0.230317 0.2692 3.17717 -0.262703 -0.368677 0.024149
-2.57757 -0.627115 -2.88315 -0.0827695 -0.532457 0.370371 -3.81201 -0.591658 -3.92052 -0.16628 -0.828382 0.333146
-0.126917 0.343071 3.32161 -0.029074 -0.293951 0.12247 -0.187703 0.335145 3.19998 -0.270464 -0.37799 0.028912
-8.3726 -6.65392 -8.42575 2.83825 0.361699 -0.655657 -7.54466 -6.44311 -7.98402 2.63066 0.068143 -0.436991
-0.484179 -0.570606 -0.337454 0.128165 -0.263489 -0.00727008 1.07523 0.60825 -0.155163 0.120661 -0.155128 0.069385
1.73539 1.66101 1.87167 0.127404 -0.262769 -0.00627087 3.20725 2.70684 1.93189 0.125126 -0.163952 0.064033
-5.23555 -8.47014 -8.03129 -2.58912 0.0384941 -0.392246 -5.21087 -8.05922 -7.72435 -2.36862 0.260613 -0.571033
-7.00745 -4.44915 -5.62866 2.15525 0.158254 0.0515818 -6.77153 -3.36711 -5.10435 2.27694 -0.515215 0.048429
4.11213 4.04618 4.23767 0.125931 -0.261305 -0.00523198 5.72333 5.19016 4.40282 0.129726 -0.172553 0.058098
-17.825 -17.9099 -19.0579 0.223351 -0.00352675 -0.127463 -17.6964 -17.4985 -18.9476 0.132728 -0.152602 0.060789
-12.2286 -3.22855 -6.87863 -0.158934 0.2461 -0.0861906 -13.1339 -2.14958 -5.97657 -0.077202 0.049397 -0.022723
-6.27735 -6.41778 -6.10446 0.126608 -0.260348 -0.00937928 -5.19674 -5.57462 -6.29503 0.107092 -0.131293 0.07842
1.40944 1.81801 5.90501 0.604343 0.154534 0.0133503 1.66558 1.98591 5.71379 0.692876 0.307974 0.053093
-12.9242 -12.7952 -19.0297 -0.098818 0.163041 -0.0870101 -11.7295 -11.6968 -20.0833 0.013835 0.073416 0.060831
-9.35431 -8.94437 -10.2439 1.95775 0.132742 -0.360125 -8.43797 -8.32818 -9.43773 1.76228 -0.050756 0.034195
3.84747 4.2519 8.51031 0.607548 0.14893 0.0133718 4.07614 4.40834 8.32275 0.723404 0.321313 0.053877
22.4331 22.6708 22.5404 -1.25084 1.03577 -0.309387 21.4913 21.8952 22.2519 -1.86026 0.777662 -0.403981
-2.75065 -2.89314 -1.80351 0.0641072 0.00956151 -0.259451 -2.5527 -2.92707 -1.78195 0.368017 -0.058201 -0.28553
-6.98236 -9.9521 -9.93718 -2.33106 0.159325 -0.684598 -6.6629 -9.59311 -9.49098 -2.10972 0.379026 -0.805257
-8.96758 -2.01156 -5.44083 0.997782 -0.152888 -0.700472 -9.64709 -1.1766 -4.25611 1.12158 -0.514023 -0.440335
51.2042 74.9935 55.1858 -0.171446 0.75095 -0.0386857 52.8847 75.0084 55.0727 0.128356 -0.041453 0.107072
-0.97898 -2.21473 -2.07757 0.0659058 -0.0472741 0.176729 -0.673722 -0.857087 -0.734645 0.047861 0.173398 0.095835
35.6643 36.3343 35.0675 -0.162414 0.245167 -0.112053 35.52 35.7192 34.0878 -0.289335 0.253479 -0.106234
23.9151 25.6875 22.5801 -0.616487 -0.152275 -0.72726 23.465 24.81 22.5889 -0.497843 -0.558764 -0.597379
2.42279 2.09738 4.30833 -0.583026 0.182683 0.00683275 2.37568 1.91398 4.00324 -0.621167 0.477334 -0.187049
26.5928 25.8429 25.0321 -0.185674 0.435891 -1.4594 26.7833 23.8097 24.4666 -0.779507 0.688408 -0.793622
10.8676 29.3012 47.9272 -0.00713347 -0.0592571 0.344932 13.2637 27.8295 47.1066 -0.095188 -0.304724 0.028985
-16.641 -16.158 -20.3847 0.117759 -0.00422219 -0.102018 -15.9053 -15.4318 -20.803 0.081 0.029687 -0.002072
-6.36956 -1.56938 -5.43773 0.884682 -0.181848 -0.756003 -7.51422 -1.36212 -4.91253 0.830791 -0.497972 -0.259818
37.2322 38.1481 36.6529 0.0335553 -0.15249 -0.0342036 36.8745 37.8911 35.6114 0.171068 0.188825 -0.216556
8.80655 21.9609 11.1174 -0.299293 0.267716 -0.246593 7.93384 20.9221 11.82 -0.265383 0.334028 -0.191683
37.8274 37.4328 37.0384 0.0568196 0.290433 -0.982728 37.2831 37.3284 36.0573 -0.188415 -0.026826 -1.0281
-13.1483 -10.8983 -15.9242 1.09637 -0.132538 -0.562022 -12.0118 -10.1821 -16.5167 1.12699 -0.198828 -0.549649
35.1232 35.5272 34.5 -0.289372 0.361929 -0.164429 35.0546 35.1204 33.784 -0.441484 0.222269 -0.156085
33.2616 33.8652 33.7685 0.217563 -0.0185703 -0.0101532 32.9332 33.3201 33.0781 0.310901 0.111941 -0.087397
8.48542 21.963 11.1483 -0.343321 0.300217 -0.237389 7.81374 20.8916 11.9486 -0.280852 0.371004 -0.180453
37.7118 38.5969 36.6653 0.156634 0.407509 0.0131161 37.5792 38.1146 36.0611 0.116205 0.331176 -0.069721
0.234177 -0.108766 -0.236239 0.409372 0.231424 -0.12568 -0.025588 -0.021764 -0.033893 0.00325 0.001687 -0.004049
0.233458 -0.0991849 -0.22486 0.41398 0.391524 -0.126826 -0.031171 -0.018947 -0.027582 0.005296 0.228851 -0.000401
0.230607 -0.108948 -0.234883 0.415752 0.233744 -0.306285 -0.015884 -0.026622 -0.026605 0.008279 0.00015 -0.23429
0.232967 -0.113238 -0.235697 0.584454 0.236209 -0.132024 -0.023762 -0.01934 -0.038373 0.257727 0.003517 -0.00977
38.3093 38.2457 37.2369 0.238489 0.0680486 -0.568963 37.7174 37.9195 36.3906 -0.136477 -0.124689 -0.680141
0.216386 -0.103657 -0.220942 0.0973715 0.222423 -0.10628 -0.055259 -0.037635 0.017093 -0.40687 0.007962 0.032981
1.0245 0.434709 0.306788 0.412921 0.23578 -0.125375 0.856684 0.483504 0.466719 0.009386 0.001564 -0.005085
0.231153 -0.0817886 -0.20437 0.417589 0.537504 -0.124186 -0.029189 -0.002384 0.002683 0.00262 0.43349 0.008353
0.224814 -0.107736 -0.234272 0.425662 0.23813 -0.46651 -0.006 -0.035073 -0.015436 0.026329 -0.003924 -0.426627
1.10072 0.491012 0.348716 0.410238 0.231291 -0.123818 0.960187 0.540673 0.494211 0.000925 -0.002382 -0.008615
0.808753 0.4514 0.640316 0.409908 0.242339 -0.128304 0.494405 0.519959 0.927123 -0.002157 0.010145 -0.009092
-0.556257 -0.650345 -0.773043 0.406192 0.229509 -0.124437 -0.894467 -0.526804 -0.519922 0.000402 0.006768 0.002706
0.231225 -0.0897595 -0.212594 0.418475 0.556764 -0.128623 -0.035226 -0.0132 -0.01824 0.000645 0.469437 0.002925
-0.336943 -0.987684 -0.777722 0.411285 0.223825 -0.126436 -0.551102 -0.976566 -0.563543 0.002512 -0.000826 -0.008725
0.230615 -0.110069 -0.229836 0.0606381 0.222865 -0.11252 -0.020884 -0.02815 -0.015229 -0.489414 0.00883 0.009794
0.836094 0.805322 0.335171 0.408934 0.238347 -0.124725 0.536881 0.969366 0.519255 0.006742 0.00458 0.000239
-0.612716 -0.695864 -0.80778 0.407885 0.231869 -0.127367 -0.973121 -0.566563 -0.54828 0.006512 0.009879 0.001563
0.185059 -0.0770119 -0.190644 -0.0487738 0.220206 -0.101726 -0.084098 -0.030799 0.078682 -0.566718 -0.000547 0.045542
0.24109 -0.11343 -0.243702 0.398279 -0.210207 -0.122744 0.007864 -0.032253 -0.045073 0.010911 -0.602874 -0.010914
0.214795 -0.0740599 -0.18953 0.420883 0.682315 -0.120044 -0.050531 0.000774 0.022864 0.005382 0.633522 0.018548
0.228277 -0.122213 -0.250071 0.397773 -0.2283 -0.122778 -0.012033 -0.035721 -0.051029 0.00687 -0.631856 -0.010092
33.7951 34.3723 34.3386 0.25452 0.0451961 -0.0920119 33.4138 33.8637 33.5087 0.288053 0.117046 -0.149183
0.220142 -0.101269 -0.237135 0.431788 0.241048 -0.644002 0.004981 -0.027382 -0.008851 0.037183 -0.003713 -0.658106
0.227206 -0.133367 -0.240132 0.90361 0.25346 -0.144173 0.006836 -0.014238 -0.033728 0.694816 0.008348 -0.029486
0.241597 -0.0841433 -0.252087 0.389471 0.226466 0.428426 -0.024438 0.009215 -0.049744 -0.011278 0.014977 0.714488
0.225357 -0.129959 -0.225412 0.937717 0.245583 -0.145065 -0.016355 -0.012842 -0.033512 0.769207 0.003832 -0.022502
1.80261 1.00479 0.866357 0.420377 0.227889 -0.127757 1.72775 1.01268 0.989198 0.026711 -0.009031 -0.009778
-1.29525 -1.17172 -1.28048 0.401928 0.237612 -0.11572 -1.67831 -1.01475 -0.982674 -0.006236 0.01715 0.017225
1.35781 0.98291 1.47559 0.406773 0.262128 -0.13174 0.983532 1.03555 1.83416 -0.00571 0.026935 -0.015321
-0.84828 -1.79297 -1.26348 0.415581 0.21298 -0.125882 -0.995708 -1.83259 -1.03109 -0.003575 -0.008244 -0.013638
-0.848539 -1.79734 -1.26555 0.413786 0.212183 -0.126083 -0.986947 -1.8317 -1.02699 -0.006667 -0.008423 -0.012764
1.35652 1.61356 0.845766 0.405815 0.257087 -0.125462 1.0053 1.84067 1.02999 0.010408 0.019147 0.010592
-0.875498 -1.16958 -1.95002 0.408278 0.212844 -0.118071 -1.01087 -1.06452 -1.89576 0.016962 -0.010483 0.008074
-0.929729 -1.89321 -1.33149 0.412191 0.221304 -0.127925 -1.0927 -1.95413 -1.09652 -0.002812 0.001424 -0.012731
37.4238 37.0583 36.7392 -0.0401557 0.449607 -1.10249 37.2996 37.182 35.8298 -0.165439 0.167831 -1.00693
-2.03114 -1.69029 -1.78669 0.395669 0.243253 -0.111912 -2.45516 -1.49608 -1.45185 -0.014064 0.027992 0.023994
0.171616 0.16319 -0.0594961 -0.030072 0.204926 -0.0595386 0.02093 0.016587 0.030526 -0.004144 -0.0015 -0.000944
-1.39353 -1.58432 -2.68047 0.447372 0.189432 -0.10624 -1.4778 -1.50762 -2.60828 0.082403 -0.024645 0.054773
-2.07235 -1.68404 -1.79353 0.399608 0.225923 -0.120033 -2.52584 -1.47581 -1.43959 -0.009882 0.012086 0.015175
-2.17809 -1.77637 -1.86298 0.403673 0.230795 -0.125207 -2.69247 -1.57198 -1.51491 0.004533 0.023475 0.013701
-1.37161 -2.61516 -1.75374 0.418046 0.204371 -0.126565 -1.45912 -2.71428 -1.51672 -0.006498 -0.014709 -0.019899
-1.37171 -2.62175 -1.75684 0.415263 0.20354 -0.126338 -1.44921 -2.72157 -1.51538 -0.010048 -0.015203 -0.018156
1.95062 2.487 1.40842 0.401086 0.267048 -0.122436 1.57484 2.76847 1.59039 0.015358 0.022571 0.018105
0.163389 0.17037 -0.0489424 0.35332 0.197768 -0.0583038 0.030112 0.052261 0.024165 0.409241 -0.009127 -0.005333
2.00314 1.63194 2.43927 0.412666 0.264139 -0.135096 1.58206 1.65651 2.89751 -0.011666 0.028639 -0.024563
-0.408724 -0.419773 -1.03759 -0.035705 0.224879 -0.0454294 -0.492447 -0.482724 -0.983747 0.00064 0.005944 0.014384
2.02397 2.60434 1.47572 0.409952 0.257554 -0.124448 1.65078 2.92356 1.6474 0.014081 0.016638 0.010759
2.04468 1.67781 2.4888 0.414815 0.256566 -0.134012 1.62415 1.69374 2.95375 -0.012359 0.020483 -0.025797
0.160091 0.177441 -0.0388436 0.542656 0.193931 -0.0540578 0.034687 0.074158 0.018199 0.604026 -0.014499 -0.004606
0.165509 0.182352 -0.0376376 0.550166 0.193701 -0.0571538 0.039443 0.073053 0.018697 0.623521 -0.012311 -0.006476
0.19422 0.136742 -0.148896 -0.0437891 0.636385 0.352605 0.034923 0.017311 -0.008327 -0.019672 0.524323 0.481487
0.189688 0.160885 -0.0642133 -0.625297 0.224331 -0.0557346 0.036188 0.008976 0.067871 -0.689986 0.014325 0.002398
-6.10507 -0.530868 -6.65413 0.0720272 -0.273368 -0.22897 -7.96976 -0.103642 -7.59478 -0.034451 -0.35881 -0.030373
0.460982 0.490288 0.243463 -0.0601856 -0.233656 0.0655964 0.335268 0.304235 0.293513 -0.005622 -0.00905 0.021284
1.72965 1.71937 1.10626 -0.0203594 0.21127 -0.0543055 1.55646 1.55928 1.07304 0.010588 -0.00204 0.0029
33.1338 33.756 33.8263 0.220881 0.163382 -0.0701456 32.5446 33.019 32.8953 0.224442 0.163922 -0.20098
0.214038 0.129119 -0.193485 -0.0555836 0.845055 0.551628 0.044391 0.018424 -0.023025 -0.025905 0.768098 0.707388
0.21364 0.131294 -0.195022 -0.0545984 0.859742 0.566089 0.044025 0.019454 -0.035911 -0.025245 0.794406 0.728515
-1.84033 -1.85324 -2.07943 -0.0455744 0.225925 -0.0505384 -1.86664 -1.8658 -1.87875 -0.015014 0.00747 0.008973
2.28689 2.28118 2.05971 -0.0126434 0.186236 -0.0676831 2.03857 2.03609 2.07113 0.008054 -0.011102 -0.015279
-1.45509 -1.47872 -2.81735 -0.0585305 0.25625 -0.0223844 -1.41558 -1.38043 -2.74017 0.012745 0.023982 0.053347
-1.44169 -1.46979 -2.82207 -0.0597351 0.260705 -0.0183897 -1.40126 -1.36497 -2.76876 0.014597 0.022888 0.048004
1.92336 1.9219 2.78722 -0.0205873 0.145599 -0.10157 1.59499 1.5685 3.01689 -0.014183 -0.021211 -0.059583
-2.69475 -2.69211 -2.19912 -0.0383886 0.213585 -0.0676344 -2.70959 -2.71832 -1.85959 -0.036406 0.011618 -0.010522
-18.4962 -17.2009 -18.5544 0.860749 -0.0631127 -0.256658 -17.8551 -16.8441 -18.4296 0.839652 -0.124295 -0.14613
38.8385 39.1728 37.7031 0.175406 -0.0630955 0.126877 38.6379 39.1067 36.9911 0.074126 0.042378 0.188464
31.6931 32.1243 32.5322 0.208624 0.0889073 -0.175795 31.1843 31.2758 31.5858 0.197692 0.127853 -0.152703
-3.70726 -3.72013 -3.95631 -0.0668066 0.251024 -0.0393516 -3.58556 -3.58352 -3.63976 -0.028025 0.032005 0.031598
37.1902 37.5416 36.8952 0.107392 -0.158278 -0.282661 37.0951 36.5244 35.6965 0.029598 0.186593 0.004842
4.47453 4.47497 4.25872 0.012028 0.163305 -0.0782687 4.12941 4.12324 4.20494 0.021923 -0.03476 -0.047211
4.50332 4.50297 4.28345 0.00639025 0.166828 -0.0728294 4.17067 4.16765 4.2251 0.020503 -0.022127 -0.033311
-4.06526 -4.05593 -3.21435 -0.0295096 0.212618 -0.0698161 -4.01193 -4.03087 -2.74585 -0.044226 0.010459 -0.015044
39.2468 38.7863 37.9003 0.464239 -0.104865 0.388828 39.2473 38.1167 36.7554 0.185619 0.29925 0.369314
4.82482 4.84548 3.49006 0.0399101 0.203556 -0.0449766 4.61046 4.64804 3.20216 0.060121 -0.02287 -0.007423
-0.544097 -0.342969 -0.252524 0.278618 -0.268788 0.138364 -0.463509 -0.222015 -0.340356 0.163412 -0.038229 -0.020805
37.9124 38.0684 37.2928 0.483249 0.37301 -0.227728 37.9504 37.8618 36.5 0.241833 0.338132 -0.561634
-0.3322 -0.189913 -0.0341598 0.0604632 0.174836 -0.00563721 -0.026795 -0.04845 -0.032775 -0.00037 -0.002977 0.000193
-0.183673 -0.360283 -0.0573351 0.114663 0.178281 0.00734439 -0.066708 -0.047028 -0.052623 0.211424 0.228182 0.222696
-0.185666 -0.379526 -0.0676568 0.132483 0.19618 0.0228226 -0.063466 -0.068539 -0.062506 0.245734 0.269017 0.256276
-0.0247987 -0.175282 0.160052 0.326324 0.332679 0.211701 0.041633 -0.013739 0.16667 0.486547 0.391495 0.268093
-0.190788 -0.352679 -0.0509781 0.27061 0.326848 0.166515 -0.085958 -0.044375 -0.032464 0.400607 0.412479 0.411575
-0.20244 -0.153174 0.0287667 0.0741966 0.127208 0.0401185 0.046692 0.054402 0.01984 0.007232 0.002778 0.022341
38.935 38.4517 37.6632 0.457875 -0.174355 0.372721 38.9605 37.7651 36.4176 0.237021 0.284928 0.436295
-1.59857 -1.71785 -1.14959 -0.0620177 0.0187387 -0.187059 -1.46626 -1.38657 -1.08026 0.00139 0.026312 0.003251
-1.59614 -1.74939 -1.14086 -0.0636373 0.00982214 -0.18343 -1.47057 -1.43599 -1.06346 -0.004123 0.018652 0.003855
-1.63975 -1.80369 -1.17404 -0.0635144 0.00641303 -0.176544 -1.53097 -1.50338 -1.10904 -0.004295 0.008785 0.005825
-1.6672 -1.83639 -1.19593 -0.0642064 0.00483419 -0.17262 -1.55698 -1.53462 -1.1254 -0.011315 0.007671 0.006595
-0.0383673 -0.213995 0.120303 0.35242 0.317038 0.213789 0.063702 -0.061195 0.188514 0.483897 0.356964 0.297206
-0.0474762 -0.210539 0.0289486 0.374716 0.359247 0.239669 0.028904 -7.3e-05 0.067723 0.501993 0.40781 0.373658
30.0266 30.131 20.3485 -0.0808167 0.12068 -0.0566101 31.8172 31.8327 17.3241 -0.042327 0.179639 0.061799
1.84344 1.6629 1.96906 -0.0550774 -0.00773516 -0.154084 1.94615 1.96492 1.94146 0.00561 -0.010425 -0.006144
1.85004 1.66562 1.97582 -0.0567221 -0.00831361 -0.153396 1.95259 1.96566 1.94778 0.005809 -0.010382 -0.004416
-2.10389 -2.2584 -1.9681 -0.0721961 0.00830234 -0.184775 -1.94504 -1.90673 -1.91598 -0.003385 0.01362 0.005848
-0.2037 -0.341054 -0.0647566 -0.678234 -0.626248 -0.788914 -0.033733 0.019711 -0.033577 -0.739934 -0.790406 -0.761189
39.3509 38.6503 37.2642 0.0138318 0.898492 -0.876764 39.1059 38.556 36.2024 0.210084 0.907471 -1.37696
0.927505 -1.10018 -3.3839 3.0075 1.61499 1.2438 0.892745 -0.478719 -2.56664 2.9566 1.57291 0.714604
-2.94552 -2.94125 -2.31188 -0.0791459 0.0283593 -0.237354 -2.76471 -2.54451 -2.17937 -0.013797 0.06194 -0.075785
-2.94244 -2.9529 -2.28637 -0.0738983 0.0321265 -0.225478 -2.78507 -2.56461 -2.16322 -0.007202 0.051416 -0.044398
-2.94387 -2.97106 -2.26679 -0.0687454 0.0385464 -0.215706 -2.7941 -2.59351 -2.14035 0.000496 0.052689 -0.020564
2.80634 2.60162 2.2361 -0.0621854 -0.0182112 -0.143458 2.96091 2.94646 2.11078 0.010656 -0.029296 -0.010358
-2.95145 -3.08102 -2.17717 -0.0675629 0.0177923 -0.194364 -2.82443 -2.77347 -2.02535 -0.005823 0.034434 0.008302
-12.8189 -11.1483 -14.0947 1.47149 -0.147218 -0.424185 -11.9306 -10.3721 -13.9667 1.02813 -0.03191 -0.40854
-5.47176 -5.49649 -5.72915 -0.0779282 0.263902 -0.0306629 -5.23498 -5.23609 -5.28622 -0.035583 0.035334 0.039162
1.0523 1.04127 1.17962 -0.0309884 -0.0435682 -0.0244345 1.19779 1.28812 1.12276 -0.045214 -0.087829 -0.076838
0.80349 0.0765047 -0.0392926 -0.146572 0.098008 0.0236842 1.24811 0.658941 -0.034162 0.009074 0.057083 -0.04103
0.798288 0.0751029 -0.0448788 -0.146452 0.0999989 0.0205372 1.24219 0.648251 -0.049672 0.009073 0.060931 -0.039504
-3.58594 -1.20012 -4.34273 2.20948 1.19775 -0.492342 -3.26524 -1.47562 -4.08755 2.04383 0.577314 0.439187
39.2094 38.5386 36.743 -0.122806 0.961678 -0.992017 39.0448 38.5496 35.9541 0.151568 1.10293 -1.24905
6.98161 6.9785 6.76694 0.00996544 0.158688 -0.0690085 6.6021 6.58992 6.6609 0.0215 -0.027049 -0.035894
-3.92577 -4.02404 -3.76573 -0.0854726 0.0133762 -0.19003 -3.71839 -3.62698 -3.64491 -0.007156 0.02497 0.016715
-11.2749 -15.1446 -14.7687 -3.79441 0.431346 -0.951636 -11.0138 -14.7772 -13.0773 -3.20038 0.479666 -0.926861
3.99766 3.81183 4.12782 -0.0521375 -0.0186684 -0.136918 4.09423 4.11102 4.07802 0.008829 -0.021619 -0.01319
-4.22343 -4.22295 -3.29492 -0.0839789 0.0404523 -0.239832 -4.03782 -3.82794 -3.1026 -0.015337 0.079035 -0.052767
-4.22945 -4.24888 -3.27012 -0.0723933 0.0518402 -0.223739 -4.0483 -3.86981 -3.07136 0.004704 0.08515 -0.012585
-4.11649 -4.27673 -3.98143 -0.0723205 0.00492538 -0.177519 -3.93621 -3.92839 -3.92961 -0.011107 0.011609 0.016926
0.821995 0.0561097 -0.0128537 -0.134828 0.112048 0.0267976 1.27711 0.617296 -0.004232 0.036265 0.041874 -0.045974
4.33217 4.12537 3.46343 -0.0689 -0.0436049 -0.131831 4.4881 4.49493 3.29166 0.008292 -0.062275 -0.028746
4.39436 4.17665 3.46116 -0.0646133 -0.029244 -0.131184 4.56945 4.53974 3.26786 0.011581 -0.0437 -0.014754
0.798892 0.0908608 -0.0023686 -0.145465 0.0384382 -0.184376 1.19594 0.694299 0.042334 0.002506 0.015808 -0.266722
-4.44158 -4.57267 -3.31484 -0.073453 0.00985487 -0.180451 -4.3433 -4.3053 -3.11248 -0.017309 0.024506 0.025404
0.548544 -1.45758 -3.77653 2.89944 1.57784 1.25431 0.604725 -0.868572 -2.84378 2.90128 1.52721 0.723311
0.845834 0.0347908 -0.00204285 -0.20694 0.436031 0.114301 1.2793 0.552913 0.079973 -0.055369 0.296092 -0.011412
-2.28899 0.652046 -1.76509 2.44136 0.557976 -0.0554526 -1.62667 0.64976 -2.08654 2.34069 -0.174872 0.903868
-0.179009 -0.159072 0.200144 -0.079801 0.00411284 0.00540521 -0.143914 -0.027221 0.40247 -0.064987 0.010713 -0.012505
28.3801 28.0108 28.0155 -1.04864 0.970942 -0.0431254 27.3653 27.7146 27.7328 -1.45807 0.762132 -0.287977
39.0913 38.9331 37.7106 0.363064 0.124989 0.293607 39.2908 38.5333 37.0536 0.066646 0.333027 0.121315
3.92175 3.37118 5.35873 -1.11861 0.306476 -0.119389 4.26794 3.08599 4.77749 -1.22382 0.61356 -0.283106
-6.43391 -0.403338 -6.42747 0.12271 -0.265984 0.355861 -7.88204 0.046143 -7.03515 -0.002252 -0.5574 0.41441
37.2261 37.5319 35.0771 0.571973 0.096114 -0.100663 37.4691 37.8202 34.2188 0.168709 -0.097336 -0.372024
-5.62835 -5.66482 -5.50322 -0.120075 0.00310821 -0.215328 -5.35831 -5.21102 -5.30681 -0.04358 0.009387 -0.021988
-5.63317 -5.71263 -5.45934 -0.0968823 0.0166433 -0.192976 -5.36654 -5.26701 -5.25855 -0.006402 0.037592 0.030467
-5.62225 -5.74737 -5.48102 -0.0931418 0.0159555 -0.204065 -5.36127 -5.31997 -5.2927 -0.013707 0.040166 0.02045
0.844957 0.210123 0.250693 -0.375441 0.183776 -0.257828 1.16969 0.833999 0.381129 -0.149962 0.146469 -0.319032
0.748766 0.106656 0.107444 -0.196912 -0.0308188 -0.306144 1.12803 0.737789 0.154096 -0.036973 -0.018755 -0.305031
6.57208 6.38693 6.70855 -0.0692471 -0.0392486 -0.144548 6.69497 6.70877 6.69103 0.011844 -0.00897 -0.024296
0.78139 0.231649 0.247888 -0.314964 -0.0606465 -0.250588 1.09627 0.899108 0.351486 -0.155636 -0.012314 -0.272813
4.16605 2.6045 4.29228 -0.670785 0.467448 -0.532187 4.60665 3.24972 4.49204 -0.807844 0.627587 -0.390516
39.0203 39.1751 38.1604 -0.159945 -0.212982 -0.315547 39.2811 38.1665 37.0359 -0.144192 -0.262395 -0.228897
0.781684 0.214447 0.305122 -0.400421 0.0924971 0.181185 1.00866 0.84748 0.540354 -0.158207 0.004439 0.131019
4.23215 2.93494 4.54846 -0.86709 0.481925 -0.445943 4.76823 3.34177 4.54379 -0.975989 0.679539 -0.348288
0.781323 0.291671 0.352916 -0.410179 -0.0616201 -0.15918 1.07358 0.95411 0.569208 -0.219913 -0.04898 -0.19333
4.11654 3.26671 4.91848 -1.08639 0.386218 -0.215677 4.73852 3.25485 4.64827 -1.16043 0.661532 -0.310994
0.805361 0.300424 0.370614 -0.462654 0.203528 0.0719878 1.06427 0.96671 0.628216 -0.245232 0.027752 0.023524
0.845066 0.314605 0.421431 -0.477804 0.0367479 0.0453447 1.04298 0.969281 0.703871 -0.222034 0.00656 -0.009376
28.8515 30.7452 27.1977 0.0705681 -0.141663 -0.528262 28.6025 29.5566 27.1551 0.071523 -0.211493 -0.379684
0.785928 0.295719 0.381667 -0.467661 -0.018003 -0.073038 1.04197 0.963659 0.648562 -0.248774 0.011756 -0.138077
0.701834 0.150102 0.239755 -0.457553 0.113502 0.257221 0.924695 0.785731 0.433781 -0.265544 0.005098 0.245993
1.95418 1.74219 1.92801 -0.0983138 0.0170641 0.112084 2.0856 1.85667 2.20128 -0.072846 0.00761 0.106086
0.940743 -0.126349 0.168176 -0.372243 0.573748 0.275766 1.32239 0.329461 0.2513 -0.199349 0.411649 0.037335
38.3193 39.2345 37.5328 -0.671574 -0.279906 -0.695043 38.1866 38.0461 36.8692 -0.384314 -0.401677 -1.0118
-20.204 -19.9018 -20.611 -0.00300719 0.102384 -0.0292023 -20.3011 -20.2761 -20.8384 -0.071816 0.012624 -0.061275
-0.18877 0.625974 -0.0325623 -0.105676 0.0545002 0.0232461 0.286105 0.908023 -0.014194 -0.125876 -0.016876 -0.065152
0.712068 0.162139 0.332296 -0.459738 -0.131271 0.17756 0.987897 0.769169 0.582984 -0.26575 -0.185019 0.108793
0.653561 0.218841 0.32295 -0.464574 -0.0473254 -0.193756 0.918189 0.870308 0.407927 -0.322741 0.055724 -0.247177
1.19872 0.0462967 0.404549 -0.461836 0.172086 -0.295176 1.49113 0.553219 0.731797 -0.178505 0.106411 -0.238422
1.17753 -0.0287363 0.384546 -0.424583 -0.0513105 -0.236282 1.54974 0.461086 0.679292 -0.133849 -0.095703 -0.140016
37.7285 38.1088 35.2045 0.81533 0.0404647 -0.111895 37.6196 38.2155 34.1709 0.482647 0.057192 -0.145315
0.585971 0.567632 0.579289 0.0118544 -0.108922 0.0400304 0.882816 0.749055 0.686189 0.113457 -0.098848 0.002022
-0.19826 0.569088 -0.0417633 -0.0618033 0.0520415 0.034752 0.288064 0.844384 0.020011 -0.093674 -0.022951 -0.008658
100.742 103.186 101.577 -0.395508 -0.345159 -0.516099 101.807 103.545 101.544 -0.520279 -0.075101 -0.133068
-9.15961 -5.91448 -6.44502 2.67843 -0.3125 0.411889 -8.38061 -4.80122 -5.71623 2.67151 -0.51809 0.326504
-0.24617 0.687467 0.205551 -0.220421 -0.318153 -0.0581313 0.261542 0.87119 0.145772 -0.264033 -0.430106 -0.110135
1.11161 0.230698 0.713719 -0.515403 0.397661 -0.102642 1.47931 0.834356 0.906529 -0.370125 0.195641 -0.106307
1.03281 -0.0989019 0.509736 -0.54315 -0.0578493 0.350331 1.29073 0.382558 0.704957 -0.322968 0.025399 0.088833
0.236156 0.263422 0.290225 0.00692634 -0.119039 0.0155365 0.510104 0.443169 0.416718 0.107527 -0.09367 -0.001463
101.202 102.425 100.917 -0.380727 -0.499977 -0.256153 100.019 101.72 99.6745 -0.541738 -0.257678 -0.051838
-0.282193 0.612835 0.189848 -0.17257 -0.293285 -0.043954 0.254068 0.85535 0.161197 -0.237763 -0.397915 -0.070566
1.72568 1.51598 2.24823 -0.356003 -0.0550654 -0.0326928 1.91952 1.43291 2.31032 -0.266893 0.008757 0.056107
1.79111 1.55734 2.31493 -0.374278 -0.0470381 -0.0296444 1.98535 1.48886 2.38636 -0.280452 0.022639 0.06472
1.87654 1.60548 2.40554 -0.407762 -0.041988 -0.0155367 2.05684 1.55431 2.49139 -0.304422 0.043925 0.08356
-14.044 -13.575 -11.562 0.531351 0.182191 0.0207162 -14.0118 -13.7246 -11.4638 0.52135 0.223078 0.037051
1.0726 0.0713778 0.779391 -0.492493 0.0491781 -0.132027 1.45093 0.689295 1.0433 -0.342484 0.000866 -0.126161
3.51647 4.43965 -0.0142671 1.10889 0.679059 -1.47074 3.07085 4.51867 0.392415 0.964718 0.732836 -0.819151
101.021 103.24 101.386 -0.37867 -0.602894 -0.489426 102.226 103.755 100.775 -0.513814 -0.1524 -0.257199
100.901 101.974 100.9 -0.322871 -0.749858 -0.448301 99.6902 101.499 99.4041 -0.164057 -0.510162 -0.385825
0.205229 0.389726 -0.000772039 -0.27358 0.456104 0.137679 0.520683 0.700693 0.169696 -0.22793 0.442403 0.100721
-0.141575 -0.0459686 0.00892666 -0.0458261 -0.109427 -0.0162096 0.078675 0.10879 0.171448 0.058302 -0.067516 -0.009052
-12.2881 -0.415549 -0.00662335 -0.135161 0.254145 -0.0554898 -13.5369 -0.117975 -0.104151 -0.041086 -0.00127 -0.134135
102.919 104.283 101.476 -0.86355 -0.224499 -0.344535 102.016 103.659 100.338 -0.655218 -0.133573 0.182621
-0.167585 0.551628 0.468188 -0.339787 -0.473308 -0.0837049 0.286246 0.773472 0.467855 -0.3882 -0.503713 -0.037016
-0.194905 -0.087537 -0.0279243 -0.0680826 -0.103613 -0.0209487 -0.005882 0.042398 0.12371 0.040114 -0.054127 -0.014586
-0.218527 -0.0960793 0.0146058 -0.124561 -0.0845505 -0.0419576 -0.001163 0.041077 0.17826 -0.000144 -0.046211 -0.031614
-0.210105 -0.0980089 -0.0403742 -0.0778701 -0.10142 -0.0221759 -0.026561 0.02432 0.109225 0.029711 -0.049093 -0.018025
-0.18478 -0.0871353 -0.0622413 -0.0928028 -0.117255 0.0236637 -0.034889 -0.014303 -0.000716 0.010257 -0.040757 0.025134
-0.141625 -0.058124 -0.0252781 -0.0992173 -0.116507 0.029838 0.013337 0.015056 0.034895 0.001023 -0.036853 0.024487
-0.254471 -0.143307 -0.0891069 -0.085051 -0.103757 -0.0177042 -0.07083 -0.031586 0.063635 0.028144 -0.05121 -0.01855
0.118667 0.10377 0.222447 -0.125997 -0.0972197 0.0501357 0.250549 0.147567 0.240254 -0.044242 0.021417 0.033298
102.297 104.239 101.12 -0.554042 -0.130833 -0.0962778 101.292 103.213 99.8033 -0.525608 0.120428 0.263012
0.965102 0.45748 0.946306 -0.190742 0.384151 0.0130407 1.34341 0.525906 1.29485 -0.403186 0.622724 -0.090057
103.077 104.562 101.616 -0.828148 -0.200239 -0.256731 102.076 103.735 100.36 -0.642856 -0.079332 0.214601
36.5277 37.2702 34.0934 0.855423 0.106936 -0.22705 35.8716 36.9563 33.383 0.738883 0.005919 -0.158458
-15.6017 -15.3129 -14.2596 0.0303199 -0.00135798 -0.0188339 -16.4853 -15.3898 -13.9155 0.076722 -0.078601 -0.045252
-0.187017 -0.590406 -0.619916 -0.351345 -0.0279878 -0.0238822 0.17392 -0.055289 -0.503999 -0.069388 0.006494 -0.006246
0.20501 0.312773 0.37895 -0.407789 0.249746 0.145174 0.56805 0.55024 0.581718 -0.378987 0.225553 0.091371
100.505 101.672 99.6732 -0.391267 -0.867417 -0.601658 98.2471 100.268 96.8328 -0.269579 -0.455881 -0.420165
-3.91792 -3.82237 -3.77666 -0.0930226 -0.0994024 -0.0247994 -3.7762 -3.72995 -3.64754 0.028848 -0.036396 -0.01767
-15.5393 -15.5532 -14.5059 -0.0544428 -0.0693134 0.00064062 -16.5137 -15.9838 -13.9315 -0.01808 -0.127989 -0.016467
-0.510686 2.51938 -3.96961 -0.174356 0.190051 0.226469 0.195702 2.04239 -3.44249 -0.397972 -0.193678 -0.000379
0.0176738 0.544196 0.701533 -0.478003 -0.472991 -0.0566789 0.317166 0.781056 0.700863 -0.471533 -0.416 0.0161
1.51903 4.63601 -1.87814 -0.177469 0.214217 0.234325 2.30598 4.12021 -1.57804 -0.426503 -0.217731 0.004005
0.46629 0.468967 0.507453 -0.478495 0.271548 0.0870914 0.789074 0.793444 0.551449 -0.376991 0.246541 0.11471
-2.90223 -3.24524 -3.20478 -0.330518 -0.026896 -0.0271603 -2.51736 -2.74195 -3.14949 -0.082526 0.008913 -0.003714
0.151878 0.320907 0.615817 -0.484351 0.0216311 0.0810231 0.516332 0.599644 0.773225 -0.412322 0.088657 0.043897
0.21417 0.394579 0.561049 -0.504504 0.0650773 0.051697 0.498932 0.727976 0.613278 -0.409068 0.048247 0.022816
0.135348 0.472392 0.812857 -0.515427 -0.333026 -0.00726927 0.350423 0.7944 0.866546 -0.466665 -0.26844 0.037901
103.853 103.207 104.331 -0.0335121 0.544783 0.678616 104.201 104.141 104.151 0.360138 0.585067 0.354637
103.936 103.458 104.646 -0.0138652 0.551799 0.740221 104.362 104.369 104.369 0.335213 0.559983 0.315635
104.322 103.579 104.182 0.110704 0.621533 0.798749 104.651 104.632 104.593 0.577892 0.408825 0.508381
0.203195 0.385332 0.834701 -0.519347 -0.204558 0.0235863 0.462036 0.737845 0.914695 -0.422439 -0.153978 0.037551
4.6978 4.15106 3.95384 -0.422784 -0.0321629 -0.0181788 4.93827 4.76048 4.13846 -0.049197 0.004933 -0.010438
5.95717 9.26897 2.78668 -0.184909 0.262466 0.254729 6.84127 8.57698 2.62018 -0.485423 -0.262565 0.014595
5.16423 23.4915 19.8815 -0.174948 0.557865 -0.179334 5.56749 23.356 20.6466 -0.194892 0.162742 -0.256231
33.9437 30.529 27.9953 -3.24814 -0.240428 -0.312291 33.354 31.2115 27.2023 -3.25446 -0.856186 -0.06623
-10.6446 -0.487677 -0.298915 -0.534343 0.440959 -0.226417 -10.3394 -0.033173 0.406872 -0.645239 0.241925 0.003994
-24.7951 -24.5953 -24.727 0.0963246 -0.0134635 -0.0304644 -24.9356 -24.5659 -24.6831 0.031503 -0.004939 0.096641
-24.815 -24.5971 -24.7243 0.112491 -0.00749574 -0.0416336 -24.9595 -24.5615 -24.669 0.030644 0.001033 0.080321
-5.2131 -5.51535 -5.42295 -0.322728 -0.0267633 -0.0300106 -4.92033 -5.13428 -5.46885 -0.085675 0.01211 -0.001275
-0.0800273 0.566141 0.390999 0.0359249 -0.186754 0.0793939 0.35004 0.560634 0.671221 0.019831 0.004357 0.025563
-1.35996 -0.772007 -0.856514 0.0150692 -0.178453 0.0732236 -0.959074 -0.757674 -0.613653 0.022668 -0.002429 0.022322
-12.5767 -12.4985 -13.2841 1.2323 -0.222896 -1.00668 -12.1988 -11.2422 -12.403 1.08424 -0.734664 -0.752857
1.29043 2.00399 1.72465 0.0579427 -0.195989 0.0856208 1.73562 1.9482 1.9914 0.017638 0.013019 0.028086
1.61284 1.69449 2.04074 0.133142 -0.169363 0.408858 1.46855 1.43952 1.70465 0.252432 -0.065798 0.07609
-0.43827 -0.344456 0.155737 -0.361486 -0.184045 0.341788 -0.381165 -0.169393 0.345789 -0.160729 -0.180002 0.29912
1.01603 0.966237 1.44696 -0.135161 -0.110167 0.382924 0.794069 1.05905 1.50951 0.127522 -0.110121 0.139655
1.81911 1.88795 2.23542 0.147182 -0.164144 0.440418 1.65384 1.63629 1.89997 0.260623 -0.063937 0.095032
0.728595 0.808108 0.629739 -0.330169 0.157854 0.23152 0.558458 0.688214 0.578715 -0.326231 0.176522 0.08992
1.54249 1.48837 1.96267 -0.0190851 -0.106124 0.414112 1.21995 1.48853 1.97736 0.184576 -0.091746 0.133409
-6.23261 -6.51984 -6.40232 -0.321429 -0.0268167 -0.031165 -6.00912 -6.23441 -6.51572 -0.083381 0.013879 -0.000213
1.45027 -0.00562853 0.117826 -0.451231 0.186928 -0.336292 1.17535 0.332152 0.55217 -0.424849 0.308678 -0.177968
0.569757 1.31571 1.09483 -0.353789 -0.115254 -1.21787 0.741169 1.64012 1.12099 -0.318554 -0.072135 -1.08819
-0.147817 4.50442 -2.99874 1.96535 -0.868262 0.701815 0.428229 3.56113 -2.77796 1.48043 -0.792403 0.314084
0.552637 1.35377 1.25066 -0.352389 -0.167372 -1.21565 0.701738 1.68851 1.20781 -0.329226 -0.100544 -1.12116
1.06964 1.12963 0.880978 -0.350373 0.231011 0.259095 0.907985 1.01779 0.799605 -0.360301 0.267166 0.090097
-10.1242 -10.5411 -12.5974 0.882356 -0.990123 -0.0794305 -9.79625 -9.98069 -11.6243 1.00478 -1.34272 -0.09913
-2.2622 3.00357 -4.43935 1.87599 -1.06286 0.447155 -1.15833 2.6082 -3.92336 1.50028 -1.11391 0.202529
-11.7828 -10.9778 -11.0602 1.31694 -0.683458 -0.886631 -11.2131 -9.72015 -10.5753 1.33676 -1.01436 -0.860488
-0.222254 0.157116 2.74142 0.764066 0.136144 -0.142269 -0.280473 0.506487 2.42014 1.07594 0.213761 -0.217587
1.50091 0.441049 0.0597964 -0.0772956 -0.154651 0.0877579 1.75146 0.474393 0.000721 -0.092083 -0.18942 -0.030288
1.4943 0.424328 0.0416624 -0.089767 -0.16048 0.108946 1.77572 0.455855 -0.049875 -0.11814 -0.20653 -0.020044
-4.40618 -4.70301 -3.18451 -0.0484312 -0.0575477 -0.286567 -4.64041 -5.02026 -3.39927 0.217096 -0.069654 -0.304949
42.3158 43.1099 34.3142 0.297024 0.031 -0.216283 43.4412 44.3158 32.7641 0.262372 0.195193 -0.070238
-0.507549 -0.200844 2.57838 0.521943 0.128404 -0.16317 -0.567861 0.095631 2.3205 0.768608 0.200258 -0.210095
1.48498 0.501844 0.0487316 -0.0740368 -0.155349 -0.0539701 1.70932 0.512926 0.067348 -0.077819 -0.190549 -0.209784
1.4729 0.467901 0.0244095 -0.0690594 -0.159252 -0.0660022 1.71004 0.495016 0.016198 -0.084914 -0.177454 -0.240606
4.31976 5.19749 4.66435 0.104669 -0.216637 0.0986137 4.95087 5.11169 5.11068 0.031572 0.018809 0.037878
3.08141 3.84648 2.54338 -0.432917 -0.22044 -0.667085 3.14623 3.4482 2.47839 -0.030062 -0.33219 -0.582337
0.118226 0.0880997 -0.183778 0.07342 0.0753226 -0.0605067 -0.360917 -0.135424 -0.363848 0.165765 0.301747 -0.051815
1.55386 2.8204 2.83435 -0.316847 0.149652 -0.125315 1.74579 2.70718 3.22688 -0.399725 0.026185 -0.295089
-1.27795 -1.09735 1.60952 0.21617 0.085778 -0.108543 -1.17271 -0.867991 1.80066 0.364287 0.057442 -0.141407
1.57419 0.570089 0.219812 -0.135233 0.36378 0.110573 1.86553 0.768239 0.019017 -0.125425 0.268734 -0.029181
1.53822 0.586725 0.236994 -0.128075 0.402834 0.0932485 1.82382 0.83351 0.043249 -0.128464 0.362237 -0.022648
1.55062 0.551714 0.224624 -0.0229617 -0.655334 0.093913 1.8412 0.779305 0.045702 -0.098026 -0.680982 -0.00926
1.54062 0.5663 0.157033 -0.0773981 -0.154064 0.209338 1.64592 0.7051 0.262019 -0.141402 -0.201818 0.171446
3.09377 3.86716 2.68666 -0.407838 -0.164336 -0.678617 3.20451 3.48423 2.56075 -0.072139 -0.213108 -0.633823
1.57215 0.54819 0.260239 -0.0196256 -0.657039 0.128507 1.86562 0.797396 0.017243 -0.10669 -0.678233 0.018737
-11.7885 0.468638 3.98886 -0.110425 0.255589 -0.0383628 -12.9526 0.2526 3.9153 -0.027858 0.043161 -0.157217
-1.03826 -1.11953 1.63153 0.0499022 0.0200444 -0.0982332 -0.8218 -0.88724 1.80944 0.083424 -0.040781 -0.113195
3.11418 3.86906 2.71806 -0.389316 -0.152053 -0.680701 3.2249 3.49136 2.58607 -0.082391 -0.188346 -0.643495
1.4544 0.793609 0.104201 -0.0801843 -0.140028 -0.0732216 1.57233 0.793698 0.258704 -0.11988 -0.152857 -0.175733
-0.683854 -0.753189 2.03071 0.0424714 -0.0161129 -0.126187 -0.450776 -0.481998 2.06159 0.036416 -0.056742 -0.126729
-0.616743 -0.677913 2.10559 0.0421059 -0.0249339 -0.13374 -0.381365 -0.403643 2.10431 0.028724 -0.060893 -0.130205
-0.585223 -0.639351 2.14081 0.0417202 -0.0291259 -0.137849 -0.346161 -0.360414 2.12166 0.025055 -0.062946 -0.134649
1.41461 0.877529 0.10932 -0.101873 -0.141912 -0.0876912 1.56014 0.929775 0.342846 -0.125481 -0.140431 -0.181214
1.84708 0.967992 0.953793 0.0387425 -0.0102823 -0.100786 1.87999 1.10615 1.10949 0.077254 0.002822 -0.063166
1.57569 0.769458 0.201073 -0.0913921 -0.151447 0.0402443 1.6082 0.859382 0.451727 -0.165468 -0.192941 -0.00905
29.9027 31.1393 34.6678 1.34521 -0.34991 0.200276 28.9394 30.2866 34.8547 1.26193 -0.426209 0.335496
1.40086 0.909457 0.129973 -0.103657 -0.142567 -0.111309 1.57033 1.00055 0.393018 -0.131713 -0.146482 -0.235076
1.48999 0.897405 0.186296 -0.0971386 -0.145462 -0.0698753 1.58399 0.993279 0.468569 -0.14359 -0.164078 -0.197181
2.89869 3.3774 4.16539 -0.233662 0.381626 -0.343657 2.6607 2.70329 4.02345 -0.17342 0.140191 -0.601982
-1.43649 1.11839 3.00129 0.26663 0.220252 -0.0483464 -1.65882 1.62486 2.56143 0.297806 0.094005 -0.17359
-1.4837 1.05885 3.04719 -0.0211487 0.299311 -0.0281755 -1.38603 1.83663 2.5598 -0.063427 0.144932 -0.254667
30.0595 30.3671 34.4544 0.138542 -0.0913117 0.0357257 29.1659 29.6834 35.0824 0.060383 -0.310386 -0.02648
-1.40237 -0.893575 1.90356 -0.177212 -0.122876 -0.0112465 -1.23632 -0.592708 1.97784 -0.287462 -0.166179 -0.023821
29.9875 30.7514 34.8823 0.565993 -0.206837 0.102966 29.071 29.9811 35.1595 0.52456 -0.381551 0.022035
16.6989 20.2372 13.485 -0.208488 0.336065 0.323244 17.4122 18.8503 12.9784 -0.600831 -0.340692 0.026581
1.70728 2.70289 1.77044 -0.48703 -0.0013624 0.274543 1.79674 2.68691 2.16791 -0.241129 0.039016 0.289533
4.98035 5.09959 8.21964 0.0598367 0.0722194 -0.122212 5.24314 5.41028 8.62199 0.140976 0.03359 -0.178278
-8.88693 -6.66957 -8.10533 1.22942 0.753321 -0.971159 -7.53115 -5.29865 -8.13797 1.0971 0.886326 -1.2822
2.05765 2.13108 3.19151 -0.636629 -0.115446 -0.0212201 2.34665 2.77129 3.39658 -0.383792 -0.039987 0.130264
5.60953 6.30779 2.58922 0.11361 0.279621 0.207828 5.49174 5.63059 1.59358 -0.089174 0.073345 0.048053
3.54745 3.59034 2.80777 -0.315779 0.11569 -0.404169 3.50756 3.3914 2.75912 -0.138011 0.291225 -0.555536
4.16478 4.19781 -0.733072 -0.0284223 0.0235116 -0.01358 4.15752 4.16572 -2.64623 -0.007231 0.007141 -0.004131
1.65725 1.94288 3.43496 -0.706451 -0.322347 -0.0814197 1.83655 2.41901 3.31618 -0.349917 -0.289132 -0.302016
1.82741 1.06732 0.479111 -0.11354 0.61305 0.0664177 2.21118 1.38774 0.337525 -0.0982 0.710548 -0.017167
2.19959 2.05236 3.40099 -0.665807 -0.015225 0.0321831 2.54671 2.67338 3.15127 -0.467979 -0.000294 0.023943
6.98105 7.02584 2.02963 -0.0386433 0.0180334 -0.0104193 6.79599 6.81119 -0.222902 -0.013162 0.009621 -0.005562
4.14956 4.997 5.49566 -0.295404 0.632326 -0.379197 3.70599 4.05421 5.18167 -0.280928 0.112971 -0.59303
1.99023 2.96959 1.999 -0.349521 -0.0412389 -0.0268458 1.94991 3.12904 2.28407 -0.169541 -0.038218 -0.120221
8.48417 9.17303 5.44085 0.113822 0.281738 0.218051 8.2559 8.42728 4.25145 -0.095457 0.085489 0.047352
5.9891 6.96372 6.27934 0.12896 -0.227604 0.105629 6.87767 7.02836 7.09607 0.026314 -0.003143 0.023682
-1.19225 -1.41961 1.84286 0.0666004 0.381506 0.178338 -0.767908 -1.29214 1.66181 0.037508 0.426019 0.320071
2.0166 3.19954 2.41481 -0.0771195 0.0143201 -0.153001 2.03753 3.55945 2.5134 0.050618 -0.018549 -0.336833
4.17327 4.24861 -0.319407 0.0919448 0.170918 -0.0269257 4.21672 4.31583 -1.72276 -0.089234 0.159605 0.062381
-12.0255 -10.0248 -11.4144 0.375003 0.203519 0.122201 -11.2861 -9.3268 -10.5247 0.842602 -0.352301 0.720187
1.49413 2.17851 3.07171 -0.545183 -0.363694 -0.600248 1.39665 2.36973 2.72694 -0.250134 -0.291405 -0.631373
-19.9544 -16.2982 -18.0898 -0.0456276 0.159001 -0.00338292 -20.0058 -14.3453 -16.7303 -0.053748 0.14498 0.061865
-8.10564 -7.74176 -7.40929 -0.0792778 -0.144166 0.039077 -7.93007 -7.85813 -7.43576 0.052408 -0.015467 0.0572
7.68866 2.26213 6.22802 -2.87034 -0.606022 0.661261 6.99602 2.24659 6.51149 -2.29856 -0.221904 -0.102586
5.79669 24.3649 25.7166 -0.0908354 0.559697 -0.183561 6.41027 24.4555 26.2239 -0.12684 0.129841 -0.297494
4.50163 4.42167 0.368752 0.0545531 0.0742835 0.00303589 4.57553 4.19061 -1.09598 -0.067327 0.138376 0.285634
-11.0077 -10.9748 -11.0211 0.109775 -0.147207 -0.0333952 -10.277 -10.4109 -10.1276 0.090631 -0.073308 -0.022986
-11.8346 -11.0268 -11.774 0.68459 -0.392287 -1.09704 -11.0748 -9.70351 -11.1185 0.726081 -0.64921 -0.720622
-13.5167 -13.4326 -13.6706 0.0279005 -0.36649 0.0112944 -12.9209 -13.0364 -13.3054 0.082092 -0.270054 -0.029821
-0.267107 -0.600201 -0.600762 -0.00686522 -0.0317312 -0.216857 -0.201801 -0.582364 -0.406256 0.043014 -0.058641 -0.26065
-13.7931 -13.7134 -13.9074 0.0132757 -0.353832 0.0281667 -13.2601 -13.3887 -13.6204 0.073239 -0.254511 -0.025976
47.6877 48.4678 39.1006 0.329153 0.0416579 -0.237032 48.7846 49.6694 37.6606 0.275684 0.211006 -0.077461
-14.0308 -13.9532 -14.0948 -0.00578341 -0.325393 0.0366863 -13.5791 -13.7068 -13.8936 0.04904 -0.219064 -0.0292
-0.870755 -0.700581 2.20091 -0.22358 0.597409 0.174048 -0.409751 -0.676125 1.84924 -0.305775 0.56143 0.283298
2.43467 1.86745 0.889085 -0.0976394 0.575702 -0.0062029 2.74921 1.717 1.04497 -0.091425 0.768439 -0.02847
-4.69816 -5.01008 -3.40373 -0.0751288 -0.0718947 -0.282196 -5.1309 -5.51497 -3.78028 0.17325 -0.072089 -0.306217
3.66455 3.91911 3.14163 -1.24229 0.0758307 -0.103639 3.9824 4.08842 3.38558 -1.32845 0.114223 0.041426
2.36236 2.53281 4.02426 -0.705555 -0.0625336 0.0266651 2.51265 2.79921 3.26307 -0.411736 -0.06673 -0.119289
3.52957 3.71417 3.08769 -0.498083 0.445221 0.0435058 3.41683 3.6954 2.93714 -0.585627 0.542402 -0.101011
-0.974891 -0.735581 1.6891 -0.441608 0.70019 0.0890598 -0.385243 -0.78693 1.32838 -0.50425 0.679625 0.156019
-23.9987 -21.3618 -21.0287 0.0195186 0.100202 -0.00149302 -26.2342 -20.3544 -21.4152 0.017166 0.026179 -0.023052
-11.0217 0.774172 7.45817 -0.240639 0.270294 -0.0291742 -11.7967 0.009809 7.4582 -0.247334 -0.007599 -0.147579
-19.7646 -18.7187 -23.2466 0.39544 0.136907 -0.30648 -18.5204 -17.7508 -24.9722 0.114537 0.009883 -0.160919
3.22354 3.83354 4.01307 0.286642 0.687019 0.0465601 2.97469 3.73204 4.46671 0.144956 0.548363 0.145577
-21.9098 -21.8445 -21.6437 -0.0691885 0.0566 -0.0385088 -21.3664 -21.7374 -21.5214 0.102928 -0.006835 -0.15339
-24.0242 -21.2369 -20.5878 0.00756443 0.0788157 -0.0136317 -26.2157 -20.2491 -20.9705 0.013847 0.02093 -0.022478
-19.956 -18.6809 -20.5368 0.716401 0.277629 -0.0652277 -19.3582 -18.1964 -20.083 0.826899 0.117969 -0.071549
2.79904 2.34641 0.933013 -0.0910309 -0.350364 -0.124509 3.08114 2.17231 1.12037 -0.106915 -0.495844 0.001994
2.68446 2.29441 0.546198 -0.125481 0.225267 -0.158573 3.06696 2.08588 0.869794 -0.135876 0.138539 -0.062724
-8.80538 -8.45919 -8.07564 -0.0834757 -0.140342 0.0366898 -8.65839 -8.43635 -8.17949 0.027907 -0.049467 0.048114
0.0973628 -0.142352 -0.00865476 -0.195773 -0.163782 -0.0236847 0.001895 -0.008765 0.006635 -0.008946 -0.003487 -0.00634
0.0973628 -0.142352 -0.00865476 -0.195773 -0.163782 -0.0236847 0.001895 -0.008765 0.006635 -0.008946 -0.003487 -0.00634
0.0960373 -0.143656 -0.00875108 -0.196447 -0.16465 -0.0239122 -0.001274 -0.009813 0.004586 -0.009853 -0.002775 -0.007378
0.0960373 -0.143656 -0.00875108 -0.196447 -0.16465 -0.0239122 -0.001274 -0.009813 0.004586 -0.009853 -0.002775 -0.007378
0.101561 -0.139886 -0.0084115 -0.196965 0.0111795 -0.028297 0.003498 -0.00826 0.011049 -0.010182 0.199399 0.003029
0.0997195 -0.140634 -0.00826146 -0.197006 0.012894 -0.0279869 0.000439 -0.007805 0.00812 -0.011626 0.205937 0.000973
0.102008 -0.120451 -0.018862 0.0161566 -0.165149 -0.020114 0.005717 0.011843 -0.023086 0.246087 -0.004661 -0.004682
0.0915539 -0.165755 0.00499685 -0.405476 -0.1629 -0.0272183 0.000421 -0.027186 0.036236 -0.25567 -0.001584 -0.006079
0.173029 0.077777 -0.0571855 0.0158162 -0.181689 0.164057 0.080586 0.090794 0.088944 -0.003082 -0.012488 -0.027316
0.0854048 -0.126038 0.00648761 -0.188713 -0.496214 -0.0110104 -0.003519 0.009846 0.021447 0.00386 -0.378344 -0.011198
-0.687203 -0.669292 -0.522025 -0.198058 -0.165782 -0.0192147 -0.8067 -0.497771 -0.469443 -0.000198 -0.008671 0.005539
-0.420592 -0.638187 -0.862718 -0.185406 -0.159078 -0.0163124 -0.472589 -0.481397 -0.851944 0.024759 -0.006192 0.013669
-0.721757 -0.689292 -0.546102 -0.200611 -0.166983 -0.0198863 -0.850563 -0.502683 -0.486653 -0.009299 -0.006328 -0.001915
0.102708 -0.132692 -0.00330499 -0.197354 0.191354 -0.0319652 0.002333 0.000505 0.014331 -0.013312 0.412833 0.00828
0.0974064 -0.102314 -0.0320787 0.20408 -0.161895 -0.0172328 -0.00018 0.038006 -0.035276 0.456648 -0.011095 0.006733
-0.441702 -0.657552 -0.89216 -0.184829 -0.161286 -0.0180143 -0.495931 -0.492943 -0.89918 0.021043 -0.00318 0.005568
-0.740168 -0.699853 -0.558895 -0.201996 -0.167603 -0.0203687 -0.882072 -0.517904 -0.504132 -0.012648 -0.005219 -0.005649
0.098145 -0.181319 0.0282955 -0.592118 -0.159596 -0.0298909 0.016159 -0.045858 0.079507 -0.457518 0.00035 -0.002612
0.0867207 -0.143932 -0.025582 -0.189459 -0.174952 0.389829 0.002394 0.016051 -0.008547 -0.004991 0.009725 0.482917
0.0957477 -0.182067 0.0254368 -0.596416 -0.160228 -0.0306628 0.018888 -0.04255 0.074206 -0.465318 0.001908 -0.002917
0.106473 -0.0998456 -0.0259473 0.229001 -0.165254 -0.0162283 0.011303 0.038383 -0.045026 0.505355 -0.005876 -0.00399
1.95029 0.0604802 3.67467 -0.367932 0.681909 0.206757 2.52674 0.592896 3.02273 -0.729365 0.292925 -0.126953
0.0703253 -0.0985478 0.030197 -0.187664 -0.633789 0.00718176 -0.021693 0.041784 0.049254 0.007738 -0.521489 -0.005597
0.105987 -0.121754 0.00350486 -0.198665 0.363421 -0.036587 0.003391 0.0085 0.024036 -0.015415 0.59926 0.017637
0.0830174 -0.134362 -0.0464222 -0.186022 -0.215909 0.538086 -0.006313 0.049718 -0.00982 0.009139 0.007724 0.626983
0.104937 -0.120008 0.0058752 -0.197365 0.370298 -0.0355133 0.000686 0.00981 0.022134 -0.014477 0.61598 0.015526
0.0830403 -0.137203 -0.0440305 -0.185666 -0.198716 0.565114 0.000706 0.048603 -0.02349 0.008024 0.012715 0.662886
0.0923833 -0.203501 0.0477559 -0.799151 -0.15989 -0.0343845 0.024412 -0.056876 0.115052 -0.697829 0.006382 -0.005468
0.110398 -0.0813202 -0.0302968 0.441966 -0.165393 -0.0123358 0.018567 0.064169 -0.063221 0.760227 -0.008025 -0.003714
0.0727277 -0.220817 0.0394493 -0.838778 -0.162788 -0.0350215 -0.005903 -0.062263 0.111624 -0.774488 0.006096 -0.00988
-1.47181 -1.19478 -1.03473 -0.20149 -0.170159 -0.0158154 -1.62191 -0.977227 -0.942553 -0.001273 -0.010902 0.005394
-0.931401 -1.12479 -1.70697 -0.176103 -0.155078 -0.00678929 -0.944044 -0.936612 -1.68217 0.058973 -0.007112 0.02487
1.71364 0.958001 1.05699 -0.186546 -0.152976 -0.0310917 1.68867 1.01377 1.00904 -0.005471 0.001733 -0.006988
1.71676 0.950814 1.05263 -0.186125 -0.154246 -0.0304552 1.69779 1.0104 1.00822 -0.006094 0.00115 -0.008837
-0.948955 -1.76602 -0.986298 -0.240033 -0.158147 -0.0152868 -0.948186 -1.72326 -0.910749 -0.042651 -0.004051 -0.019731
1.1775 0.911012 1.72586 -0.220388 -0.163719 -0.0331731 1.01501 0.991936 1.79199 -0.066668 -0.007543 -0.024139
1.184 0.910883 1.74307 -0.218491 -0.164985 -0.0327854 1.01863 0.992953 1.81946 -0.063684 -0.004478 -0.02862
-0.993399 -1.17905 -1.80018 -0.173678 -0.159778 -0.012946 -1.00299 -0.975513 -1.83122 0.051109 0.000858 0.006213
1.24703 1.60723 1.09133 -0.149901 -0.163061 -0.0297798 1.06124 1.91796 1.03054 0.037306 -0.003617 0.009723
1.94133 -0.0584305 3.58289 -0.340515 0.708235 0.215604 2.54733 0.547857 2.95819 -0.67562 0.315012 -0.121081
-2.20653 -1.72326 -1.53593 -0.201195 -0.175429 -0.00553998 -2.365 -1.46222 -1.39903 0.005 -0.025564 0.015974
-1.43184 -1.59615 -2.54571 -0.168397 -0.153643 -0.000152524 -1.40022 -1.38202 -2.5125 0.089423 -0.00571 0.035008
-1.45069 -1.61115 -2.58124 -0.168875 -0.157669 -0.00353575 -1.41341 -1.40013 -2.57659 0.081689 -0.006942 0.028938
2.64366 1.56081 1.66314 -0.178184 -0.152525 -0.0346952 2.7026 1.57646 1.57461 3e-05 0.002119 -0.01056
1.77286 2.36546 1.58196 -0.11911 -0.161388 -0.0338221 1.5675 2.71231 1.51595 0.061496 -0.023047 0.032841
-1.53645 -2.68252 -1.53596 -0.260574 -0.161101 -0.0153743 -1.48327 -2.72505 -1.426 -0.06923 -0.002859 -0.032684
1.82805 1.52266 2.76733 -0.241387 -0.171348 -0.0222084 1.61044 1.55184 2.92359 -0.09767 -0.007118 -0.031986
17.7544 18.431 14.9314 0.102281 0.307268 0.257726 17.7476 18.051 13.7077 -0.123061 0.130674 0.046374
2.66759 2.13513 0.269281 -0.0852792 -0.10461 -0.202315 3.03523 2.11633 0.580848 -0.072171 -0.25613 -0.07403
-10.8665 0.895444 8.84929 -0.0845357 0.286239 -0.0233548 -11.4993 -0.025976 8.9609 -0.038154 0.105645 -0.128312
-10.748 0.852023 8.91444 -0.18093 0.277423 -0.0278091 -11.3313 -0.084033 9.01611 -0.18147 0.044657 -0.131028
0.971307 0.496985 -0.0370801 0.149499 0.0208282 -0.0449739 1.79818 -0.066355 -0.008354 0.295403 -0.001316 -0.020807
-5.71406 -5.89203 -5.77826 0.000545305 -0.0265982 -0.237077 -6.01647 -6.24639 -5.96246 0.031035 -0.055053 -0.170784
0.915893 0.504167 0.0487773 0.146877 -0.0764326 -0.0322495 1.72901 -0.075182 0.138771 0.287916 0.005558 0.00139
-11.8639 -11.2281 -11.8199 0.374282 -0.404838 -1.02003 -10.966 -9.68638 -10.9796 0.411426 -0.651378 -0.468244
0.930884 0.561419 -0.0417644 0.137339 0.0412392 -0.400175 1.7097 -0.013112 0.080949 0.265829 0.000211 -0.268984
0.906654 0.556817 0.0734807 0.150163 0.0736446 -0.087925 1.82685 -0.102987 0.197595 0.268376 0.131176 -0.059387
-0.307008 -0.390504 -0.268093 -0.465142 -0.159236 -0.0622187 -0.585535 -0.292886 -0.136903 -0.192887 -0.184407 0.027418
0.878578 0.566363 0.0347257 0.171126 -0.063521 0.264294 1.67944 0.009558 0.149609 0.371751 0.002128 0.196824
0.889139 0.674489 0.177857 0.144721 -0.19829 -0.0151909 1.69364 0.06115 0.261729 0.263964 -0.208581 0.017212
2.69041 2.06684 1.49259 -0.0603948 -0.125735 0.00136291 3.06643 1.84707 1.47955 -0.084961 -0.252574 -0.033174
0.808765 0.786876 0.165748 0.139151 0.324233 -0.0752277 1.71772 0.055774 0.361903 0.257292 0.296269 -0.031056
-9.66494 -8.0456 -7.43244 -0.22648 0.441255 0.176729 -8.42176 -6.89161 -7.66825 -0.13022 0.285068 0.207847
0.81693 0.740404 0.131068 0.195509 0.00434929 0.487207 1.59555 0.217441 0.288731 0.37288 0.019814 0.325258
0.869417 0.736664 0.124944 0.194936 0.068235 0.522703 1.68362 0.18719 0.33686 0.298044 0.011614 0.344952
0.856717 0.752793 0.111339 0.133045 0.0765078 -0.597592 1.61231 0.181415 0.333156 0.247191 0.034169 -0.316988
0.893145 0.759219 0.121288 0.138146 0.0343392 -0.550415 1.63597 0.174962 0.313282 0.205108 0.06148 -0.279803
-21.7945 -21.2554 -22.8276 0.404556 0.321126 -0.259801 -21.4304 -21.1393 -22.6895 0.279214 0.135129 -0.036819
-10.7077 -7.46716 -11.7313 1.2842 1.15824 -1.07242 -9.7207 -6.83597 -10.7005 1.3377 0.910052 -0.613158
-22.4767 -22.3288 -22.2159 -0.02676 0.052066 -0.059935 -22.5761 -22.5347 -22.0307 0.092841 0.012067 -0.117177
0.871994 0.943105 0.427771 0.146302 -0.322764 -0.00238788 1.67351 0.205693 0.636484 0.236807 -0.308696 0.042335
0.939792 0.714897 0.899431 -0.169598 0.17104 0.242368 0.877357 0.657857 1.03092 0.327194 0.369992 0.243559
1.13308 0.828292 1.12573 -0.206258 0.134908 0.118553 1.02824 0.823638 1.20119 0.191562 0.308249 0.128846
-10.6043 0.911685 9.90712 -0.076014 0.290804 -0.0225801 -11.0508 -0.118209 10.0743 -0.046185 0.100214 -0.120256
-10.5939 0.911598 9.93349 -0.0749914 0.290171 -0.0229573 -11.027 -0.115389 10.1113 -0.048289 0.095538 -0.117212
0.836343 0.895964 0.406766 0.189252 0.0985132 0.478237 1.62923 0.394653 0.579526 0.29333 0.025731 0.347916
0.894119 0.946066 0.429405 0.163464 0.331432 -0.0447618 1.71362 0.262159 0.69547 0.28625 0.229112 0.027541
0.829796 0.923568 0.379821 0.137236 0.0872555 -0.531837 1.57898 0.377806 0.589724 0.229815 0.091829 -0.251777
-1.45664 0.745904 2.99334 -1.58397 -0.423917 -0.69354 -0.759498 0.595039 2.72347 -1.63457 -0.499276 -0.608371
-0.902373 1.00428 3.82538 -1.63694 -0.390922 -0.576889 -0.235401 0.952617 3.39289 -1.62348 -0.433604 -0.51328
0.0137192 0.27288 0.150345 -0.242104 0.0929918 -0.0860982 -0.01564 0.377481 0.447274 -0.279961 0.102756 -0.062191
-0.647747 1.15304 4.17211 -1.66223 -0.419882 -0.518232 -0.028332 1.12684 3.67457 -1.63018 -0.427125 -0.463649
28.8905 28.8981 28.9028 -0.298086 -0.115754 -0.0195856 28.7284 28.3884 28.5073 -0.291252 -0.131064 -0.170915
0.842424 0.967093 0.630721 0.181388 0.105651 0.265114 1.65112 0.541204 0.77634 0.304339 0.036122 0.246676
0.549251 0.94263 0.0887584 0.194855 0.0402152 0.574009 1.21252 0.255659 0.328216 0.314269 0.031406 0.413809
0.655296 1.93902 5.57196 -1.73013 -0.620171 -0.302543 0.997806 2.04665 4.99842 -1.68465 -0.475427 -0.176818
30.7655 30.2165 30.3285 -0.5584 -0.279249 0.0783791 30.7411 29.6084 30.1093 -0.492892 -0.220746 0.0435
0.843637 0.986657 0.701177 0.180039 0.105036 -0.00409298 1.61348 0.5953 0.86795 0.237307 0.07404 0.110149
0.858667 1.01798 0.733702 0.171957 -0.202777 -0.0110384 1.64466 0.613041 0.826069 0.262562 -0.068031 0.084683
0.83962 0.996907 0.732612 0.163636 0.103346 -0.0213377 1.62767 0.583503 0.884689 0.302824 0.065931 0.077351
29.5524 29.4356 29.3861 -0.452237 -0.10959 -0.0141982 29.3818 28.8117 28.9713 -0.368666 -0.141087 -0.150766
0.532269 1.0995 0.429283 0.14555 0.477858 -0.0178452 1.25094 0.356324 0.750035 0.276256 0.261098 0.041496
0.696385 1.06662 0.657765 0.157546 -0.222037 -0.0179534 1.44477 0.5614 0.94204 0.244559 -0.054714 0.08351
-14.02 -3.53105 4.82102 -0.088975 0.21384 -0.00338655 -14.5049 -4.24322 4.83282 -0.045266 0.082192 -0.101513
0.457488 0.489176 -0.133292 -0.0801995 -0.0746687 0.31383 0.002114 0.003842 0.005923 0.002658 -0.000934 -0.001207
0.428377 0.50611 -0.133054 -0.0772337 -0.0807272 0.368166 -0.028029 0.034469 0.006517 0.0051 -0.005498 0.060092
0.438841 0.496713 -0.11826 -0.0795544 -0.0786037 0.349637 -0.01762 0.024513 0.012789 0.003563 -0.003474 0.039858
0.438328 0.458527 -0.171457 -0.0848811 -0.0782591 0.325758 -0.003693 -0.012219 -0.017892 -0.00501 -0.000388 0.006682
0.439665 0.460204 -0.167351 -0.0838729 -0.0756678 0.321571 -0.00429 -0.013877 -0.017253 -0.003764 0.000343 0.003294
0.437382 0.458936 -0.179393 -0.0834429 -0.0712965 0.30515 -0.008548 -0.025279 -0.035825 -5.5e-05 0.001715 -0.016003
0.436132 0.455012 -0.147055 -0.0843959 -0.0724245 0.3111 -0.013041 -0.023167 -0.002617 -0.003507 0.004958 -0.000386
0.451537 0.474079 -0.150459 -0.0829544 -0.0730752 0.318975 0.004962 -0.004394 -0.004002 -0.002462 0.001951 0.001738
0.463749 0.475019 -0.11612 -0.0864015 -0.0754316 0.314475 0.012513 -0.003149 0.02276 -0.00268 0.000128 0.002299
0.469764 0.506831 -0.12806 -0.0751012 -0.0647604 0.308606 0.015273 0.021938 0.010073 0.00666 0.003494 -0.00881
0.533068 0.55596 -0.0650154 -0.0817457 -0.0708654 0.3179 0.077504 0.066736 0.072345 -0.000572 0.002977 0.001913
0.430128 0.485762 -0.139684 -0.0816265 -0.0751876 0.333435 -0.026373 0.008768 -0.005944 0.000554 -0.000692 0.025246
0.379129 0.406573 -0.217108 0.0359799 -0.0642358 0.315536 -0.068174 -0.07123 -0.070033 0.118782 0.002951 0.001638
0.466792 0.49459 -0.126486 -0.0801735 -0.0691018 0.315958 0.011787 0.005004 0.011568 0.001176 0.003447 0.000751
0.242609 0.269571 -0.354576 -0.0345588 -0.0592002 0.304254 -0.191576 -0.198195 -0.19479 0.03977 0.01737 -0.012603
0.707072 0.736274 0.110501 -0.107062 -0.0659659 0.306518 0.23186 0.226891 0.220297 -0.035999 0.012216 -0.009397
0.22439 0.271168 -0.377939 -0.139399 -0.0839355 0.327487 -0.21154 -0.197681 -0.215943 -0.051965 -0.009516 0.012714
0.591346 0.560901 0.0261423 -0.0653706 -0.0183598 0.265735 0.125272 0.048557 0.145932 0.01028 0.056921 -0.064108
0.386927 0.405517 -0.215121 -0.0744557 0.0261911 0.425136 -0.060119 -0.072249 -0.057451 -6.4e-05 0.117734 0.110909
0.418492 0.396132 0.123396 -0.0819562 -0.0734692 0.304059 -0.047408 -0.06403 0.318415 -0.002879 0.004278 -0.005398
0.22106 0.308044 -0.412533 -0.0872318 -0.162671 0.323787 -0.208234 -0.139781 -0.248712 0.004598 -0.10394 0.019936
0.464488 0.501528 -0.127235 -0.0806656 -0.0663606 0.31681 0.008434 0.009985 0.005014 0.001403 0.003913 0.004035
0.670397 0.724551 -0.313985 -0.0860647 -0.0693116 0.299366 0.261875 0.239966 -0.191597 0.000365 0.002226 -0.028629
0.481937 0.515047 -0.10474 -0.0779792 -0.064662 0.312654 0.015906 0.011171 0.019358 0.004549 0.003498 0.001145
0.260065 0.181073 -0.280665 -0.0555018 0.0468124 0.277331 -0.168109 -0.301977 -0.112014 0.013687 0.137624 -0.056129
0.363497 0.293836 0.370248 -0.0814859 -0.0753853 0.290305 -0.153979 -0.186815 0.566628 -0.002624 0.006574 -0.01556
0.318216 0.382372 -0.257287 -0.0976631 -0.364968 -0.0061451 -0.103223 -0.084388 -0.121849 0.008618 -0.350369 -0.335363
-13.8144 -13.3863 -12.5892 -0.0301535 0.0115757 -0.463088 -13.4153 -12.9309 -12.7606 0.063197 -0.000424 -0.787341
-13.8365 -13.4082 -12.6083 -0.0281359 0.00978132 -0.461191 -13.4568 -12.9688 -12.7658 0.066032 -0.001696 -0.780333
0.535071 0.552133 -0.0514039 -0.75926 -0.0945236 0.315381 0.09528 0.071023 0.09541 -0.704939 0.027743 -0.011648
1.7037 1.57372 1.97211 -0.0860362 -0.0728258 0.244846 1.0759 0.989364 2.09688 -0.006102 0.001978 -0.054748
2.47288 2.52871 1.28122 -0.0964705 -0.0728349 0.311503 1.98742 1.9646 1.24694 -0.006016 -0.007634 -0.017828
-22.2326 -21.716 -23.2934 0.386437 0.299233 -0.23445 -21.9033 -21.6463 -23.2254 0.266092 0.123498 -0.02476
2.30447 2.10447 3.00116 -0.0883177 -0.0731774 0.207098 1.59213 1.46315 3.13442 -0.009571 0.00108 -0.082541
0.345285 0.0295108 -0.412385 -0.0683459 -0.0346654 0.399914 -0.106549 -0.098352 -0.110951 0.006188 -0.004447 -0.010102
-24.1942 -24.5311 -23.2051 -0.205214 0.117821 0.0950509 -24.8206 -25.0203 -23.4417 -0.058842 0.229993 0.199785
0.18089 -0.0485344 -0.19583 -0.020986 0.0468481 0.365752 -0.024989 -0.033631 -0.041646 -0.01524 -0.003557 -0.005005
31.1363 30.3687 30.967 -0.456733 -0.208417 0.221451 30.9295 30.0415 30.4368 -0.463315 -0.12137 0.107691
-14.576 -14.2252 -13.3428 0.00380026 -0.0238722 -0.371709 -14.5003 -14.1442 -13.0963 0.044467 -0.071225 -0.520851
-3.36832 -3.30535 -3.98704 -0.0685877 -0.0644827 0.338061 -3.55884 -3.53337 -3.5382 0.006459 0.02001 0.007815
-3.3596 -3.18781 -4.51816 -0.0631485 -0.052092 0.323142 -3.47645 -3.43651 -4.09929 0.011384 0.020864 -0.014959
-24.2611 -24.5509 -23.3159 -0.180252 0.103705 0.0744052 -24.9411 -25.0869 -23.4975 -0.055147 0.207355 0.158669
-24.2683 -24.5518 -23.3288 -0.176959 0.101686 0.0715814 -24.955 -25.0925 -23.5025 -0.055244 0.204263 0.153367
-24.2922 -24.5523 -23.3734 -0.164482 0.0936434 0.0608751 -25.0039 -25.1171 -23.5229 -0.057535 0.189389 0.13358
-23.2949 -23.2736 -23.38 0.0430413 -0.0698127 -0.0627422 -23.4266 -23.437 -23.5026 -0.007449 -0.088731 0.068967
0.449993 1.28368 0.322266 0.143966 0.19825 -0.0174292 0.918098 0.214645 0.889377 0.262518 0.130479 0.028239
-24.3439 -24.5211 -23.4716 -0.125944 0.0628359 0.033696 -25.0957 -25.1357 -23.5456 -0.078463 0.126205 0.080335
7.13295 7.0917 6.58773 -0.112624 -0.073049 0.297131 6.41811 6.35754 6.39205 -0.010632 -0.025756 -0.016732
-24.045 -20.3954 -16.852 -0.0321248 0.0507143 -0.0763328 -25.82 -20.0644 -18.0302 0.014731 0.013888 -0.076498
-22.5342 -22.4624 -22.481 0.0514231 0.0439615 -0.041239 -22.9935 -22.7336 -22.058 0.088339 -0.00482 -0.027726
2.47263 3.0893 3.02224 0.0018017 0.00517723 -0.0652253 3.5243 3.02758 3.37155 0.001883 0.003652 -0.094783
-22.5322 -22.4649 -22.4931 0.0584933 0.0432576 -0.0375539 -23.0067 -22.7324 -22.0544 0.088323 -0.006356 -0.021564
0.152398 0.0206486 0.334836 -0.942235 0.0177589 -0.0650847 -0.513998 0.174009 0.827096 -0.665612 -0.115304 0.013278
-22.5303 -22.4663 -22.5033 0.0648603 0.0425605 -0.0338511 -23.0151 -22.7274 -22.0485 0.089837 -0.008617 -0.01628
-13.1533 -13.1382 -14.2568 1.26896 0.167784 0.0435675 -12.6215 -12.6697 -13.7729 0.934655 0.230395 0.618189
-22.5285 -22.4668 -22.5118 0.0704194 0.0418689 -0.0302203 -23.0192 -22.721 -22.0407 0.090363 -0.01002 -0.010258
0.77373 4.03547 -3.27876 -0.0126264 -1.50702e-07 4.5041e-07 1.79655 3.49253 -1.44431 -0.06473 -0 -0
-22.5264 -22.4663 -22.5218 0.0770563 0.0408169 -0.0250846 -23.0243 -22.7168 -22.0356 0.090073 -0.011296 -0.004244
-24.0129 -20.2589 -15.9608 -0.0301594 0.00607079 -0.0829648 -25.591 -20.0146 -17.3625 -0.002773 0.006146 -0.081115
-19.7946 -19.6674 -20.7151 0.287838 -0.742446 -0.211846 -19.1904 -18.8265 -19.7463 0.553251 -0.907363 -0.08346
-20.9179 -21.2786 -20.7399 0.0965952 -0.187596 -0.00112282 -20.74 -20.9162 -21.4509 0.067137 -0.065589 0.08891
2.74353 6.25775 -1.35863 0.123139 -0.0607101 0.0941991 3.59237 5.60378 -0.23021 0.308084 0.07673 0.084901
-9.43853 -4.1595 -7.42599 0.285644 0.122994 -0.0971132 -10.2285 -3.08992 -6.44901 -0.029294 0.337889 -0.121927
-10.5181 -3.45158 -6.19808 0.590358 0.257405 -0.0413648 -11.3992 -3.02391 -5.11087 0.220588 0.363919 -0.038649
-4.53861 -1.24269 -8.6484 -0.00929721 7.2599e-07 -2.75273e-07 -3.29433 -1.69036 -6.35241 -0.050897 -0 -0
0.219424 0.0307892 0.412289 -0.9981 0.0530166 -0.073085 -0.451688 0.257901 0.94807 -0.748185 -0.06583 0.003566
-0.0571799 0.129615 0.436617 -0.608546 0.159471 0.11598 -0.922699 0.47124 0.685748 -1.25856 0.162441 0.092013
-0.391925 0.472339 0.511914 -0.541806 0.329933 0.189875 -1.48112 1.03567 0.713165 -1.05177 0.324556 0.099831
-0.3075 0.529849 0.515028 0.430864 -0.477218 -0.292283 -1.32986 1.11093 0.685311 0.92058 -0.65237 -0.341235
-0.336226 0.500517 0.486088 0.441651 -0.482529 -0.283364 -1.41109 1.08262 0.672508 0.913149 -0.65065 -0.328141
-0.217643 0.502838 0.513021 0.537598 -0.140025 -0.0758974 -1.29868 1.06232 0.729586 1.03045 -0.19561 -0.087959
-0.379725 0.561327 0.52422 -0.602374 0.355984 0.164266 -1.45828 1.10015 0.767012 -1.16684 0.319274 0.079852
-0.278215 0.434729 0.397589 -0.658039 0.194015 0.0647454 -1.37928 0.884302 0.707507 -1.20462 0.177827 0.027419
-0.433132 0.662188 0.531486 0.553755 -0.565478 -0.298645 -1.33331 1.12963 0.757351 1.17079 -0.686997 -0.321855
4.91404 8.2694 1.0835 -0.0135874 3.48112e-07 -1.69747e-06 5.94575 7.39671 2.22829 -0.092731 0 0
-0.527881 0.458191 0.428215 0.726049 -0.1903 -0.0765382 -1.52724 0.906462 0.775878 1.2743 -0.226455 -0.067506
0.587808 -0.105123 0.934237 -0.302765 -0.15171 0.0987753 0.58814 1.03848 0.537636 0.124636 -0.001548 -0.009577
-0.483329 0.534811 0.399235 -0.555129 0.352232 0.119188 -1.40577 1.03797 0.716824 -1.0864 0.24927 0.006149
-10.2259 -3.4654 -6.01986 0.273536 0.0122526 -0.118992 -10.9872 -2.5354 -4.96608 -0.01565 0.321776 -0.111735
-10.7406 -3.01801 -5.25512 0.0377891 -0.0595682 -0.162886 -11.605 -2.79291 -4.2725 -0.004739 0.038374 -0.106761
1.76274 2.08157 2.00632 0.0972425 0.216054 -0.0579861 1.55404 2.00497 1.80619 0.04793 0.117478 0.103301
0.633756 0.626457 0.582349 -0.0441198 -0.0230114 0.0031791 0.338094 0.406872 0.34862 -0.104345 -0.050158 -0.010759
-23.9561 -20.156 -15.077 -0.0194282 -0.0472383 -0.0863301 -25.4643 -19.9902 -16.7759 -0.010807 -0.016888 -0.09055
-0.56687 0.335379 0.720727 0.909088 -0.240132 -0.118789 -0.816787 0.677834 0.849212 1.29651 -0.228311 -0.106818
-0.564563 0.466743 0.763098 -1.11301 0.346679 0.145431 -0.680617 0.663402 0.836164 -1.5564 0.222422 0.170421
-0.492315 0.409901 0.827028 0.860711 -0.237227 -0.127537 -0.519753 0.620182 0.985684 1.26131 -0.221006 -0.106782
-0.242905 -0.242902 0.826107 -0.000575612 1.48994e-06 2.26836e-06 0.010081 0.010081 -0.004133 -0.002451 -0 0
-0.0623664 -0.0623672 1.0013 0.0332917 -1.40275e-06 -1.60805e-06 0.18752 0.18752 0.149457 0.051454 0 0
1.30908 1.59158 1.65504 -0.007823 0.20649 0.0711129 0.981522 1.34199 1.32244 -0.073899 0.222621 0.144671
-0.174974 0.352553 0.928377 -0.901098 0.58418 0.382682 -0.099364 0.754277 0.791927 -1.15836 0.505832 0.320997
-0.29029 0.22172 0.89833 -0.850018 0.391663 0.23311 -0.149826 0.54741 0.823008 -1.1182 0.313366 0.197057
-0.196154 0.257136 0.917771 0.83492 -0.605388 -0.438732 -0.087625 0.651935 0.758506 1.08424 -0.566384 -0.33833
-0.175687 0.322047 0.929946 0.894579 -0.60344 -0.433194 -0.085311 0.728491 0.801427 1.17329 -0.577324 -0.331319
1.10913 1.40368 1.44881 -0.00232252 0.192719 0.0919069 0.767642 1.14479 1.12254 -0.077217 0.221154 0.152001
-0.224278 0.14962 0.947621 0.385429 -0.21609 -0.151325 0.05727 0.512128 0.733828 0.538357 -0.175542 -0.103062
-0.267441 0.302603 0.971456 -0.536507 0.199764 0.108228 -0.031988 0.572813 0.90895 -0.761908 0.157327 0.104708
-0.215873 -0.0309368 0.907824 0.127487 -0.21073 -0.159814 0.08398 0.370111 0.576198 0.137865 -0.171423 -0.109023
-0.24748 -0.092948 0.880495 -0.0893285 0.200341 0.155933 0.048999 0.33054 0.526506 -0.078556 0.170053 0.104334
-0.22349 -0.103226 0.881493 0.0328923 -0.205224 -0.164405 0.052796 0.353161 0.502124 0.008619 -0.17688 -0.111062
0.360431 0.360433 1.40345 -0.121746 4.90791e-07 8.06545e-07 0.584907 0.584907 0.599821 -0.20538 0 0
-0.225757 -0.117099 0.873358 -0.0929209 0.393302 0.313367 0.06577 0.34683 0.501421 -0.023322 0.348524 0.219182
-0.261606 -0.0981453 0.864861 0.276473 -0.616339 -0.487432 -0.009544 0.312612 0.532092 0.253457 -0.524183 -0.345403
-2.85997 -2.48206 -2.74308 2.82573 1.02726 -0.325877 -3.43524 -2.53403 -2.75543 2.67589 1.22546 -0.58007
-0.2243 -0.136766 0.86492 0.0677153 -0.617161 -0.50441 0.031017 0.354984 0.486647 -0.028653 -0.538078 -0.354158
-1.89349 -1.86394 -0.96045 -2.81998e-07 -3.74051e-06 4.47946e-07 -1.6565 -1.46747 -1.27953 0 0 0
6.21902 18.7285 10.1364 0.304174 -0.486838 -0.132741 6.06143 16.8102 11.9325 0.355629 -0.313498 -0.06315
1.44745 1.63788 2.7824 2.1122e-07 -1.39377e-06 1.04781e-06 1.76872 2.16727 2.32391 0 -0 0
1.36507 1.56631 2.73733 -4.71961e-08 -3.19767e-06 -1.07913e-06 1.68851 2.09369 2.29085 0 0 0
6.25487 18.7286 10.0926 0.305459 -0.488196 -0.129056 6.07836 16.7936 11.8856 0.356101 -0.314558 -0.05897
-15.2844 -15.2652 -17.9242 -0.0162873 0.0808201 -0.0466641 -14.0042 -14.0288 -18.8089 0.021486 -0.003407 0.002003
26.7041 26.4131 30.4245 1.29802 -0.232046 -0.213323 26.0342 26.0337 30.5589 1.63727 -0.136904 -0.481893
-1.42748 -1.4918 -0.98635 -1.26257 0.289373 -0.108636 -1.6072 -0.787678 -0.252148 -1.28115 0.119426 0.051119
-3.23041 -3.26786 -2.56318 -6.19298e-07 -3.69998e-07 -5.04527e-07 -3.10081 -2.96648 -2.76296 0 0 0
26.7453 26.3983 30.4918 0.977814 -0.19493 -0.254951 26.0711 25.9932 30.7419 1.27531 -0.14564 -0.456488
26.7567 26.3977 30.4991 0.854988 -0.175192 -0.265215 26.0884 25.9708 30.8135 1.12743 -0.149127 -0.443223
-3.38733 -3.50434 -1.93899 -6.87823e-07 1.07566e-06 -1.16138e-07 -3.58149 -3.18649 -2.10625 0 -0 0
3.26188 3.55556 4.1021 4.05569e-07 3.74402e-06 -7.36427e-07 3.12762 4.20839 3.73158 0 -0 0
3.24502 3.53029 4.0879 6.68848e-09 9.76231e-07 -9.81101e-08 3.11482 4.18227 3.71593 0 0 0
-2.02583 -1.30452 -1.24684 -1.43004 0.293503 -0.496326 -1.98242 -1.16168 -0.222099 -1.48645 0.010892 -0.146054
0.482238 0.482238 -0.233231 0.33357 -3.87062e-07 -9.69572e-07 0.568024 0.568024 -0.455123 0.237223 0 0
-2.0104 -1.25116 -1.09797 -1.44074 0.29884 -0.578958 -1.96343 -1.10929 -0.085095 -1.52377 0.048525 -0.230929
26.8323 26.4786 30.4932 0.497012 -0.113628 -0.253325 26.1194 25.9396 31.0611 0.686345 -0.128093 -0.397158
-10.6885 -2.66064 -4.33582 0.261374 0.048026 -0.127532 -11.3968 -1.94417 -3.42755 0.015691 0.299981 -0.10478
-4.81743 -4.94876 -4.27052 -2.21176e-07 -6.36902e-07 6.75724e-07 -4.85689 -4.69169 -4.45973 0 0 0
0.0079484 0.182832 0.152494 0.017535 0.134878 0.0697055 -0.310325 -0.094914 -0.157154 0.013627 0.108868 0.057893
-0.160874 -0.133976 -0.16025 -0.0458814 0.0131476 0.0288791 -0.425924 -0.42249 -0.422389 -0.039633 -0.020361 -0.011345
-14.7162 -14.9891 -18.73 0.738842 0.0478242 -0.74756 -15.211 -14.164 -17.8274 0.458823 -0.06896 -0.676544
-0.205716 -0.178501 -0.203049 -0.0359027 0.0154802 0.0249162 -0.479714 -0.479381 -0.482732 -0.02146 -0.01674 -0.014616
6.71532 18.8601 9.69167 0.302708 -0.504693 -0.0570235 6.34094 16.7287 11.487 0.360045 -0.329615 -0.005061
-10.9798 -10.6998 -10.1396 -0.0897684 -0.123744 0.032407 -11.0217 -10.8335 -10.3943 0.007869 -0.067028 0.037653
-20.2094 -18.6007 -21.9167 0.80103 -0.206404 -0.108669 -19.282 -18.2768 -22.3806 0.619421 -0.14269 -0.03958
-0.251605 -0.199142 -0.229756 0.000342238 0.0121377 0.0408132 -0.542037 -0.504501 -0.523961 0.020742 -0.016534 0.00973
6.8134 18.8828 9.63087 0.300849 -0.514534 -0.0410923 6.40343 16.7305 11.4208 0.362201 -0.332037 0.009859
87.156 88.9236 88.1109 -0.747396 -1.46678 -0.512403 87.9807 89.0369 89.299 -0.544723 -1.25592 -0.28637
4.83131 19.0955 10.7557 0.292877 -0.410022 0.0405957 4.95251 17.1241 12.7707 0.358683 -0.27761 0.212961
-0.0123271 -0.242578 1.59829 -0.031388 -0.00735671 -0.0527653 0.44347 -0.012372 2.14532 -0.087698 0.065787 -0.010183
86.1207 86.7594 86.3314 -0.458194 -1.51537 -0.0724185 85.9467 86.4842 87.1216 -0.568149 -1.49037 -0.174913
-9.7711 -3.51341 -6.30022 0.747774 0.699 -0.579635 -10.3334 -3.03097 -5.28792 1.4926 0.803613 -0.428105
87.8225 89.3147 88.7567 -0.5865 -1.40377 -0.214214 88.2184 89.2961 89.6427 -0.648384 -1.2651 -0.346484
87.4053 88.403 87.9038 -0.923993 -1.33331 -0.867763 87.826 88.0902 88.6244 -0.742649 -1.17773 -0.522503
0.503006 0.334206 2.33462 -0.169435 -0.103557 -0.00498583 0.7386 0.710832 2.6978 -0.102414 -0.049616 0.038128
0.591019 0.736703 2.6539 -0.362089 -0.136529 0.022463 0.7915 1.26196 2.69799 -0.322676 -0.068047 0.043044
-0.369289 0.777139 2.23067 -0.284755 -0.164168 0.0897843 -0.277174 1.49377 2.08714 -0.191137 -0.068211 -0.032634
0.292716 -0.0325625 2.00162 -0.102471 0.0164297 -0.0640403 0.891424 0.167962 2.35935 -0.270209 0.104642 -0.031693
3.81276 3.64114 5.72024 0.0258646 -0.0303096 -0.0431056 4.31265 4.08728 6.42819 0.05218 0.041084 -0.006623
86.931 87.7697 87.2264 -0.751749 -1.4367 -0.685775 86.7274 87.097 87.6864 -0.58139 -1.21034 -0.456601
86.0014 86.381 86.0791 -0.609549 -1.57453 -0.132883 85.4523 85.9167 86.5428 -0.533319 -1.45028 -0.14577
-2.94873 -1.35551 -2.70086 2.70181 0.862549 -0.187268 -3.72133 -1.60063 -2.90925 2.5555 1.10832 -0.451768
0.493442 0.117355 2.28418 -0.136103 0.0218905 -0.0703967 1.14781 0.316459 2.51078 -0.347655 0.110989 -0.044591
9.43148 10.2672 9.76674 0.00401058 0.00603445 -0.0937919 10.738 9.99176 10.253 0.002296 -0.004281 -0.1232
-22.0625 -21.3005 -22.5719 -0.0597802 0.0959828 -0.244699 -21.4434 -21.1039 -22.0991 -0.25549 0.114248 -0.500397
-3.11765 -1.74855 -4.55717 0.150596 0.306785 -0.126552 -5.16714 -2.6128 -5.32355 0.134747 0.523711 -0.094978
29.5604 29.7397 25.9978 -0.154574 0.0201134 -0.0116171 31.3195 31.3938 23.0163 -0.063029 0.036005 -0.020784
6.00448 5.83148 8.0395 0.0247243 -0.0337812 -0.0415601 6.55204 6.32069 8.82154 0.054596 0.045098 -0.006349
0.714907 0.308748 2.60959 -0.171829 0.0261585 -0.0743742 1.40667 0.493566 2.68481 -0.416691 0.112757 -0.059842
86.7497 87.3799 86.6845 -0.698199 -1.58103 -0.560506 85.5301 86.0405 86.644 -0.43913 -1.24356 -0.380363
-2.05323 -1.88682 -0.699934 0.107487 -0.0249803 -0.0462082 -1.7124 -1.29322 -0.031854 0.087322 -0.007624 0.006554
98.3894 94.1025 107.044 0.228886 -0.526761 -0.633249 99.0706 93.8781 106.004 0.533482 -0.314179 -0.009899
-22.7594 -22.1085 -24.6931 0.109413 0.0441633 -0.0377387 -22.2021 -21.8674 -24.8509 0.152207 0.149736 0.030656
98.1499 94.2866 106.998 0.223641 -0.474159 -0.647308 98.7942 94.0051 106.1 0.54465 -0.284056 0.001801
0.814027 0.137911 3.14179 0.065562 0.103731 0.0572202 1.13099 0.548216 3.33209 0.062839 0.255103 0.153635
0.874204 0.177455 3.23896 0.0702117 0.108858 0.0575082 1.18453 0.589152 3.3979 0.073556 0.261186 0.156569
-11.9883 -11.5704 -10.3936 -0.0217849 -0.0123331 0.600488 -11.0533 -10.3629 -10.3875 -0.048681 0.440363 0.007911
-14.086 -13.9635 -14.2379 -0.347766 -0.0662841 -0.0465055 -13.3269 -13.4092 -13.2616 -0.160424 0.025612 0.100323
-3.17109 -3.01164 -1.69271 0.0902946 -0.0217522 -0.0416634 -2.98552 -2.605 -1.26516 0.073947 -0.006042 0.006799
0.978736 2.53451 3.72895 -1.4518 -0.945621 0.609036 1.5482 2.67593 3.28445 -1.25184 -0.168288 0.409784
-17.7281 -17.8247 -18.3082 0.00338708 -0.0444487 -0.0223504 -17.5254 -17.6427 -17.937 -0.003097 -0.06015 0.032961
1.02103 0.73747 1.71495 0.612839 -0.384331 0.719367 0.963779 0.546743 1.8824 0.7493 -0.208827 0.841901
0.609745 0.013448 1.25397 0.703849 -0.269823 1.09463 0.685604 -0.247913 1.32727 0.791641 -0.202482 1.01862
96.2427 95.1219 106.871 0.237426 -0.138823 -0.0720346 96.5377 95.267 106.866 0.606175 -0.209734 0.189234
96.2475 95.3586 107.072 0.221832 -0.131417 -0.0584063 96.5465 95.5428 107.012 0.642866 -0.221501 0.245557
1.30292 0.413119 3.80216 0.121673 0.129072 0.0366319 1.62075 0.854937 3.82764 0.165994 0.272629 0.156673
96.4765 96.2613 107.618 0.282559 -0.016004 -0.0770544 96.8464 96.6365 107.415 0.767397 -0.280891 0.313319
-12.3359 -12.3768 -12.3972 -0.402482 -0.159203 -0.0958502 -11.5178 -11.6893 -11.3988 -0.29992 -0.137289 0.219237
-24.2614 -23.9355 -24.02 0.17024 -0.103666 -0.113105 -24.3773 -24.0237 -23.9853 0.04314 -0.098701 -0.136562
1.54927 0.501049 3.9951 0.139756 0.14729 0.0329785 1.90504 0.95922 3.97306 0.208377 0.289154 0.160402
-12.0372 -12.0146 -12.1595 -0.34451 -0.334045 0.0483634 -11.2254 -11.3326 -11.2508 -0.278428 -0.396583 0.41861
3.12907 4.08148 4.51543 -1.52176 -0.388082 0.110738 3.50629 3.56992 4.09904 -1.54757 -0.074521 0.234791
2.4278 2.41079 1.94102 -0.551352 0.346731 0.196037 1.86627 1.87146 1.36237 -0.546552 0.285764 0.098621
-22.0557 -21.7294 -24.8678 0.158697 0.129958 -0.22405 -20.9427 -20.8456 -26.3457 -0.032324 -0.222398 -0.249352
2.32592 2.44934 2.7609 0.349167 -0.211545 0.277174 1.97074 2.1455 2.72294 0.189446 -0.106265 0.445233
2.28924 2.42512 2.76412 0.377986 -0.226245 0.26945 1.95474 2.13998 2.80787 0.247411 -0.139739 0.458357
-12.8525 -12.1783 -12.7481 -0.367924 -0.463845 -0.04169 -12.0962 -11.3897 -11.965 -0.137632 -0.533773 0.151939
-13.0261 -12.2789 -12.867 -0.395652 -0.446963 -0.153367 -12.3489 -11.4945 -12.2019 -0.095953 -0.498509 -0.057172
-13.1242 -12.0161 -15.4289 0.862317 -0.352866 -0.13159 -12.0073 -11.005 -15.3041 0.696998 -0.129505 0.101304
34.024 34.2292 30.3354 -0.177276 0.0251695 -0.0145335 35.8343 35.9111 27.2666 -0.06668 0.040901 -0.023613
26.2043 25.7763 26.3275 -0.146981 -0.00295306 0.0443594 25.9197 26.4259 26.5142 -0.012228 -0.114053 0.114508
-24.3226 -24.3192 -24.4334 0.122444 -0.0676218 -0.124668 -24.2705 -24.2701 -24.4407 0.102147 -0.049601 0.041895
26.2393 25.8184 26.2837 -0.253692 0.0195536 0.0490417 25.5407 26.176 26.4034 -0.029044 -0.19108 0.201495
-3.77421 -4.49356 -5.24207 -0.808391 4.40082 -0.537163 -4.15133 -5.66329 -5.47035 -1.11845 4.3921 -0.125953
-0.916013 -0.404114 0.139051 0.106486 -0.0358009 0.0454121 0.355951 -1.05488 0.080972 0.22443 0.078605 0.049539
-18.3962 -18.4991 -18.9546 0.00671427 -0.0422537 -0.0192825 -18.2576 -18.3652 -18.7132 -0.006018 -0.064127 0.030184
0.0376487 -0.0472832 -0.186482 -0.247551 0.0023395 -0.0968043 0.208934 0.038736 -0.08999 0.051903 0.059293 -0.132514
-11.1045 -0.214074 1.89689 0.199486 0.127288 -0.0937766 -11.5381 -0.124202 1.88627 0.050716 0.276878 -0.056289
-11.5368 -0.334186 1.83154 0.55843 0.0699355 -0.0754243 -12.2436 -0.525199 1.94341 0.227759 0.228773 -0.083199
-0.00262741 -0.0223129 -0.182508 -0.26875 0.0751314 0.106064 0.18893 0.059566 -0.073073 0.08642 0.089069 0.095997
0.0365277 -0.0622028 -0.164703 -0.315943 -0.0640264 -0.304754 0.187807 0.04582 -0.045489 -0.03493 0.018196 -0.398118
0.984908 1.28294 1.20955 -0.0995719 0.00998261 -0.0087972 1.47454 1.59755 1.64951 0.016517 -0.037001 0.061609
37.2473 38.5284 36.007 -0.588955 -0.0877103 -0.258926 36.9302 37.4212 35.6538 -0.582755 -0.501796 -0.779556
24.8842 24.7162 24.7861 -0.147098 -0.0355901 -0.0416224 24.0994 24.773 25.0777 -0.196975 -0.216057 0.313244
37.212 38.4669 36.0345 -0.551334 -0.0131354 -0.179749 36.8115 37.3405 35.6782 -0.672152 -0.42573 -0.633179
-1.92792 -1.46462 -0.753288 0.0863069 -0.0329801 0.0399037 -0.8701 -2.17616 -0.864469 0.204031 0.069247 0.048202
25.2952 25.0905 25.2264 -0.22871 -0.0505098 -0.0471431 24.3903 25.1597 25.4747 -0.167275 -0.251228 0.308818
37.1643 38.4373 36.1397 -0.564926 0.0357459 -0.0832082 36.7486 37.3269 35.7914 -0.657931 -0.393025 -0.515432
-0.0409049 -0.000281856 -0.134344 -0.369192 0.115027 0.23001 0.161151 0.089633 0.010595 0.048017 0.060841 0.226202
0.0227702 -0.102575 -0.176923 -0.26802 -0.121924 -0.21662 0.173039 -0.001297 0.007996 0.047444 -0.081488 -0.251153
38.9196 64.4691 50.2682 -0.573094 -0.442019 -0.340147 39.7522 62.5679 51.0457 -0.18568 -0.369001 -0.329619
0.0589577 -0.0457634 -0.0995386 -0.338701 0.140813 0.205242 0.226402 0.063265 0.085845 -0.094378 0.04509 0.179459
1.04833 0.858768 0.956187 -0.204003 0.12753 -0.0524038 1.14167 1.08291 1.20839 0.127837 0.091801 0.032715
-3.83046 -3.81015 -5.44441 -0.598709 4.35773 -0.322896 -4.2196 -5.33421 -5.69194 -1.01954 4.27995 0.010145
-0.0321448 0.0213874 -0.0371334 -0.482791 0.112404 0.249951 0.118783 0.081914 0.16898 -0.035577 -0.008772 0.215179
0.0408297 -0.0444974 -0.053081 -0.526121 -0.0583671 -0.27196 0.120678 0.051119 0.305465 -0.182137 0.027046 -0.410018
-24.2165 -24.0443 -24.8544 0.238424 0.0661433 -0.104038 -24.2724 -24.0804 -25.0483 0.09371 0.015982 0.077621
24.9921 25.223 25.3145 0.019755 -0.0603106 0.182612 24.5555 25.0566 25.0926 -0.207251 -0.062777 0.2035
-0.0489111 -0.0181642 -0.104555 -0.495715 -0.115602 -0.232767 0.055298 0.094337 0.313807 -0.125412 -0.109055 -0.335963
39.5199 64.4176 49.9105 -0.618709 -0.506964 -0.321053 40.0176 62.8225 50.6366 -0.23738 -0.369988 -0.329633
-22.6472 -22.8049 -22.5898 -0.0260234 -0.0819822 -0.00547602 -23.5621 -23.3512 -22.3213 0.017899 -0.131082 -0.027477
0.0967516 -0.004054 -0.10571 -0.507383 0.257226 0.22104 0.207517 0.015632 0.220036 -0.129033 0.084955 0.134255
-22.6595 -22.8169 -22.5992 -0.0318814 -0.0792299 -0.00429641 -23.5944 -23.3823 -22.3157 0.010299 -0.127361 -0.024355
0.067968 -0.00583849 0.0385777 -0.576436 0.000655114 -0.123754 0.133514 0.033583 0.452318 -0.174632 0.020348 -0.268575
0.0279138 0.0177196 -0.00811181 -0.547845 0.0911592 0.16026 0.095472 0.052496 0.325668 -0.124776 -0.028553 0.006994
0.0154695 0.0176046 0.000937199 -0.54804 0.0895656 0.158622 0.081639 0.051496 0.329071 -0.127049 -0.032761 0.005484
0.00677416 -0.0469062 0.000687949 -0.521613 0.127797 0.120195 0.12686 -0.000221 0.402287 -0.156957 0.031583 -0.028202
0.00047769 -0.0543598 0.00198736 -0.518247 0.127841 0.118428 0.118844 -0.006155 0.409033 -0.150965 0.038178 -0.034524
-10.4141 -9.96251 -9.44422 0.00271792 0.00800407 -0.0561628 -10.3587 -10.3172 -9.73419 -0.016374 -0.017886 -0.011907
0.349859 -0.251459 0.0447209 -0.519776 0.194355 0.266094 0.544922 -0.303131 0.513005 -0.076149 0.216103 -0.00776
0.341476 -0.0625405 0.0988627 -0.518325 -0.118549 0.336201 0.461698 -0.133496 0.496294 -0.078791 -0.101683 0.085672
0.261275 0.769281 0.057313 -0.222636 -0.10278 -0.0709764 0.521819 1.19399 -0.013782 -0.168586 -0.00486 -0.0832
25.3006 26.0271 26.0823 -0.0205924 -0.235419 0.0289504 24.9593 26.0136 26.2322 -0.509599 -0.269407 -0.170645
0.354446 -0.200921 0.101487 -0.542005 0.00204723 0.305859 0.509922 -0.243176 0.568494 -0.083735 0.071768 0.003444
0.123211 -0.0125845 0.152033 -0.557838 -0.32283 -0.0534731 0.317855 -0.033121 0.526343 -0.247793 -0.198894 -0.215861
-23.3303 -23.1696 -25.4078 0.105566 0.0474344 -0.0828318 -23.1345 -22.956 -26.5534 0.002683 0.03871 -0.025606
-2.81166 -2.35986 -1.53768 0.0708927 -0.0277406 0.0362964 -1.94625 -3.15054 -1.68098 0.180067 0.058618 0.046539
0.234649 0.871756 0.138215 -0.256715 0.0861298 0.024198 0.536245 1.26428 0.070666 -0.225124 0.281433 -0.005933
-24.6218 -24.4067 -24.7805 0.00446289 0.0667543 -0.0260625 -24.3957 -24.2925 -24.6018 -0.086682 0.003248 -0.059545
0.45232 -0.211231 0.424383 -0.406636 0.881776 0.607494 0.255606 0.020069 0.12494 -0.629654 0.995852 0.400816
0.442084 -0.201526 0.405697 -0.529639 0.840886 0.494839 0.17965 0.036545 0.121924 -0.713829 0.972534 0.256097
0.38703 -0.0955424 0.39822 0.247132 -0.705057 -0.186329 0.205549 0.027728 0.056713 0.467203 -0.79405 -0.633851
0.340435 -0.100606 0.367284 0.330096 -0.605478 0.0721088 0.124873 0.021892 -0.05847 0.484064 -0.675671 -0.328582
0.388136 -0.147042 0.394349 0.420976 -0.508557 0.202701 0.176514 0.021285 -0.089368 0.547909 -0.548314 -0.165274
-0.385048 -1.18912 -1.22091 -0.791676 0.425362 0.222496 -0.677521 -0.916061 -1.52369 -0.874025 0.664953 -0.123548
0.465019 -0.232769 0.440308 -0.104516 0.261466 0.440865 0.183865 0.003145 -0.015354 -0.14766 0.283487 0.169192
0.44348 -0.185158 0.382064 6.84742e-07 5.42593e-07 0.318832 0.034 0.039579 0.009376 -2e-06 -0 -0.000562
0.44348 -0.185158 0.382064 6.84742e-07 5.42593e-07 0.318832 0.034 0.039579 0.009376 -2e-06 -0 -0.000562
0.438523 -0.189692 0.378947 -6.47206e-07 -1.85578e-07 0.325593 0.027106 0.030577 0.014549 -0 -1e-06 0.006552
0.436909 -0.191208 0.377992 1.42833e-06 1.23944e-06 0.327852 0.024408 0.024601 0.014114 1e-06 -3e-06 0.008335
0.42697 -0.155238 0.373986 -0.166575 -0.026431 0.168836 0.035204 0.04064 0.002476 -0.172543 -0.024535 -0.194972
-0.327433 -1.19482 -1.16851 -0.7023 0.353784 0.199738 -0.656021 -0.914429 -1.5088 -0.783677 0.57311 -0.147422
-0.349889 -0.712305 -0.0376363 -7.92995e-06 2.16501e-05 0.292423 -0.770553 -0.438475 -0.421583 -6e-06 3.7e-05 -0.024148
-0.0884519 -0.908299 -0.148042 7.1941e-06 -1.20861e-06 0.348863 -0.459402 -0.733448 -0.4742 -3e-06 -7e-06 0.012821
0.974463 0.551346 0.914393 -9.34402e-06 7.00552e-06 0.303153 0.526226 0.832106 0.515022 -6.8e-05 0.000103 0.000333
0.889162 0.339071 1.19813 0.0317452 0.160155 0.317469 0.47701 0.557553 0.839636 0.028835 0.173451 -0.003222
1.2803 0.35566 0.849025 6.48419e-08 -3.80238e-07 0.33702 0.931674 0.529512 0.464485 1e-06 0 0.013754
-0.00772791 -0.717403 -0.448973 0.00693495 -0.222129 0.317119 -0.400407 -0.453926 -0.850512 0.006509 -0.239625 0.000733
-0.0198783 -0.72697 -0.462707 0.00971123 -0.226811 0.319477 -0.415328 -0.462408 -0.864755 0.007763 -0.2454 0.004357
0.908864 0.353777 1.21819 -0.00991439 0.220753 0.333677 0.476483 0.528253 0.928662 -0.009532 0.249974 0.010133
-0.849156 -1.69452 -2.05965 -0.863516 0.256889 0.197708 -1.1238 -1.3986 -2.3195 -0.958794 0.514814 -0.118198
-10.9756 -10.952 -10.9792 0.102202 -0.0521083 -0.0391446 -10.165 -10.1345 -10.3874 -0.008211 -0.038265 0.110381
-0.411872 -1.27017 -1.23812 -0.344956 -0.0200795 0.22616 -0.750699 -1.02498 -1.59476 -0.382342 0.081517 -0.090847
-0.574115 -1.56062 -0.63143 5.19333e-07 -1.84933e-05 0.36958 -0.902386 -1.39219 -0.917346 5.6e-05 4.7e-05 0.009067
1.31198 0.887441 2.02988 0.529753 -0.221885 0.328606 1.13242 0.914968 1.65463 0.589152 -0.369528 0.041589
1.83907 1.45895 2.82074 0.825315 -0.311527 0.210851 1.57027 1.54281 2.67134 0.943538 -0.468679 -0.09744
1.48568 1.26722 1.42371 -4.09135e-07 4.06952e-07 0.278406 1.01661 1.55922 0.999933 1e-06 0 0.001085
1.54338 1.33516 1.48259 -7.37672e-07 8.14711e-07 0.284244 1.04154 1.69154 1.03084 -8e-06 -5e-06 -0.003958
-0.815788 -1.77151 -2.07416 -0.711302 0.1319 0.164182 -1.12699 -1.49698 -2.35166 -0.802731 0.360477 -0.151757
0.204408 0.911617 0.18729 -0.214342 0.0558688 0.0278662 0.556777 1.21182 0.161614 -0.115847 0.222733 -0.000591
-1.05457 -2.19926 -1.11166 3.05771e-06 -4.11109e-06 0.368012 -1.36208 -2.00371 -1.38388 1.5e-05 -6e-06 -0.017548
1.72513 1.40364 2.76041 0.603403 -0.106701 0.323103 1.54026 1.37445 2.49523 0.680171 -0.240894 0.070785
2.02662 2.00636 1.96445 6.30894e-07 6.786e-07 0.274526 1.55214 2.28328 1.51972 -0 -1e-06 0.021589
-1.93148 -1.71141 -0.850677 1.00936e-06 6.26059e-07 0.265354 -2.3716 -1.36588 -1.20129 0 1e-06 -0.039271
-1.96751 -1.70514 -0.879026 -1.44605e-06 -1.89768e-06 0.282348 -2.43062 -1.3497 -1.19571 0 0 -0.023659
2.8728 1.42166 1.74623 1.85066e-06 -3.35422e-06 0.347213 2.64328 1.54952 1.31538 -0 0 0.036253
37.5215 38.3023 34.8276 0.0870865 0.400351 0.325691 38.4349 38.9989 34.1151 -0.170471 0.235382 0.033058
-0.797707 -1.69694 -2.02649 0.00017299 -0.649504 0.291419 -1.1487 -1.3365 -2.42101 -0.001193 -0.662305 -0.01198
0.385104 0.692311 0.0317867 -0.204281 -0.30972 -0.153675 0.567385 1.17458 0.043098 -0.148548 -0.243415 -0.111228
0.290052 0.769956 0.150463 -0.188149 -0.106235 -0.430181 0.51203 1.22211 0.111735 -0.105791 -0.00326 -0.46999
24.0926 24.4804 24.6978 -0.544899 0.0949439 -0.625282 22.9909 24.4774 25.235 -0.675367 0.1131 -0.402519
0.473967 0.578961 0.000818636 -0.230435 -0.44088 -0.285808 0.592707 1.06782 0.037974 -0.089065 -0.337625 -0.262945
0.230406 -0.0429504 0.336064 -0.533312 -0.23346 0.0130369 0.39372 -0.072408 0.760551 -0.247741 -0.196595 -0.164297
0.217007 -0.0418964 0.3568 -0.528444 -0.228561 0.00361794 0.371488 -0.06352 0.780031 -0.241348 -0.194796 -0.174376
-0.0329651 0.890726 -0.6187 -3.23159e-07 1.45444e-06 0.0932532 0.344395 -0.056173 -0.016107 0 0 0.2425
-0.0642911 0.874987 -0.623747 2.73322e-06 -2.309e-06 0.0722957 0.297611 -0.055122 -0.024456 0 0 0.189223
-0.120914 0.859354 -0.646833 1.90625e-06 2.38599e-07 0.0771492 0.213045 -0.023383 0.001697 0 0 0.186785
-0.148747 0.85269 -0.653364 -3.25291e-07 2.05422e-06 0.0367548 0.201365 0.001354 0.022404 0 0 0.119169
-0.134324 0.873716 -0.645077 3.95123e-07 8.23098e-07 -0.0903149 0.19971 0.027691 0.001454 0 0 -0.055671
-0.176876 0.847195 -0.666704 2.85703e-06 1.07169e-07 0.0393499 0.143257 0.025277 -0.003906 0 0 0.009359
-0.199656 0.839721 -0.660388 -8.24879e-07 1.96244e-06 1.18043e-06 0.094118 0.026694 0.02027 0 0 0
-0.199656 0.839721 -0.660388 -8.24879e-07 1.96244e-06 1.18043e-06 0.094118 0.026694 0.02027 0 0 0
-0.145215 0.873069 -0.648776 1.52273e-06 1.3283e-06 0.125183 0.172092 0.029448 -0.000596 0 0 0.106951
-0.197407 0.841146 -0.659103 -0.217713 1.74499e-06 7.72417e-06 0.094404 0.026663 0.021208 -0.264056 0 0
-0.19035 0.849901 -0.67141 -1.82026e-06 -1.05628e-06 -0.1454 0.100829 0.047259 -0.004331 0 0 -0.179582
-0.190678 0.841232 -0.657503 6.86955e-08 3.45677e-06 -0.197212 0.098557 0.027764 0.0186 0 0 -0.251676
-0.171566 0.860256 -0.658661 -4.04012e-07 3.09335e-07 0.21465 0.103105 0.034002 -0.013797 0 0 0.259345
-11.59 -11.6209 -11.5181 -0.0761266 0.0951568 0.0493004 -10.9184 -11.0577 -11.0013 -0.155849 0.144621 0.052699
-0.605209 0.264537 -1.62808 -1.9074e-08 -6.08009e-07 -1.08518e-06 -0.210503 -0.535672 -0.881864 0 0 0
0.291544 1.85653 -0.0738329 -2.28326e-06 3.77042e-06 -8.1679e-06 0.504676 0.972487 0.581591 0 0 0
-0.194517 0.840352 -0.663655 0.423414 3.13966e-06 -4.55292e-06 0.096821 0.044152 0.011509 0.499034 0 0
-0.191879 0.843407 -0.657496 -0.431154 -8.13352e-07 -2.37449e-06 0.094073 0.038911 0.018828 -0.519206 0 0
0.218139 1.43001 0.329795 -1.20906e-06 -5.99144e-07 1.22191e-06 0.423169 0.587854 0.978285 0 0 0
-0.205121 0.823197 -0.67664 -2.61427e-06 -0.680859 -8.90623e-06 0.101882 0.069131 0.011928 0 -0.53295 0
-0.196082 0.836459 -0.653816 -3.38011e-06 0.721963 -2.26301e-06 0.103984 0.045851 0.040713 0 0.677376 0
-1.68982 -0.207214 -2.0044 -1.15739e-06 -4.44306e-07 -2.96983e-06 -1.31004 -0.941006 -1.16253 0 0 0
-0.182703 0.843512 -0.649161 -0.643697 6.26723e-06 -5.03885e-06 0.094627 0.053255 0.01999 -0.78446 0 0
-1.7808 -0.646401 -1.62569 3.39337e-07 -1.32384e-06 -2.13608e-06 -1.42104 -1.26009 -0.833288 0 0 0
-1.08591 -0.740826 -2.19829 -1.70329e-06 1.01455e-06 -1.4209e-08 -0.603953 -1.43246 -1.44026 0 0 0
1.42866 2.34319 0.347768 -4.63996e-07 -5.17077e-07 3.99633e-06 1.65062 1.36867 0.909946 0 0 0
1.44093 2.36941 0.35055 -1.60717e-08 4.12497e-07 1.14909e-05 1.66743 1.40894 0.908112 0 0 0
-1.14869 -1.15609 -1.81802 1.07231e-06 -6.1453e-07 -4.73585e-06 -0.698404 -1.66598 -1.13356 0 0 0
0.782694 2.86292 0.521575 4.11031e-07 -1.12578e-06 1.45223e-07 0.919272 1.97201 1.14583 0 0 0
-2.41356 -0.10987 -1.43705 8.17546e-07 -3.81351e-07 1.12196e-05 -2.12994 -0.746071 -0.582593 0 0 0
-0.45052 0.197391 0.855179 1.67045e-06 -8.12834e-07 -9.84877e-07 -0.242805 0.761786 0.283713 0 0 0
2.04576 1.833 0.170135 1.54549e-06 1.43243e-06 1.47677e-06 2.36399 0.887632 0.650763 0 0 0
-1.60334 -2.15715 -2.36935 -3.93058e-07 -5.08336e-07 -4.23204e-07 -1.07146 -2.4744 -1.68157 0 0 0
0.258681 0.91488 0.221586 -0.267983 0.163684 0.0397117 0.629783 1.29623 0.222399 -0.257217 0.384558 -0.06176
0.275013 0.905162 0.245824 -0.270779 0.161183 0.0418527 0.643702 1.28502 0.236434 -0.265932 0.393465 -0.055285
-3.45308 -0.542098 -1.77659 8.3251e-07 -1.83436e-07 6.96385e-06 -3.13335 -1.1219 -0.838782 0 0 0
-13.1649 -13.1837 -13.0838 -0.173174 0.0712575 0.0409629 -12.7274 -12.8308 -12.7013 -0.123186 0.055484 -0.115556
-3.2653 -2.03897 -2.55831 -2.69313e-08 2.22366e-06 2.33054e-06 -2.8238 -2.41164 -1.71507 0 0 0
3.22575 2.39088 0.67221 8.98397e-07 1.46609e-08 1.38006e-05 3.60767 1.29332 1.0167 0 0 0
-1.9383 -2.26988 -3.66971 -1.04147e-07 -2.02092e-08 1.45638e-05 -1.26939 -2.80848 -2.8293 0 0 0
3.01577 3.08065 2.23327 -3.28573e-07 7.56456e-08 6.49779e-06 3.12252 2.01723 2.62191 0 0 0
3.09627 3.83076 1.40678 -9.79425e-07 1.07327e-06 3.88697e-06 3.29113 2.78359 1.82933 0 0 0
-13.2372 -13.2519 -13.1624 -0.172966 0.0637784 0.0363018 -12.8175 -12.9075 -12.7899 -0.101684 0.038307 -0.118619
0.0224988 -0.0425833 -0.20314 -0.706333 0.588434 0.134662 0.071073 0.080909 0.246486 -0.293436 0.420371 0.013313
-24.2232 -24.0508 -24.9942 0.184352 0.0729485 -0.100916 -24.2715 -24.173 -25.1715 0.045388 0.033124 0.080727
-3.20629 -2.74811 -1.88779 0.0649589 -0.0245819 0.0350997 -2.43136 -3.57072 -2.04524 0.168363 0.053324 0.045404
-4.69293 -3.41632 -3.43682 7.1062e-07 -1.28688e-06 -2.81142e-06 -4.18925 -3.52279 -2.5279 0 0 0
0.200955 0.824603 0.339452 -0.257643 0.0777624 0.069913 0.630548 1.10017 0.362013 -0.185048 0.255536 0.033439
-5.19231 -5.08019 -3.51638 0.0703907 -0.0215189 -0.0357211 -5.26061 -5.00487 -3.45863 0.035317 -0.004567 -0.002219
4.72056 4.26519 3.75828 1.46526e-06 9.86277e-07 1.44576e-05 4.72803 3.08994 3.99542 0 0 0
4.80334 5.31729 2.51055 -1.01737e-07 -4.59895e-06 -6.62738e-06 4.98232 4.25484 2.77016 0 0 0
2.58188 5.75788 4.27797 2.32834e-07 -3.21521e-07 -1.01194e-07 2.36655 4.75841 4.74563 0 0 0
-13.207 -11.3873 -12.5142 1.2314 0.0613111 -0.732444 -12.4239 -10.9861 -12.2019 0.973356 -0.105932 -0.612679
-3.08128 -3.12063 -2.51486 -0.0395402 -0.132742 0.0128816 -3.34988 -3.17218 -2.62274 0.006809 -0.078211 0.03841
-13.5507 -13.5474 -13.521 -0.133216 0.017764 0.00517415 -13.2906 -13.2773 -13.287 -0.046006 -0.008892 -0.11502
-13.5775 -13.5731 -13.5545 -0.117669 0.012015 0.00135154 -13.3664 -13.3432 -13.3646 -0.043568 -0.008548 -0.108731
0.348926 0.935541 0.327158 -0.265125 0.0305793 -0.0596683 0.732797 1.26015 0.461281 -0.291219 0.185503 -0.121449
-15.1822 -14.2673 -17.4152 0.646299 -0.150451 -0.135188 -14.0725 -13.3034 -17.5447 0.501294 -0.080251 0.114509
-13.6143 -13.6071 -13.6026 -0.0761571 0.0040909 -0.00267418 -13.3539 -13.374 -13.369 -0.02939 -0.027446 -0.038929
40.9338 64.7866 49.5834 -0.80922 -0.653349 -0.30697 40.8537 63.8247 50.0989 -0.475778 -0.320999 -0.245309
-19.499 -19.4018 -19.2073 -0.0656833 0.316424 0.0349261 -19.8691 -19.029 -20.2457 -0.083901 0.1355 0.088287
2.43519 2.6529 3.80898 0.285371 0.134166 -0.26723 3.30823 2.9369 3.52051 0.031796 0.329832 -0.571871
2.98803 2.75222 5.1047 -0.210261 0.0442382 -0.178618 3.79999 3.06776 4.52975 -0.458351 0.192613 -0.450804
-17.2447 -17.0291 -18.8908 0.00454857 -0.0565647 -0.385394 -16.8761 -16.4669 -18.583 0.11131 0.082029 -0.398789
0.563448 0.794423 0.337377 -0.301723 -0.402552 -0.246108 0.76028 1.14065 0.632635 -0.259195 -0.371908 -0.122427
5.52134 4.68435 4.52277 -0.781394 0.26368 0.375747 5.30626 4.29352 3.83227 -0.609408 0.052088 -0.005417
1.55853 0.26095 0.0733165 0.0268778 -0.235976 0.0411237 1.16414 0.175726 0.052236 0.001238 -0.268569 0.056072
1.55878 0.261114 0.0736683 0.0268606 -0.2359 0.0413721 1.16214 0.178853 0.053504 0.001633 -0.2689 0.05573
1.80803 1.30758 0.978714 -1.08018e-07 0.677256 6.04019e-07 1.1697 1.24867 0.763277 0 0.623351 0
-0.617112 -0.423775 -0.589252 0.00291408 0.00408996 0.0815656 0.175446 0.308983 -0.578592 -0.01113 0.09282 0.048449
0.480201 0.684405 0.334656 -0.351108 -0.566705 -0.274347 0.587877 0.975183 0.43545 -0.3179 -0.441061 -0.109652
-11.1301 -0.351303 2.99396 0.255133 0.14577 -0.22041 -11.8284 -0.816076 3.5675 0.801168 0.394268 -0.218521
0.598002 1.13116 0.396226 -0.254531 -0.190056 0.598166 1.02656 1.60129 0.347216 -0.130726 -0.056062 0.532557
1.60663 0.246291 0.143845 0.0210616 -0.231675 -0.256081 1.17736 0.163267 0.148233 -0.000482 -0.266221 -0.286051
1.60843 0.240119 0.162899 0.0334858 -0.230382 0.3174 1.19264 0.141631 0.152055 0.00356 -0.265782 0.388812
3.04428 2.86788 5.10561 -0.158085 0.0429623 -0.214516 3.86619 3.19104 4.53515 -0.380694 0.186843 -0.488821
-3.56926 -3.09811 -2.2087 0.0600895 -0.0212613 0.0342173 -2.88556 -3.94787 -2.38008 0.157017 0.047247 0.042738
3.04195 2.90289 5.08386 -0.145679 0.0441859 -0.226826 3.8605 3.2234 4.52185 -0.359956 0.181147 -0.499048
3.01163 2.95891 4.94632 -0.0947891 0.0625872 -0.259444 3.83206 3.26624 4.42336 -0.300413 0.183842 -0.519785
2.95605 2.97917 4.72165 -0.00371514 0.102349 -0.297207 3.76395 3.25802 4.26981 -0.206997 0.205858 -0.564878
-6.28079 -2.40863 -6.70847 0.713587 2.28973 0.265033 -6.23735 -3.66386 -6.97016 0.071964 2.5683 0.546537
-1.01795 -1.03363 -0.74665 0.0126948 -0.00340649 -0.00682873 -1.1182 -1.13196 -1.70078 0.011482 -0.008605 -0.017343
1.50557 0.294276 -0.0455746 0.0238637 0.253104 0.0338855 1.22952 0.257847 0.146429 0.010058 0.290228 0.050418
1.63681 0.17877 0.323325 0.0180867 -0.226251 -0.2736 1.21816 0.061125 0.394486 -0.004082 -0.261662 -0.337702
1.62516 0.166061 0.359208 0.0360381 -0.223451 0.311591 1.25549 0.02521 0.406291 0.001393 -0.258224 0.4081
1.48597 0.21028 -0.0787832 0.0298039 -0.684135 0.0325745 1.22384 0.235633 0.160019 -0.006511 -0.833878 0.048757
1.60124 0.162732 0.32789 0.0416942 -0.226991 0.346007 1.22193 0.039528 0.375281 0.006425 -0.255814 0.450478
1.21887 0.00388873 0.661276 0.0266202 -0.230338 0.0232905 1.15693 0.022684 0.809345 0.00226 -0.262405 0.05094
1.36337 0.0296245 0.678584 0.036671 -0.227394 -0.000302236 1.15537 0.057401 0.830657 0.014484 -0.256477 -0.06382
1.3814 0.0352355 0.685042 0.0182027 -0.22613 0.024606 1.16438 0.067188 0.832042 -0.008642 -0.256091 0.146082
1.28036 -0.00936811 0.600838 0.0346694 -0.236851 -0.00291846 1.11122 0.003543 0.734482 0.010383 -0.260107 -0.053966
1.52718 0.0789523 0.60373 0.035773 -0.221007 0.128282 1.14071 0.045219 0.662714 0.011417 -0.252928 0.105742
1.56468 0.0997381 0.580135 0.01965 -0.222851 -0.104097 1.19494 0.046532 0.678864 -0.009506 -0.253523 -0.049978
-4.38379 -2.46869 -5.78696 0.125855 3.51767 -0.0623279 -4.68623 -3.78009 -6.11487 -0.492037 3.34237 0.619907
0.251655 1.10479 0.581206 -0.116297 -0.286398 -0.93804 0.392774 1.78144 0.673575 -0.141976 0.108036 -0.873958
-5.13492 -5.14757 -5.12956 0.00963062 -0.00410821 -0.00784456 -4.84701 -4.85969 -5.60592 0.00994 -0.008271 -0.016583
-3.90048 -3.41115 -2.4998 0.0561524 -0.0179265 0.0335564 -3.29258 -4.25047 -2.68562 0.148101 0.040547 0.038426
86.2887 87.1943 86.7455 0.558287 0.0415413 -0.245587 87.4849 87.3714 87.8681 0.453806 0.141701 0.105052
24.8314 24.8986 24.8126 -0.00363362 0.0140254 0.0673978 24.4781 24.5822 24.5053 0.085206 -0.030236 -0.025409
-16.151 -15.3588 -18.3716 0.594741 -0.0869366 -0.148696 -15.1577 -14.4737 -18.6848 0.44913 -0.065754 0.098028
-20.2628 -19.8766 -19.7485 -0.0497124 0.336391 0.0225665 -20.9538 -19.2195 -20.6029 -0.076967 0.143261 0.028491
5.28224 5.04614 5.08002 -0.364369 -0.0320403 0.0318879 5.50457 5.49444 5.32271 0.140723 -0.004553 0.007337
-4.57162 -4.67614 -4.30627 -0.287599 -0.0115471 0.0122774 -4.65543 -4.68863 -4.54546 0.011899 0.000217 0.015709
26.6756 26.4635 26.3913 0.244139 -0.168584 -0.0373221 26.4168 26.4523 26.4117 0.48726 -0.364261 -0.090879
-0.915811 -0.531311 -0.821399 -0.0391735 -0.218222 -0.0413393 -0.925158 -0.623964 -0.783113 0.027032 -0.133922 -0.044713
26.3501 26.2724 26.1312 0.2827 -0.318514 0.0480711 26.0477 26.109 25.9825 0.426863 -0.395388 -0.091237
1.33502 1.80097 1.36218 -0.0125329 -0.219907 -0.0275171 1.46651 1.77571 1.52729 0.032801 -0.135421 -0.036637
26.1838 26.1667 26.0099 0.278485 -0.349687 0.0723635 25.8717 25.9644 25.802 0.399362 -0.374277 -0.078794
-11.1659 -0.738968 3.08368 1.05783 0.351606 0.0719368 -11.4964 -0.854388 3.15991 0.892527 0.583065 0.134078
-20.527 -19.963 -19.8088 -0.0453707 0.32933 0.0152014 -21.3359 -19.1158 -20.5529 -0.080062 0.148548 0.030262
-17.8241 -15.0995 -16.3269 0.123363 0.0461845 -0.11874 -17.5333 -13.9523 -14.6037 0.07847 0.066869 -0.035534
-19.4435 -19.4026 -20.9107 -0.035169 0.0774101 -0.0446965 -18.2013 -18.1436 -22.2598 -0.050629 0.009907 -0.005813
0.10006 -0.657009 -0.657015 0.0920066 0.0952324 0.0920002 -0.213077 -0.924882 -0.924882 -0.103177 -0.031677 -0.103178
-19.9381 -19.7222 -20.3427 0.312165 -0.100274 -0.152457 -20.0125 -19.9904 -20.0645 0.19183 -0.167834 -0.034564
0.121372 -0.787005 -0.787008 0.304471 1.21005 0.304471 -0.336732 -1.05575 -1.05575 0.7185 0.725076 0.718501
0.168344 -0.685949 -0.685953 -0.251465 1.2859 -0.251468 -0.222297 -0.891783 -0.891783 0.019709 1.05759 0.019709
0.0742737 -0.817893 -0.817885 0.296486 1.21685 0.296489 -0.370874 -1.04377 -1.04377 0.707635 0.721427 0.707635
-21.8628 -22.0779 -23.8126 -0.210881 -0.0069437 -0.201247 -21.3946 -21.4625 -24.9982 0.006373 0.054072 -0.342081
0.321664 -0.450665 -0.450662 0.111306 0.0789648 0.111302 0.059175 -0.804458 -0.804458 0.041955 0.118924 0.041954
0.340461 -0.532644 -0.532657 -0.297072 1.27416 -0.297078 0.010254 -0.751344 -0.751344 -0.14507 1.28426 -0.14507
0.427427 1.25951 1.09304 -0.115847 -0.359945 -0.974324 0.574533 1.94125 1.24965 -0.132968 0.0448 -0.869547
1.65489 0.703372 -0.0851523 0.0189823 0.55272 0.0225667 1.32152 0.719399 0.345154 0.009647 0.776809 0.029921
-4.19994 -3.68866 -2.76072 0.0530039 -0.0147096 0.0330471 -3.65898 -4.51879 -2.96388 0.143104 0.035021 0.036349
-24.4731 -24.3758 -25.2874 0.191478 0.0459312 -0.0930554 -24.4914 -24.403 -25.313 0.063244 0.002435 0.082405
36.8766 66.7274 57.4734 -0.7022 -0.0640777 -0.0856445 39.3038 64.7094 57.2074 -0.417019 -0.092241 -0.249643
1.65035 0.661149 -0.053512 0.0353904 -1.01675 0.0222424 1.29276 0.733142 0.381691 -0.006086 -1.31144 0.032383
27.8011 27.3786 27.591 0.243331 0.00971283 -0.181101 27.4026 27.236 27.2587 0.564002 -0.172331 0.0762
-23.092 -23.1482 -25.2068 -0.10112 0.0557359 -0.108363 -22.1946 -22.1541 -26.8202 -0.079636 0.125032 -0.172375
0.928991 -0.167137 -0.167144 -0.0153945 -0.302196 -0.0153965 0.92473 -0.397823 -0.397823 0.239333 -0.181195 0.239332
11.4624 11.4392 12.8766 0.02169 -0.0022937 -0.00456141 10.8519 10.8419 10.9876 0.010373 -0.011367 -0.020402
-0.984869 -0.235098 -0.375465 0.0834058 -0.104346 0.0851369 -0.152271 -0.904987 -0.057963 0.158555 -0.030253 -0.003506
-0.996464 -0.235478 -0.363845 0.0963923 -0.108398 0.0836143 -0.177417 -0.896267 -0.044481 0.171749 -0.037349 0.01354
-17.0081 -16.2857 -19.1641 0.564732 -0.0509571 -0.154013 -16.1246 -15.4648 -19.6531 0.407634 -0.060498 0.0694
5.85689 5.8429 7.22159 -0.0123049 -0.00418667 0.00753746 5.15251 5.15188 6.79249 -0.001092 -0.01712 0.029929
-20.7051 -20.6845 -20.6592 0.0400124 -0.0839369 0.0668247 -20.7071 -20.7207 -20.7041 -0.067377 0.040765 0.172455
-20.7168 -20.6944 -20.6658 0.0343006 -0.0841555 0.0611126 -20.7162 -20.7195 -20.711 -0.067229 0.040601 0.16243
-1.05425 -0.208591 -0.369353 0.0876136 -0.108703 -0.229489 -0.216248 -0.894001 0.063929 0.169556 -0.040313 -0.376119
-1.07067 -0.200449 -0.366931 0.0819209 -0.104188 0.399238 -0.238345 -0.869257 0.049105 0.146726 -0.025936 0.3718
-6.41491 -6.50994 -6.05784 -0.287359 -0.00796145 0.00874135 -6.48881 -6.52557 -6.30333 0.004741 -0.002808 0.011259
0.23272 4.18667 -4.60707 -5.51011e-07 0.0556418 -4.06942e-07 0.855143 2.81772 -3.09824 0 -0.035776 -0
0.612667 -0.790388 -0.370105 -0.339703 -0.0085119 -0.0379615 1.06438 -0.423523 -0.486377 -0.411376 0.093941 -0.024218
0.613762 -0.825559 -0.381112 -0.336201 -0.0137249 -0.0353153 1.05695 -0.441981 -0.491417 -0.382807 0.066571 -0.026285
-1.0995 -0.105309 -0.312951 0.0845281 -0.420414 0.0851118 -0.161176 -0.81135 -0.053895 0.163088 -0.422529 -0.009465
1.10408 -0.120408 -0.120407 -0.179115 1.26509 -0.17912 1.02171 -0.214665 -0.214665 -0.547418 1.37947 -0.547418
-20.7568 -20.7295 -20.6887 0.0125505 -0.0845478 0.0396931 -20.7593 -20.7324 -20.7441 -0.061597 0.041324 0.12995
-0.173581 -0.46319 -0.280002 0.250797 0.00407267 0.0070571 0.021059 0.010578 -0.008731 0.009077 -0.002535 -0.004391
-0.170364 -0.446211 -0.221452 0.238893 0.000820177 0.0014201 0.037725 0.008549 0.051784 0.025267 -0.003122 -0.005408
-0.209014 -0.462789 -0.311687 0.133825 0.00427398 0.00871432 0.009887 0.028964 -0.035905 -0.237808 -0.00584 -0.0111
-0.0503293 -0.349485 -0.0690681 0.259079 0.000549892 0.00096458 0.182162 0.120695 0.217397 0.053232 -0.005679 -0.009838
-0.162909 -0.467717 -0.25504 0.415412 0.00416734 0.00525508 0.021657 -0.013205 0.015373 0.310505 -0.004643 -0.001057
-1.44554 2.54921 -6.34926 -5.53585e-07 0.0487175 3.82087e-07 -0.951325 1.06662 -4.77471 0 -0.031537 -0
-0.284764 -0.431236 -0.345261 0.137224 0.00186723 0.009324 -0.037514 0.08108 -0.076652 -0.363508 -0.01104 -0.024269
-0.264452 -0.445841 -0.346504 0.0862292 0.00416261 0.0107668 -0.025268 0.065583 -0.07925 -0.414769 -0.006931 -0.017681
0.274239 -0.044318 0.710081 0.275893 0.00406607 0.00704492 0.488112 0.446452 0.936578 0.036079 -0.0043 -0.007448
-0.201842 -0.445352 -0.332301 -0.054487 0.00453558 0.0105608 0.01681 0.064678 -0.066245 -0.56795 -0.003373 -0.009797
-0.182264 -0.458186 -0.27583 0.243748 0.173097 0.210262 0.029411 0.013588 -0.007709 0.014924 0.345591 0.335775
-0.17739 -0.466995 -0.277259 0.253899 -0.169169 -0.19881 0.01793 0.013982 -8.6e-05 0.009371 -0.360637 -0.350421
2.97306 3.6083 3.39956 0.337767 -0.320716 -0.152692 2.60616 3.3109 3.15367 0.394033 -0.386119 -0.127038
-0.176855 -0.436729 -0.25116 0.206481 0.232754 0.285622 0.075273 0.036932 -0.017231 0.020015 0.433143 0.401196
-0.179212 -0.42816 -0.251304 0.205344 0.234975 0.289005 0.064936 0.044453 -0.01242 0.011393 0.449951 0.421708
-0.191233 -0.446332 -0.263231 0.222909 0.244068 0.296189 0.039423 0.023721 -0.012477 0.013296 0.481613 0.461734
2.0514 5.96402 -2.69582 2.43072e-07 0.0632017 -2.8516e-07 2.5942 4.49181 -1.35862 0 -0.039848 -0
-0.186785 -0.454485 -0.272311 0.244781 0.262235 0.315427 0.034791 0.016161 -0.005486 0.024068 0.530136 0.517949
-1.05013 -1.27664 -2.20532 0.196168 0.00314082 0.00543854 -0.87906 -0.828601 -1.82832 -0.043698 -0.001179 -0.002042
0.734077 0.38459 1.71508 0.302706 0.00377186 0.00653394 0.975056 0.900011 1.90765 0.064991 -0.004651 -0.008057
0.094388 0.0116478 -0.247903 0.0716085 -0.0120721 -0.020904 0.435644 0.376074 0.027269 0.051589 -0.017437 -0.030203
1.5869 1.25924 1.61831 0.283739 0.00382447 0.00663469 1.88127 1.86068 1.87706 0.017833 -0.00228 -0.00395
5.34036 6.00463 5.23 0.0263787 -0.235301 -0.00803132 5.6389 5.96398 5.54831 0.040888 -0.153896 -0.018798
-1.46995 -1.65638 -3.10371 0.161476 0.00194613 0.00337153 -1.31539 -1.22759 -2.64199 -0.076038 -0.000774 -0.001341
1.21108 0.830509 2.74876 0.329573 0.00318986 0.00552675 1.46279 1.35637 2.92058 0.092161 -0.004972 -0.008611
0.876182 1.54103 0.450507 -0.102629 -0.137505 -0.742044 1.00945 2.20257 1.11146 -0.007696 0.043205 -0.625665
-2.58437 -2.8609 -1.92453 0.239474 0.00244946 0.00424335 -2.55742 -2.61416 -1.71483 0.049145 -0.003685 -0.006383
2.47041 2.1689 1.55144 0.261095 0.0043747 0.00757347 2.82986 2.87205 1.85356 -0.036538 -0.000481 -0.000834
-20.7995 -20.7706 -20.7155 -0.0159724 -0.0832947 0.013151 -20.7912 -20.7307 -20.7796 -0.044148 0.043476 0.084705
-20.8045 -20.7761 -20.7192 -0.0201662 -0.0829289 0.00944245 -20.7992 -20.7332 -20.7863 -0.041769 0.043514 0.078069
-3.36486 -3.52579 -3.74749 0.139347 -0.00207394 -0.00359357 -3.37922 -3.3199 -3.40474 -0.051365 -0.010464 -0.018125
-2.19588 -2.2068 -2.99139 -2.08925e-05 -0.0185773 1.68041e-05 -2.42129 -2.43748 -2.48099 -2.2e-05 0.061704 1.5e-05
-0.634852 -0.478986 -1.4772 -2.8184e-05 0.0602099 1.43259e-05 -0.88897 -0.815748 -1.13196 -3.8e-05 0.016302 -1.3e-05
3.47446 3.10969 3.62853 0.315919 0.00460642 0.00798786 3.85734 3.82641 3.87689 0.026788 -0.001246 -0.002158
-3.67802 -3.89114 -2.6813 0.184532 5.30668e-05 8.38951e-05 -3.73429 -3.75765 -2.53781 0.02023 -0.012305 -0.021313
1.15951 1.16606 1.64588 -0.0057124 0.00182975 0.00316946 1.55726 1.51482 1.94048 0.036747 -0.022424 -0.038839
-1.37737 -1.70037 -1.13752 0.0632452 -0.0192993 0.00456643 -1.06345 -1.61709 -0.92742 0.125304 -0.065778 -0.021543
1.36984 1.69127 1.52578 -0.404319 -0.260909 -0.131211 1.5199 2.2356 1.84073 -0.104787 -0.212068 -0.222264
8.41595 8.40245 9.94808 -0.0118912 -0.00417983 0.00748964 7.68508 7.67917 9.46975 -0.005448 -0.01629 0.028509
-1.74395 -2.0251 -1.46746 0.0522978 -0.0105936 -0.00104255 -1.48841 -1.92986 -1.22042 0.094568 -0.05007 -0.03568
-1.18609 -0.114407 -0.285421 0.0941245 -0.120758 -0.425403 -0.33316 -0.757405 0.215035 0.158056 -0.057578 -0.53885
1.49846 1.96683 2.64634 -0.351017 -0.379837 -0.0757766 1.61417 2.65943 3.28389 -0.088055 -0.268124 0.07823
-2.31763 -2.08497 -1.77286 0.011312 0.0032794 -0.00594282 -2.17617 -1.97529 -1.50927 0.022751 -0.01259 -0.069424
6.70036 7.06019 6.64109 -0.0811345 -0.106412 -0.444874 6.72877 6.71237 6.3088 0.078609 -0.097707 -0.080807
-2.04072 -2.11605 -1.65183 -0.0532712 0.00255489 0.0065654 -1.82588 -2.00047 -1.39162 -0.01527 -0.032204 -0.007535
6.96547 7.35388 7.12012 -0.231384 -0.390772 -0.773134 7.09516 6.9124 6.86879 0.051521 -0.44074 -0.271104
-3.83426 -3.83841 -4.70102 -3.24504e-05 -0.0163012 3.70544e-05 -4.01848 -4.02074 -3.9702 -2.3e-05 0.062078 8e-06
0.896521 1.58429 0.393357 -0.0654636 -0.107379 -0.843472 1.06621 2.30569 1.10365 0.012547 0.073928 -0.650296
1.15414 1.58355 2.40802 -0.219433 -0.459204 -0.421868 1.26702 2.2533 2.68966 -0.156915 -0.139907 -0.423727
-4.7876 -4.9299 -5.34488 0.123206 -0.00133774 -0.00231701 -4.915 -4.86163 -4.95211 -0.04622 -0.004373 -0.007575
-4.82228 -5.00309 -5.39532 0.156563 0.000585265 0.00101204 -4.93047 -4.92333 -5.02172 -0.006186 -0.002178 -0.003773
-1.08435 0.140689 -0.586744 0.0749802 0.319681 0.0694032 -0.095847 -0.663117 -0.293682 0.141649 0.392631 -0.013791
2.5278 2.91289 1.84523 0.0290982 -0.0723312 -0.153509 2.2474 2.30141 1.68334 0.078427 -0.042144 -0.294783
-1.31868 0.144919 -0.397015 0.0829462 -0.553549 0.0803072 -0.340776 -0.543685 -0.131437 0.153728 -0.523989 -0.019812
-10.8998 -11.4926 -11.3304 1.02322 -0.232977 -0.208906 -10.1581 -11.1814 -10.6813 1.4316 -0.491762 0.094607
1.30617 0.115021 0.11501 0.310098 0.165537 0.310099 1.40663 0.140446 0.140446 0.648026 0.228205 0.648025
-3.35521 -3.23735 -3.33671 -0.0154695 0.0160542 0.0346902 -3.31264 -3.24242 -3.43528 -0.003208 0.061438 0.044719
-1.86801 -2.02317 -1.37154 -0.100905 0.000879826 0.0197358 -1.55911 -1.85068 -1.15557 -0.05623 -0.058511 0.034736
-0.389989 -0.141686 0.432198 0.263136 -0.0277088 -0.109951 0.198665 0.09615 0.439771 0.38894 0.061556 -0.211394
-0.367936 -0.123021 0.455014 0.259556 -0.0223394 -0.11017 0.236654 0.120268 0.468366 0.396708 0.073142 -0.21016
-17.6648 -16.9716 -19.7283 0.543395 -0.0276029 -0.154867 -16.869 -16.2221 -20.3815 0.378461 -0.061605 0.049082
6.86236 7.61574 6.69216 0.0387097 -0.245118 -0.00197184 7.19394 7.51314 7.05359 0.050956 -0.162123 -0.010929
1.29227 -0.0423356 -0.0423244 -0.00382341 -0.0636179 -0.00382433 0.468665 0.132465 0.132465 0.370717 0.104445 0.370717
-0.729578 -0.450396 0.157094 0.250307 -0.0854635 -0.107966 -0.239699 -0.225828 0.122599 0.27091 -0.081053 -0.154997
-1.24527 0.0182324 -0.078857 0.0876831 -0.121025 -0.4168 -0.404612 -0.512472 0.281361 0.146944 -0.064805 -0.458488
1.19022 -0.194385 -0.194378 2.98312e-06 8.8931e-08 5.09438e-06 -0.017138 -0.023038 -0.023038 0 -0 -0
1.3215 -0.0949413 -0.0949466 1.86981e-06 1.5324e-07 5.53301e-06 0.091685 0.065907 0.065907 -0 0 0
1.16752 -0.205056 -0.205036 0.236734 0.213233 0.236724 -0.032793 -0.033268 -0.033268 0.230436 0.202491 0.230436
1.16802 -0.208252 -0.208255 -0.254262 -0.233245 -0.254261 -0.028369 -0.037792 -0.037792 -0.25161 -0.219051 -0.25161
5.57046 5.57055 4.86371 9.35997e-05 2.46468e-05 -5.76612e-05 5.393 5.39271 4.95832 -0.000248 -0.000395 0.000685
1.15058 -0.213559 -0.213561 -0.376006 -0.337806 -0.376018 -0.001388 -0.040947 -0.040947 -0.27156 -0.281951 -0.27156
1.16027 -0.213082 -0.21308 0.451512 0.40223 0.451517 -0.028587 -0.02491 -0.02491 0.427722 0.374452 0.427722
1.16475 -0.208997 -0.208992 -0.513749 -0.471986 -0.513744 -0.024359 -0.026449 -0.026449 -0.501967 -0.443395 -0.501966
1.16952 -0.207324 -0.207325 -0.617846 -0.557289 -0.617846 0.045826 -0.021497 -0.021497 -0.484406 -0.474639 -0.484406
-0.980216 0.226873 -0.46643 0.0783972 -0.49792 0.0417386 -0.062846 -0.530479 -0.224531 0.134026 -0.248624 -0.042176
-23.8321 -23.683 -25.7875 0.105969 0.0453289 -0.0793546 -23.5034 -23.3864 -26.6475 0.010882 0.054724 -0.018005
-0.97236 0.258462 -0.33977 0.0900693 -0.508524 0.0449393 -0.071547 -0.527354 -0.095542 0.151503 -0.255826 -0.013584
1.55875 0.0798838 0.0798927 -0.083981 -0.155772 -0.0839815 1.20495 0.365875 0.365875 0.401375 0.015115 0.401374
-1.55339 -2.66257 -2.19952 9.48512e-07 1.2548e-07 5.56959e-06 -2.48297 -2.17843 -1.9472 0 -0 -0
4.15368 2.5419 2.02079 1.74466e-06 -1.98067e-08 -1.22719e-06 2.70317 2.57979 1.92732 -0 0 0
-21.4159 -19.7485 -19.0882 -0.0100784 0.315643 0.00817731 -22.5689 -18.4815 -19.6991 -0.108816 0.163117 0.035523
-19.7653 -20.1831 -20.2521 0.00234051 -0.0666028 -0.25662 -19.5299 -20.239 -19.7672 0.111136 -0.092222 -0.312244
-2.51308 -3.63816 -3.63817 -1.1374e-06 1.36829e-06 -6.95252e-06 -3.26795 -3.24897 -3.24897 0 -0 -0
5.20679 3.62781 3.62779 -3.73656e-06 -5.38268e-07 5.86623e-07 3.58922 3.59125 3.59125 -0 0 0
5.33003 3.74249 3.74248 2.06968e-07 6.44953e-07 4.43356e-06 3.68811 3.70933 3.70933 -0 0 0
5.56651 3.88399 3.10833 5.62798e-07 6.70398e-07 1.17796e-05 4.00017 3.55729 3.19221 -0 0 0
5.57226 3.88019 3.11643 1.42111e-06 -9.75956e-07 -3.9321e-06 4.00534 3.73481 3.04118 -0 0 0
-2.9612 -3.9582 -3.22203 2.7681e-06 4.05111e-07 6.87778e-07 -3.75506 -3.5827 -2.68612 0 -0 -0
7.57008 7.72518 6.74639 -2.99808e-05 0.0595286 1.15295e-05 7.51517 7.68063 7.08046 -1.9e-05 0.04793 -0.00012
-1.21591 0.132786 0.190053 0.0887285 -0.125286 -0.230976 -0.389444 -0.300426 0.322062 0.150995 -0.069997 -0.26647
-1.25123 0.149037 0.185964 0.0859507 -0.120462 -0.243348 -0.42856 -0.304932 0.329884 0.149313 -0.058632 -0.273497
-1.22399 0.16082 0.284614 0.086951 -0.129498 0.358358 -0.37658 -0.299165 0.396365 0.138242 -0.023848 0.20145
-5.3165 -5.31642 -6.31831 6.39451e-05 3.09452e-05 -5.09076e-05 -5.59155 -5.59136 -5.62688 0.000163 1e-05 -1.7e-05
-1.15553 0.198289 0.301011 0.0912323 -0.123338 0.0649094 -0.35636 -0.214098 0.317599 0.15446 -0.064279 -0.04391
6.3319 6.44905 5.11082 0.000520265 0.0736134 -0.0837111 5.72536 5.80973 4.87766 0.094336 0.111047 -0.083215
-0.978665 0.147151 -0.154983 0.0731157 -0.111519 0.0530066 -0.158197 -0.218366 -0.02981 0.124236 -0.022259 -0.019546
6.4323 6.5514 5.19813 0.00456712 0.0705529 -0.0945442 5.79324 5.87502 4.93359 0.097508 0.118923 -0.084871
7.90149 7.90157 7.21763 9.54149e-05 2.46404e-05 -5.89651e-05 7.77824 7.77831 7.4221 6e-05 0.000124 -0.000215
-1.06643 0.269071 -0.0961088 0.0887786 -0.420806 0.0597957 -0.277082 -0.345079 0.137716 0.138678 -0.176726 -0.021496
-4.17317 -5.19021 -5.19021 3.16803e-06 -3.79826e-07 2.9875e-06 -4.68904 -4.66865 -4.66865 0 -0 -0
-1.49656 0.350292 -0.65114 0.0790395 -0.641008 0.0624767 -0.508443 -0.348631 -0.318423 0.161546 -0.425909 -0.052544
-4.20546 -5.21747 -5.21747 1.44631e-06 2.14461e-07 2.29266e-06 -4.72541 -4.71185 -4.71185 0 -0 -0
-9.31762 2.30495 10.649 0.00295889 -0.0624545 -0.0423601 -9.34599 0.897689 11.5572 -0.012233 -0.065002 -0.088264
-25.2205 -25.0139 -25.4108 0.0049358 0.0659923 -0.0209407 -24.6882 -24.7058 -24.7929 -0.102668 -0.014873 -0.072226
-0.907798 0.217243 0.0513113 0.0811623 0.127159 0.0451054 -0.118373 -0.351545 0.210234 0.134818 0.116422 -0.001735
-6.95216 -6.78154 -8.00191 -2.88773e-05 0.0669058 1.9301e-05 -6.97484 -7.02566 -6.8179 -4.4e-05 -0.006348 -0.000268
8.48512 9.33899 8.24627 0.0506932 -0.257512 0.00392458 8.84923 9.17063 8.64739 0.061587 -0.170133 -0.003127
1.96649 1.07124 0.762841 0.0199479 0.700946 0.00589711 1.52138 1.34628 1.0974 0.008051 1.09277 0.02625
-7.11651 5.2772 14.2834 -0.00914869 -0.06869 -0.084764 -6.79451 3.76886 15.3343 -0.007923 -0.064603 -0.111067
-12.7073 -11.5462 -13.6579 0.0540831 0.514667 0.15324 -11.997 -10.966 -13.0356 0.064361 0.200552 -0.071305
-1.2572 -1.60343 -0.223673 -0.166788 0.00449762 0.0966058 -0.767612 -1.19928 -0.293332 -0.095436 -0.123588 0.138922
-24.6607 -24.5609 -25.5334 0.190842 0.0405588 -0.0929199 -24.68 -24.5966 -25.4278 0.063846 -0.004174 0.072937
-0.643285 -0.809348 -0.809345 -2.24017e-06 -1.07485e-07 5.43531e-07 -0.667659 -1.26035 -1.26035 0 -0 -0
46.86 68.518 96.5626 -0.112214 -0.124019 0.514989 49.1288 66.1047 94.3506 -0.102224 -0.576347 0.095815
-1.01957 -1.44576 0.173417 -0.189245 0.0099678 0.138063 -0.500528 -0.980322 -0.030214 -0.11484 -0.133657 0.173256
12.8207 16.8504 8.76833 -3.17484e-07 0.103015 6.84262e-09 13.4844 14.8314 9.26103 0 -0.062477 0
-8.23539 -8.23532 -9.17396 6.81688e-05 2.92179e-05 -5.37039e-05 -8.37136 -8.37112 -8.56339 0.00021 7.9e-05 -0.000137
-2.49789 -2.01927 -1.93569 0.00489136 0.0157299 0.0200128 -1.92865 -2.16829 -1.92284 0.037398 -0.020711 0.039464
-15.1037 -15.5206 -17.7719 0.137863 -0.173076 -0.128349 -14.4647 -14.4057 -18.2557 0.499618 -0.053709 -0.561637
0.87444 0.572562 0.453805 0.0499094 -0.103317 -0.127562 0.616937 0.349221 0.288244 0.087551 -0.088504 -0.125849
0.876013 0.592777 0.482095 0.0464401 -0.0883132 -0.125488 0.598651 0.371191 0.315827 0.085897 -0.085353 -0.118527
-4.19504 -4.10402 -3.88033 0.0168638 -0.0280212 -0.196056 -4.56349 -4.56778 -4.16882 -0.035348 -0.020953 -0.103228
0.41208 0.256477 0.230999 0.0300031 -0.0140362 -0.0827157 0.020848 -0.079434 -0.047464 0.041482 -0.01834 -0.093599
0.108942 0.0193278 0.0108283 0.0129294 -0.00600535 -0.0495079 -0.263706 -0.316784 -0.282282 0.021836 -0.015025 -0.050284
-9.64325 -9.64202 -10.5141 -9.54724e-06 -0.00729749 1.72045e-05 -9.70261 -9.67225 -9.62841 0.001104 0.052928 4e-06
-0.162362 -0.188727 -0.193421 -0.000476344 -0.00767686 -0.014613 -0.524866 -0.543965 -0.526362 0.005939 -0.01853 -0.011956
3.57631 4.16858 3.94155 0.0170806 0.0286676 0.0210548 4.40013 4.05431 4.27376 0.040257 -0.027647 0.032564
0.868035 1.5675 0.665579 0.0306593 -0.508382 -0.00439574 1.05663 1.21529 1.86286 -0.006229 -0.656828 0.028484
1.12618 1.58371 0.855524 0.02476 0.227655 0.00851975 1.24208 1.39549 1.94566 -0.005534 0.414356 0.047868
-4.36784 -3.88852 -3.73007 0.00311206 0.0115225 0.0211503 -3.8554 -4.01837 -3.76767 0.040977 -0.012403 0.033169
0.139496 0.000334633 -0.0129128 -0.213575 -0.0976841 0.0567664 -0.098839 -0.393956 -0.420218 -0.207122 -0.092508 0.015228
1.3387 1.334 1.334 1.50787e-07 -3.85552e-07 9.634e-08 0.996763 0.965819 0.965819 -0 0 0
0.832715 1.62865 0.728147 0.0299676 -0.15875 -0.00657742 0.966996 1.47209 1.7737 -0.001676 -0.116693 0.013334
1.62982 1.671 1.77237 0.0259554 -0.614762 -0.00686382 1.76906 1.71369 2.5187 -0.001885 -0.721609 -0.00195
-9.50468 -9.50458 -10.3963 6.67804e-05 4.04808e-05 -5.49806e-05 -9.20879 -9.20705 -10.3921 0.001509 2.3e-05 -3.9e-05
1.10344 -0.241951 0.13229 -0.0718865 0.0121246 -0.00338635 1.64988 -0.094041 0.03889 0.001635 -0.043992 -0.018387
1.10275 -0.242801 0.130067 -0.0721447 0.0122327 -0.00391903 1.64908 -0.09478 0.03702 0.001771 -0.043129 -0.018475
1.11266 -0.251847 0.13085 -0.0789807 0.00989516 -0.00892542 1.66397 -0.105616 0.031109 0.000416 -0.0551 -0.018096
0.126035 0.0713198 0.0745249 0.0280079 -0.00973712 0.0495772 -0.271427 -0.37287 -0.383052 0.02568 0.017624 0.071488
0.254954 0.172105 0.170825 -0.106407 0.102738 0.0637793 -0.214856 -0.274695 -0.206482 -0.045317 0.139071 -0.022802
1.381 1.6599 0.64777 0.0284592 -0.161427 -0.0549261 1.33388 1.87481 1.79679 -0.014085 -0.161627 0.005299
1.06197 -0.294077 0.127556 -0.144463 -0.023651 -0.246106 1.61832 -0.072314 0.07131 -0.059636 -0.064132 -0.302938
-3.28685 -3.29353 -3.29353 -3.01242e-06 -2.41052e-06 -2.41125e-06 -3.89637 -3.92023 -3.92023 0 -0 -0
1.14436 -0.334361 0.170831 -0.0976532 0.311659 0.0341398 1.68182 -0.148999 0.170077 0.011213 0.303201 0.010278
15.6439 15.8336 14.784 -4.28564e-05 0.0712611 1.75269e-05 15.4211 15.6061 15.1314 0.00011 0.061825 -0.000193
16.2132 16.1713 15.6111 -2.33162e-05 -0.0336589 -8.03057e-06 15.8845 15.8417 15.6788 -5.7e-05 0.06626 -2.1e-05
0.570973 0.469635 0.487934 0.0472539 -0.027309 0.0899346 0.114503 -0.04958 -0.056288 0.034767 -0.002417 0.11553
1.10728 -0.268874 0.237231 -0.0966083 0.0438484 0.261158 1.44403 -0.094839 0.229439 -0.022427 0.023483 0.275939
-1.88254 1.03876 -3.04323 2.30995 0.454011 -1.52025 -1.45295 0.83856 -2.65501 1.78726 0.087104 -0.904185
1.01663 -0.259161 0.271132 -0.21564 -0.175979 0.209661 1.44514 -0.08277 0.306603 -0.113781 -0.188202 0.267806
1.06893 -0.279558 0.199252 -0.239083 -0.039585 -0.297911 1.45808 0.018953 0.25099 -0.136271 -0.017208 -0.351381
79.7466 80.8667 78.9667 -0.211389 0.309063 0.042582 80.3001 81.0446 79.7591 -0.236566 0.542254 0.283889
-13.6557 -13.9147 -14.1501 -0.0907919 0.00286189 -0.03576 -13.0059 -13.1126 -14.0447 -0.068531 -0.016059 -0.037353
-16.3714 -16.7637 -18.9158 6.27516e-05 -0.132809 -0.134732 -15.8717 -15.7888 -19.6179 0.362201 0.010756 -0.510298
1.0732 -0.249255 0.338385 -0.144757 0.0538678 0.175177 1.3251 -0.060726 0.409204 -0.074918 0.018514 0.18878
1.07846 -0.255916 0.337671 -0.152094 0.0610833 0.181352 1.31018 -0.044211 0.413758 -0.089245 0.015796 0.198227
1.22167 -0.381853 0.307926 -0.186347 -0.416636 -0.154174 1.68726 -0.260347 0.439421 -0.084395 -0.387612 -0.07828
-1.99093 -0.011897 0.176528 -0.155571 -0.03359 -0.143404 -1.42436 0.513477 -0.340633 -0.258823 0.199539 -0.265343
1.26786 -0.366642 0.303987 -0.188076 0.275884 0.128737 1.6948 -0.238186 0.458949 -0.031642 0.234062 0.040384
1.1277 -0.316739 0.376756 -0.257747 -0.282353 0.225025 1.52594 -0.149288 0.504952 -0.150592 -0.311477 0.231925
-11.8374 -11.8717 -12.4483 0.327699 -0.226228 0.138533 -10.9375 -10.8264 -11.5437 0.578839 -0.16725 -0.02446
-0.178563 -0.772832 1.53869 -0.179681 0.0270099 0.25548 0.378235 -0.166542 0.902642 -0.140774 -0.166619 0.256998
0.9069 -0.260743 0.360294 -0.288494 0.0492027 0.0288948 1.1818 -0.002956 0.621356 -0.183045 -0.02699 0.058684
0.96932 -0.245209 0.378579 -0.316933 0.00129836 -0.0586602 1.16414 0.030749 0.643952 -0.176635 -0.033416 -0.028612
-12.8133 -12.9692 -13.1687 0.240347 0.0634529 0.0509235 -12.2496 -12.1932 -12.2934 0.139402 0.022279 0.029437
1.11272 -0.307357 0.281747 -0.231474 0.462808 0.181227 1.44419 -0.085824 0.568465 -0.141689 0.243161 0.209552
-13.4453 -12.6262 -14.0753 -0.0450477 0.754167 0.282039 -13.0215 -12.2957 -13.7477 -0.017714 0.305866 0.062435
0.989051 -0.245414 0.36215 -0.311302 0.0258798 -0.0643408 1.15353 0.072165 0.634619 -0.168625 -0.026891 -0.048077
0.924457 -0.212975 0.426158 -0.256993 0.17644 -0.112683 1.2246 0.070584 0.780623 -0.165005 0.124767 -0.08238
0.861339 -0.22267 0.414666 -0.305535 -0.194946 -0.0448759 1.12645 0.129527 0.615242 -0.22073 -0.147414 -0.096391
0.928448 -0.211015 0.399379 -0.319609 0.0656199 0.0255322 1.14234 0.082074 0.624165 -0.219463 -0.053467 0.046163
1.26619 -0.364351 0.449689 -0.276473 -0.134536 0.229672 1.59447 -0.231632 0.68952 -0.138599 -0.187641 0.147635
-12.2169 -12.5469 -13.8259 -0.0993428 0.0276932 -0.0643987 -11.248 -11.7716 -13.5592 -0.236104 -0.018936 -0.075143
1.31041 -0.361529 0.445799 -0.258706 0.0779059 0.189965 1.66449 -0.262035 0.695064 -0.098402 0.019003 0.094566
1.29472 -0.373582 0.449224 -0.256958 0.0768674 0.190006 1.65073 -0.283563 0.703083 -0.103861 0.013099 0.097161
1.03157 -0.211027 0.50601 -0.306018 -0.439464 0.0370431 1.2919 0.063543 0.71941 -0.222371 -0.281942 -0.01641
1.11336 -0.234935 0.603098 -0.27689 0.242724 -0.153741 1.36518 -0.053072 0.888497 -0.162546 0.024343 -0.096463
-0.114853 -0.114728 -0.0656115 -4.90564e-05 -3.83013e-06 -5.9277e-08 -0.064304 -0.064296 -0.02093 1e-06 -1e-06 -0
0.246239 0.246078 0.338158 3.91016e-05 -5.88804e-07 1.8264e-06 0.395726 0.395726 0.406654 0 -0 0
0.67919 0.320284 0.327034 -4.48597e-05 -1.87611e-07 -1.10126e-06 0.969671 0.307454 0.417005 1e-06 1e-06 1e-06
-0.500798 -0.500271 -1.05945 -5.60799e-05 -0.0881256 2.37073e-06 -0.44498 -0.446065 -0.889875 -0 -0.216413 -1e-06
-1.33336 -1.33322 -1.42502 5.7768e-07 5.40801e-07 -3.63334e-07 -1.35851 -1.35851 -1.30871 0 0 0
1.46303 0.796433 0.727657 -3.27073e-05 -1.1594e-06 6.56886e-06 2.01256 0.697443 0.866653 3e-06 0 -3e-06
-1.62556 -0.956678 -0.8245 6.69889e-05 -7.64826e-07 -6.61019e-08 -1.91184 -0.712742 -0.827051 -0 -2e-06 -1e-06
1.28768 -0.428623 0.562853 -0.360005 -0.171053 0.308463 1.66984 -0.289467 0.741744 -0.226767 -0.223489 0.237411
1.92574 1.92561 2.18125 4.66316e-06 2.45664e-06 -2.00039e-06 2.23156 2.23156 2.23854 0 -0 0
-2.29233 -1.41278 -1.19447 5.3696e-05 2.9465e-06 -4.51674e-07 -2.82301 -1.06456 -1.21753 -5e-06 -3e-06 2e-06
2.33131 1.21951 1.1406 -2.12184e-05 2.78861e-06 6.6111e-07 3.04556 1.01735 1.34928 -0 0 -2e-06
1.06755 1.06992 2.98003 -5.93156e-05 0.254399 -3.86623e-06 1.31972 1.34883 2.87429 -5e-06 0.653705 -1e-06
1.70211 0.315753 0.239772 0.0273111 0.0202864 -0.154549 2.05845 0.068809 0.152725 0.056833 0.048914 -0.115764
1.20641 -0.207731 0.774938 -0.276215 -0.313502 0.111227 1.47891 -0.009924 0.935406 -0.238525 -0.243827 0.046227
1.72437 0.263157 0.284495 0.0295886 0.0211369 -0.154982 2.09954 0.060996 0.080977 0.060687 0.041001 -0.103619
1.18769 -0.240713 0.740478 -0.288908 -0.300428 0.110839 1.43823 -0.025367 0.952449 -0.250149 -0.250371 0.043298
-1.22018 -1.33726 -1.40223 -0.0718735 0.00109142 0.0101973 -1.37369 -1.57198 -0.859701 -0.028405 -0.000722 0.013314
-1.08133 -1.30396 -1.32986 -0.115321 0.00255025 0.0169403 -1.21422 -1.52582 -0.788786 -0.070541 -0.001142 0.021556
-0.011661 -0.629894 -0.728543 0.0977422 -0.00437364 0.0757328 -0.001865 -0.784568 -0.174225 0.142961 -0.033879 0.107723
-0.364032 -0.941357 -0.957801 -0.0322521 0.00167716 0.0619772 -0.398269 -1.12594 -0.416363 0.019992 -0.023316 0.085526
-1.01136 -1.26671 -1.28506 -0.124111 0.00293144 0.0207215 -1.13372 -1.47776 -0.745093 -0.077283 -0.003406 0.024626
-0.90824 -1.21937 -1.22418 -0.124632 0.00313627 0.027043 -1.01514 -1.42274 -0.684049 -0.074761 -0.00644 0.031762
1.74207 0.304188 0.273708 0.0309008 0.0233971 -0.362227 1.99988 0.136686 0.153806 0.051587 0.041467 -0.341433
18.7647 18.9738 17.8802 -3.64495e-05 0.0780337 1.99351e-05 18.4185 18.6087 18.1418 -0.000454 0.065078 -5.7e-05
1.75778 0.280021 0.234655 0.0317261 0.0161845 -0.359906 2.03727 0.108115 0.091021 0.041321 0.02333 -0.331324
-17.162 -17.5367 -19.6846 -0.0139784 -0.106404 -0.135816 -16.7658 -16.6817 -20.5317 0.314976 0.032486 -0.470573
22.702 22.6765 26.1977 0.0290983 0.00129998 0.00142196 23.5814 23.5729 24.6389 0.011257 -0.014086 -0.02513
1.26982 -0.482158 0.600396 -0.387809 0.169645 -0.257854 1.51003 -0.378564 0.896722 -0.24887 -0.073987 -0.184953
80.7083 81.4539 67.6565 0.503973 0.0931355 -0.322948 80.9971 81.8781 67.4775 0.343798 0.294691 -0.119534
-14.411 -13.7177 -14.3758 0.54922 0.142408 -0.216679 -13.6294 -12.901 -13.8224 0.600242 0.03963 -0.045567
-21.9453 -21.8773 -21.7791 0.116213 0.0188278 -0.0832949 -22.4367 -22.3608 -21.5483 0.063959 -0.009145 -0.104434
-21.9504 -21.8797 -21.7869 0.108288 0.0226509 -0.0753161 -22.4372 -22.3715 -21.547 0.062307 -0.007654 -0.087065
-21.9535 -21.8794 -21.79 0.103527 0.0253502 -0.0707714 -22.4375 -22.3722 -21.5435 0.062435 -0.006538 -0.07701
1.77369 0.417082 0.44878 0.00257806 0.549017 -0.132238 2.13777 0.399698 0.21176 0.050841 0.439368 -0.090078
-11.717 -11.5453 -12.5873 -2.42073e-05 0.0674611 2.35522e-05 -11.6606 -11.622 -12.1153 -7e-05 0.037245 1.1e-05
3.89282 2.70666 2.59714 0.0475454 -0.155858 0.104264 3.87821 2.65298 1.89993 -0.030905 0.073847 0.299677
1.75968 0.477314 0.457372 0.046932 -0.55431 -0.127552 2.16491 0.40324 0.225533 0.057211 -0.409737 -0.121325
1.80148 0.40982 0.447272 0.0282337 0.0171853 0.0284732 1.90794 0.343957 0.359385 0.055086 0.039592 0.179187
1.77198 0.388859 0.408887 0.0277894 0.0160918 0.0618431 1.90208 0.345702 0.289214 0.055693 0.035572 0.229506
1.8012 0.587447 0.38373 0.0309685 0.0157266 -0.3306 1.74524 0.346873 0.374162 0.036307 0.036622 -0.246854
53.826 53.4341 53.0681 0.077362 -0.240994 0.08564 53.1735 52.7983 53.7918 0.024965 0.094243 0.069692
1.10344 -0.241951 0.13229 -0.0718865 0.0121246 -0.00338635 1.98864 0.069706 0.286409 -0.070351 0.004273 -0.038301
0.987314 0.535187 0.649277 0.0163829 0.0983758 -0.0991422 0.830873 0.635361 0.897307 -0.084931 0.100384 0.06101
1.73776 0.649854 0.397623 0.0347411 0.0153912 -0.323917 1.71821 0.378575 0.4754 0.037617 0.032683 -0.238285
1.84184 0.571888 0.503701 0.0259073 0.0179118 -0.147595 1.70484 0.49167 0.610361 0.053785 0.0307 -0.007835
1.39625 -0.313153 0.242589 -0.42904 0.0204841 0.189148 1.38665 -0.37108 0.963391 -0.269762 -0.076439 0.176468
-0.764526 -0.0379876 -0.44103 -0.415683 -0.17074 0.0943359 -0.738665 -0.292192 0.035519 -0.590934 -0.071038 -0.126709
1.77648 0.664935 0.462231 0.0273966 0.0145752 -0.306277 1.64859 0.48939 0.739116 0.041254 0.0287 -0.241391
1.77494 0.65758 0.478542 0.0243955 0.0146872 -0.311626 1.66547 0.483953 0.701006 0.042918 0.029563 -0.252218
1.69482 0.620943 0.399013 0.0284935 0.0180005 -0.414942 1.64314 0.415885 0.503877 0.036535 0.031121 -0.347462
-0.726491 -0.000929563 -0.545961 -0.411022 -0.424689 0.00970714 -0.65524 -0.293579 -0.121746 -0.535719 -0.298554 -0.214931
-0.787892 -0.0462854 -0.37446 -0.430497 0.0156394 0.159082 -0.788133 -0.259886 0.081069 -0.606305 0.196688 -0.025733
-15.1552 -15.6663 -16.1394 0.960746 -0.80933 -0.279041 -14.9401 -15.4055 -15.9064 1.00425 -0.803553 -0.140998
-14.2567 -14.8818 -15.1797 1.07675 -0.86756 -0.301155 -13.905 -14.5341 -14.9483 1.18977 -0.865629 -0.134926
-0.702192 -0.0243305 -0.571229 -0.357108 -0.152711 -0.287239 -0.625484 -0.206994 -0.244682 -0.484674 -0.118226 -0.472534
-0.714722 0.0186342 -0.431584 -0.466815 -0.19064 0.516612 -0.613787 -0.191287 -0.002743 -0.615862 -0.081094 0.197196
-0.689689 0.101847 -0.553402 -0.452112 -0.676202 -0.0765662 -0.584896 -0.209452 -0.188362 -0.52671 -0.472053 -0.273412
26.7601 26.7605 30.1594 -2.2244e-06 8.22448e-07 -3.26142e-07 28.6334 28.6334 27.7286 -0 -0 0
-0.468463 -0.152332 0.96367 0.442319 0.33419 0.239788 0.042538 0.972731 0.47275 0.391038 0.306993 -0.046284
-12.6323 -12.4627 -13.4405 -2.70578e-05 0.0665918 2.79382e-05 -12.6776 -12.671 -13.0819 0.000806 -0.004858 -0.001479
-0.75853 0.0227522 -0.335873 -0.42443 0.0595481 0.197318 -0.73553 -0.249065 0.005567 -0.588545 0.246262 -0.027693
-0.0500913 -0.358057 1.16047 0.240473 0.224969 0.263591 0.520673 0.800465 0.647799 0.277352 0.201408 0.032501
-0.592846 0.227293 -0.71887 -0.480117 -0.723157 -0.104121 -0.596619 -0.138076 -0.351298 -0.535327 -0.599418 -0.286173
0.0307501 -0.365578 1.24032 0.214543 0.189433 0.271918 0.605918 0.780966 0.730407 0.263752 0.177562 0.052942
-0.859782 -0.00296596 -0.625362 -0.347519 0.0195807 0.240329 -0.561478 -0.250165 -0.487679 -0.459975 0.250668 -0.028521
0.598283 0.389466 0.423503 -0.318508 0.00240681 -0.0018921 0.730467 0.777199 0.531197 0.017347 0.03235 -0.013589
23.2075 23.2037 25.7559 -0.00357296 -0.00344991 0.00606523 23.0138 22.9822 25.6265 -0.027409 -0.009795 0.017231
-20.9506 -21.2374 -21.2976 -0.0638059 -0.143808 -0.0979144 -21.0967 -21.3415 -21.4236 -0.018912 -0.099135 -0.142045
-1.57758 -1.7686 -1.65178 -0.307748 0.00180654 -0.00308648 -1.57653 -1.52582 -1.73521 -0.000208 0.031206 -0.011603
-0.467368 0.257888 -1.10216 -0.357214 -0.462548 0.0566915 -0.469017 0.033978 -0.89001 -0.470197 -0.257402 0.034495
1.93927 0.896343 0.632681 0.00897817 -0.791019 -0.152659 2.42149 0.896961 0.570018 0.021278 -0.801315 -0.051858
1.92159 0.885697 0.599881 0.0191131 -0.78963 -0.151872 2.39892 0.878959 0.600129 0.012531 -0.802565 -0.046948
1.91304 0.876088 0.62753 0.0281076 0.844539 -0.146004 2.40339 0.87076 0.659037 0.068281 0.901363 -0.075181
0.313529 -0.291878 1.57292 0.182847 0.102536 0.305455 0.872804 0.81976 1.0103 0.250268 0.136841 0.109613
-0.873321 0.17115 -0.620671 -0.301545 -0.0396768 0.363454 -0.704303 -0.104818 -0.493156 -0.476516 0.094565 0.083591
-0.852261 0.225584 -0.668746 -0.24681 -0.0740835 0.418971 -0.682358 -0.072283 -0.55564 -0.449394 0.042898 0.148621
-2.54235 -2.72817 -2.57268 -0.306485 0.00142383 -0.00342741 -2.64522 -2.58938 -2.76478 -0.001213 0.030163 -0.010401
0.704867 0.128841 2.52627 0.141483 0.0139149 0.334369 1.35841 0.976626 1.72787 0.141948 -0.052221 0.186336
-18.4738 -18.7643 -20.9442 -0.060207 -0.0533292 -0.135611 -18.096 -18.0494 -21.8815 0.256564 0.028451 -0.34316
-0.668621 0.11493 -0.547191 -0.40397 -0.22326 -0.568889 -0.601821 0.075841 -0.120965 -0.542176 -0.161594 -0.710513
-0.557381 0.177559 -0.433698 -0.454591 -0.18971 0.106624 -0.553883 -0.062851 -0.177154 -0.662528 -0.207058 -0.144742
-0.577452 0.240254 -0.780173 -0.431328 -0.493973 0.0986846 -0.587051 -0.031738 -0.389942 -0.512239 -0.467811 -0.095491
-16.715 -16.7147 -16.1805 3.60584e-06 2.5184e-07 3.22246e-07 -15.9913 -15.9913 -17.3066 0 -0 0
-1.26374 -0.587936 0.131908 0.457027 -0.0248977 0.000548597 -0.948308 -0.454183 0.241758 0.69863 0.096612 -0.169362
-15.5772 -15.4002 -15.232 -0.00257953 -0.00212481 -0.0917415 -15.5634 -15.3705 -14.8018 0.124734 0.176735 0.11486
-0.455858 0.113434 -0.325998 -0.440935 -0.200638 0.589711 -0.253972 0.090082 -0.001965 -0.585598 -0.157717 0.316626
-20.6123 -20.5366 -21.4121 0.0315727 -0.123148 0.016262 -20.6905 -20.7261 -21.3697 -0.080161 -0.22571 0.107117
-19.901 -20.3403 -20.4202 0.177153 -0.143856 -0.223963 -20.2053 -20.4072 -20.091 -0.030051 -0.065229 -0.098829
-0.668341 0.25752 -0.49147 -0.323169 -0.144271 0.273013 -0.459131 -0.098799 -0.128216 -0.471975 -0.106147 0.010016
-0.750699 -0.750699 -0.750696 -6.89165e-07 -4.77701e-07 -2.1137e-07 0.151954 0.151953 0.151947 0 0 -0
-20.0031 -20.4118 -20.5081 0.162393 -0.128071 -0.210683 -20.3154 -20.5049 -20.2186 -0.030958 -0.055463 -0.092824
-20.7348 -20.7005 -21.3531 0.0190012 -0.086448 -0.0293347 -20.9529 -20.8773 -21.7018 0.042033 -0.136073 -0.04158
0.159022 0.255309 0.255312 -5.52778e-07 0.514532 -1.01412e-06 1.60764 1.16549 1.16549 -0 0.541505 0
1.69411 0.763193 0.538123 -0.0372755 -0.835446 -0.0962385 2.36747 0.861436 0.644965 -0.027783 -0.817839 -0.007686
20.5901 21.0642 21.9586 0.340172 -0.036685 -0.0241544 20.9091 21.4587 22.6808 0.408472 -0.111234 -0.058847
0.628308 0.786647 0.786646 -4.39675e-07 0.767567 -7.78633e-08 2.47352 1.66429 1.66429 0 0.800198 -0
-8.82986 -8.82997 -10.2819 -2.42493e-06 2.57301e-06 -9.90858e-07 -9.68658 -9.68658 -9.6833 0 0 0
-14.0873 -14.0926 -15.1907 0.0219906 -0.0104875 0.00344352 -14.3434 -14.4634 -14.1765 0.072775 -0.019242 -0.022054
-24.9385 -24.8377 -25.8403 0.188773 0.0293711 -0.0930038 -24.8658 -24.7943 -25.5 0.061109 -0.023613 0.047622
-22.481 -18.1776 -14.2817 -0.00704969 0.0768911 0.031087 -23.4671 -17.1637 -15.4939 -0.046796 0.021406 0.023669
-0.121842 -2.15473 -0.366331 0.191248 0.0171065 0.101794 0.256582 -1.99038 -0.056782 0.268272 -0.00999 0.105587
-19.9844 -19.7558 -19.7336 -0.0901476 -0.0698676 -0.0840194 -19.9286 -19.7494 -19.494 0.101005 0.003105 -0.047482
2.21351 2.78456 2.79935 -0.394842 -0.118924 0.306841 1.92898 2.14317 2.872 -0.246351 -0.07854 -0.013648
-14.0505 -14.0615 -14.9181 0.0661676 -0.0225931 0.0156442 -14.1505 -14.3769 -13.9945 0.15951 -0.020954 -0.001215
82.0937 79.776 89.9806 0.0828649 -0.0358037 -0.24414 83.4455 80.4427 92.6882 -0.089654 0.172505 0.110004
-4.61395 -4.61395 -4.61395 -3.07099e-07 -1.63582e-07 -5.47408e-09 -4.62888 -4.62888 -4.62888 -0 0 0
-14.0268 -14.0383 -14.7884 0.0830261 -0.0279365 0.0206147 -14.0594 -14.3176 -13.92 0.195313 -0.019353 0.008233
82.2267 80.6789 90.4738 -0.0509537 0.00881366 -0.128348 83.6137 81.2751 92.8832 -0.193004 0.25846 0.16523
0.0444661 -2.13921 -0.210646 0.157293 0.0185547 0.11168 0.475193 -1.97567 0.051511 0.229173 -0.016785 0.124436
82.3507 81.4062 90.8607 -0.159459 0.0712474 -0.0249555 83.6942 81.9176 92.9916 -0.276757 0.362468 0.238848
82.3834 81.5779 90.9876 -0.186208 0.101906 0.000634038 83.695 82.0605 93.0178 -0.297434 0.384286 0.258581
-21.0483 -21.0953 -21.5071 -0.000908125 -0.0473036 0.00636246 -21.2982 -21.2572 -21.8423 0.019741 -0.077421 0.014171
82.3428 82.223 91.4151 -0.29016 0.22455 0.0677362 83.5183 82.5912 93.1834 -0.410547 0.462228 0.326968
-15.5548 -15.4602 -15.1955 0.0759679 -0.0960041 -0.22582 -15.6081 -15.4821 -14.7095 0.203621 -0.079846 -0.10762
-16.4919 -16.5007 -16.4388 0.00476767 -0.00324925 -0.00566329 -16.0405 -16.0475 -17.1037 0.003478 -0.005495 -0.010364
-13.9394 -13.9542 -14.4417 0.123811 -0.0403034 0.0316229 -13.8063 -14.1161 -13.7286 0.284445 -0.011973 0.041993
1.6509 0.96851 -0.238281 -0.276827 0.0481844 0.168651 1.06887 0.175052 0.340143 -0.337764 -0.071386 0.24634
1.5089 0.872982 -0.184151 -0.270604 0.0365057 0.189675 0.902982 0.100447 0.382871 -0.316331 -0.099815 0.280811
1.43588 0.832044 -0.154995 -0.266743 0.032151 0.19865 0.816395 0.064659 0.395025 -0.308332 -0.109006 0.296014
-17.3163 -17.1521 -18.7905 -0.0140223 0.393066 0.0183596 -17.1688 -16.7754 -18.7526 0.05908 0.284637 0.006384
-1.35992 -1.05904 -0.923148 -0.10713 -0.176686 -0.0847514 -0.755036 -1.06616 -0.795802 0.124254 -0.160142 0.111089
-0.120351 0.318609 -0.185362 -0.38466 -0.261972 0.449383 0.095179 0.440092 0.115371 -0.62781 -0.217419 0.378451
-1.0322 -0.0895408 0.943733 0.551596 -0.0414645 0.0106186 -0.598366 0.136989 0.82265 0.849192 0.129235 -0.226692
-16.3473 -15.1831 -16.321 -0.0162637 0.886589 0.25795 -15.8852 -15.2736 -16.4427 -0.020643 0.465921 0.231528
-14.7469 -14.0126 -15.575 0.375255 0.26446 -0.0107743 -14.3309 -13.5818 -15.1192 0.303274 0.081048 -0.109576
-21.1081 -21.2114 -21.6218 0.037219 -0.0972674 0.00469787 -21.3196 -21.386 -21.855 -0.007348 -0.105784 0.058829
2.35129 1.58832 1.04909 0.0122371 -0.76895 -0.188861 2.68568 1.23624 1.14077 -0.003684 -0.954578 -0.018092
-15.7302 -16.2424 -17.8485 0.559207 -0.235095 -0.481893 -15.343 -15.5712 -18.0585 0.488286 -0.163829 -0.434724
-21.2488 -21.1803 -22.2746 -0.047901 0.0576533 -0.0408804 -20.1283 -20.0382 -24.0261 -0.039405 0.012723 -0.040393
0.812051 0.5606 0.0255603 -0.182836 0.0115289 0.252905 0.17157 -0.078941 0.265097 -0.184384 -0.111054 0.369226
-14.8227 -14.1073 -15.6559 0.366314 0.257938 -0.0114309 -14.4218 -13.6902 -15.2212 0.300267 0.071078 -0.114137
2.33528 1.56299 1.0404 0.0165868 0.85016 -0.181924 2.71578 1.22847 1.05495 0.050185 1.08776 -0.00146
1.72672 1.31896 1.4857 -0.00198174 0.00622794 -0.159459 1.64044 1.34857 1.65283 -0.009454 0.008867 -0.042392
7.70223 7.37489 7.10618 -0.43307 0.00339514 0.00444947 7.84915 7.95275 7.49489 0.085426 0.0327 -0.017292
30.8155 30.8158 34.378 -2.5216e-05 2.15469e-07 1.86729e-06 32.7594 32.7594 31.8761 0 -0 -0
-21.1952 -21.3251 -21.5969 0.0314626 -0.0605777 0.0101163 -21.4747 -21.5047 -21.903 0.002146 -0.074324 0.046559
86.3162 87.9885 85.9091 0.617778 -0.0740833 -0.583412 86.6508 87.5835 87.7925 0.69916 0.736688 -0.469097
2.38946 1.54672 1.28834 0.0153294 -0.897893 -0.139648 2.78641 1.11971 1.31835 -0.013572 -1.02072 -0.030354
-21.2318 -21.3479 -21.5941 0.0258993 -0.0324206 0.000463939 -21.5988 -21.7484 -21.8558 -0.04904 -0.051813 0.048185
-6.78557 -6.78557 -6.78557 -1.93022e-07 1.23555e-07 8.08477e-08 -7.16712 -7.16712 -7.16712 -0 -0 -0
0.382638 -2.08399 -0.786572 0.292753 0.00239309 -0.0979243 1.04554 -1.94601 -0.586521 0.381145 -0.026779 0.268845
2.9792 2.52142 2.66339 -0.00214828 0.00603393 -0.155818 2.90848 2.6678 2.91962 -0.00912 0.009883 -0.040369
-0.173047 0.122183 -0.0045196 -0.0837122 -0.218743 -0.0594535 -0.141403 -0.229243 0.056165 0.029143 -0.05025 0.030377
-6.07094 -6.25097 -5.88157 -0.3069 0.000164933 -0.00306537 -6.27087 -6.18433 -6.20603 0.101374 0.02442 0.001234
86.4756 87.7858 86.1997 0.848868 -0.1891 -0.350963 86.6128 87.4632 87.7191 0.839989 0.522325 -0.281685
0.414536 0.360483 0.177373 -0.0678815 -0.00337873 0.181819 -0.179395 -0.156991 -0.057807 -0.044659 -0.043789 0.265628
-12.2087 -12.3161 -12.2213 0.00978338 0.0549002 0.0882442 -11.786 -11.9048 -11.8432 0.235173 0.095493 0.247717
-16.2967 -15.2817 -14.9569 0.562113 -0.299486 -0.00437989 -15.4216 -14.3619 -15.6686 0.579335 -0.306449 0.03993
0.37664 0.338404 0.216636 -0.0471878 -0.00324204 0.152167 -0.204094 -0.168288 -0.104718 -0.026723 -0.031182 0.219194
1.91415 2.2648 2.02147 -0.0700141 -0.214406 -0.0508603 2.18364 2.11018 2.29039 0.028245 -0.05329 0.036809
-1.97628 -1.71603 -1.74826 -0.0985816 -0.222689 -0.065459 -2.14396 -2.25711 -1.88367 0.020429 -0.059294 0.026608
0.357904 0.322564 0.24965 -0.0265645 -0.00555544 0.124709 -0.220453 -0.170004 -0.135726 -0.009778 -0.015767 0.167128
-20.0761 -20.0468 -21.3001 -0.124679 0.258176 -0.0705233 -19.4247 -19.3639 -22.4232 -0.075491 0.208075 0.075495
-20.1686 -20.1438 -21.385 -0.124414 0.247249 -0.0694015 -19.5034 -19.4498 -22.5608 -0.075526 0.199222 0.0784
0.266831 0.266832 0.266834 1.44963e-07 7.2546e-07 -4.46023e-07 -0.027216 -0.027223 -0.027219 -1e-06 3e-06 -1e-05
0.252501 0.249369 0.250555 0.00036186 0.00118007 0.0105405 -0.167831 -0.158637 -0.161968 0.00483 0.003362 0.012105
0.259613 0.259474 0.259318 -0.00423478 -0.00589355 -0.00828533 -0.177232 -0.169695 -0.172558 -0.008253 -0.006277 -0.008632
0.312119 0.308098 0.302886 0.0126289 0.0193311 0.0011406 -0.156949 -0.152415 -0.15093 0.010752 0.022372 -0.000471
87.3736 88.5032 85.86 1.06142 -0.200267 -0.433341 87.0164 87.6519 87.4353 0.764069 0.54988 -0.408395
-20.6595 -20.9649 -22.3922 -0.0748475 0.0448031 -0.0767677 -19.8369 -20.0274 -23.791 0.011227 0.014304 -0.090241
-20.598 -20.5803 -21.7455 -0.107846 0.198614 -0.0610744 -19.8189 -19.7479 -23.0928 -0.048355 0.154855 0.088356
0.65193 0.651929 0.651929 -4.672e-06 2.27944e-06 1.48884e-06 0.243149 0.243149 0.243149 0 -0 0
0.362383 0.349718 0.376249 -0.0243307 0.0592726 0.038445 -0.184435 -0.181837 -0.149125 -0.016485 0.058187 0.039106
1.20033 1.38995 1.38995 -1.98399e-06 0.446691 -1.30897e-06 0.658529 0.960618 0.960618 -0 0.330132 0
-21.3322 -21.128 -22.2328 0.0494875 0.0396419 -0.051071 -20.7427 -20.6169 -24.4083 0.050129 0.013918 0.002897
-0.548627 -0.81764 -0.817641 -3.8523e-06 -0.452368 -2.5852e-06 -1.15415 -1.45383 -1.45383 -0 -0.400133 0
-20.8484 -21.1181 -22.4325 -0.0782158 0.0473291 -0.0684408 -19.9772 -20.1424 -23.9374 -0.009171 0.019572 -0.073119
-20.9075 -21.1613 -22.4388 -0.0786926 0.0484901 -0.0655466 -20.0041 -20.1562 -23.962 -0.010804 0.02105 -0.066774
-19.5026 -18.4718 -19.9462 0.199093 0.284259 -0.106747 -18.9887 -18.3245 -20.8707 -0.13228 0.015342 0.035471
0.405219 0.416191 0.381403 0.018372 -0.0652106 -0.0884588 -0.202424 -0.118205 -0.181376 -0.021055 -0.081328 -0.09863
-21.3864 -21.3314 -22.3586 -0.0599852 0.0569873 -0.0351573 -20.3062 -20.2553 -24.1889 -0.047877 0.027392 -0.027718
0.65193 0.651929 0.651929 -4.672e-06 2.27944e-06 1.48884e-06 0.629941 0.629941 0.629941 -0 -0 -0
-10.7446 -11.1199 -10.9038 0.275411 0.0250521 0.176122 -10.1744 -10.5546 -10.4467 0.297723 0.026198 0.289043
0.593895 0.542635 0.576943 0.0395162 0.00901604 0.0164399 0.01348 -0.03363 -0.042048 0.046159 0.006097 0.013343
80.8636 81.3513 81.6357 0.398598 0.119542 -0.15818 82.7242 82.7602 83.2099 0.445803 0.155268 -0.076508
-0.145851 0.727663 -0.316501 -0.380242 0.0537682 -0.259444 0.022081 1.00561 0.128035 -0.353927 0.064802 -0.467143
81.4452 81.9721 82.1711 0.37423 0.0625881 -0.11927 82.8349 82.9975 83.3553 0.448779 0.083217 -0.099033
-21.1631 -21.3117 -22.4364 -0.0647989 0.050206 -0.0490627 -20.1732 -20.2496 -24.1177 -0.019008 0.031871 -0.04439
-2.20266 -2.0652 -1.68473 -0.137606 -0.199599 -0.120321 -1.91677 -2.22947 -1.69645 0.079228 -0.178642 0.064914
2.47185 1.85416 1.24451 0.0187662 0.522498 -0.215055 2.74608 1.4889 1.57821 0.038927 0.509696 -0.016289
82.7202 83.0932 83.0927 0.329713 0.164489 -0.170193 83.2918 83.7895 83.2913 0.530107 0.062645 -0.191644
82.6515 82.967 83.0276 0.331709 0.136057 -0.160193 83.2866 83.72 83.2518 0.535631 0.079701 -0.197237
82.4252 82.7287 82.919 0.357827 -0.00835617 -0.128653 83.4263 83.3316 83.3986 0.615442 0.029323 -0.265278
0.510541 0.542244 0.459855 0.057711 -0.115362 -0.140952 -0.168251 -0.008741 -0.137863 -0.008724 -0.142255 -0.14143
0.519819 0.55558 0.46519 0.0623146 -0.120378 -0.146999 -0.166954 0.006886 -0.132218 -0.008039 -0.148364 -0.145484
0.5859 0.569511 0.655288 -0.0439063 0.177923 0.0660226 -0.049609 -0.069197 -0.002976 -0.008693 0.172313 0.051822
82.4931 82.7401 82.9562 0.357999 0.0295293 -0.126049 83.3257 83.4934 83.2389 0.58609 0.104467 -0.207016
82.4534 82.7132 82.9457 0.362047 0.021875 -0.0990071 83.3348 83.4225 83.2608 0.599271 0.101061 -0.212126
0.443737 0.642966 0.229205 -0.126486 -0.27708 -0.417685 -0.175965 0.107901 -0.141685 -0.117958 -0.348308 -0.322368
-0.459069 0.38253 0.102113 -0.331875 -0.252096 -0.302446 -0.010344 0.514955 0.629692 -0.425434 -0.068231 -0.506421
4.31461 4.75045 4.35376 -0.0586117 -0.213066 -0.0391579 4.75549 4.68588 4.79223 0.049304 -0.049292 0.043768
0.56119 0.653383 0.476397 0.0816254 -0.168071 -0.221228 -0.175534 0.116963 -0.095155 -0.014285 -0.208278 -0.192707
22.6377 22.6339 22.6393 -0.00265081 -0.00202996 -0.00343247 22.139 22.0994 22.1061 -0.005777 -0.005739 -0.001388
0.544312 0.728284 0.371517 -0.0186244 -0.236758 -0.365108 -0.185298 0.193401 -0.088084 -0.09286 -0.308341 -0.302973
0.566037 0.69253 0.451895 0.076516 -0.198282 -0.269178 -0.191407 0.154992 -0.089223 -0.027835 -0.250816 -0.227657
0.564125 0.726951 0.415192 0.0379894 -0.223655 -0.320591 -0.178638 0.198118 -0.07647 -0.05978 -0.285449 -0.267367
-11.7353 -12.458 -12.1013 0.886084 -0.0544692 -0.753567 -11.244 -11.8707 -11.3066 0.805606 0.078361 -0.617987
0.11428 0.754128 0.960823 -0.459499 -0.339715 0.0339551 0.256424 0.989073 1.31271 -0.522114 -0.119873 -0.213033
0.758701 0.733695 0.870059 -0.0406274 0.248418 0.0732977 0.090132 0.056703 0.135923 0.001703 0.228336 0.041519
87.9209 89.3438 85.7066 1.00869 -0.839704 -0.137804 86.862 87.3362 87.0228 0.453275 0.041169 0.065595
0.79822 0.770049 0.922017 -0.0360408 0.264833 0.0759479 0.127733 0.094503 0.173311 0.006073 0.239717 0.040912
-16.2337 -16.2398 -16.2566 -0.00539426 -0.00253183 0.00477183 -15.7975 -15.8089 -16.5254 -0.010584 0.007559 -0.013003
-12.4071 -12.0374 -13.7508 -0.0655358 0.0137786 0.00345634 -13.0375 -12.4127 -12.7556 -0.100618 0.019036 0.005805
-14.8283 -14.6676 -15.4381 -2.45053e-05 0.0625983 3.06696e-05 -15.0816 -15.0169 -15.1959 -0.000101 -0.055532 4.6e-05
-11.9977 -12.711 -12.3455 0.846226 -0.0648859 -0.721148 -11.5299 -12.1382 -11.5524 0.77845 0.06752 -0.588841
-12.6069 -11.9094 -13.6374 -0.130475 0.0558453 0.0105875 -13.3243 -12.1279 -12.6288 -0.185107 0.074766 0.029188
23.7912 23.51 23.7054 -0.0674757 0.0139705 0.218776 23.7201 23.1472 24.0571 -0.195809 -0.157393 0.17428
5.92269 5.92269 5.92269 -1.60383e-06 -7.66233e-06 -7.27564e-06 6.12407 6.12407 6.12407 0 0 -0
-12.7314 -11.9991 -13.3976 -0.16506 0.11248 0.0239729 -13.2277 -12.0134 -12.3702 -0.215025 0.137743 0.041698
-12.8197 -11.926 -13.3716 -0.197302 0.137872 0.0216067 -13.3956 -11.8711 -12.3665 -0.245831 0.165891 0.047305
-12.8332 -11.9114 -13.3706 -0.202524 0.141398 0.0208996 -13.4332 -11.8592 -12.3774 -0.250934 0.167956 0.046926
-12.8433 -11.8992 -13.3723 -0.206104 0.143339 0.0203332 -13.4602 -11.8466 -12.3812 -0.253322 0.172058 0.047369
-12.8523 -11.8709 -13.3915 -0.210256 0.141927 0.0186776 -13.516 -11.8161 -12.4072 -0.260706 0.173683 0.051272
7.32196 6.65953 6.71373 -0.00263632 0.00469153 -0.151179 7.1766 7.02862 7.17302 -0.007658 0.013427 -0.036386
-2.44305 -0.762748 0.254708 1.57339 -0.180555 0.220419 -1.72996 -0.003941 -0.295236 1.90918 -0.238228 0.301961
-2.35206 -0.504433 0.312611 1.54412 -0.18271 0.206618 -1.63533 0.198374 -0.295187 1.85784 -0.216147 0.237743
5.64209 6.1339 5.642 -0.0540498 -0.214631 -0.0319863 6.15694 6.09455 6.15648 0.056722 -0.049879 0.046162
23.0394 23.0415 23.1626 -0.111127 0.0108726 0.0489328 22.5367 22.4375 22.6218 -0.236193 -0.151955 0.087811
1.68051 1.40723 1.59802 0.253241 0.280241 -0.0127852 0.964066 0.919682 0.873293 0.300069 0.2449 0.123239
-5.05369 -5.2589 -4.89526 -0.00127064 0.00444791 -0.17626 -5.26308 -5.70915 -5.20589 -0.00197 0.010218 -0.09048
-8.75739 -11.2464 -11.5215 0.648621 -0.752577 -0.429951 -8.08671 -11.0706 -10.7405 0.955833 -0.632477 0.05038
87.3132 88.2392 85.8829 0.666235 -0.601897 0.0255547 86.0725 86.7208 86.9524 0.179057 0.042769 0.550556
23.275 23.2883 23.4303 -0.165005 0.00237357 0.146353 22.8205 22.6323 22.9421 -0.301346 -0.175132 0.148504
-2.78406 -1.43577 0.0842408 1.60172 -0.137382 0.328835 -2.13156 -0.497553 -0.148508 1.95098 -0.124112 0.488483
1.65079 1.51002 1.4918 0.155453 0.0505282 0.0853205 0.868048 0.595987 0.613943 0.121368 0.062577 0.102282
90.8577 89.7095 86.3686 -0.0112434 1.48325 -0.306681 88.3087 88.5847 86.9231 0.014963 0.98901 0.144664
-0.630922 0.83258 2.104 0.708071 -0.0342407 0.0568127 -0.032215 1.13819 1.65579 1.06154 0.137492 -0.232459
1.78459 1.64292 1.60558 0.17488 0.0514961 0.0866043 0.979874 0.688093 0.711398 0.123213 0.066252 0.113115
-1.67605 0.734505 0.991063 1.18712 -0.0789953 0.176125 -1.05924 1.25555 0.345558 1.45459 0.029197 -0.021929
1.27731 1.25804 1.72045 0.0387677 0.57166 0.0905404 0.817218 0.782978 1.02939 0.057066 0.527141 0.050778
1.16727 1.24747 1.71284 0.0777372 0.683996 0.191913 0.923409 1.0178 1.17647 0.091094 0.5891 0.081372
-15.1954 -14.7418 -15.7493 0.415245 0.21927 -0.395998 -15.1975 -14.2834 -14.6003 0.408186 -0.093595 -0.038751
-16.8741 -16.8116 -16.8013 0.0732971 0.0301954 -0.0756986 -16.4317 -16.3711 -17.247 0.09323 0.007617 -0.059025
2.30798 1.82899 2.30244 0.272329 0.31032 0.00483506 1.48523 1.48437 1.56904 0.381771 0.244036 0.144169
-16.4828 -16.214 -17.0261 0.0566834 0.0340095 0.0279561 -16.116 -15.8061 -17.1728 0.081003 -0.088862 -0.109579
34.9737 34.9811 38.6478 0.0208638 0.0398012 -0.108602 36.7242 36.5883 36.3383 -0.044912 0.109828 -0.226442
21.2501 17.6929 19.7197 -1.68257 0.05359 0.865464 21.9638 17.7076 20.0212 -1.39478 0.265651 0.213931
35.0081 35.0046 38.7476 0.100757 0.0498115 -0.0818008 36.53 36.6608 36.2848 0.122806 0.149097 -0.255145
-16.9463 -16.9072 -16.8802 0.0568109 0.0215028 -0.0609261 -16.5442 -16.5125 -17.393 0.071115 0.003511 -0.04867
2.16839 2.04049 1.91774 0.234851 0.0533189 0.0983948 1.32231 0.977447 1.00664 0.131899 0.078914 0.149187
34.9931 35.0365 38.7258 0.073723 0.0394755 -0.0946689 36.5765 36.6265 36.296 0.071967 0.159852 -0.262344
-11.9176 -11.6108 -12.923 0.88618 -0.175149 -0.298953 -12.0813 -11.288 -12.0026 0.674634 -0.504188 -0.200273
2.71019 2.06759 2.89744 0.271146 0.311177 0.031817 1.93833 1.96363 2.28886 0.391368 0.253753 0.130871
-20.2739 -20.5082 -20.5788 0.0176331 -0.00219645 -0.064962 -20.6373 -20.7452 -20.2181 0.110921 -0.021823 -0.011128
2.78949 2.11982 3.0215 0.272783 0.310857 0.0425045 2.01568 2.05103 2.41514 0.400959 0.258539 0.132433
-20.4312 -20.5808 -20.8869 0.00806907 -0.00678866 -0.0373647 -20.7616 -20.8786 -20.4319 0.046569 0.002021 -0.007345
8.56699 9.19916 8.4719 -0.0474025 -0.224071 -0.0148721 9.21094 9.15072 9.12225 0.086646 -0.053351 0.055412
32.3177 32.6275 31.5379 -3.50516e-05 0.11383 8.56642e-06 32.1505 32.3792 31.8848 -0.001202 0.081939 -0.000155
34.5602 34.382 38.1863 0.0215729 0.00945367 -0.0103869 35.7345 35.3555 37.556 0.100289 -0.070443 -0.127801
3.01496 2.27915 3.38157 0.260522 0.311624 0.0696187 2.22307 2.30042 2.76798 0.410374 0.269004 0.137732
-12.7516 -12.6828 -14.0745 0.720212 -0.0282375 -0.176454 -12.9896 -12.4044 -13.1626 0.647347 -0.317494 -0.060536
-9.99292 -11.8441 -12.2495 0.363069 -0.49696 -0.0953207 -9.37483 -11.7806 -11.528 0.659453 -0.432321 0.059932
23.9674 23.546 23.8955 -0.36147 0.015064 -0.025869 24.5817 24.1277 24.8627 -0.390128 0.00111 -0.001923
24.0636 22.9488 23.5911 -1.05764 0.0163653 -0.0301219 24.7929 23.5214 24.6935 -1.19 0.019771 -0.013056
24.0654 23.3638 23.8872 -0.665565 0.0263931 -0.0491573 24.7111 23.9372 24.841 -0.721754 0.011725 -0.030697
24.0841 22.8327 23.5788 -1.18458 -0.0219602 0.0402507 24.81 23.3694 24.6586 -1.33562 -0.012233 0.019507
24.1549 22.9467 23.7705 -1.13123 -0.042077 0.0767885 24.8492 23.478 24.79 -1.27082 -0.028176 0.034373
24.165 22.8926 23.7744 -1.1989 -0.0458574 0.0839159 24.8527 23.4126 24.7973 -1.35736 -0.028741 0.0344
35.5624 35.4353 37.8215 -0.178848 0.0828773 0.0915761 36.5405 36.7318 36.639 -0.302518 0.052813 0.350714
2.8618 2.8513 2.47532 0.341289 0.130792 0.102603 2.16346 1.77243 1.74117 0.156649 0.099606 0.150752
35.3368 34.7354 37.8657 0.0212042 -0.049088 -0.0761133 36.1732 35.5395 37.3481 0.070428 -0.167633 -0.284168
35.4032 34.754 37.8108 0.0240843 -0.0588209 -0.0936054 36.2263 35.5808 37.2821 0.052254 -0.175379 -0.300171
-14.0652 -14.1583 -15.4941 0.465007 0.0658596 -0.0231117 -14.1815 -13.9213 -14.9078 0.481931 -0.075313 0.147933
-15.9664 -16.7563 -16.8963 -0.0362575 -0.121746 0.0374022 -15.9302 -16.521 -16.6191 0.073953 -0.090942 -0.002892
2.96137 2.98403 2.55712 0.343294 0.143378 0.0980373 2.28142 1.90415 1.84399 0.15122 0.097311 0.146532
3.42616 2.67874 4.06273 0.219823 0.302439 0.07201 2.60519 2.83198 3.50123 0.402529 0.281081 0.16383
33.7679 33.7801 37.4292 0.0100409 -0.00228954 0.00391671 34.8298 34.7919 38.0083 -0.03258 -0.005643 0.00999
-10.9404 -12.4291 -13.112 0.386628 -0.243585 0.045708 -10.5009 -12.2084 -12.4071 0.598617 -0.193781 0.023671
3.0594 3.11494 2.63401 0.341347 0.157041 0.0901597 2.39036 2.0224 1.94079 0.147352 0.09966 0.140872
34.2403 34.0347 37.3914 -0.112629 0.00459711 0.061002 34.6346 34.4519 37.8642 -0.12417 -0.005771 -0.052336
-17.1652 -17.1796 -17.1587 -0.00228218 -0.00397555 -0.000621548 -16.977 -17.0014 -17.8823 -0.008704 0.003224 -0.004191
-16.321 -16.0105 -16.7182 0.122696 0.14704 -0.142849 -16.8071 -16.8494 -16.6378 0.00768 0.040506 0.040434
91.4125 91.8838 84.1535 0.740585 -0.596303 -0.123193 91.4546 91.5487 85.0293 0.059523 -0.154071 -0.019078
25.2205 22.108 23.3875 -1.3106 0.158392 0.835401 25.7381 21.8874 23.8046 -1.22785 0.29531 0.115783
34.9145 34.2391 37.616 -0.321379 0.0171871 -0.0984437 35.1636 34.7134 38.2206 -0.27899 0.105823 -0.148013
0.88656 -0.519441 -0.574683 0.0458989 3.39453e-06 2.94461e-06 1.40561 -0.987258 -0.326211 0.050643 0 0
3.6239 2.93443 4.44332 0.157416 0.337188 0.0342499 2.85523 3.146 3.97059 0.325702 0.304957 0.161673
0.894928 -0.523926 -0.589025 -0.0133096 -0.107406 -0.1023 1.37288 -0.95337 -0.339857 0.007049 -0.100187 -0.155515
0.893364 -0.529085 -0.592917 -0.0170677 0.108052 0.102648 1.37933 -0.962274 -0.337349 0.005063 0.101166 0.15606
0.89616 -0.521907 -0.581652 -0.0164279 -0.101338 -0.120465 1.39876 -0.955913 -0.335179 0.007377 -0.108318 -0.174653
0.951203 -0.573225 -0.602053 -0.0578494 0.301688 0.177734 1.43907 -1.06627 -0.246154 -0.025248 0.2647 0.023522
0.947565 -0.581095 -0.585163 -0.0567476 -0.329521 -0.167961 1.44794 -1.05422 -0.270198 -0.040605 -0.292243 -0.046238
0.904603 -0.540554 -0.626247 -0.148399 0.177997 0.186937 1.33343 -0.933004 -0.341922 -0.09614 0.104868 0.25023
92.1596 92.6823 83.7727 0.803264 -0.534634 -0.10792 92.3294 92.4768 84.6922 0.083633 -0.113268 -0.04051
35.9183 35.6233 37.3434 -0.128355 0.189427 0.0247819 36.776 36.7547 36.4855 -0.297082 0.474962 0.275167
-15.7459 -15.8677 -16.4419 0.565958 -0.00704635 -0.213587 -15.5956 -15.4076 -16.563 0.447145 -0.016887 -0.012058
0.921994 -0.52567 -0.609254 -0.264702 0.165711 0.211878 1.23735 -0.882001 -0.203841 -0.149902 0.067677 0.243736
0.915589 -0.543167 -0.622456 -0.27406 -0.162738 -0.217014 1.2454 -0.907161 -0.213807 -0.16049 -0.058794 -0.250681
0.988198 -0.47813 -0.492467 -0.275415 -0.0731563 0.259573 1.23119 -0.880011 0.163597 -0.180627 -0.130355 0.235784
0.951124 -0.489998 -0.618364 -0.245685 0.321438 0.141981 1.14456 -0.867137 0.079123 -0.176523 0.190198 0.193319
0.979278 -0.502317 -0.632162 -0.277208 -0.32338 -0.153993 1.16087 -0.869588 0.074231 -0.204697 -0.215179 -0.207463
0.951292 -0.511273 -0.558439 -0.309737 0.100895 0.113542 1.11405 -0.860036 0.000252 -0.105536 0.034522 0.117033
0.957356 -0.507842 -0.543967 -0.311085 0.0995804 0.116352 1.13539 -0.869171 0.03801 -0.109078 0.033559 0.120359
0.955339 -0.527036 -0.560611 -0.321883 -0.0971604 -0.120614 1.12294 -0.888117 0.026998 -0.118137 -0.02172 -0.125844
0.955432 -0.535118 -0.565529 -0.327762 0.096111 0.123192 1.11958 -0.894548 0.016421 -0.12247 0.017152 0.129838
-0.715801 1.4991 0.149765 -0.454011 -0.0193523 -0.121231 -0.254248 1.89986 -0.086531 -0.689896 0.173742 -0.06778
-0.715801 1.4991 0.149765 -0.454011 -0.0193522 -0.121231 -0.254248 1.89986 -0.086531 -0.689896 0.173742 -0.06778
0.938284 -0.522094 -0.540188 -0.316749 2.62673e-06 4.50744e-06 1.09661 -0.856326 0.065146 -0.097445 0 0
0.983736 -0.540225 -0.465967 -0.419546 2.81596e-06 4.86684e-06 1.1067 -0.843945 -0.016703 -0.181539 0 0
-0.793539 1.53704 0.16716 -0.512807 -0.272046 -0.192255 -0.289815 1.91395 0.006917 -0.736556 -0.163266 -0.127003
1.06593 -0.507139 -0.387164 -0.267386 -0.244623 0.326753 1.37107 -0.995856 0.302374 -0.144171 -0.184862 0.206903
-0.68761 1.52878 0.21658 -0.342769 0.203128 -0.0391578 -0.282061 1.83224 0.012573 -0.541899 0.462774 0.024964
1.09664 -0.528725 -0.336374 -0.191453 0.112141 0.312564 1.50439 -1.13193 0.251133 -0.021667 0.141003 0.08193
-13.881 -14.1341 -15.236 0.881055 0.0324827 -0.458114 -13.6639 -13.5184 -14.9097 0.851675 -0.025396 -0.112111
1.07932 -0.553799 -0.403144 -0.217402 0.127187 0.348721 1.4919 -1.18538 0.216342 -0.057381 0.180247 0.108251
1.10569 -0.524039 -0.342853 -0.224335 0.0911408 -0.328149 1.43146 -1.05164 0.269095 -0.058317 0.041729 -0.160554
-0.835069 1.46658 0.0348789 -0.517821 -0.0252394 -0.494358 -0.32217 1.92659 -0.111806 -0.724757 0.180974 -0.480892
-16.5806 -16.3121 -16.9484 0.0853964 0.116934 -0.0942646 -17.2161 -17.2482 -16.989 -0.029185 0.03916 0.047547
-16.189 -16.3501 -16.3309 0.34139 0.00797763 -0.215397 -16.224 -16.3696 -16.174 0.312043 0.169871 -0.158116
-16.2187 -15.8465 -16.4856 0.0853742 0.130907 -0.125364 -16.1963 -15.8315 -15.9821 0.162745 0.077841 -0.114592
-0.783741 1.55635 0.334537 -0.313077 0.184519 0.0222634 -0.344581 1.78963 0.191573 -0.38799 0.423051 0.062629
-0.7618 1.55911 0.343467 -0.309367 0.185321 0.0185448 -0.316182 1.78489 0.199347 -0.385969 0.417525 0.056748
-0.879996 1.64088 0.283327 -0.519253 -0.289226 -0.16731 -0.283832 1.77972 0.268474 -0.662457 -0.210956 -0.105825
-1.07946 1.42841 0.525729 -0.528068 -0.017354 0.0408099 -0.43802 1.7544 0.416832 -0.742489 0.183395 0.125065
92.0385 92.0663 84.5495 0.046832 0.282423 -0.692078 91.4687 92.4045 85.5912 0.545678 0.240742 0.012071
1.09863 -0.424872 -0.0132702 -0.152883 1.83783e-07 2.12371e-07 1.3686 -0.860878 0.512363 -0.202749 0 0
-0.919888 1.50874 0.471074 -0.340524 0.0330861 0.079202 -0.409014 1.78601 0.311192 -0.505921 0.120729 0.067766
-0.885081 1.51732 0.478243 -0.33921 0.038907 0.0680072 -0.36841 1.78938 0.319513 -0.504228 0.120187 0.061257
-1.04859 1.52059 0.531344 -0.511523 -0.0266804 -0.013703 -0.380242 1.66879 0.460275 -0.672704 0.254174 0.043139
37.0086 36.9908 36.6462 -0.000192457 -0.040646 4.92312e-05 36.9498 36.9257 36.8009 -7.7e-05 0.057264 -1.2e-05
-16.6362 -16.3761 -16.9971 0.0778913 0.110379 -0.0833144 -17.2854 -17.3333 -17.083 -0.057928 0.02502 0.05072
-0.952862 1.62497 0.458447 -0.493811 -0.157989 -0.093162 -0.309775 1.64153 0.435811 -0.6058 0.106772 -0.031787
-18.4448 -18.4545 -18.2963 0.00534671 -0.0017072 -0.0034719 -18.7579 -18.7631 -19.7651 0.002882 -0.00133 -0.003087
-0.136673 0.811405 0.154807 -3.63234e-08 0.105127 -1.04557e-07 0.622902 0.259058 -0.112779 0 0.069956 0
-0.130692 0.80648 0.134525 -9.01246e-08 0.096385 -1.36903e-07 0.630773 0.233622 -0.114099 0 0.07059 0
-0.112823 0.797078 0.109028 9.45992e-08 -0.0817521 -1.49909e-07 0.650563 0.190788 -0.099444 0 -0.072952 0
0.0541332 0.52861 0.135022 2.1773e-08 6.33881e-08 -2.40771e-08 0.551113 0.066789 0.057248 0 0 0
0.0541329 0.52861 0.135022 4.01564e-09 3.93717e-08 -2.43499e-08 0.551113 0.066789 0.057248 0 0 0
3.60742 4.63512 2.70153 0.186576 0.0571608 0.150556 3.26368 3.79013 2.51431 0.152396 0.043786 0.039981
-0.928734 1.58785 0.0153557 -0.518009 0.00707533 -0.739751 -0.301214 2.04814 0.161883 -0.637203 0.19474 -0.739462
-0.0277531 0.631138 0.0321384 1.58838e-07 -4.84346e-08 0.398956 0.508397 0.09932 0.047723 0 0 0.234646
-0.0567339 0.6445 0.0353095 1.80945e-07 1.48237e-07 -0.426255 0.467677 0.142026 0.006992 0 0 -0.280171
-0.13825 0.880344 0.034642 2.84103e-07 -0.406715 1.47236e-07 0.692421 -0.082828 0.317727 0 -0.25564 0
-0.127108 0.875342 0.0430099 1.50545e-07 -0.404311 -3.92131e-08 0.703782 -0.088568 0.323104 0 -0.253372 0
-0.741287 1.60332 -0.102561 -0.472319 0.0520336 0.398975 -0.023023 1.87785 0.175697 -0.586648 0.209922 0.558126
-0.416033 1.00604 -0.0240461 1.51492e-07 -0.457134 2.95144e-08 0.52174 0.215878 0.013694 0 -0.394988 0
-0.739512 1.62624 -0.0579276 -0.449282 0.0649113 0.466641 -0.088232 1.9224 0.198482 -0.577109 0.218077 0.618824
-0.583173 -0.794476 -0.690876 -0.299295 3.25236e-06 3.13001e-06 -0.746126 -0.591724 -0.918816 0.030526 0 0
0.0265664 0.802495 0.127993 1.90274e-07 -1.42507e-07 -0.577354 0.573071 0.066595 0.372238 0 0 -0.196287
0.0642284 0.792017 0.170472 1.33647e-07 9.52994e-08 -0.556314 0.640449 0.053345 0.398186 0 0 -0.181838
-1.51668 -1.72806 -1.57955 -0.299412 4.33553e-08 1.30584e-07 -1.78414 -1.63556 -1.91775 0.030699 0 0
-1.93955 -1.30442 -1.5791 5.46046e-08 -7.9382e-09 8.52607e-08 -1.7223 -1.81278 -1.91795 0 0 0
-0.0238499 0.919192 0.187173 8.81365e-09 -0.401412 -2.0616e-07 0.715499 0.014112 0.53957 0 -0.28654 0
78.4207 78.1489 85.8957 -0.419404 0.160946 0.164465 79.5478 78.8892 88.4216 -0.295998 -0.197867 0.237255
-0.0327622 0.923809 0.245179 1.54115e-07 -6.69107e-08 0.402713 0.503822 0.261727 0.491647 0 0 0.214744
-0.0449899 0.932971 0.233606 4.68687e-08 -3.57305e-08 -0.405871 0.487216 0.266332 0.490754 0 0 -0.217964
-2.3959 -2.60812 -2.41332 -0.300754 -1.53401e-06 -1.36067e-06 -2.75707 -2.6383 -2.85782 0.039982 0 0
-16.8369 -16.6115 -17.18 0.0520673 0.0868813 -0.0441034 -17.6146 -17.4421 -17.1751 0.011719 0.034164 -0.000913
0.0182371 0.87453 0.386945 -1.53027e-07 -0.21913 -7.64082e-08 0.616591 0.259596 0.693887 0 -0.149828 0
-0.00982462 0.865853 0.386081 8.65787e-08 3.44802e-09 -0.163617 0.53023 0.379434 0.646318 0 0 -0.15119
0.0568716 0.866405 0.424647 1.10828e-07 0.215715 -1.73229e-07 0.658799 0.232428 0.729628 0 0.149029 0
-0.0245604 0.893451 0.361551 -4.28602e-08 -0.220429 -1.56877e-08 0.559447 0.269219 0.700463 0 -0.157487 0
-10.2153 1.07324 3.81329 4.03185e-05 9.91338e-06 -2.89578e-07 -10.6935 -1.79224 4.43852 0 0 0
-0.0270968 0.838553 0.433456 8.73772e-08 -2.72942e-10 -7.47696e-08 0.535195 0.427855 0.713686 0 0 0
-16.2699 -16.1337 -16.9972 0.05685 0.15269 -0.092053 -16.6354 -16.0689 -16.6364 0.224168 -0.034669 0.086714
94.5258 95.6056 78.8435 -0.34569 0.161051 -0.245877 96.2512 96.0874 76.9128 -0.129112 -0.04355 0.108226
-12.7314 -12.2803 -12.8411 0.559817 0.11341 -0.254852 -12.7148 -12.4074 -12.475 0.581129 0.09436 -0.243768
-10.6734 -10.6594 -10.2213 -0.154473 0.194443 0.408402 -11.3507 -10.2549 -10.0218 0.096725 0.265479 0.506378
3.48489 4.18906 3.61903 -2.67369e-07 -8.65921e-08 -7.57852e-08 4.89295 4.86769 4.21991 0 0 0
-16.705 -16.1925 -16.8532 0.0141362 0.158905 0.169642 -17.1577 -16.7134 -16.7344 0.024277 0.0307 0.120847
-1.00972 1.72596 0.225357 -0.427488 0.0934798 -0.840392 -0.222079 2.2602 0.654865 -0.524233 0.275001 -0.922622
0.560358 0.175172 -0.202819 -1.83547e-06 2.13628e-07 -0.630249 0.118272 -0.093487 -0.312348 0 0 -0.394169
-5.66537 -1.73445 -3.07889 0.0188327 0.0917123 0.0924267 -7.3763 -1.57575 -2.97646 -0.012556 0.144519 0.0226
0.456705 0.157958 -0.0344818 -2.14662e-06 1.46421e-06 -0.353826 0.07796 -0.026161 -0.201474 0 0 -0.158931
0.44684 -0.127287 0.271439 -9.6474e-07 7.3589e-07 -0.178723 0.106631 -0.371868 0.142453 0 0 -0.056533
0.366221 0.0343427 0.117604 -1.49995e-06 1.02684e-06 -0.221052 0.043787 -0.261514 0.016089 0 0 -0.079915
0.365287 0.0340031 0.116864 -1.93069e-06 1.3425e-06 -0.221773 0.0495 -0.256906 0.019046 0 0 -0.077376
0.368001 0.0328422 0.120415 -1.01973e-06 1.68028e-07 -0.230606 0.059499 -0.260459 -0.008969 0 0 -0.092677
0.368696 0.0328758 0.121754 -1.31144e-06 8.15176e-07 -0.230775 0.060389 -0.264305 -0.016069 0 0 -0.094869
0.43817 -0.137709 0.276224 -1.92225e-06 1.65734e-06 -0.199905 0.107301 -0.392753 0.081087 0 0 -0.122073
-18.0991 -19.0288 -19.3799 0.25883 -0.249732 0.258554 -18.2091 -18.1426 -18.8741 0.635684 -0.081345 0.686511
0.589781 0.114638 -0.20164 -2.97641e-06 -1.96492e-07 -0.838395 0.120399 -0.18341 -0.14002 0 0 -0.691664
1.41411 1.04312 1.1111 -1.11895e-07 -2.15892e-07 -0.226861 1.15129 0.844572 1.06094 0 0 -0.104953
-16.8655 -16.3888 -17.0314 -0.00924609 0.131378 0.137411 -17.3001 -16.8508 -17.1478 -0.113584 0.01862 0.151634
0.458112 0.0355691 0.0908096 -0.170882 0.325247 -0.273842 0.132652 -0.075418 0.050244 -0.0058 0.20536 -0.153653
0.452005 0.0729466 0.104541 -0.192394 0.362312 -0.298766 0.147564 -0.116153 0.051241 -0.030784 0.187387 -0.167434
-16.9991 -16.7586 -17.2515 0.053618 0.10363 -0.0219531 -16.8372 -16.6623 -16.7124 0.008898 0.067721 -0.029995
0.451499 0.0939212 0.118372 0.206253 -0.376961 -0.300378 0.156692 -0.128413 0.060694 0.046381 -0.177291 -0.170582
0.516239 -0.168416 0.224419 -3.48283e-06 4.45197e-07 -0.149149 0.116469 -0.12598 0.195902 0 0 0.026855
-14.8018 -15.0314 -15.4451 -0.0280573 -0.216629 0.207515 -15.1505 -14.7134 -15.0785 0.033411 -0.135554 0.190953
-0.764427 1.78069 0.537056 -0.57922 0.126937 -0.936263 0.041937 2.11421 0.832962 -0.630042 0.321955 -1.02709
0.544508 0.155347 -0.120743 -4.46269e-06 5.93479e-07 -0.747468 0.015158 -0.13343 0.180425 0 0 -0.59791
0.525572 -0.233098 0.310031 -4.88471e-06 1.16958e-06 -0.250434 0.049484 -0.205211 0.094888 0 0 -0.128628
-20.0626 -17.2157 -15.003 0.0783387 -0.116794 -0.0625891 -20.8616 -15.8728 -15.4575 0.04365 -0.111623 -0.083929
0.504141 0.00131951 0.179773 -5.07975e-06 2.43564e-06 -0.259877 0.027628 0.034979 0.312151 0 0 -0.06573
0.540785 0.136003 0.0805053 -5.14934e-06 1.86358e-06 -0.492477 -0.025141 0.00863 0.327707 0 0 -0.329428
-17.0931 -16.6821 -17.2519 -0.0558796 0.0987382 0.0742309 -16.9615 -16.6046 -16.8342 -0.060571 0.180933 0.019952
-17.1145 -16.7215 -17.2806 -0.0592215 0.09267 0.0617071 -16.9381 -16.6155 -16.8209 -0.061841 0.175786 0.00776
92.3507 92.1789 83.145 0.0222014 -0.415901 -1.02419 93.2376 93.6765 82.9806 0.148732 0.368023 0.108004
-17.1248 -16.8259 -17.3468 -0.0495624 0.0700559 0.0271536 -16.9409 -16.7331 -16.8844 -0.044558 0.126303 -0.005442
-17.0718 -17.0758 -17.5238 0.0766521 0.0400792 -0.0982032 -17.1963 -16.9874 -17.0712 0.043152 -0.000734 0.029234
1.51534 1.29855 1.3071 -0.307044 1.1837e-06 1.80997e-06 1.58596 2.70596 0.926123 0.030263 0 0
-17.0707 -16.925 -17.4014 -2.45307e-05 0.0551784 2.92051e-05 -17.0069 -16.9015 -17.0357 -6.2e-05 0.057935 8.3e-05
6.23405 7.04279 6.2658 1.38923e-07 8.57504e-08 6.01211e-09 7.00357 6.88921 6.55306 0 0 0
0.556106 0.168885 -0.17259 0.042955 0.517415 -0.397542 0.467525 0.306189 -0.182923 0.161319 0.613372 -0.148279
0.549371 0.171288 -0.0919434 -0.0618949 -0.580229 -0.440099 0.462994 0.268962 -0.05014 -0.172037 -0.612951 -0.14996
41.1307 41.1207 40.8786 -0.000240891 -0.0409416 7.36303e-05 41.1228 41.1249 40.9136 -7.5e-05 0.068421 -1.9e-05
-25.531 -25.3053 -25.8432 0.00761913 0.0792388 4.46909e-05 -24.2977 -24.5576 -24.4508 -0.103827 -0.047708 -0.083216
-0.320516 0.170135 -0.122447 -0.0255425 -0.203617 -0.0518979 -0.454083 -0.268751 -0.310153 0.054605 -0.049012 0.057745
-20.2129 -16.9687 -14.3125 0.0776531 -0.155183 -0.0392887 -21.043 -15.721 -14.9071 0.05066 -0.101819 -0.062273
74.8448 75.0163 75.2546 -0.371149 -0.27351 0.125214 74.8668 74.573 74.7815 -0.370844 -0.091444 -0.036598
-17.0707 -16.925 -17.4014 -2.45307e-05 0.0551784 2.92051e-05 -17.877 -17.7912 -17.601 -0.000176 -0.046066 0.000729
75.7601 76.0225 75.8371 -0.238974 0.336194 -0.105122 74.6422 74.6469 74.9772 -0.436537 0.162698 -0.150557
7.9715 18.3622 15.2226 0.0332279 1.71208 -0.0441302 5.85607 16.9324 15.694 -0.038545 1.93306 -0.03284
75.1838 75.3403 75.534 -0.393418 -0.17086 0.136918 74.9013 74.6437 74.8522 -0.384718 -0.035496 0.026213
75.889 76.227 75.9582 -0.147528 0.316601 -0.162757 74.8721 74.9005 75.102 -0.459309 0.25525 -0.311165
-0.0800709 1.71689 1.1753 -0.381209 0.0559681 -0.11388 0.915206 2.2825 1.55797 -0.595164 0.283942 0.159694
0.0646803 1.75634 1.4289 -0.461032 0.0624242 -0.10755 0.896856 2.34354 1.61485 -0.600606 0.276924 0.153285
0.170025 1.74786 1.63814 -0.342589 0.109118 0.0345837 1.13475 2.37969 2.05304 -0.622867 0.238316 0.293984
-0.74638 2.0029 0.687021 -0.548053 0.199954 -0.739232 -0.074449 2.19242 1.43778 -0.5651 0.446758 -1.10932
-16.0348 -15.5698 -16.3732 0.446134 0.147205 -0.351891 -16.4586 -15.5589 -16.31 0.331033 0.074113 -0.255324
-4.26404 0.221417 -1.75859 0.0423494 -0.271911 -0.104817 -5.43183 -0.144555 -1.93165 0.127517 -0.280006 -0.160531
-16.2011 -15.7774 -16.5545 0.435 0.128927 -0.344412 -16.6717 -15.7502 -16.5031 0.321567 0.065228 -0.235536
-0.0492824 2.00377 1.95458 -0.380601 0.276242 -0.526343 1.00531 2.60988 2.43854 -0.522541 0.422263 -0.600078
0.844631 0.718638 -0.416566 0.0500412 -0.504622 -0.16528 0.850531 0.450654 -0.667529 -0.02304 -0.784277 0.049402
-18.1296 -18.1323 -17.9904 -0.0024755 -0.00121283 0.00249941 -18.3795 -18.3848 -19.275 -0.005337 -0.001041 0.001831
75.9508 76.5018 76.2411 -0.188826 0.355728 -0.447804 75.3235 75.7389 75.2834 -0.542015 0.33835 -0.497978
0.870728 0.639422 0.1101 -0.00954741 -0.63124 -0.368078 0.823181 0.603385 0.021029 -0.10018 -0.989491 -0.143828
32.0746 32.401 32.3817 0.597068 -0.348393 -0.621382 30.2026 31.7886 31.9788 0.645428 -0.529474 -0.670649
0.903461 0.669486 0.34048 0.00995358 0.663874 -0.369321 0.842014 0.611542 0.213839 0.113632 0.992116 -0.163075
0.0447385 2.2749 0.896691 -0.526804 -0.0583734 -0.564662 0.742208 2.60038 1.31765 -0.723108 0.190519 -0.23252
0.934286 0.507577 0.34482 -0.000287535 0.799994 -0.477554 0.794436 0.497855 0.219911 0.120832 1.07944 -0.150768
-17.464 -17.339 -17.582 0.0861485 0.060371 -0.053348 -18.1567 -18.0839 -18.0359 -0.016275 0.042969 -0.02149
0.553904 0.25341 -0.824365 -0.0748425 0.30109 0.0339747 1.06348 0.398606 -0.937206 -0.085381 0.374166 0.287358
0.542887 0.252228 -0.832747 -0.074713 0.297276 0.0361364 1.07546 0.405641 -0.927213 -0.08511 0.368588 0.284586
-17.4677 -17.4864 -17.8205 0.0242305 0.00973853 -0.0276735 -17.6496 -17.6043 -17.5072 0.016809 0.025039 0.005306
6.31261 7.09966 6.31188 0.0187921 -0.218034 -0.0193763 6.69978 6.89092 6.62045 0.036619 0.00086 0.062984
0.691422 2.16265 1.86575 -0.534378 0.123244 -0.132614 1.8186 2.61267 2.37278 -0.794313 0.230313 0.187306
-6.59032 0.446334 0.424052 0.327336 -0.96241 0.242479 -7.46745 0.432712 0.794518 0.552708 -1.37956 0.39146
8.02577 17.9929 13.8724 -0.320964 0.880162 -0.0709197 5.63072 17.085 14.9003 -0.382427 1.02408 0.027013
-7.41301 0.727087 1.97161 0.20686 -0.704462 0.16234 -8.09251 0.768929 1.93671 0.370422 -1.21713 0.287574
-18.9931 -18.8518 -18.7591 -0.00483473 0.0365747 0.0208224 -18.393 -18.4023 -20.8684 0.016211 0.057285 -0.00954
-17.4663 -17.5211 -17.9624 0.00176849 0.0680466 -0.0265015 -17.6666 -17.4942 -17.5708 0.065687 0.022915 0.02134
-8.97845 -10.517 -11.1189 1.81841 -0.733006 -0.0253702 -7.87192 -9.63957 -9.97818 1.63431 -0.51765 0.234373
-16.7111 -16.209 -16.4106 0.0209736 -0.102833 0.0223331 -16.6162 -16.0856 -17.6235 -0.081386 -0.05424 -0.22556
-16.6701 -16.177 -16.1863 -0.0925723 -0.116215 0.0281743 -16.5349 -15.9884 -17.261 -0.15836 -0.08119 -0.216084
-16.65 -16.167 -16.1208 -0.12732 -0.120213 0.0337893 -16.5022 -15.9572 -17.1621 -0.183623 -0.090129 -0.206232
-16.2246 -16.3454 -16.5702 0.193458 -0.198752 -0.148507 -15.7738 -16.0509 -17.1945 0.02673 -0.118893 -7.6e-05
-13.672 -13.8648 -14.3623 -0.595694 -0.465691 0.25884 -13.3982 -13.7407 -14.0098 -0.574523 -0.458938 0.054757
-17.3952 -17.3692 -17.771 0.129188 -0.00204678 -0.187875 -17.7079 -17.572 -17.7062 0.089951 0.025764 0.008934
-16.2575 -16.4536 -16.6905 0.129121 -0.208106 -0.155128 -15.7834 -16.1207 -17.301 -0.034778 -0.123122 0.021414
-17.4206 -17.4125 -17.7956 0.118626 -0.00599491 -0.180125 -17.6851 -17.6022 -17.6945 0.0838 0.021408 0.012297
-16.6785 -16.5823 -16.8281 -0.308651 -0.0452637 0.113077 -16.6508 -16.3715 -18.2807 -0.34129 -0.062458 0.069243
-14.9543 -15.5681 -15.0561 -0.0236504 -0.291259 0.0208007 -14.8654 -15.1729 -14.6293 -0.082604 -0.388306 0.24773
-13.5183 -13.6179 -14.2928 -0.645727 -0.521842 0.409209 -13.2532 -13.4865 -13.963 -0.553689 -0.482847 0.198721
35.2359 35.5172 35.5416 0.516357 -0.215876 -0.476357 33.2135 34.6242 35.1149 0.407341 -0.578731 -0.586945
45.1316 45.1313 45.4381 -0.00024236 -5.73787e-05 9.09027e-05 45.3362 45.3363 45.4371 6.9e-05 4.6e-05 -7.9e-05
-20.5794 -16.356 -11.4513 0.0311897 -0.0680004 0.0247047 -21.4151 -15.7596 -12.6989 0.033989 -0.037798 0.022576
-17.6159 -17.6551 -17.9401 0.00170206 0.00302698 -0.000945576 -17.7935 -17.8171 -17.7105 0.000788 0.017963 -0.001942
-17.6193 -17.6622 -17.9416 1.15449e-05 0.00117587 4.14576e-05 -17.7948 -17.8193 -17.7164 -2e-05 0.018478 3e-05
-17.2279 -17.6767 -17.6076 0.0110068 -0.132766 0.0698069 -17.7966 -18.0342 -18.319 -0.013753 -0.053213 0.054464
1.09469 1.52194 1.4269 5.64986e-08 -2.90474e-07 -0.614827 1.13842 1.51184 0.96926 0 0 -0.187345
-13.1588 -13.6843 -13.0865 -0.00345153 0.225526 0.0147957 -12.0846 -13.6059 -11.3695 0.144547 0.256753 0.076894
70.9029 71.913 77.7379 -0.256794 -0.0822872 -0.0721338 70.4827 71.9151 80.0849 0.148472 -0.099891 -0.211882
-17.131 -17.3511 -17.586 -0.151531 -0.0749075 -0.176405 -16.8772 -17.0753 -18.3411 -0.210872 -0.031254 -0.076877
-1.11287 0.357715 -1.58487 0.0544724 -3.52649 2.31287 -1.77532 -0.337965 -1.56926 0.572831 -3.71895 2.01073
-17.321 -17.5102 -17.7561 -0.178523 -0.0522615 -0.171239 -16.9563 -17.203 -18.5856 -0.228131 0.035334 -0.034339
-16.8912 -16.9089 -17.1051 -0.0161406 -0.0517759 0.0428901 -17.2465 -17.06 -16.8695 -0.020335 0.06877 0.000109
-8.12485 1.21165 4.34286 0.120662 -0.36781 0.18151 -8.46078 0.950545 3.93995 0.092258 -0.888401 0.210419
40.2775 37.4747 40.3926 -0.259052 0.049675 -0.0905478 41.4818 38.2001 41.6185 0.718013 -0.304602 -0.757564
71.6569 71.9753 77.8734 -0.19852 -0.00573825 -0.138874 71.129 71.7707 80.4338 0.038326 0.010987 -0.158305
-17.5186 -17.7169 -17.7687 0.0221137 -0.0585677 0.0175783 -18.2677 -18.4058 -18.804 0.005745 -0.024181 -0.023377
-17.5435 -17.7162 -17.7761 0.0218352 -0.0506589 0.012552 -18.3049 -18.4257 -18.8318 0.01144 -0.018628 -0.030112
-11.2608 -11.2968 -13.1986 -0.45692 -0.400793 0.694909 -11.707 -11.3668 -12.1539 -0.180162 -0.405536 0.843318
-8.2255 0.957985 4.66117 -0.342808 0.394951 -0.174382 -8.15497 0.317299 4.65535 -0.060347 0.013514 -0.176196
-17.657 -17.5747 -17.6275 -0.0475059 0.177465 -0.0720855 -17.5338 -17.4718 -17.6915 0.147107 0.126493 -0.133196
-16.9293 -16.9388 -16.9294 -0.0105663 -0.0130844 -0.0170876 -16.9252 -16.9379 -16.9429 -0.011852 -0.013258 -0.015614
-17.636 -17.618 -17.7868 0.00578384 0.00859631 -0.0116868 -18.4608 -18.4459 -18.8403 0.001151 0.017773 0.003342
-17.1484 -17.1573 -17.9927 -0.12263 -0.103559 0.0966693 -17.3489 -17.5925 -17.7304 -0.020088 -0.063706 0.014861
-17.6182 -17.6902 -17.7898 0.0120617 -0.0197642 0.000169319 -18.4589 -18.5018 -18.8459 0.006624 -0.009126 -0.01763
-17.0706 -17.0984 -17.9625 -0.138967 -0.107412 0.11115 -17.2979 -17.5228 -17.698 -0.023157 -0.064351 0.019442
-16.9649 -16.9494 -16.9544 -0.0120778 -0.0191282 -0.0455026 -16.8791 -16.8765 -16.896 -0.0286 -0.031155 -0.030414
-16.9713 -16.9498 -16.9585 -0.0112356 -0.0189295 -0.0510408 -16.87 -16.8664 -16.8885 -0.03035 -0.03459 -0.032024
-8.2533 1.06379 4.92298 -0.325696 0.419145 -0.167935 -8.1541 0.357503 4.97612 -0.057503 0.003941 -0.172256
-17.6493 -17.6316 -17.837 0.0129549 0.0139882 0.0108857 -18.501 -18.4679 -18.811 0.011533 0.008696 0.0122
-11.4743 -11.5959 -13.4615 -0.458979 -0.405178 0.690147 -11.9778 -11.7624 -12.4546 -0.122679 -0.377032 0.780198
-16.0626 -15.9828 -15.8483 0.146455 0.117454 -0.116996 -16.1674 -16.0955 -15.9048 0.007189 0.189014 -0.168998
-16.5423 -16.632 -17.6475 -0.241832 -0.119198 0.20869 -16.9517 -17.0506 -17.382 -0.066119 -0.069638 0.074396
37.5975 37.7845 37.8233 0.422284 -0.1602 -0.307554 35.3568 36.7336 37.414 0.148977 -0.70796 -0.598217
-15.2596 -15.4432 -16.6422 -0.367043 -0.143358 0.389479 -15.85 -15.6814 -16.1062 -0.057756 -0.0156 0.390166
-14.8205 -15.0838 -16.3187 -0.402634 -0.159261 0.434419 -15.4214 -15.2504 -15.7012 -0.057646 -0.005341 0.436957
42.8102 40.2556 42.9341 -0.214265 0.0352626 -0.0755842 43.6753 40.5778 43.9616 0.609976 -0.291739 -0.648129
64.1399 66.1473 66.086 0.112747 -0.103305 -0.0873705 62.9895 65.7277 65.8315 0.919891 0.067386 1.12681
-19.6733 -19.6714 -20.2896 -0.0140757 0.0128344 -0.0110373 -20.0525 -20.0334 -20.1658 0.0346 0.001424 -0.03795
-17.9394 -17.9393 -18.1514 0.000108155 3.93329e-06 -1.16189e-05 -18.1072 -18.1072 -18.2912 3e-06 -2.6e-05 4.5e-05
65.9589 67.041 66.4688 -0.000393024 0.451011 -0.221036 63.8268 66.2925 65.9564 1.62731 0.436933 0.725069
-19.4388 -19.435 -19.7605 -0.0319001 0.0338191 -0.0373927 -19.765 -19.6905 -19.7295 0.032885 0.020386 -0.100421
-19.3517 -19.3471 -19.5756 -0.0355334 0.0408814 -0.0458286 -19.6388 -19.5455 -19.5604 0.027103 0.026327 -0.120339
48.8654 49.2638 48.5036 -2.61567e-05 0.145902 5.6641e-06 48.9822 49.2845 48.5795 0.000358 0.163724 -1.3e-05
66.7464 67.6968 67.3501 0.0149555 0.420914 -0.222472 64.4895 66.9198 66.8223 1.6137 0.456883 0.584553
-18.9852 -18.9797 -18.8766 -0.0440997 0.0730452 -0.079256 -19.2215 -19.0607 -18.9822 0.017094 0.038749 -0.173458
39.9319 40.045 40.0466 0.353332 -0.0997554 -0.150758 37.457 38.8921 39.5971 -0.008305 -0.672622 -0.632283
-16.3807 -10.507 -8.68563 0.0766006 0.0118008 -0.0136603 -15.9988 -9.81973 -8.42785 0.138405 0.081999 0.015418
-8.16168 1.64588 7.25888 -0.0160325 -0.0233806 0.00424377 -7.98992 -0.006294 8.70751 -0.030383 0.025428 0.001783
-18.6985 -18.6963 -19.6995 -0.0514896 0.00448565 -0.0280987 -18.9608 -18.981 -19.1677 -0.258373 0.002476 -0.034622
-18.667 -18.6577 -19.5557 -0.0828346 0.0139121 -0.0679837 -18.9339 -19.0063 -19.0933 -0.403896 0.013449 -0.077589
-18.6209 -18.6026 -19.3471 -0.118298 0.0306849 -0.125943 -18.9091 -19.0118 -19.001 -0.537771 0.019524 -0.133047
-18.5813 -18.557 -19.1705 -0.144689 0.0464161 -0.17466 -18.8971 -19.0203 -18.9279 -0.634162 0.034231 -0.166917
-8.06184 1.67579 7.40131 7.83062e-07 -2.79995e-05 -1.68477e-07 -7.84138 -0.008676 8.89393 0 0 0
40.7502 37.4217 30.8535 -6.14329 0.59925 0.443072 39.4951 35.7634 35.9242 0.614385 -2.76452 0.073631
-18.5077 -18.4757 -18.8475 -0.188703 0.076871 -0.262177 -18.8373 -19.0127 -18.7436 -0.773095 0.044358 -0.242582
45.5374 43.1732 45.6767 -0.188265 0.0222836 -0.0576845 46.0659 43.1175 46.4658 0.489385 -0.283222 -0.532639
-10.0916 -0.583586 5.09602 -2.73649e-06 -8.95946e-05 2.41396e-07 -10.0158 -2.14785 6.39307 0 -0 -0
-24.5586 -24.4814 -25.3237 0.172349 -0.00452722 -0.0966222 -24.6735 -24.7186 -25.1601 -0.027082 -0.019793 0.013496
36.211 36.2597 35.6995 -0.588733 -0.358997 1.6389 34.1732 37.4054 36.0159 -1.39939 -2.11132 2.24967
35.6718 35.5399 35.0457 -0.650481 -0.438837 1.67775 33.6469 36.7792 35.213 -1.40513 -2.26389 2.33213
35.3433 35.1479 34.6218 -0.686033 -0.437468 1.74469 33.26 36.3128 34.6801 -1.36035 -2.40574 2.45565
46.0224 43.6951 46.1663 -0.180469 0.0210428 -0.0545718 46.4757 43.5519 46.9117 0.473542 -0.286843 -0.518056
-4.77254 5.44878 11.2738 2.04878e-08 2.14591e-05 1.876e-07 -4.36657 3.67416 13.1222 -0 0 -0
-14.2069 -14.7956 -14.2718 -0.622499 -0.562377 0.0275959 -14.607 -14.6389 -14.7826 -0.217069 -0.425551 -0.115067
42.1609 42.2168 42.1549 0.330026 -0.0192883 -0.0720121 39.4922 41.0425 41.5996 -0.050328 -0.56021 -0.70815
-3.57847 6.81021 12.7293 2.70934e-06 -1.82623e-05 -2.10899e-07 -2.95727 5.11076 14.682 -0 0 -0
34.4216 35.0762 35.8859 0.185905 1.16147 -0.0332121 32.604 36.5647 34.5761 0.909476 2.74132 1.16719
-16.8609 -9.75662 -6.98896 0.0730989 0.0574099 -0.0159577 -16.2823 -9.17419 -7.19064 0.117941 0.066913 0.00394
-2.30436 8.23847 14.2987 -9.70624e-07 7.82658e-05 -2.68994e-08 -1.572 6.56158 16.2576 -0 0 -0
-10.9179 -13.6816 -14.3283 -0.179134 -0.33518 -0.0231295 -10.1173 -15.4084 -16.4714 -0.233144 -0.007652 -0.018466
-19.4195 -19.4284 -19.7718 0.00551302 -8.0504e-05 -0.000305102 -20.9395 -20.9391 -21.7119 -0.002808 -0.00425 -0.007508
-13.5775 -15.1994 -15.7593 0.3778 -0.530268 -0.0756661 -13.7721 -16.5076 -17.0702 0.501421 -0.179638 -0.028463
-13.1635 -14.9264 -15.668 -0.678276 -0.52468 0.0785958 -13.2121 -16.2154 -17.1742 -0.832055 -0.167144 0.086849
34.3576 33.1559 32.9707 -0.839874 0.0245181 2.07307 32.212 33.9556 32.5602 -1.37907 -2.49939 2.03461
67.7151 67.7537 67.6832 -0.195505 -0.174329 -0.0194658 67.2248 67.1692 67.4709 -0.562225 -0.045661 0.057445
66.655 66.6922 66.6112 -0.189889 0.00145714 -0.00472569 66.6758 66.4773 66.6999 -0.110882 0.13146 -0.071692
-15.8881 -15.8865 -15.8887 -0.000274227 7.25962e-05 -0.000636575 -15.6545 -15.6557 -15.6556 -0.000141 -0.000586 0.002348
-15.8987 -15.8876 -15.9029 -0.00172226 0.000482073 -0.00353735 -15.6361 -15.6408 -15.6363 0.002673 -0.004985 0.009324
-14.0963 -15.4186 -16.1233 -0.76963 -0.556441 0.111606 -14.4147 -16.5157 -17.2184 -0.899301 -0.231318 0.12393
44.0323 44.1168 43.9063 0.316859 0.0641713 -0.069559 41.3366 42.9254 43.3451 -0.019301 -0.441172 -0.707388
-15.9272 -15.8968 -15.9411 -0.00202183 0.00119375 -0.0116638 -15.608 -15.6207 -15.6118 0.008971 -0.01676 0.024306
83.9456 83.7105 81.2091 0.0440691 -0.167001 0.261978 83.1815 81.9106 82.8403 -0.32247 0.329574 0.152481
-18.5456 -18.5456 -18.7374 8.06531e-05 5.72435e-06 -1.74304e-05 -18.5752 -18.5752 -18.7282 2e-05 -3e-06 5e-06
-15.9488 -15.8974 -15.9696 -0.00140562 0.00213874 -0.0206841 -15.6074 -15.6326 -15.6099 0.01757 -0.030601 0.037984
-15.9512 -15.8965 -15.9728 -0.00125522 0.002342 -0.0220469 -15.611 -15.6374 -15.6125 0.018905 -0.032749 0.040093
-15.9555 -15.8943 -15.9784 -0.0009459 0.00284015 -0.0247902 -15.6214 -15.6531 -15.625 0.021393 -0.036718 0.042634
-15.3967 -16.0851 -16.6826 -0.760439 -0.556542 0.152409 -15.7773 -16.7548 -17.1983 -0.793122 -0.218093 0.19202
68.1345 68.6442 68.6969 0.0201462 -0.433658 0.210483 67.8804 68.1765 68.9575 -0.466125 -0.229338 0.173732
-17.357 -17.3389 -17.5818 -0.333892 -0.321686 0.135784 -17.9523 -17.3203 -17.7021 -0.239746 -0.20304 0.123304
-15.9666 -15.87 -15.9931 0.00474478 0.00520271 -0.0401054 -15.7766 -15.7927 -15.7904 0.020929 -0.048352 0.02282
-16.8134 -16.9108 -17.292 -0.505061 -0.438081 0.160224 -17.5716 -16.8519 -17.4473 -0.359731 -0.30226 0.171981
-9.4226 -12.5132 -12.3399 1.75469 -0.217564 -0.748439 -9.29264 -12.2265 -11.6619 1.72226 -0.016428 -0.320759
-22.4673 -22.5567 -23.2897 0.0145937 -0.0272903 -0.000673684 -22.6993 -22.5081 -22.979 0.038775 0.0143 0.009105
50.4107 48.3668 50.5877 -0.118206 0.0210586 0.00280378 50.2185 47.6979 51.0579 0.290207 -0.248819 -0.328412
-22.173 -22.1077 -23.6556 -0.0564693 0.0239986 -0.0138566 -22.6103 -22.6079 -25.1994 -0.009107 0.027916 -0.013335
40.6364 40.3237 41.558 0.580847 0.62959 -0.0666496 38.1569 41.5906 40.417 0.749895 2.71434 0.533535
-17.2981 -8.95275 -4.16549 0.048454 0.0364228 -0.0119521 -16.6953 -9.05755 -4.35827 0.062489 0.034117 -0.008322
41.8991 41.5223 42.6573 0.60488 0.502221 -0.0024183 39.4245 42.7789 41.4769 0.764893 2.62346 0.366543
-9.58635 -12.626 -12.6435 1.71534 -0.145667 -0.838079 -9.62279 -12.3489 -12.0689 1.70428 -0.014503 -0.361377
47.2605 45.462 46.5223 0.752091 -1.56765 -3.10695 57.3544 64.7074 44.1836 -8.08584 0.672612 0.481984
-19.3283 -19.3281 -19.8698 -0.000110272 -0.000196029 0.00062171 -19.5686 -19.5695 -20.4901 -0.00152 -0.002666 0.004638
71.5623 68.6052 74.9874 1.64079 0.0448184 0.0712656 71.2969 67.8803 76.2533 2.3209 0.055761 -0.077094
53.5794 51.8394 53.8558 -0.113148 0.0361101 0.0417115 53.0187 50.8822 54.1535 0.166834 -0.203196 -0.237163
-22.1709 -21.8584 -23.6416 0.0241086 0.125681 0.0285571 -22.7901 -22.3438 -24.6339 0.112111 0.10668 0.025387
50.0774 49.601 46.3967 0.657871 -0.813266 -2.1881 59.5529 65.663 44.9131 -7.54995 1.23686 1.00846
71.448 69.8373 75.1343 0.630212 -0.00922924 0.0790564 70.8929 68.9283 77.2417 1.15763 0.045486 -0.093373
71.702 70.9871 75.7568 0.200492 -0.042124 0.0293806 70.8997 70.0654 77.5588 0.458149 0.029279 -0.048217
71.5891 70.7148 75.5395 0.278688 -0.0511659 0.0468547 70.9026 69.8603 77.5303 0.591981 0.023819 -0.051858
-11.9632 -11.8952 -13.0027 -0.791968 0.0848634 0.94309 -12.7714 -13.2668 -14.033 -0.354241 -0.061705 0.514429
45.7912 45.7977 46.2948 0.493506 0.153066 0.491282 43.9799 46.5989 44.9403 0.813924 1.69282 -0.075666
-18.3616 -17.5433 -19.3066 0.523075 -0.0404243 -0.0268359 -18.006 -17.3566 -20.2905 0.343864 -0.144423 0.011095
-12.4049 -11.3175 -12.5257 -0.172006 0.772974 0.597453 -13.6857 -12.3567 -14.0792 0.069109 0.227363 0.231712
9.29035 20.4734 28.544 -1.06561e-06 -5.61769e-05 -7.58775e-08 10.7016 18.9683 29.6729 -0 0 0
-18.8451 -18.6906 -19.6878 0.430056 -0.0158583 -0.0442119 -18.324 -18.3559 -20.1256 0.250331 0.00037 0.048063
-15.7743 -15.602 -15.4927 1.18044 0.00139645 0.213566 -15.3196 -15.2641 -15.3157 1.08464 -0.027951 0.214934
-23.9902 -23.9821 -24.1947 0.0483283 -0.0202593 0.00111372 -23.8011 -23.7819 -23.7996 -0.001373 0.04631 0.038196
58.1591 51.6069 55.5464 0.573005 -0.165752 0.319277 56.6195 52.5206 57.355 0.601286 -2.64526 -0.191666
54.9663 60.2301 60.275 -1.65665 0.164492 0.172272 53.2597 60.3949 58.9422 -1.40563 -0.500828 -0.00163
-16.8748 -17.0553 -15.1258 0.0992894 0.034973 -0.0246119 -17.0049 -16.1617 -14.5761 0.164846 0.092976 -0.134756
56.2604 61.1419 61.2559 -1.41037 0.21998 0.247826 54.8387 61.0909 60.7557 -1.24295 -0.489047 0.090942
60.1461 61.7074 63.0701 -0.363519 0.0429766 0.0875182 58.7154 60.8571 63.4619 -0.458516 0.066565 -0.028857
-14.4308 -13.4388 -14.6134 0.730256 -0.222823 -0.109253 -14.2874 -13.5039 -14.4545 0.727824 -0.281116 -0.29982
-17.1906 -16.6435 -14.7421 0.0925712 0.036931 -0.0132534 -17.2348 -15.8014 -14.2241 0.18871 -0.007744 -0.075841
-19.7057 -19.7036 -20.417 0.001487 0.000135343 4.00609e-06 -19.7491 -19.7482 -20.6743 -5.9e-05 -0.002045 0.003739
-20.1302 -20.1301 -20.6933 -7.38607e-06 3.88811e-08 3.09564e-09 -20.8731 -20.8731 -21.9105 0 -0 0
61.9646 62.4059 62.7037 -1.33547e-05 0.161032 -2.96186e-06 63.8882 64.2829 63.2069 -0.000277 0.184275 -4.8e-05
-17.7612 -15.8795 -13.848 0.0893976 0.035652 0.00866028 -17.7841 -14.7677 -13.5354 0.158895 -0.002671 -0.056137
-17.9068 -15.6806 -13.5738 0.0873315 0.0343843 0.0135801 -17.8842 -14.4955 -13.3143 0.154315 -0.000827 -0.044728
-14.3346 -15.018 -12.7737 -0.368516 -0.248056 -0.126341 -14.2014 -14.4789 -13.4832 -0.238018 -0.214882 0.287481
-22.0991 -21.7853 -23.5933 0.0240317 0.113195 0.0248021 -22.1243 -21.6004 -24.3869 0.301604 0.113953 -0.000804
-18.1887 -15.3015 -12.9869 0.0817724 0.0310508 0.0212468 -18.0839 -14.0113 -12.8415 0.144947 0.000326 -0.026622
60.1335 60.0527 60.1374 -0.294153 0.201212 -0.199522 59.6973 59.8031 60.14 0.03951 0.128689 -0.147403
-22.1969 -21.5342 -22.1573 0.163795 0.269156 -0.209686 -22.4466 -21.8642 -22.2785 0.150181 0.359721 -0.050401
59.96 60.0805 60.1028 -0.173965 0.235978 -0.0701128 59.9094 60.0661 60.2072 -0.012595 0.166759 -0.34518
-15.2023 -14.4078 -15.5554 0.369683 -0.438767 -0.127548 -15.0141 -14.3431 -15.5857 0.503205 -0.349199 -0.129327
60.1097 59.7976 60.0157 -0.0529565 0.329455 -0.12664 59.7977 59.7662 60.449 0.118144 0.100868 -0.016605
57.2558 57.3366 57.04 0.181606 -0.0346442 0.06126 57.342 56.6295 57.3343 -0.136101 0.846705 -0.559288
60.8998 62.4767 48.8321 1.05517 0.035546 0.0936853 70.4504 65.6968 51.1572 -4.86447 0.911913 -0.711314
28.9874 43.9789 45.1642 -0.337984 0.0147442 -0.0393331 28.784 46.5668 46.5324 -0.135923 0.505306 0.00676
-14.6153 -13.4805 -14.928 0.508352 1.03218 0.392481 -15.8829 -14.516 -16.24 0.687568 0.572425 -0.15303
-20.2044 -20.2043 -20.9162 -1.28815e-05 -1.59499e-07 3.8807e-07 -20.9165 -20.9165 -22.1475 0 0 -0
-14.5136 -15.5783 -13.3422 0.0934331 -0.242074 -0.136657 -14.4233 -14.7868 -13.8128 0.120537 -0.27097 0.338703
62.1377 63.7225 50.4176 1.3042 -0.050384 0.593965 72.1205 64.7813 51.9152 -3.9478 0.304063 -1.30028
30.5227 44.3847 45.4738 -0.03949 -0.0651114 0.0833233 29.2481 46.9545 46.4933 0.170444 0.338392 -0.014152
18.4088 29.6924 39.5278 9.74343e-07 -1.98673e-07 3.41028e-07 19.8698 27.9888 39.4229 -0 0 0
-15.2147 -16.3259 -14.5357 0.329073 -0.162134 -0.157936 -15.0973 -15.3942 -14.9125 0.21521 -0.176742 0.361001
-19.9788 -19.9848 -21.0139 0.00421421 0.00161052 0.00262955 -21.2265 -21.2001 -22.3662 -0.015329 -0.009473 -0.012013
31.4883 43.7152 44.8257 -0.262674 0.0446858 0.0153454 30.0803 45.3156 46.0454 -0.036925 0.409281 0.00059
-19.6458 -19.5421 -20.7704 0.235236 -0.0331542 -0.0265945 -19.039 -19.1353 -20.8151 0.118545 -0.010817 0.018651
31.7949 43.823 44.9081 -0.23697 0.0297592 0.047914 30.1982 45.3902 46.0344 0.003297 0.392041 0.000354
-18.9169 -14.3194 -10.744 0.0523733 0.00164821 0.0318881 -18.6791 -13.0479 -11.2233 0.083127 -0.002152 0.001314
-16.3154 -15.7482 -16.9598 0.0184306 -0.479151 -0.142629 -16.1078 -15.5405 -16.9104 0.1158 -0.353618 -0.100244
62.6688 56.9795 58.5551 1.02661 0.213309 0.115052 59.3367 54.6398 56.0126 2.73064 0.067408 0.04407
-19.7174 -19.6183 -20.87 0.207339 -0.0297939 -0.0237459 -19.1003 -19.1899 -20.8704 0.100183 -0.009774 0.018832
-18.6412 -19.0787 -19.5066 0.273008 0.138714 -0.0996367 -18.3028 -18.7309 -20.3103 0.263029 -0.052716 0.023742
63.4567 57.3049 60.1234 1.05413 -0.173486 -0.0580261 60.3256 54.9588 57.9726 2.45308 -0.068295 -0.020568
67.7263 68.185 67.7913 6.40203e-06 0.166805 -1.20712e-05 69.239 69.6413 68.5301 0.000268 0.162708 -2.4e-05
-16.7522 -16.3401 -17.5395 -0.108216 -0.402737 -0.0764247 -16.5248 -16.0194 -17.3214 -0.026535 -0.313909 -0.090228
64.7416 64.2599 65.7746 -0.0221129 -0.0370182 0.00997262 63.4787 62.8538 66.123 -0.056425 -0.06792 -0.034024
-18.1882 -18.1536 -18.0976 0.606157 -0.0672208 0.00787283 -17.9693 -17.9382 -18.5331 0.645911 -0.173382 0.094865
59.3688 59.9224 59.5072 0.2379 -0.0226556 0.0025692 60.9605 60.5427 60.6153 -0.033308 0.928966 0.329257
61.0532 61.2219 61.2311 0.0171972 -0.00873795 0.00627459 61.9515 61.8552 61.5006 -0.382758 0.02092 0.070762
60.9888 61.1982 61.2092 0.0068027 -0.0162606 0.0136143 62.0137 61.8724 61.439 -0.446808 0.025106 0.080877
-19.1584 -14.0191 -9.3931 0.0251677 -0.00278587 0.0194283 -19.0165 -12.9658 -10.3649 0.042656 -0.005358 -0.000144
61.2304 61.2271 61.135 0.1468 0.138279 -0.0850364 62.1062 62.1257 61.7096 -0.488701 -0.031842 0.124695
66.2417 59.9832 63.5012 0.769563 -0.513424 0.550267 64.236 58.3032 64.0775 1.44324 -0.432438 -0.135451
66.1436 59.8029 63.3649 0.80517 -0.593846 0.577705 64.028 58.0542 63.9695 1.49471 -0.500779 -0.149905
66.5167 61.7926 64.4157 0.450449 0.289419 -0.0289399 65.1949 60.3642 65.4162 0.865034 0.142917 0.034417
60.7325 61.0573 61.0728 0.277696 0.115666 -0.161099 62.3306 62.1451 61.3628 -0.891488 -0.027823 0.280055
65.3605 65.3605 66.6606 -6.11722e-05 -2.38588e-06 -3.47231e-08 64.0108 64.0108 66.8337 1e-06 0 -0
65.3812 65.3582 66.6719 -0.00374053 -0.000365304 0.00100882 64.0165 63.9733 66.8414 -0.018454 -0.000809 0.003799
-18.5471 -19.144 -19.5579 0.0312581 -0.0590084 0.00704956 -17.9818 -18.5646 -19.843 0.190841 0.0917 0.076424
-22.6129 -22.2892 -22.9426 0.147348 0.0706534 -0.118669 -22.8827 -22.8634 -22.755 0.037874 0.023078 0.018933
66.0767 63.6265 65.4032 0.238029 0.665804 0.267753 65.1737 62.3683 66.8382 0.365838 0.268191 0.061632
66.7486 65.232 62.5822 2.75848 0.892828 2.10635 76.6209 63.6569 55.8519 2.01713 0.590466 -1.41095
-19.2533 -13.956 -8.74256 0.00634288 -0.00100197 0.00517662 -19.2516 -13.1727 -9.8831 0.009882 -0.001283 -0.001446
59.5786 60.5735 60.8185 0.216287 0.00855938 -0.112483 62.856 62.5336 60.6562 -0.852165 0.070492 0.008668
-17.8667 -18.3283 -17.7156 0.151229 -0.012922 0.525993 -18.5759 -19.2038 -18.5041 0.137071 0.056396 0.466806
56.4403 56.4142 56.4336 0.0582065 -0.0308422 0.0173092 57.323 57.3018 57.3358 -0.017552 -0.005688 -0.000454
-20.1803 -20.1749 -20.9299 0.00428412 0.000290048 -0.000345064 -19.7656 -19.7625 -20.6698 0.002025 -0.001603 0.002671
-19.2467 -19.742 -20.2609 0.0175351 -0.0471667 0.0168854 -18.7095 -19.169 -20.743 0.123008 0.074462 0.123161
-20.0415 -20.042 -20.5912 -2.52044e-05 -0.00599642 1.98949e-05 -19.2058 -19.1984 -19.3662 9e-06 0.003248 -1.2e-05
-18.5833 -18.8186 -19.8363 -0.277053 -0.142397 0.107592 -18.3384 -18.1583 -19.6306 -0.22444 -0.110509 0.028813
-17.4966 -17.1615 -17.7801 0.542757 0.80445 0.103805 -18.4551 -18.1816 -18.5975 0.663522 0.456762 -0.364745
66.4758 65.438 66.9446 0.89115 0.2429 0.464014 65.738 64.4274 68.3304 1.01327 0.19722 0.2157
-19.8518 -20.189 -20.8982 0.292469 0.232523 -0.121672 -19.6491 -19.5529 -20.5384 0.023917 0.315465 0.203187
57.7151 57.765 57.5311 -0.0948274 0.0744991 0.0567749 57.9788 58.2504 58.5307 -0.351184 -0.086297 0.239384
57.5031 57.4701 57.3855 -0.0711167 0.053785 0.0523374 57.8642 58.1166 58.1263 -0.288332 -0.014787 0.193353
57.4599 57.3894 57.3502 -0.0355565 0.0517342 0.0621185 57.8809 58.0745 58.0452 -0.263995 0.013177 0.172094
58.6731 58.0124 55.6238 0.983631 -0.521617 1.29822 57.351 58.2947 59.0217 0.915679 -1.20864 1.13398
57.4299 57.3147 57.3259 -0.0185098 0.0432347 0.0418968 57.8919 58.016 57.9515 -0.237819 0.047435 0.132437
57.3916 57.2448 57.2996 0.0272039 0.0137572 0.00794415 57.886 57.9211 57.8522 -0.21372 0.073606 0.088581
-20.257 -20.2169 -21.4175 -0.00511787 -0.0053588 0.0129785 -19.5823 -19.5681 -22.2066 -0.011715 -0.020773 0.015681
-19.338 -19.3519 -20.046 0.25142 -0.11014 -0.0245515 -19.0878 -19.1299 -20.9726 0.271753 -0.066608 0.014485
57.7076 59.9195 58.976 0.066709 0.0966132 0.584137 61.6396 61.6314 59.0593 0.819303 0.359539 0.088244
58.6702 58.6109 58.1264 -0.0751141 -0.0553066 0.255804 58.6856 58.6928 59.3762 -0.327059 -0.132908 0.419881
-19.8864 -19.9463 -21.0533 0.0498654 -0.000573252 -0.0472568 -19.2461 -19.1608 -21.5478 0.041792 0.045759 0.009684
67.579 65.5743 67.9727 1.84792 0.151327 0.346957 67.5667 64.6904 68.5613 1.84516 0.561789 0.573593
59.3534 59.0664 58.443 -0.010109 -0.0842063 0.443399 59.3824 58.9784 59.8454 -0.190377 -0.251308 0.686844
-19.5801 -19.583 -20.4311 0.181292 -0.09105 -0.0208846 -19.2879 -19.3373 -21.4569 0.186902 -0.028537 -0.00372
-20.2083 -20.2732 -21.3139 0.0558806 0.0261517 -0.0133331 -19.5532 -19.6151 -22.178 0.020976 -0.032282 -0.000736
-20.1374 -20.2026 -21.3131 0.0156007 -0.00519598 -0.0313741 -19.5048 -19.4973 -21.962 -0.003692 0.030633 0.004024
-20.2368 -20.294 -21.3497 0.0428447 0.0192978 -0.0108715 -19.5822 -19.6314 -22.2082 0.014052 -0.028157 -0.000607
-20.0764 -20.0578 -21.4133 -0.00421422 0.0123718 0.012405 -19.4185 -19.4345 -21.3497 0.000499 -0.010656 0.020277
-19.8142 -19.8018 -20.7522 0.111885 -0.0688849 -0.0138761 -19.4691 -19.5135 -21.8674 0.106854 -0.004046 -0.016848
-20.3331 -20.3009 -21.4106 0.00349101 0.00165625 0.00268058 -19.769 -19.7451 -22.7684 0.004202 0.000658 0.004119
-20.0718 -20.1422 -21.4134 -0.0472843 -0.00750539 0.0131323 -19.4246 -19.4519 -21.2575 -0.024248 -0.014919 0.032527
-20.0144 -20.002 -21.0047 0.0503139 -0.0437538 -0.00676417 -19.6057 -19.635 -22.179 0.045517 0.005522 -0.016957
-20.2656 -20.2896 -21.4053 0.00086412 -0.00673319 -0.012602 -19.692 -19.6524 -22.2174 0.028017 0.01518 0.003616
-12.0705 -12.2725 -10.7732 -0.257448 -0.290483 -0.389231 -12.3188 -12.227 -12.3125 0.052121 0.303854 -0.386614
-20.2839 -20.2801 -21.3678 -0.00202891 -0.00613422 -0.00151804 -19.7608 -19.7645 -22.6765 -0.004458 -0.000728 -0.006155
74.3536 74.4501 73.9915 0.370227 0.0953269 0.0919709 73.4008 74.0562 75.3004 0.082352 -0.116178 0.301365
-20.3114 -20.3114 -21.4036 -0.00194441 -0.00115241 -0.000346491 -19.929 -19.9322 -22.4732 0.001657 0.002072 -0.003679
-20.3161 -20.316 -21.4106 -1.31938e-05 6.44231e-08 -1.74406e-07 -20.7891 -20.7891 -22.3175 0 0 0
-21.0238 -21.0485 -22.7195 0.070193 0.0837604 -0.0394348 -20.6324 -20.5902 -22.4956 -0.011457 0.244646 0.031832
76.2339 76.1763 75.635 0.00459943 -0.0461744 0.0588607 75.7396 75.7293 78.3467 0.006459 0.031859 -0.139619
76.2263 76.2616 75.2012 -0.000206403 -0.0233534 0.000190503 76.8346 76.8208 76.415 -0.000109 0.050411 -0.000128
-19.5484 -19.2177 -20.2081 0.0995968 0.200124 0.078171 -20.2134 -19.7554 -20.3106 0.186053 2.6e-05 -0.285884
77.4928 77.0889 77.3672 -0.0128494 -0.14397 0.0354582 76.2521 76.4683 78.7984 -0.194125 0.199326 0.071516
77.4414 77.6753 77.5511 -0.313472 -0.226003 -0.152576 76.3683 76.7254 78.345 -0.255235 0.009155 -0.220536
78.238 77.6461 78.7715 0.514675 -0.258966 -0.227274 76.7942 75.8574 78.6811 0.078021 -0.282278 0.271681
78.5992 79.4113 78.5611 -0.335742 -0.146862 -0.191648 77.5171 77.7242 79.1057 0.027869 -0.029214 -0.665444
78.8718 79.7123 78.4643 -0.399169 -0.0960597 -0.183626 77.4507 77.9566 79.2461 0.107898 -0.139979 -0.613299
-19.8885 -19.6333 -20.6632 0.0264631 0.160398 0.0620669 -20.7377 -20.1902 -20.8936 0.176387 0.064994 -0.3114
78.8029 78.7643 77.8841 -0.298601 0.368139 -0.209771 75.5202 76.6345 77.4922 0.720419 0.474841 -1.04248
78.1362 78.638 79.0018 0.277863 -0.218098 -0.172075 75.9009 75.548 78.8273 -0.199098 -0.803158 -0.079923
-19.6994 -19.6127 -20.3404 0.243775 0.287647 -0.00248347 -19.929 -20.0499 -20.4508 0.332405 0.225099 -0.314935
-12.6364 -13.7428 -12.6024 -0.12671 -0.423331 -0.797287 -12.3456 -12.8435 -12.3302 -0.108658 -0.524659 -0.443104
-19.8565 -19.7606 -20.6703 0.214355 0.234661 0.0174362 -19.8613 -20.1792 -20.5039 0.269779 0.235688 -0.253781
-20.2697 -20.1785 -21.406 -0.0192283 0.108262 0.0237855 -21.0238 -20.2691 -21.1958 -0.107949 0.089007 -0.214891
-20.7337 -20.4866 -20.3868 0.188104 -0.0484733 0.0110047 -21.2276 -20.9686 -21.2005 0.099099 -0.04475 -0.029208
-20.3545 -20.2778 -21.7621 0.00598744 0.0639533 -0.0146215 -20.768 -19.9658 -21.0497 -0.195852 0.086964 -0.140892
-12.6059 -13.5084 -12.906 -0.0430819 -0.484925 -0.672801 -12.0253 -12.8178 -12.4178 0.02645 -0.606485 -0.360442
-20.1434 -20.0268 -21.7048 0.0878642 0.0717271 0.0411921 -20.3436 -20.2016 -21.3067 0.268793 0.153126 -0.098141
-20.1921 -20.1482 -22.1416 0.0039276 0.00456476 0.0186491 -20.0732 -20.5561 -21.0719 0.294518 0.05549 -0.029902
-20.197 -20.1573 -22.1609 -0.00196939 0.00211418 0.0161053 -20.3016 -20.65 -21.0889 0.172435 0.053066 0.065654
-17.3077 -17.7241 -17.2864 -0.0982357 0.114116 -0.523465 -17.3956 -17.8803 -18.0977 0.008242 0.328693 -0.399901
87.5873 88.1215 87.0511 5.18414e-05 0.19163 3.93323e-07 86.7962 87.1119 86.731 -1.8e-05 0.154644 -2e-06
87.598 87.8252 87.4866 -0.0395628 0.0432934 0.403006 86.7287 86.4997 88.1407 0.225712 0.250691 0.228906
-12.1801 -10.9933 -11.3294 -0.423021 -0.010835 -0.473295 -12.049 -11.0427 -11.4987 -0.37421 -0.208692 -0.274956
-13.2972 -12.5313 -12.687 -0.465303 0.0517591 -0.540123 -12.9684 -12.3861 -12.6494 -0.437023 -0.102211 -0.387907
-13.9325 -13.2352 -13.3849 -0.437887 0.0814279 -0.525779 -13.5186 -12.9981 -13.26 -0.429965 -0.09192 -0.422135
-18.2049 -18.4638 -18.705 -0.147582 0.137119 -0.38344 -18.2091 -18.3388 -19.2806 -0.013663 0.18776 -0.192529
88.7814 88.9762 88.4293 0.3613 0.272419 1.3851 84.6054 88.8686 83.3323 2.17844 2.03446 0.101031
-15.4815 -14.6562 -15.1029 -0.301632 0.113586 -0.324359 -14.9559 -14.191 -14.6449 -0.318165 -0.153451 -0.319262
-20.1438 -20.129 -20.5527 0.00961898 0.0119246 -0.048159 -20.1385 -20.0492 -20.25 0.002246 -0.052726 0.029495
-19.6643 -19.4884 -19.9713 0.0949438 0.0737973 -0.131992 -18.3419 -18.2559 -18.6344 -0.046544 0.011531 -0.022252
-19.8422 -19.7043 -20.1907 0.0445319 0.0631621 -0.0604398 -18.568 -18.4304 -18.7926 -0.035413 0.037742 0.005893
-18.8306 -18.8728 -19.9374 -0.0826106 0.0678058 -0.16852 -18.7285 -18.9736 -19.8965 0.025169 0.160207 -0.143587
-14.3232 -14.3934 -12.4312 -0.468561 -0.334153 0.384534 -13.9495 -13.7365 -12.7679 -0.492044 -0.439804 0.412461
-19.0823 -18.9682 -20.6951 -0.00598613 0.01183 -0.0354204 -18.9009 -18.7588 -20.3301 0.07295 0.005372 -0.006287
-19.0748 -18.9673 -20.8728 0.00313881 -0.000957025 -0.00652898 -18.8407 -18.861 -20.8288 0.048491 -0.06494 0.069064
-19.0337 -18.9646 -20.9457 -0.0109536 -0.00792401 0.00516005 -18.8149 -18.8072 -20.5433 0.031141 -0.159376 0.105291
-19.4201 -19.4031 -19.7798 0.00986272 -0.0262833 -0.00931079 -18.2828 -18.2818 -18.597 0.03536 -0.034902 0.008655
-18.2469 -18.2085 -18.1327 -0.180787 -0.145585 0.190103 -17.5205 -17.425 -17.4887 -0.239332 -0.116389 0.134903
-18.8203 -18.8437 -19.5455 0.0255292 -0.0251914 -0.0137434 -17.8819 -17.8942 -18.3344 -0.035404 -0.019284 -0.007899
149.874 167.356 222.108 -0.265736 -1.06591 0.619059 149.019 167.99 219.365 -0.188946 -1.58047 0.307943
-13.6167 -13.8163 -14.0563 0.0542401 0.0178484 0.0192576 -15.3835 -15.6204 -15.7592 0.275299 -0.113841 -0.013284
-13.6217 -13.7984 -14.1077 0.05542 0.0144303 0.0109912 -15.4464 -15.5512 -16.0077 0.191941 -0.090689 -0.010438
98.5762 108.005 121.837 1.60005e-07 -8.56038e-05 -7.80491e-07 98.2836 104.772 119.36 -0 0 0
189.44 200.77 273.068 -0.156507 -1.39171 0.566356 192.621 211.262 272.42 -0.195845 -2.12388 0.371907
